timestamp,station_code,temperature_c,air_pressure_hpa,humidity_pct,wind_speed_source_unit,wind_direction_deg,wind_resource_index,data_source
2026-01-01 00:00:00,BHARATI,2.111666666666667,980.06,46.46666666666667,9.088333333333333,75.00418067924062,0.31190209946205005,REAL_AWS
2026-01-01 01:00:00,BHARATI,2.68,980.01,42.27166666666667,12.238333333333333,73.27184304870616,0.42000680659267076,REAL_AWS
2026-01-01 02:00:00,BHARATI,3.125,979.7366666666668,40.32666666666667,15.958333333333334,81.76720124903056,0.5476733178707371,REAL_AWS
2026-01-01 03:00:00,BHARATI,3.771666666666667,979.625,39.041666666666664,16.63,83.48334831979918,0.5707242157403879,REAL_AWS
2026-01-01 04:00:00,BHARATI,4.14,979.6566666666666,43.85166666666667,14.118333333333334,64.5988061670297,0.48452644132459677,REAL_AWS
2026-01-01 05:00:00,BHARATI,4.5216666666666665,979.8266666666666,45.17666666666666,12.525,54.415035520140236,0.4298449069241347,REAL_AWS
2026-01-01 06:00:00,BHARATI,4.828333333333333,980.02,44.16166666666666,9.553333333333335,47.66696607050204,0.3278604133718084,REAL_AWS
2026-01-01 07:00:00,BHARATI,5.211666666666667,980.005,40.44666666666667,5.401666666666667,29.237882337569374,0.18537955333880513,REAL_AWS
2026-01-01 08:00:00,BHARATI,5.158333333333333,980.1033333333334,39.85666666666667,3.6616666666666666,343.57933126482953,0.12566457225712893,REAL_AWS
2026-01-01 09:00:00,BHARATI,4.988333333333333,980.0550000000001,42.475,4.508333333333334,294.347046617571,0.15472128718959205,REAL_AWS
2026-01-01 10:00:00,BHARATI,5.198333333333333,979.8833333333333,41.708333333333336,3.8483333333333336,238.8563059158383,0.13207077712412868,REAL_AWS
2026-01-01 11:00:00,BHARATI,5.903333333333333,979.925,43.32666666666667,3.3833333333333333,78.64569480791647,0.11611246321437037,REAL_AWS
2026-01-01 12:00:00,BHARATI,5.828333333333333,979.8299999999999,44.42666666666666,3.67,96.8238174160316,0.12595056354583425,REAL_AWS
2026-01-01 13:00:00,BHARATI,5.732142857142857,979.7821428571427,44.94464285714286,3.355357142857143,61.982135248107966,0.11515234960228815,REAL_AWS
2026-01-01 14:00:00,BHARATI,4.698333333333333,979.8216666666666,50.07666666666667,8.49,88.56586858967415,0.29136792493300623,REAL_AWS
2026-01-01 15:00:00,BHARATI,4.458333333333333,979.9583333333334,45.875,11.673333333333334,79.42473693804175,0.40061659721844833,REAL_AWS
2026-01-01 16:00:00,BHARATI,3.045,980.1616666666666,48.593333333333334,13.31,92.50005589489854,0.45678528632017823,REAL_AWS
2026-01-01 17:00:00,BHARATI,2.645,980.49,46.251666666666665,13.806666666666667,89.55066526302028,0.4738303671270168,REAL_AWS
2026-01-01 18:00:00,BHARATI,2.21,981.2016666666666,48.961666666666666,14.608333333333333,88.66927395152715,0.5013427291004711,REAL_AWS
2026-01-01 19:00:00,BHARATI,2.506666666666667,981.7333333333333,47.485,15.946666666666665,84.26682995505189,0.5472729300665495,REAL_AWS
2026-01-01 20:00:00,BHARATI,2.1683333333333334,982.5866666666666,47.458333333333336,15.383333333333333,79.783214828567,0.5279399189500682,REAL_AWS
2026-01-01 21:00:00,BHARATI,2.1166666666666667,983.2083333333334,46.71,15.595,81.31702586816749,0.535204097683184,REAL_AWS
2026-01-01 22:00:00,BHARATI,2.14,983.8883333333334,46.54833333333333,17.071666666666665,82.85007104583713,0.5858817540417712,REAL_AWS
2026-01-01 23:00:00,BHARATI,2.5033333333333334,984.7233333333334,49.18,17.586666666666666,73.35903879635975,0.6035560156837616,REAL_AWS
2026-01-02 00:00:00,BHARATI,2.855737704918033,985.4262295081967,51.49016393442623,16.054098360655736,66.56056131031562,0.5509598734999575,REAL_AWS
2026-01-02 01:00:00,BHARATI,3.425,985.4116666666666,49.925,19.553333333333335,63.06569356641495,0.6710499598182232,REAL_AWS
2026-01-02 02:00:00,BHARATI,3.8116666666666665,985.775,48.266666666666666,17.951666666666664,67.34517224226664,0.6160824341290557,REAL_AWS
2026-01-02 03:00:00,BHARATI,4.581666666666666,986.2116666666667,45.33833333333334,14.708333333333334,76.11674923402865,0.5047746245649353,REAL_AWS
2026-01-02 04:00:00,BHARATI,5.09,986.61,44.711666666666666,13.856666666666666,66.87592994341043,0.47554631485924886,REAL_AWS
2026-01-02 05:00:00,BHARATI,5.805000000000001,986.6833333333333,43.18833333333334,15.281666666666666,60.53199059040287,0.524450825227863,REAL_AWS
2026-01-02 06:00:00,BHARATI,6.111666666666666,986.8266666666666,43.325,14.095,58.948397017096624,0.48372566571622183,REAL_AWS
2026-01-02 07:00:00,BHARATI,6.181666666666667,987.0533333333333,46.19833333333334,11.206666666666667,53.713350470432374,0.384601085050949,REAL_AWS
2026-01-02 08:00:00,BHARATI,6.473333333333333,987.015,43.36833333333333,9.75,50.33475419245974,0.3346098077852545,REAL_AWS
2026-01-02 09:00:00,BHARATI,6.386666666666667,986.9266666666666,40.83833333333334,6.318333333333333,50.218187025153384,0.21683859509639314,REAL_AWS
2026-01-02 10:00:00,BHARATI,6.711666666666667,986.9733333333334,39.72833333333333,3.9883333333333337,13.746256882948671,0.1368754307743785,REAL_AWS
2026-01-02 11:00:00,BHARATI,6.488333333333333,986.9766666666667,42.556666666666665,4.86,216.53938812422726,0.16679011957295764,REAL_AWS
2026-01-02 12:00:00,BHARATI,6.673333333333333,986.8616666666666,41.55833333333333,4.998333333333333,209.86574476678038,0.17153757496546637,REAL_AWS
2026-01-02 13:00:00,BHARATI,6.67,986.8,41.50333333333333,4.683333333333334,197.71932091677866,0.16072710425240433,REAL_AWS
2026-01-02 14:00:00,BHARATI,6.411666666666666,986.5849999999999,46.76,7.071666666666667,106.95593067410061,0.24269220759535642,REAL_AWS
2026-01-02 15:00:00,BHARATI,4.251666666666667,986.4583333333334,55.019999999999996,10.095,99.43347574708025,0.34644984713765586,REAL_AWS
2026-01-02 16:00:00,BHARATI,3.3116666666666665,986.45,53.54833333333333,12.065,99.63332378627234,0.41405818778759956,REAL_AWS
2026-01-02 17:00:00,BHARATI,2.5616666666666665,986.55,51.845,15.491666666666667,95.49840616231995,0.5316578057032377,REAL_AWS
2026-01-02 18:00:00,BHARATI,2.2916666666666665,986.7166666666667,48.031666666666666,19.351666666666667,90.20007738275052,0.6641289706315538,REAL_AWS
2026-01-02 19:00:00,BHARATI,1.3216666666666665,986.9966666666667,51.093333333333334,18.466666666666665,92.0499010938234,0.6337566957710461,REAL_AWS
2026-01-02 20:00:00,BHARATI,0.865,987.1433333333333,52.723333333333336,16.41,92.94998135572786,0.5631740457185669,REAL_AWS
2026-01-02 21:00:00,BHARATI,0.35500000000000004,987.4533333333333,56.32666666666667,10.761666666666667,98.76416155254913,0.36932915023408347,REAL_AWS
2026-01-02 22:00:00,BHARATI,0.61,987.5383333333334,54.931666666666665,9.715,101.13048433110987,0.3334086443726921,REAL_AWS
2026-01-02 23:00:00,BHARATI,1.165,987.5583333333333,50.765,10.035,109.27909359492219,0.34439070985897735,REAL_AWS
2026-01-03 00:00:00,BHARATI,2.0655737704918034,987.2836065573771,48.226229508196724,9.934426229508198,97.50004402059471,0.3409391231910286,REAL_AWS
2026-01-03 01:00:00,BHARATI,2.9183333333333334,987.1783333333334,46.41,8.99,92.93147852172365,0.308527402255327,REAL_AWS
2026-01-03 02:00:00,BHARATI,3.518333333333333,987.02,46.1,8.541666666666666,88.57678038073232,0.29314107092297936,REAL_AWS
2026-01-03 03:00:00,BHARATI,4.013333333333334,986.6966666666667,45.48833333333334,9.975,60.0658469784164,0.34233157258029884,REAL_AWS
2026-01-03 04:00:00,BHARATI,4.298333333333333,986.5733333333334,46.63,8.483333333333333,39.66396588563475,0.29113913190204194,REAL_AWS
2026-01-03 05:00:00,BHARATI,4.24,986.4883333333333,46.108333333333334,5.473333333333333,16.161813672434562,0.18783907842167105,REAL_AWS
2026-01-03 06:00:00,BHARATI,4.443333333333333,986.2633333333334,44.586666666666666,5.3966666666666665,10.321461860061618,0.1852079585655819,REAL_AWS
2026-01-03 07:00:00,BHARATI,4.225,986.115,46.47833333333333,3.675,338.6220573882979,0.12612215831905746,REAL_AWS
2026-01-03 08:00:00,BHARATI,4.468333333333334,985.815,44.99333333333333,3.145,340.5570299501482,0.10793311235739748,REAL_AWS
2026-01-03 09:00:00,BHARATI,4.528333333333333,985.6016666666667,44.144999999999996,3.455,8.217304278810559,0.11857198829723635,REAL_AWS
2026-01-03 10:00:00,BHARATI,4.415,985.3783333333333,44.730000000000004,3.8316666666666666,357.8158853706805,0.13149879454671798,REAL_AWS
2026-01-03 11:00:00,BHARATI,3.73,985.205,49.78,3.478333333333333,351.95699416943756,0.1193727639056113,REAL_AWS
2026-01-03 12:00:00,BHARATI,3.6616666666666666,984.9666666666667,50.20333333333333,3.0983333333333336,352.52642325359795,0.10633156114064755,REAL_AWS
2026-01-03 13:00:00,BHARATI,3.621666666666667,984.8783333333333,49.086666666666666,2.9699999999999998,0.49709044498951016,0.10192729529458522,REAL_AWS
2026-01-03 14:00:00,BHARATI,3.256666666666667,984.8,51.285,2.295,351.3752358628615,0.07876200090945222,REAL_AWS
2026-01-03 15:00:00,BHARATI,2.02,984.74,57.625,2.6966666666666668,330.79464741955496,0.09254678102504989,REAL_AWS
2026-01-03 16:00:00,BHARATI,1.2033333333333334,984.815,62.825,2.8516666666666666,29.85266999409089,0.0978662189949693,REAL_AWS
2026-01-03 17:00:00,BHARATI,1.1033333333333333,985.1483333333333,62.95333333333333,2.415,62.10217774413701,0.08288027546680919,REAL_AWS
2026-01-03 18:00:00,BHARATI,0.6533333333333334,985.505,62.75666666666667,3.6550000000000002,100.95164623837184,0.12543577922616464,REAL_AWS
2026-01-03 19:00:00,BHARATI,0.2783333333333333,985.9583333333334,60.57666666666667,4.076666666666666,93.39148688855619,0.13990693843465513,REAL_AWS
2026-01-03 20:00:00,BHARATI,0.41833333333333333,986.0333333333333,63.083333333333336,5.5183333333333335,83.36462394443157,0.18938343138067995,REAL_AWS
2026-01-03 21:00:00,BHARATI,0.9583333333333334,986.0033333333333,70.18333333333334,4.326666666666667,55.80121507096669,0.14848667709581553,REAL_AWS
2026-01-03 22:00:00,BHARATI,0.7283333333333334,986.1,66.86833333333333,3.8483333333333336,56.164128171897346,0.13207077712412868,REAL_AWS
2026-01-03 23:00:00,BHARATI,1.2416666666666667,986.14,63.406666666666666,3.8800000000000003,54.84893315644899,0.133157544021209,REAL_AWS
2026-01-04 00:00:00,BHARATI,1.936065573770492,986.2098360655738,59.3327868852459,3.819672131147541,60.61132717119904,0.13108715462625356,REAL_AWS
2026-01-04 01:00:00,BHARATI,3.1683333333333334,986.1033333333334,54.056666666666665,5.444999999999999,55.51517602063427,0.18686670804007288,REAL_AWS
2026-01-04 02:00:00,BHARATI,3.76,986.0066666666667,52.336666666666666,8.615,47.985442959346244,0.29565779426358646,REAL_AWS
2026-01-04 03:00:00,BHARATI,4.095,985.81,48.32333333333334,10.376666666666667,70.85801542588416,0.35611635269589653,REAL_AWS
2026-01-04 04:00:00,BHARATI,4.618333333333334,985.84,49.68666666666666,9.96,70.9008275628621,0.3418167882606293,REAL_AWS
2026-01-04 05:00:00,BHARATI,4.8966666666666665,986.285,51.26,3.6266666666666665,2.3975911297354173,0.12446340884456646,REAL_AWS
2026-01-04 06:00:00,BHARATI,4.848333333333333,986.7099999999999,52.58166666666667,10.103333333333333,39.96431025785802,0.3467358384263612,REAL_AWS
2026-01-04 07:00:00,BHARATI,4.515,987.0983333333334,55.04333333333333,10.198333333333332,38.81264347052331,0.3499961391176021,REAL_AWS
2026-01-04 08:00:00,BHARATI,4.83,987.2733333333332,50.56333333333334,5.5616666666666665,33.963622933451575,0.19087058608194774,REAL_AWS
2026-01-04 09:00:00,BHARATI,5.358333333333333,987.184375,44.69666666666667,2.7666666666666666,356.240761781053,0.09494910785017478,REAL_AWS
2026-01-04 10:00:00,BHARATI,5.1866666666666665,987.2716666666668,45.215,3.0483333333333333,18.66025439972816,0.10461561340841548,REAL_AWS
2026-01-04 11:00:00,BHARATI,5.260000000000001,987.2,41.52833333333333,4.6066666666666665,90.08610202772621,0.15809598439631511,REAL_AWS
2026-01-04 12:00:00,BHARATI,5.338333333333334,987.215,39.50333333333333,5.933333333333334,93.73107369687199,0.20362579755820617,REAL_AWS
2026-01-04 13:00:00,BHARATI,4.913333333333333,987.1233333333333,42.208333333333336,9.951666666666666,93.86243209919434,0.34153079697192384,REAL_AWS
2026-01-04 14:00:00,BHARATI,3.26,987.1016666666667,42.82166666666667,11.821666666666665,88.03189212427361,0.40570724215740345,REAL_AWS
2026-01-04 15:00:00,BHARATI,1.8333333333333333,986.9616666666666,46.71333333333334,12.823333333333332,90.89598638818984,0.440083395059786,REAL_AWS
2026-01-04 16:00:00,BHARATI,1.175,987.0,44.288333333333334,12.115,97.78763835402833,0.41577413551983167,REAL_AWS
2026-01-04 17:00:00,BHARATI,0.22166666666666668,987.1683333333334,46.015,11.991666666666667,100.24804174008955,0.4115414644469925,REAL_AWS
2026-01-04 18:00:00,BHARATI,-0.855,987.35,52.434999999999995,10.735000000000001,99.71676988230496,0.3684139781102264,REAL_AWS
2026-01-04 19:00:00,BHARATI,-1.29,987.6883333333334,58.34,9.326666666666666,101.58309886793927,0.32008145031902296,REAL_AWS
2026-01-04 20:00:00,BHARATI,-1.3283333333333334,988.09,61.48166666666667,8.925,101.56608573095434,0.3062966702034253,REAL_AWS
2026-01-04 21:00:00,BHARATI,-1.285,988.4599999999999,63.01,9.458333333333334,98.16660610305121,0.32460011268056743,REAL_AWS
2026-01-04 22:00:00,BHARATI,-0.2916666666666667,988.795,58.77333333333333,9.518333333333334,97.8666181780979,0.32665924995924595,REAL_AWS
2026-01-04 23:00:00,BHARATI,0.5933333333333334,989.1533333333333,55.19833333333334,9.82,95.96773478986148,0.33701213461037943,REAL_AWS
2026-01-05 00:00:00,BHARATI,1.1916666666666667,989.5333333333333,51.955000000000005,9.356666666666666,94.60036840646512,0.32111101895836214,REAL_AWS
2026-01-05 01:00:00,BHARATI,1.2049999999999998,989.6466666666668,53.165,10.058333333333334,96.16796982611925,0.34519148546735234,REAL_AWS
2026-01-05 02:00:00,BHARATI,1.9716666666666667,989.6666666666666,55.93666666666666,9.953333333333335,74.25158825089875,0.341587995229665,REAL_AWS
2026-01-05 03:00:00,BHARATI,2.716666666666667,989.8366666666666,56.52333333333333,9.94,62.828737502099386,0.3411304091677364,REAL_AWS
2026-01-05 04:00:00,BHARATI,3.5016666666666665,989.9433333333333,53.72666666666667,9.298333333333334,53.764822578590724,0.3191090799374248,REAL_AWS
2026-01-05 05:00:00,BHARATI,3.6,990.25,55.01833333333333,8.201666666666666,34.742871594228404,0.28147262634380127,REAL_AWS
2026-01-05 06:00:00,BHARATI,3.77,990.5366666666666,54.144999999999996,6.293333333333334,30.289127799081143,0.21598062123027711,REAL_AWS
2026-01-05 07:00:00,BHARATI,4.053333333333333,990.6766666666667,52.925,6.635000000000001,33.15494513870692,0.2277062640671963,REAL_AWS
2026-01-05 08:00:00,BHARATI,4.416666666666667,990.7,53.501666666666665,5.926666666666667,29.833478536195514,0.2033970045272419,REAL_AWS
2026-01-05 09:00:00,BHARATI,3.7983333333333333,990.7433333333333,55.19833333333334,5.848333333333333,19.686845432966606,0.2007086864134116,REAL_AWS
2026-01-05 10:00:00,BHARATI,3.205,990.8133333333333,60.54666666666667,6.071666666666667,28.829149468982337,0.20837325295071493,REAL_AWS
2026-01-05 11:00:00,BHARATI,2.7916666666666665,990.8199999999999,61.84,4.6466666666666665,359.4360096836817,0.15946874258210078,REAL_AWS
2026-01-05 12:00:00,BHARATI,1.9400000000000002,991.025,72.32166666666667,4.531666666666666,20.102485373987975,0.15552206279796701,REAL_AWS
2026-01-05 13:00:00,BHARATI,1.695,991.0283333333333,74.51833333333335,3.993333333333333,37.304235312618175,0.13704702554760168,REAL_AWS
2026-01-05 14:00:00,BHARATI,1.5083333333333333,991.0,75.64833333333333,3.645,28.44459951090039,0.12509258967971823,REAL_AWS
2026-01-05 15:00:00,BHARATI,1.2516666666666665,990.9333333333333,77.35166666666667,2.7066666666666666,17.47371681623929,0.0928899705714963,REAL_AWS
2026-01-05 16:00:00,BHARATI,1.1099999999999999,991.0300000000001,77.37833333333333,2.3699999999999997,346.8778637457937,0.08133592250780032,REAL_AWS
2026-01-05 17:00:00,BHARATI,0.825,991.1200000000001,80.66166666666666,1.2516666666666665,25.70951983140111,0.042955891563542924,REAL_AWS
2026-01-05 18:00:00,BHARATI,0.7899999999999999,991.015,79.55,2.253333333333333,232.77658299845297,0.07733204446592548,REAL_AWS
2026-01-05 19:00:00,BHARATI,0.3783333333333333,991.1550000000001,83.57333333333334,2.2483333333333335,238.68653320660138,0.07716044969270229,REAL_AWS
2026-01-05 20:00:00,BHARATI,0.19166666666666668,991.3233333333333,86.57,1.9783333333333333,173.66584843527585,0.06789433193864908,REAL_AWS
2026-01-05 21:00:00,BHARATI,-0.07166666666666667,991.2266666666667,88.09333333333333,3.481666666666667,219.87096288572613,0.11948716042109346,REAL_AWS
2026-01-05 22:00:00,BHARATI,-0.19166666666666668,990.9883333333333,82.455,4.366666666666666,193.70872919244647,0.14985943528160114,REAL_AWS
2026-01-05 23:00:00,BHARATI,0.38333333333333336,990.8383333333333,64.13833333333334,4.301666666666667,95.60017369126746,0.14762870322969948,REAL_AWS
2026-01-06 00:00:00,BHARATI,0.9098360655737705,990.7,54.77540983606558,4.142622950819672,66.50850386267803,0.14217048915903122,REAL_AWS
2026-01-06 01:00:00,BHARATI,1.5333333333333334,990.4866666666666,51.52833333333333,4.156666666666667,51.41270286298834,0.1426524548062265,REAL_AWS
2026-01-06 02:00:00,BHARATI,1.8033333333333335,990.3116666666666,50.141666666666666,6.263333333333334,38.08986833493441,0.21495105259093786,REAL_AWS
2026-01-06 03:00:00,BHARATI,2.1733333333333333,990.13,47.18666666666666,9.368333333333334,53.233027638986584,0.3215114067625497,REAL_AWS
2026-01-06 04:00:00,BHARATI,2.24,990.2483333333333,52.394999999999996,7.95,35.69374950271862,0.27283568942489983,REAL_AWS
2026-01-06 05:00:00,BHARATI,2.4466666666666668,990.3,56.89666666666667,6.778333333333333,33.22366016666871,0.23262531423292823,REAL_AWS
2026-01-06 06:00:00,BHARATI,2.635,990.365,59.84666666666667,5.331666666666666,5.156578857790919,0.18297722651368017,REAL_AWS
2026-01-06 07:00:00,BHARATI,2.395,990.465,61.026666666666664,3.9966666666666666,354.0354738860836,0.13716142206308382,REAL_AWS
2026-01-06 08:00:00,BHARATI,2.5883333333333334,990.6983333333334,60.711666666666666,3.295,337.4865942444229,0.1130809555540937,REAL_AWS
2026-01-06 09:00:00,BHARATI,2.455,990.775,59.70666666666667,3.9616666666666664,285.65138695173613,0.13596025865052136,REAL_AWS
2026-01-06 10:00:00,BHARATI,1.8633333333333333,990.8,64.145,5.5183333333333335,213.23296519333442,0.18938343138067995,REAL_AWS
2026-01-06 11:00:00,BHARATI,1.785,990.725,63.656666666666666,6.161666666666666,212.26997320647408,0.21146195886873262,REAL_AWS
2026-01-06 12:00:00,BHARATI,1.7066666666666668,990.7816666666666,65.76166666666667,6.155,206.06652741576465,0.21123316583776838,REAL_AWS
2026-01-06 13:00:00,BHARATI,1.6916666666666667,990.7316666666667,67.47166666666666,5.028333333333333,212.15686569219673,0.17256714360480563,REAL_AWS
2026-01-06 14:00:00,BHARATI,1.1133333333333333,990.6633333333334,71.42,4.933333333333334,216.5412763603056,0.16930684291356468,REAL_AWS
2026-01-06 15:00:00,BHARATI,0.7716666666666666,990.5016666666667,73.325,5.33,214.20843408630174,0.18292002825593914,REAL_AWS
2026-01-06 16:00:00,BHARATI,0.2866666666666667,990.4616666666666,71.54666666666667,5.513333333333334,206.369740834228,0.18921183660745675,REAL_AWS
2026-01-06 17:00:00,BHARATI,-0.39166666666666666,990.8183333333333,72.695,6.38,209.90014834526394,0.2189549306328127,REAL_AWS
2026-01-06 18:00:00,BHARATI,-0.885,991.1066666666667,67.15833333333333,6.260000000000001,203.33635655679484,0.21483665607545574,REAL_AWS
2026-01-06 19:00:00,BHARATI,-0.8716666666666666,991.2316666666667,62.193333333333335,1.195,97.25303757855073,0.041011150800346584,REAL_AWS
2026-01-06 20:00:00,BHARATI,-1.7483333333333335,991.4699999999999,65.05166666666666,0.69,40.95711042638135,0.023680078704802626,REAL_AWS
2026-01-06 21:00:00,BHARATI,-2.1599999999999997,991.48,65.72,0.6649999999999999,8.815857201408733,0.022822104838686588,REAL_AWS
2026-01-06 22:00:00,BHARATI,-1.0783333333333334,991.5366666666666,59.71,1.62,55.471937016897755,0.055596706524319216,REAL_AWS
2026-01-06 23:00:00,BHARATI,-0.515,991.5283333333333,51.776666666666664,4.6466666666666665,112.63099811100727,0.15946874258210078,REAL_AWS
2026-01-07 00:00:00,BHARATI,0.21833333333333332,991.1733333333334,47.63,5.733333333333333,106.36607776331823,0.19676200662927787,REAL_AWS
2026-01-07 01:00:00,BHARATI,0.26,990.985,42.49166666666667,9.648333333333333,91.4631552266714,0.3311207140630493,REAL_AWS
2026-01-07 02:00:00,BHARATI,0.9866666666666667,991.0483333333334,35.568333333333335,9.47,94.32166911373787,0.32500050048475493,REAL_AWS
2026-01-07 03:00:00,BHARATI,1.7416666666666667,990.6283333333333,34.585,11.575,83.16652624417759,0.3972419000117252,REAL_AWS
2026-01-07 04:00:00,BHARATI,1.8116666666666668,990.285,37.74,13.481666666666666,84.43336502915315,0.4626767068675083,REAL_AWS
2026-01-07 05:00:00,BHARATI,2.1483333333333334,989.8766666666667,40.70166666666667,15.926666666666668,90.1169733475923,0.5465865509736568,REAL_AWS
2026-01-07 06:00:00,BHARATI,2.815,989.59,38.513333333333335,13.915,70.92354963698784,0.4775482538801863,REAL_AWS
2026-01-07 07:00:00,BHARATI,3.175,989.7233333333334,38.75833333333333,12.65,52.53486328856644,0.43413477625471486,REAL_AWS
2026-01-07 08:00:00,BHARATI,2.93,989.5183333333333,40.151666666666664,10.068333333333333,43.61344115327637,0.34553467501379875,REAL_AWS
2026-01-07 09:00:00,BHARATI,2.0983333333333336,989.0916666666667,51.269999999999996,7.933333333333334,30.39690410579192,0.27226370684748913,REAL_AWS
2026-01-07 10:00:00,BHARATI,2.1216666666666666,988.6266666666667,51.358333333333334,9.253333333333334,44.12930442833658,0.3175647269784159,REAL_AWS
2026-01-07 11:00:00,BHARATI,1.9733333333333334,987.995,54.72,7.786666666666666,51.871815655815,0.26723026016627505,REAL_AWS
2026-01-07 12:00:00,BHARATI,1.675,987.08,60.025,6.21,37.845422383998425,0.21312070834322364,REAL_AWS
2026-01-07 13:00:00,BHARATI,1.6916666666666667,986.1916666666667,56.57666666666667,3.378333333333333,80.51441957765024,0.11594086844114715,REAL_AWS
2026-01-07 14:00:00,BHARATI,2.316666666666667,985.3183333333333,54.59166666666667,6.701666666666667,95.41885188154419,0.22999419437683907,REAL_AWS
2026-01-07 15:00:00,BHARATI,1.9583333333333333,984.5266666666666,57.333333333333336,8.091666666666667,73.98523044585039,0.2776975413328907,REAL_AWS
2026-01-07 16:00:00,BHARATI,0.9933333333333334,984.265,64.59666666666666,6.25,42.19872745617363,0.2144934665290093,REAL_AWS
2026-01-07 17:00:00,BHARATI,0.8766666666666667,983.9783333333332,63.065000000000005,6.931666666666667,65.07393981139285,0.23788755394510658,REAL_AWS
2026-01-07 18:00:00,BHARATI,1.2033333333333334,983.52,53.82666666666667,13.111666666666668,78.62658511022505,0.44997869364899107,REAL_AWS
2026-01-07 19:00:00,BHARATI,1.0166666666666666,983.0083333333333,50.580000000000005,14.94,78.5893245960159,0.5127251823909438,REAL_AWS
2026-01-07 20:00:00,BHARATI,0.8816666666666666,982.6266666666667,52.19166666666667,16.028333333333332,71.8309947112748,0.550075644695862,REAL_AWS
2026-01-07 21:00:00,BHARATI,0.6699999999999999,982.4316666666667,56.416666666666664,12.821666666666665,65.36730663444712,0.4400261968020449,REAL_AWS
2026-01-07 22:00:00,BHARATI,0.20666666666666667,982.2783333333333,63.151666666666664,16.08833333333333,54.217644680215926,0.5521347819745405,REAL_AWS
2026-01-07 23:00:00,BHARATI,-0.7033333333333334,982.1650000000001,77.73333333333333,14.19,62.84059093571176,0.4869859664074627,REAL_AWS
2026-01-08 00:00:00,BHARATI,-0.095,981.4983333333333,68.975,10.854999999999999,67.71433626886437,0.37253225266758333,REAL_AWS
2026-01-08 01:00:00,BHARATI,0.5016666666666667,980.9683333333334,63.84166666666667,10.616666666666667,68.41715827739688,0.3643529018106105,REAL_AWS
2026-01-08 02:00:00,BHARATI,0.8683333333333334,980.45,61.026666666666664,10.725,65.40469857127073,0.36807078856377995,REAL_AWS
2026-01-08 03:00:00,BHARATI,1.03,979.7216666666667,58.233333333333334,10.536666666666667,78.56111627230638,0.3616073854390392,REAL_AWS
2026-01-08 04:00:00,BHARATI,1.1783333333333335,978.8516666666667,57.30333333333333,16.603333333333335,68.11758993999507,0.569809043616531,REAL_AWS
2026-01-08 05:00:00,BHARATI,1.5883333333333334,978.2416666666667,57.82166666666667,13.961666666666668,65.79536747049383,0.4791498050969363,REAL_AWS
2026-01-08 06:00:00,BHARATI,1.9983333333333335,977.2833333333333,57.57166666666667,17.726666666666667,56.23358826690276,0.6083606693340115,REAL_AWS
2026-01-08 07:00:00,BHARATI,2.1599999999999997,976.7016666666666,59.3,19.66166666666667,58.69679765529992,0.6747678465713928,REAL_AWS
2026-01-08 08:00:00,BHARATI,2.3216666666666668,975.7483333333333,61.098333333333336,22.165000000000003,69.1839895048085,0.7606796296984787,REAL_AWS
2026-01-08 09:00:00,BHARATI,2.565,975.215,63.375,19.533333333333335,58.4632789685171,0.6703635807253305,REAL_AWS
2026-01-08 10:00:00,BHARATI,2.48,975.0,64.93333333333334,11.754999999999999,61.1003036251314,0.4034193118477607,REAL_AWS
2026-01-08 11:00:00,BHARATI,2.4633333333333334,974.5949999999999,63.059999999999995,12.06,71.89961734986866,0.41388659301437636,REAL_AWS
2026-01-08 12:00:00,BHARATI,2.4566666666666666,973.6916666666667,62.531666666666666,17.025,70.97333888831736,0.5842802028250214,REAL_AWS
2026-01-08 13:00:00,BHARATI,2.5016666666666665,972.965,60.565000000000005,18.128333333333334,54.51638487021751,0.6221454494496091,REAL_AWS
2026-01-08 14:00:00,BHARATI,2.2633333333333336,972.2133333333334,65.05,20.09333333333333,59.75766509878082,0.6895821953263296,REAL_AWS
2026-01-08 15:00:00,BHARATI,2.453333333333333,971.365,60.775,18.945,64.81675891186933,0.650172595742733,REAL_AWS
2026-01-08 16:00:00,BHARATI,1.6466666666666667,970.6666666666666,71.09333333333333,20.746666666666666,57.18344501541475,0.7120039123608287,REAL_AWS
2026-01-08 17:00:00,BHARATI,0.365,969.8199999999999,88.53333333333333,24.023333333333333,74.86437813981496,0.8244556870797707,REAL_AWS
2026-01-08 18:00:00,BHARATI,1.8183333333333331,968.7099999999999,69.545,27.016666666666666,77.75029304974703,0.9271837579827309,REAL_AWS
2026-01-08 19:00:00,BHARATI,0.8083333333333333,968.115,79.91499999999999,28.56833333333333,75.30163789253527,0.9804353359396663,REAL_AWS
2026-01-08 20:00:00,BHARATI,-0.175,966.9916666666667,88.36333333333333,30.041666666666668,78.31677438970075,1.0,REAL_AWS
2026-01-08 21:00:00,BHARATI,-0.011666666666666667,965.8983333333333,86.85,30.71833333333333,77.40034375588914,1.0,REAL_AWS
2026-01-08 22:00:00,BHARATI,-0.5016666666666666,965.5833333333334,96.19833333333332,26.30666666666667,62.060732347192754,0.9028173001850355,REAL_AWS
2026-01-08 23:00:00,BHARATI,-0.3383333333333333,965.1383333333334,98.185,20.686666666666667,63.097980404136024,0.7099447750821503,REAL_AWS
2026-01-09 00:00:00,BHARATI,-0.5131147540983607,964.5508196721311,96.90163934426229,24.660655737704918,65.86912462080613,0.846327925769413,REAL_AWS
2026-01-09 01:00:00,BHARATI,0.05,963.7266666666667,84.74666666666667,28.02,67.91794364685529,0.9616171091428545,REAL_AWS
2026-01-09 02:00:00,BHARATI,-0.335,963.39,90.59166666666667,29.253333333333334,66.86878588766047,1.0,REAL_AWS
2026-01-09 03:00:00,BHARATI,-0.15833333333333333,962.7983333333334,92.51166666666667,30.166666666666668,65.13494814781882,1.0,REAL_AWS
2026-01-09 04:00:00,BHARATI,0.545,962.5699999999999,82.83999999999999,26.293333333333333,67.15310430687782,0.9023597141231069,REAL_AWS
2026-01-09 05:00:00,BHARATI,0.64,962.3533333333332,83.99333333333334,25.27,64.98245004454816,0.8672399838700904,REAL_AWS
2026-01-09 06:00:00,BHARATI,1.3983333333333334,961.3366666666667,78.34666666666666,30.87,62.249789534596516,1.0,REAL_AWS
2026-01-09 07:00:00,BHARATI,2.385,961.635,66.24333333333333,22.366666666666667,54.00103713736246,0.767600618885148,REAL_AWS
2026-01-09 08:00:00,BHARATI,2.1766666666666667,961.8233333333334,68.35166666666667,15.305,57.1830435277451,0.525251600836238,REAL_AWS
2026-01-09 09:00:00,BHARATI,2.235,961.7883333333333,67.25166666666667,13.831666666666667,56.082019766324095,0.4746883409931329,REAL_AWS
2026-01-09 10:00:00,BHARATI,1.0833333333333333,961.9150000000001,84.31666666666666,9.626666666666667,49.683156539101844,0.3303771367124154,REAL_AWS
2026-01-09 11:00:00,BHARATI,1.3898305084745763,961.6508474576272,82.5457627118644,3.8813559322033897,119.9903226258204,0.1332040781969983,REAL_AWS
2026-01-09 12:00:00,BHARATI,2.5283333333333333,961.5916666666667,67.72833333333332,7.096666666666667,77.3760581566604,0.24355018146147245,REAL_AWS
2026-01-09 13:00:00,BHARATI,2.615,961.545,66.35666666666667,12.285,39.035609763823345,0.4216083578094207,REAL_AWS
2026-01-09 14:00:00,BHARATI,2.24,961.8299999999999,69.9,8.238333333333333,37.93609442015861,0.2827309880141048,REAL_AWS
2026-01-09 15:00:00,BHARATI,1.3833333333333333,962.1316666666667,81.105,9.065,30.836272854886715,0.31110132385367506,REAL_AWS
2026-01-09 16:00:00,BHARATI,0.38833333333333336,962.3966666666666,94.14166666666667,5.843333333333334,73.33168359501468,0.20053709164018846,REAL_AWS
2026-01-09 17:00:00,BHARATI,0.4983333333333333,962.5216666666668,91.08833333333334,9.918333333333333,62.34694994915668,0.3403868318171025,REAL_AWS
2026-01-09 18:00:00,BHARATI,0.5266666666666667,962.9050000000001,89.805,7.4350000000000005,42.91293007876476,0.2551614277829095,REAL_AWS
2026-01-09 19:00:00,BHARATI,0.13499999999999998,963.2966666666667,93.47333333333333,2.3,343.1666797913409,0.07893359568267543,REAL_AWS
2026-01-09 20:00:00,BHARATI,-0.05,963.735,95.24499999999999,3.945,2.789766560976034,0.13538827607311066,REAL_AWS
2026-01-09 21:00:00,BHARATI,0.31166666666666665,963.7733333333333,86.435,16.508333333333333,44.2956885208867,0.5665487429252899,REAL_AWS
2026-01-09 22:00:00,BHARATI,-0.023333333333333334,963.8383333333334,88.98666666666666,18.68,59.39830289872185,0.641078072761903,REAL_AWS
2026-01-09 23:00:00,BHARATI,0.15833333333333333,964.215,85.565,17.886666666666667,55.61697413114314,0.6138517020771541,REAL_AWS
2026-01-10 00:00:00,BHARATI,0.2852459016393442,964.7524590163935,83.95245901639345,15.742622950819671,61.5078084822984,0.5402703630368725,REAL_AWS
2026-01-10 01:00:00,BHARATI,0.43666666666666665,964.9050000000001,81.72166666666666,18.855,58.000254013646725,0.6470838898247153,REAL_AWS
2026-01-10 02:00:00,BHARATI,0.2033333333333333,965.3933333333333,87.13333333333334,20.421666666666667,57.76723671228842,0.7008502521013202,REAL_AWS
2026-01-10 03:00:00,BHARATI,0.07666666666666667,965.74,88.53,22.851666666666667,58.36713924118959,0.7842453118877991,REAL_AWS
2026-01-10 04:00:00,BHARATI,1.0266666666666666,966.2283333333332,76.45833333333333,17.491666666666667,56.56854924934248,0.6002957149925208,REAL_AWS
2026-01-10 05:00:00,BHARATI,1.535,966.6683333333333,71.24833333333332,16.546666666666667,59.13350594701018,0.5678643028533346,REAL_AWS
2026-01-10 06:00:00,BHARATI,1.7950000000000002,967.2066666666667,68.45166666666667,20.23,50.64841214150721,0.6942724524610974,REAL_AWS
2026-01-10 07:00:00,BHARATI,1.655,968.02,70.41166666666666,20.921666666666667,47.534569928798135,0.718009729423641,REAL_AWS
2026-01-10 08:00:00,BHARATI,1.6866666666666668,968.6933333333333,70.98666666666666,20.815,46.61687265329306,0.7143490409282126,REAL_AWS
2026-01-10 09:00:00,BHARATI,1.43,969.4016666666666,75.26333333333334,21.02,52.43322335111503,0.7213844266303641,REAL_AWS
2026-01-10 10:00:00,BHARATI,1.1233333333333335,970.0366666666667,79.83333333333333,21.796666666666667,55.150363364898965,0.7480388147377023,REAL_AWS
2026-01-10 11:00:00,BHARATI,0.6616666666666666,970.4783333333332,88.11166666666666,24.815,55.933715531680775,0.8516248595067786,REAL_AWS
2026-01-10 12:00:00,BHARATI,0.56,970.9916666666667,89.6,26.235,54.417092111124816,0.9003577751021694,REAL_AWS
2026-01-10 13:00:00,BHARATI,0.49,971.7316666666667,89.28666666666666,23.811666666666667,53.49994671937719,0.817191508346655,REAL_AWS
2026-01-10 14:00:00,BHARATI,0.8566666666666667,972.0416666666666,79.65166666666667,27.9,57.25001047447779,0.9574988345854974,REAL_AWS
2026-01-10 15:00:00,BHARATI,0.9983333333333333,972.8083333333333,75.89666666666668,25.206666666666667,53.850133269193634,0.8650664500759299,REAL_AWS
2026-01-10 16:00:00,BHARATI,0.8166666666666667,973.5633333333334,77.36833333333334,22.508333333333333,52.166999717449755,0.7724624707931388,REAL_AWS
2026-01-10 17:00:00,BHARATI,0.7799999999999999,974.1800000000001,77.94833333333332,23.163333333333334,49.65014726832027,0.794941386085379,REAL_AWS
2026-01-10 18:00:00,BHARATI,0.89,975.1083333333333,76.76,23.873333333333335,46.416644728679785,0.8193078438830745,REAL_AWS
2026-01-10 19:00:00,BHARATI,0.6649999999999999,975.49,79.85166666666667,20.233333333333334,46.34901060147854,0.6943868489765795,REAL_AWS
2026-01-10 20:00:00,BHARATI,0.5633333333333332,976.075,80.875,18.745,42.216694793763565,0.6433088048138047,REAL_AWS
2026-01-10 21:00:00,BHARATI,0.735,976.7633333333334,78.86,16.943333333333335,47.53280844578961,0.581477488195709,REAL_AWS
2026-01-10 22:00:00,BHARATI,0.12833333333333333,977.095,88.94,16.305,48.29994404772145,0.5595705554808794,REAL_AWS
2026-01-10 23:00:00,BHARATI,-0.030000000000000006,977.23,91.47166666666666,14.525,53.89975766807197,0.49848281621341767,REAL_AWS
2026-01-11 00:00:00,BHARATI,-0.11639344262295083,977.2819672131147,91.8983606557377,16.372131147540983,48.81861919513722,0.5618744262885812,REAL_AWS
2026-01-11 01:00:00,BHARATI,0.20166666666666666,977.2583333333333,69.39833333333333,17.326666666666664,54.81660683150511,0.5946330874761548,REAL_AWS
2026-01-11 02:00:00,BHARATI,0.30833333333333335,977.0033333333333,61.59666666666667,19.40666666666667,57.80000892830594,0.6660165131370093,REAL_AWS
2026-01-11 03:00:00,BHARATI,0.4166666666666667,976.6133333333333,59.156666666666666,17.245,59.332214146226534,0.5918303728468425,REAL_AWS
2026-01-11 04:00:00,BHARATI,0.56,976.0550000000001,56.211666666666666,17.633333333333333,56.78322667614873,0.6051575669005116,REAL_AWS
2026-01-11 05:00:00,BHARATI,0.8233333333333334,975.5883333333334,57.086666666666666,15.388333333333332,54.25562075070593,0.5281115137232913,REAL_AWS
2026-01-11 06:00:00,BHARATI,0.83,975.178787878788,61.67666666666666,17.255,57.14139925611482,0.5921735623932889,REAL_AWS
2026-01-11 07:00:00,BHARATI,0.9933333333333334,974.7266666666667,58.76,15.071666666666665,54.65169662416565,0.5172438447524883,REAL_AWS
2026-01-11 08:00:00,BHARATI,0.8433333333333334,974.4666666666667,65.08333333333333,16.246666666666666,51.005016881219376,0.557568616459942,REAL_AWS
2026-01-11 09:00:00,BHARATI,0.051666666666666666,974.1172413793104,84.49,18.063333333333333,61.68047510521416,0.6199147173977074,REAL_AWS
2026-01-11 10:00:00,BHARATI,0.26101694915254237,973.5300000000001,84.92203389830507,16.627118644067796,68.73030221584395,0.5706253306168356,REAL_AWS
2026-01-11 11:00:00,BHARATI,0.685,972.6933333333333,78.78166666666667,18.198333333333334,66.28357506297021,0.624547776274734,REAL_AWS
2026-01-11 12:00:00,BHARATI,1.1700000000000002,971.7837837837837,69.10666666666665,22.048333333333336,73.33356849456118,0.7566757516566038,REAL_AWS
2026-01-11 13:00:00,BHARATI,1.5066666666666668,971.4183333333333,64.435,19.15,73.8014242460473,0.6572079814448845,REAL_AWS
2026-01-11 14:00:00,BHARATI,1.325,970.9133333333334,66.685,19.276666666666664,65.8141467845013,0.6615550490332057,REAL_AWS
2026-01-11 15:00:00,BHARATI,1.2433333333333332,970.4300000000001,66.26666666666667,19.075,63.70569517321462,0.6546340598465363,REAL_AWS
2026-01-11 16:00:00,BHARATI,1.4166666666666667,969.8533333333332,63.06666666666667,17.959999999999997,64.08262907498931,0.616368425417761,REAL_AWS
2026-01-11 17:00:00,BHARATI,1.195,970.005,64.125,12.096666666666666,55.66421224094597,0.4151449546846799,REAL_AWS
2026-01-11 18:00:00,BHARATI,1.065,969.965,64.08833333333334,11.09,71.46882256789183,0.3805972070090741,REAL_AWS
2026-01-11 19:00:00,BHARATI,1.325,969.8133333333333,60.445,15.726666666666667,70.15034279061837,0.5397227600447285,REAL_AWS
2026-01-11 20:00:00,BHARATI,1.34,969.5683333333333,59.190000000000005,20.220000000000002,64.49323792094856,0.693929262914651,REAL_AWS
2026-01-11 21:00:00,BHARATI,0.6983333333333334,969.5516666666666,64.96,19.053333333333335,61.73071426397439,0.6538904824959025,REAL_AWS
2026-01-11 22:00:00,BHARATI,0.565,970.1650000000001,69.07166666666667,16.698333333333334,65.12507958149217,0.5730693443077718,REAL_AWS
2026-01-11 23:00:00,BHARATI,0.5933333333333334,970.4566666666667,67.55333333333333,17.226666666666667,62.68273232859099,0.5912011920116907,REAL_AWS
2026-01-12 00:00:00,BHARATI,,,,,,,REAL_AWS_WITH_MISSING
2026-01-12 01:00:00,BHARATI,,,,,,,REAL_AWS_WITH_MISSING
2026-01-12 02:00:00,BHARATI,,,,,,,REAL_AWS_WITH_MISSING
2026-01-12 03:00:00,BHARATI,,,,,,,REAL_AWS_WITH_MISSING
2026-01-12 04:00:00,BHARATI,,,,,,,REAL_AWS_WITH_MISSING
2026-01-12 05:00:00,BHARATI,,,,,,,REAL_AWS_WITH_MISSING
2026-01-12 06:00:00,BHARATI,,,,,,,REAL_AWS_WITH_MISSING
2026-01-12 07:00:00,BHARATI,,,,,,,REAL_AWS_WITH_MISSING
2026-01-12 08:00:00,BHARATI,,,,,,,REAL_AWS_WITH_MISSING
2026-01-12 09:00:00,BHARATI,,,,,,,REAL_AWS_WITH_MISSING
2026-01-12 10:00:00,BHARATI,,,,,,,REAL_AWS_WITH_MISSING
2026-01-12 11:00:00,BHARATI,,,,,,,REAL_AWS_WITH_MISSING
2026-01-12 12:00:00,BHARATI,,,,,,,REAL_AWS_WITH_MISSING
2026-01-12 13:00:00,BHARATI,,,,,,,REAL_AWS_WITH_MISSING
2026-01-12 14:00:00,BHARATI,,,,,,,REAL_AWS_WITH_MISSING
2026-01-12 15:00:00,BHARATI,,,,,,,REAL_AWS_WITH_MISSING
2026-01-12 16:00:00,BHARATI,,,,,,,REAL_AWS_WITH_MISSING
2026-01-12 17:00:00,BHARATI,,,,,,,REAL_AWS_WITH_MISSING
2026-01-12 18:00:00,BHARATI,,,,,,,REAL_AWS_WITH_MISSING
2026-01-12 19:00:00,BHARATI,,,,,,,REAL_AWS_WITH_MISSING
2026-01-12 20:00:00,BHARATI,,,,,,,REAL_AWS_WITH_MISSING
2026-01-12 21:00:00,BHARATI,,,,,,,REAL_AWS_WITH_MISSING
2026-01-12 22:00:00,BHARATI,,,,,,,REAL_AWS_WITH_MISSING
2026-01-12 23:00:00,BHARATI,,,,,,,REAL_AWS_WITH_MISSING
2026-01-13 00:00:00,BHARATI,-2.136065573770492,970.1720930232558,47.16065573770492,16.21639344262295,89.46115552821607,0.5565296710570388,REAL_AWS
2026-01-13 01:00:00,BHARATI,-1.7383333333333333,970.3314285714285,45.891666666666666,16.25166666666667,90.33436042539421,0.5577402112331653,REAL_AWS
2026-01-13 02:00:00,BHARATI,-1.1366666666666667,970.2533333333333,44.74666666666667,15.406666666666666,85.30671680422427,0.5287406945584432,REAL_AWS
2026-01-13 03:00:00,BHARATI,-0.3233333333333333,969.8316666666667,44.708333333333336,13.956666666666667,69.73326159831544,0.47897821032371307,REAL_AWS
2026-01-13 04:00:00,BHARATI,0.20166666666666666,969.4616666666666,45.285,14.098333333333333,61.031635820222164,0.4838400622317039,REAL_AWS
2026-01-13 05:00:00,BHARATI,0.56,969.2866666666666,47.36666666666667,12.165,47.87454929110629,0.41749008325206366,REAL_AWS
2026-01-13 06:00:00,BHARATI,0.65,969.175,47.94666666666667,11.438333333333333,42.21321333897612,0.39255164287695754,REAL_AWS
2026-01-13 07:00:00,BHARATI,0.785,969.16,47.39,8.754999999999999,35.495798834980405,0.3004624479138362,REAL_AWS
2026-01-13 08:00:00,BHARATI,0.9083333333333333,969.2466666666667,48.715,4.716666666666667,0.7326657287446778,0.1618710694072257,REAL_AWS
2026-01-13 09:00:00,BHARATI,1.0566666666666666,969.2083333333334,51.675,3.8449999999999998,0.3448720295139083,0.1319563806086465,REAL_AWS
2026-01-13 10:00:00,BHARATI,0.6,969.0933333333334,56.431666666666665,4.278333333333333,350.54223167205595,0.14682792762132452,REAL_AWS
2026-01-13 11:00:00,BHARATI,0.5516666666666666,968.7900000000001,56.181666666666665,3.9183333333333334,352.81483467301433,0.13447310394925358,REAL_AWS
2026-01-13 12:00:00,BHARATI,0.11833333333333335,968.6883333333334,61.21666666666667,3.631666666666667,340.66163884341614,0.12463500361778967,REAL_AWS
2026-01-13 13:00:00,BHARATI,0.17333333333333334,968.7100000000002,60.54666666666667,2.4983333333333335,337.368573610782,0.08574018835386266,REAL_AWS
2026-01-13 14:00:00,BHARATI,-0.18333333333333332,968.6916666666667,62.39666666666667,2.9616666666666664,241.35343144898462,0.10164130400587987,REAL_AWS
2026-01-13 15:00:00,BHARATI,-0.20500000000000002,968.7766666666666,61.80833333333333,1.9116666666666666,189.3063694370051,0.06560640162900631,REAL_AWS
2026-01-13 16:00:00,BHARATI,-0.87,968.8833333333333,63.513333333333335,3.3016666666666667,209.78665371449057,0.11330974858505799,REAL_AWS
2026-01-13 17:00:00,BHARATI,-0.92,969.0283333333333,62.775,3.17,218.23536006405183,0.10879108622351352,REAL_AWS
2026-01-13 18:00:00,BHARATI,-0.89,969.0583333333333,60.901666666666664,1.9483333333333335,204.470241536801,0.06686476329930983,REAL_AWS
2026-01-13 19:00:00,BHARATI,-0.7966666666666667,969.0933333333334,59.913333333333334,1.0066666666666666,185.92690973398038,0.03454774767560576,REAL_AWS
2026-01-13 20:00:00,BHARATI,-0.8066666666666666,969.3633333333332,61.41,0.92,350.233572086786,0.03157343827307017,REAL_AWS
2026-01-13 21:00:00,BHARATI,-0.69,969.52,61.42666666666666,1.2683333333333333,88.20978466693333,0.043527874140953625,REAL_AWS
2026-01-13 22:00:00,BHARATI,-0.61,969.5133333333334,62.05166666666666,1.2933333333333332,58.72698151137695,0.044385848007069656,REAL_AWS
2026-01-13 23:00:00,BHARATI,-0.5166666666666667,969.615,63.88,1.8383333333333334,135.36858029722248,0.06308967828839927,REAL_AWS
2026-01-14 00:00:00,BHARATI,-0.6344262295081966,969.8901639344263,67.02131147540983,5.721311475409836,90.38927862495848,0.19634942903245703,REAL_AWS
2026-01-14 01:00:00,BHARATI,-0.5116666666666666,969.8383333333333,49.745,9.011666666666667,80.01271067688208,0.3092709796059609,REAL_AWS
2026-01-14 02:00:00,BHARATI,-0.6333333333333333,969.8683333333333,50.695,10.385,89.01925139829689,0.35640234398460185,REAL_AWS
2026-01-14 03:00:00,BHARATI,-0.7666666666666667,969.89,53.69666666666667,9.916666666666666,90.21430887616623,0.3403296335593614,REAL_AWS
2026-01-14 04:00:00,BHARATI,-0.325,970.1333333333333,55.39,6.996666666666667,83.83312270639806,0.2401182859970083,REAL_AWS
2026-01-14 05:00:00,BHARATI,-0.08333333333333333,970.3033333333333,58.92333333333333,6.931666666666667,66.69559231430168,0.23788755394510658,REAL_AWS
2026-01-14 06:00:00,BHARATI,0.24333333333333332,970.5683333333333,58.54,6.986666666666666,62.062521863516054,0.23977509645056186,REAL_AWS
2026-01-14 07:00:00,BHARATI,0.365,970.9616666666666,58.656666666666666,6.961666666666667,41.52540375402117,0.23891712258444583,REAL_AWS
2026-01-14 08:00:00,BHARATI,0.49333333333333335,971.1866666666667,56.56333333333334,5.025,30.940887263595187,0.17245274708932348,REAL_AWS
2026-01-14 09:00:00,BHARATI,0.5216666666666667,971.3299999999999,52.19166666666667,3.425,30.31395684603399,0.1175424196578971,REAL_AWS
2026-01-14 10:00:00,BHARATI,0.3983333333333333,971.5166666666667,55.233333333333334,2.2233333333333336,327.9116116235709,0.07630247582658625,REAL_AWS
2026-01-14 11:00:00,BHARATI,0.2916666666666667,971.7282608695652,55.733333333333334,2.485,264.4640138435927,0.0852826022919341,REAL_AWS
2026-01-14 12:00:00,BHARATI,-0.115,971.9,61.21333333333334,4.125,223.04010602622623,0.14156568790914614,REAL_AWS
2026-01-14 13:00:00,BHARATI,-0.39499999999999996,972.065,65.74166666666666,3.9983333333333335,217.70289010681384,0.1372186203208249,REAL_AWS
2026-01-14 14:00:00,BHARATI,-0.6533333333333334,972.1016666666667,66.29166666666667,5.965,213.65307776188072,0.2047125644552865,REAL_AWS
2026-01-14 15:00:00,BHARATI,-0.8816666666666666,972.1183333333333,69.01666666666667,4.568333333333333,210.97699584298658,0.15678042446827054,REAL_AWS
2026-01-14 16:00:00,BHARATI,-1.0333333333333334,972.275,64.425,4.176666666666667,207.29728431364728,0.14333883389911928,REAL_AWS
2026-01-14 17:00:00,BHARATI,-1.0783333333333334,972.5550000000001,61.85,2.7,184.88813306376582,0.09266117754053203,REAL_AWS
2026-01-14 18:00:00,BHARATI,-1.255,972.9833333333333,63.888333333333335,3.515,83.14142676687169,0.12063112557591484,REAL_AWS
2026-01-14 19:00:00,BHARATI,-2.118333333333333,973.5550000000001,76.56333333333333,3.2816666666666667,28.94849576534142,0.11262336949216516,REAL_AWS
2026-01-14 20:00:00,BHARATI,-2.1133333333333337,974.0766666666666,75.57666666666667,6.655,72.16749458684427,0.22839264316008911,REAL_AWS
2026-01-14 21:00:00,BHARATI,-2.1683333333333334,974.475,67.41333333333334,4.975,96.22694241282596,0.1707367993570914,REAL_AWS
2026-01-14 22:00:00,BHARATI,-1.9916666666666667,974.7966666666667,63.90833333333333,5.178333333333333,99.4668056144692,0.17771498680150183,REAL_AWS
2026-01-14 23:00:00,BHARATI,-1.4016666666666666,975.2866666666666,65.42166666666667,5.5183333333333335,80.24021225264255,0.18938343138067995,REAL_AWS
2026-01-15 00:00:00,BHARATI,-0.9819672131147541,975.6316666666667,66.07213114754099,7.637704918032787,75.87519339288423,0.2621180486711225,REAL_AWS
2026-01-15 01:00:00,BHARATI,-0.3983333333333333,975.9083333333333,53.965,10.563333333333333,76.85568802329215,0.36252255756289625,REAL_AWS
2026-01-15 02:00:00,BHARATI,-0.2033333333333333,976.035,48.001666666666665,10.416666666666666,71.65148531028672,0.35748911088168217,REAL_AWS
2026-01-15 03:00:00,BHARATI,0.19666666666666668,976.1550000000001,46.30333333333333,9.561666666666667,72.4364860890193,0.32814640466051376,REAL_AWS
2026-01-15 04:00:00,BHARATI,0.775,976.3166666666667,44.665,8.906666666666666,61.11442746430697,0.30566748936827354,REAL_AWS
2026-01-15 05:00:00,BHARATI,1.2033333333333334,976.4816666666667,42.376666666666665,7.875,50.74904013454557,0.2702617678265517,REAL_AWS
2026-01-15 06:00:00,BHARATI,1.25,976.7283333333332,43.718333333333334,6.1016666666666675,30.595160004696936,0.2094028215900542,REAL_AWS
2026-01-15 07:00:00,BHARATI,1.1183333333333332,977.0733333333334,50.28666666666666,4.101666666666667,1.0452541657022607,0.14076491230077118,REAL_AWS
2026-01-15 08:00:00,BHARATI,1.0650000000000002,977.5,48.94166666666667,2.7733333333333334,331.31380120981976,0.09517790088113906,REAL_AWS
2026-01-15 09:00:00,BHARATI,1.0766666666666667,977.8333333333334,43.20333333333333,2.5366666666666666,328.3665829225109,0.08705574828190725,REAL_AWS
2026-01-15 10:00:00,BHARATI,1.1849999999999998,978.1133333333333,42.87166666666667,3.68,357.2664946239025,0.1262937530922807,REAL_AWS
2026-01-15 11:00:00,BHARATI,1.4966101694915255,978.2,42.749152542372876,5.459322033898306,34.89894372378501,0.1873582252718479,REAL_AWS
2026-01-15 12:00:00,BHARATI,1.3133333333333332,978.4266666666666,44.083333333333336,5.3149999999999995,38.0690782287578,0.1824052439362695,REAL_AWS
2026-01-15 13:00:00,BHARATI,1.305,978.6850000000001,45.75833333333333,5.015,87.60136545339253,0.17210955754287705,REAL_AWS
2026-01-15 14:00:00,BHARATI,1.38,978.8883333333332,43.47,4.614999999999999,100.74431077171198,0.15838197568502044,REAL_AWS
2026-01-15 15:00:00,BHARATI,0.925,979.0666666666667,44.17333333333333,5.1899999999999995,107.9891493411111,0.17811537460568933,REAL_AWS
2026-01-15 16:00:00,BHARATI,0.49,979.1083333333333,41.96666666666667,4.5233333333333325,118.7003941903601,0.15523607150926164,REAL_AWS
2026-01-15 17:00:00,BHARATI,0.3266666666666667,979.2483333333333,45.498333333333335,2.24,108.61508217099663,0.07687445840399694,REAL_AWS
2026-01-15 18:00:00,BHARATI,0.475,979.3816666666667,54.99666666666667,4.631666666666666,90.35807272189561,0.15895395826243114,REAL_AWS
2026-01-15 19:00:00,BHARATI,0.595,979.5216666666668,60.77333333333333,5.2683333333333335,74.01925170722609,0.1808036927195196,REAL_AWS
2026-01-15 20:00:00,BHARATI,0.15833333333333333,979.8133333333334,69.54166666666667,6.87,65.36582705963133,0.23577121840868703,REAL_AWS
2026-01-15 21:00:00,BHARATI,-0.4066666666666666,980.1666666666666,88.45833333333333,8.281666666666666,66.97143370365268,0.2842181427153726,REAL_AWS
2026-01-15 22:00:00,BHARATI,-0.6166666666666667,980.2466666666667,92.26166666666667,7.421666666666667,78.35742890541547,0.25470384172098093,REAL_AWS
2026-01-15 23:00:00,BHARATI,-0.4516666666666667,980.1806451612904,84.24499999999999,10.063333333333333,63.768714120548225,0.3453630802405755,REAL_AWS
2026-01-16 00:00:00,BHARATI,-0.10655737704918031,979.8372093023256,69.44098360655737,13.204918032786885,70.57208512451115,0.45317898305342164,REAL_AWS
2026-01-16 01:00:00,BHARATI,-0.011666666666666667,980.0166666666667,68.69666666666667,13.65,57.33114082200933,0.4684537308993563,REAL_AWS
2026-01-16 02:00:00,BHARATI,0.3266666666666667,979.8716666666666,64.25,16.181666666666665,57.081921717615444,0.5553378844080403,REAL_AWS
2026-01-16 03:00:00,BHARATI,0.5566666666666666,979.8083333333333,62.67833333333333,12.683333333333334,66.4840317934395,0.4352787414095362,REAL_AWS
2026-01-16 04:00:00,BHARATI,0.9833333333333333,979.7216666666667,57.78333333333333,10.971666666666666,62.177758840921115,0.3765361307094582,REAL_AWS
2026-01-16 05:00:00,BHARATI,1.5283333333333333,979.4933333333333,50.865,10.041666666666666,66.55586613894616,0.3446195028899416,REAL_AWS
2026-01-16 06:00:00,BHARATI,2.1733333333333333,979.3799999999999,49.89333333333333,9.818333333333333,45.089996933065606,0.33695493635263835,REAL_AWS
2026-01-16 07:00:00,BHARATI,1.7833333333333334,979.3816666666667,50.031666666666666,7.47,30.785487462896867,0.2563625911954719,REAL_AWS
2026-01-16 08:00:00,BHARATI,2.2016666666666667,979.0866666666667,51.18833333333334,4.655,18.014177051430238,0.15975473387080613,REAL_AWS
2026-01-16 09:00:00,BHARATI,2.496666666666667,978.7583333333333,48.50333333333333,3.76,352.4257072332748,0.129039269463852,REAL_AWS
2026-01-16 10:00:00,BHARATI,2.716666666666667,978.5233333333333,47.50333333333333,3.0900000000000003,298.219033461856,0.10604556985194222,REAL_AWS
2026-01-16 11:00:00,BHARATI,1.675,978.2900000000001,50.92666666666666,5.426666666666667,273.2513455486844,0.18623752720492115,REAL_AWS
2026-01-16 12:00:00,BHARATI,1.6916666666666667,978.0466666666667,51.54333333333333,4.468333333333334,230.9761654517522,0.1533485290038064,REAL_AWS
2026-01-16 13:00:00,BHARATI,1.6866666666666668,977.8449999999999,52.336666666666666,4.548333333333333,216.4273532162145,0.1560940453753777,REAL_AWS
2026-01-16 14:00:00,BHARATI,0.87,977.63,49.736666666666665,9.668333333333333,74.59303990814664,0.33180709315594215,REAL_AWS
2026-01-16 15:00:00,BHARATI,-0.28500000000000003,977.385,46.43666666666666,14.788333333333332,90.80017761905185,0.5075201409365065,REAL_AWS
2026-01-16 16:00:00,BHARATI,-1.5033333333333334,977.2183333333334,43.34166666666667,17.44,90.11670962893459,0.5985225690025476,REAL_AWS
2026-01-16 17:00:00,BHARATI,-2.2883333333333336,977.0533333333333,41.47833333333333,16.823333333333334,90.13334157655754,0.577359213638352,REAL_AWS
2026-01-16 18:00:00,BHARATI,-3.5483333333333333,976.9466666666667,44.013333333333335,14.081666666666667,100.00083081563764,0.48326807965429325,REAL_AWS
2026-01-16 19:00:00,BHARATI,-4.725,976.62,43.330000000000005,14.916666666666666,108.11817120212868,0.5119244067825689,REAL_AWS
2026-01-16 20:00:00,BHARATI,-5.7283333333333335,976.2933333333333,44.91166666666666,17.136666666666667,115.6395209360054,0.588112486093673,REAL_AWS
2026-01-16 21:00:00,BHARATI,-6.321666666666667,975.7916666666666,47.18666666666666,17.858333333333334,119.15004015161827,0.612879331695556,REAL_AWS
2026-01-16 22:00:00,BHARATI,-5.546666666666667,975.715,47.96666666666667,12.343333333333334,110.85301417104301,0.4236102968303581,REAL_AWS
2026-01-16 23:00:00,BHARATI,-5.0183333333333335,975.5083333333333,49.335,11.415,99.58343439193868,0.39175086726858255,REAL_AWS
2026-01-17 00:00:00,BHARATI,-4.060655737704918,975.3295081967212,52.78524590163934,14.418032786885245,91.4799580184457,0.49481181327806867,REAL_AWS
2026-01-17 01:00:00,BHARATI,-3.1633333333333336,975.105,51.87166666666667,14.46,89.18947807560755,0.49625208416151595,REAL_AWS
2026-01-17 02:00:00,BHARATI,-1.91,974.8166666666667,51.89333333333333,13.398333333333333,86.0867157122376,0.4598167939804549,REAL_AWS
2026-01-17 03:00:00,BHARATI,-0.7616666666666667,974.3933333333333,51.593333333333334,13.403333333333334,77.15910482216253,0.45998838875367815,REAL_AWS
2026-01-17 04:00:00,BHARATI,0.13833333333333334,973.9366666666666,52.47833333333333,16.470000000000002,64.6187931172538,0.5652331829972455,REAL_AWS
2026-01-17 05:00:00,BHARATI,0.6,973.6666666666666,58.03,18.158333333333335,58.33281373153744,0.6231750180889485,REAL_AWS
2026-01-17 06:00:00,BHARATI,-0.15833333333333333,973.6916666666667,69.86333333333333,13.793333333333333,36.07613113309884,0.4733727810650883,REAL_AWS
2026-01-17 07:00:00,BHARATI,-0.9733333333333333,973.9449999999999,76.32,10.256666666666666,30.184324585334366,0.3519980781385395,REAL_AWS
2026-01-17 08:00:00,BHARATI,-1.4349999999999998,974.0566666666667,70.83999999999999,8.711666666666668,19.402783008653955,0.2989752932125685,REAL_AWS
2026-01-17 09:00:00,BHARATI,-2.2849999999999997,974.1294117647059,64.65,7.025,9.670738804031373,0.24109065637860647,REAL_AWS
2026-01-17 10:00:00,BHARATI,-2.728333333333333,974.1392857142857,64.455,5.051666666666667,355.6213491725819,0.1733679192131806,REAL_AWS
2026-01-17 11:00:00,BHARATI,-2.765,974.2683333333333,66.21,4.444999999999999,13.01881156645203,0.1525477533954314,REAL_AWS
2026-01-17 12:00:00,BHARATI,-2.1883333333333335,974.2,60.86833333333333,7.316666666666666,40.49389187389045,0.25110035148329357,REAL_AWS
2026-01-17 13:00:00,BHARATI,-1.9683333333333333,974.1650000000001,62.28333333333333,9.286666666666667,40.73069979317438,0.3187086921332373,REAL_AWS
2026-01-17 14:00:00,BHARATI,-3.43,974.275,71.23,6.858333333333333,14.61053334275914,0.23537083060449954,REAL_AWS
2026-01-17 15:00:00,BHARATI,-3.9433333333333334,974.3,65.05,6.413333333333333,30.33505900992003,0.22009889578763409,REAL_AWS
2026-01-17 16:00:00,BHARATI,-4.341666666666667,974.3216666666666,75.49833333333332,5.003333333333333,39.17945404503422,0.17170916973868958,REAL_AWS
2026-01-17 17:00:00,BHARATI,-4.473333333333333,974.4983333333333,77.45666666666666,4.005,41.8760758001132,0.13744741335178917,REAL_AWS
2026-01-17 18:00:00,BHARATI,-4.643333333333333,974.7366666666666,77.49833333333332,2.93,53.461899386608366,0.10055453710879957,REAL_AWS
2026-01-17 19:00:00,BHARATI,-4.725,974.9416666666667,72.37333333333332,2.9266666666666667,57.418357297234195,0.10044014059331743,REAL_AWS
2026-01-17 20:00:00,BHARATI,-5.008333333333334,975.1833333333333,74.00500000000001,2.6116666666666664,58.38429286391329,0.08962966988025535,REAL_AWS
2026-01-17 21:00:00,BHARATI,-4.2316666666666665,975.3833333333333,74.43,3.56,52.45379681909583,0.1221754785349237,REAL_AWS
2026-01-17 22:00:00,BHARATI,-3.816666666666667,975.7083333333334,73.39166666666667,4.381666666666666,44.5642780096112,0.15037421960127076,REAL_AWS
2026-01-17 23:00:00,BHARATI,-3.1599999999999997,976.1716666666667,64.92666666666666,8.493333333333334,40.41409897750606,0.2914823214484884,REAL_AWS
2026-01-18 00:00:00,BHARATI,-2.2083333333333335,976.5233333333333,55.059999999999995,12.766666666666667,77.35218746552545,0.4381386542965897,REAL_AWS
2026-01-18 01:00:00,BHARATI,-1.8166666666666667,976.9366666666666,56.89,12.815,72.95765798144163,0.4397974037710807,REAL_AWS
2026-01-18 02:00:00,BHARATI,-1.2283333333333333,977.4933333333333,53.733333333333334,14.514999999999999,66.41809651505616,0.49813962666697115,REAL_AWS
2026-01-18 03:00:00,BHARATI,-0.9783333333333334,978.1566666666666,53.89666666666667,15.301666666666668,64.98339365244266,0.5251372043207558,REAL_AWS
2026-01-18 04:00:00,BHARATI,-0.705,978.9133333333334,60.15833333333333,17.321666666666665,54.04984081041363,0.5944614927029316,REAL_AWS
2026-01-18 05:00:00,BHARATI,-1.725,979.9699999999999,81.26166666666667,18.126666666666665,60.047963008694296,0.6220882511918681,REAL_AWS
2026-01-18 06:00:00,BHARATI,-1.51,981.1733333333334,73.86833333333334,14.628333333333334,53.40359797450412,0.5020291081933639,REAL_AWS
2026-01-18 07:00:00,BHARATI,-1.5083333333333333,982.26,78.865,14.575,48.45149424473209,0.5001987639456497,REAL_AWS
2026-01-18 08:00:00,BHARATI,-1.7183333333333333,983.2683333333333,86.015,12.673333333333334,53.908172418389654,0.4349355518630898,REAL_AWS
2026-01-18 09:00:00,BHARATI,-1.4683333333333333,984.0133333333334,84.68333333333334,12.931666666666667,49.62702651144019,0.44380128181295553,REAL_AWS
2026-01-18 10:00:00,BHARATI,-1.1033333333333333,984.5833333333334,81.79333333333334,12.256666666666666,62.900745651650595,0.4206359874278225,REAL_AWS
2026-01-18 11:00:00,BHARATI,-0.7899999999999999,985.1733333333334,75.94,11.835,62.765270964742456,0.40616482821933203,REAL_AWS
2026-01-18 12:00:00,BHARATI,-0.565,985.715,76.295,10.303333333333335,49.70383417877065,0.35359962935528955,REAL_AWS
2026-01-18 13:00:00,BHARATI,-0.5183333333333333,986.1166666666667,74.27,8.5,48.16727651264716,0.29171111447945264,REAL_AWS
2026-01-18 14:00:00,BHARATI,-0.6666666666666666,986.4516666666666,74.395,5.9366666666666665,51.73418837880462,0.2037401940736883,REAL_AWS
2026-01-18 15:00:00,BHARATI,-0.7799999999999999,986.715,69.33833333333334,4.991666666666666,90.56834389006576,0.17130878193450208,REAL_AWS
2026-01-18 16:00:00,BHARATI,-1.385,986.7933333333333,65.905,5.388333333333334,115.84350978830832,0.18492196727687657,REAL_AWS
2026-01-18 17:00:00,BHARATI,-2.421666666666667,986.7433333333333,55.49666666666667,7.941666666666666,109.47124434761531,0.2725496981361945,REAL_AWS
2026-01-18 18:00:00,BHARATI,-3.135,986.58,52.99666666666667,10.31,110.80974906500933,0.3538284223862538,REAL_AWS
2026-01-18 19:00:00,BHARATI,-3.8916666666666666,986.3016666666666,53.041666666666664,13.06,120.25023264375892,0.4482055476590179,REAL_AWS
2026-01-18 20:00:00,BHARATI,-3.865,986.1283333333334,51.515,12.466666666666667,115.8646682879185,0.42784296790319726,REAL_AWS
2026-01-18 21:00:00,BHARATI,-3.6416666666666666,986.0183333333333,47.57833333333333,10.573333333333332,112.87887391621894,0.36286574710934266,REAL_AWS
2026-01-18 22:00:00,BHARATI,-3.645,985.315,46.095,11.273333333333333,120.44585434325074,0.3868890153605917,REAL_AWS
2026-01-18 23:00:00,BHARATI,-2.93,984.7233333333334,42.48166666666667,11.076666666666666,109.39597846761978,0.38013962094714554,REAL_AWS
2026-01-19 00:00:00,BHARATI,-2.0885245901639347,983.9770491803279,40.90983606557377,10.267213114754098,98.93608352856688,0.3523600212121141,REAL_AWS
2026-01-19 01:00:00,BHARATI,-1.5883333333333334,983.5745454545454,41.64666666666667,10.313333333333333,96.94727613892599,0.35394281890173585,REAL_AWS
2026-01-19 02:00:00,BHARATI,-0.125,982.8424242424243,39.53333333333333,10.68,93.08231826898384,0.3665264356047711,REAL_AWS
2026-01-19 03:00:00,BHARATI,1.1400000000000001,982.23,44.43833333333334,11.251666666666667,80.90165153125508,0.3861454380099578,REAL_AWS
2026-01-19 04:00:00,BHARATI,2.4066666666666667,981.59,42.66166666666666,12.45,60.9424140433328,0.4272709853257865,REAL_AWS
2026-01-19 05:00:00,BHARATI,2.8366666666666664,981.125,46.65333333333333,11.403333333333334,45.3726988843236,0.39135047946439516,REAL_AWS
2026-01-19 06:00:00,BHARATI,3.5766666666666667,980.35,45.64333333333333,9.578333333333335,48.61376697898908,0.32871838723792446,REAL_AWS
2026-01-19 07:00:00,BHARATI,3.7083333333333335,979.8583333333333,46.94666666666667,4.958333333333333,8.52730606703824,0.1701648167796807,REAL_AWS
2026-01-19 08:00:00,BHARATI,4.316666666666666,979.0883333333334,43.35166666666667,2.6016666666666666,351.83102283352673,0.08928648033380894,REAL_AWS
2026-01-19 09:00:00,BHARATI,4.148333333333333,978.2716666666668,45.80166666666666,4.635000000000001,218.00627380290507,0.1590683547779133,REAL_AWS
2026-01-19 10:00:00,BHARATI,4.123333333333333,977.3566666666667,48.20666666666667,4.755,239.0228576972819,0.16318662933527028,REAL_AWS
2026-01-19 11:00:00,BHARATI,4.775,976.4666666666667,45.59666666666667,4.09,219.62907747044656,0.14036452449658368,REAL_AWS
2026-01-19 12:00:00,BHARATI,4.45,975.7183333333334,48.986666666666665,5.581666666666666,203.68046143215497,0.19155696517484055,REAL_AWS
2026-01-19 13:00:00,BHARATI,4.095,974.8083333333333,52.87,5.191666666666666,208.21718956089376,0.17817257286343038,REAL_AWS
2026-01-19 14:00:00,BHARATI,4.466666666666667,974.0216666666668,51.67666666666666,7.196666666666667,87.47785630686712,0.2469820769259366,REAL_AWS
2026-01-19 15:00:00,BHARATI,4.7957446808510635,973.3574468085106,48.61276595744681,10.202127659574469,77.00211373809918,0.3501263564277786,REAL_AWS
2026-01-19 16:00:00,BHARATI,4.543333333333334,972.8799999999999,49.24333333333333,18.333333333333332,70.40010166638109,0.6291808351517606,REAL_AWS
2026-01-19 17:00:00,BHARATI,4.041666666666667,972.9266666666666,56.18666666666666,22.233333333333334,69.68350145483925,0.7630247582658625,REAL_AWS
2026-01-19 18:00:00,BHARATI,2.5300000000000002,973.7383333333333,74.225,17.84333333333333,55.4574564463864,0.6123645473758862,REAL_AWS
2026-01-19 19:00:00,BHARATI,2.665,973.7166666666667,68.57166666666667,13.145000000000001,53.23091621848158,0.4511226588038124,REAL_AWS
2026-01-19 20:00:00,BHARATI,3.24,973.5683333333333,54.63333333333333,18.886666666666667,47.232913654462834,0.6481706567217956,REAL_AWS
2026-01-19 21:00:00,BHARATI,2.4166666666666665,973.3033333333333,47.54833333333333,22.683333333333334,67.20739665554095,0.7784682878559511,REAL_AWS
2026-01-19 22:00:00,BHARATI,1.1583333333333334,972.9733333333334,45.705000000000005,24.598333333333336,78.46647373342893,0.8441890860004396,REAL_AWS
2026-01-19 23:00:00,BHARATI,0.4716666666666667,972.865,47.34666666666667,24.548333333333336,82.04970399407716,0.8424731382682076,REAL_AWS
2026-01-20 00:00:00,BHARATI,-0.03278688524590164,972.5819672131148,48.31475409836065,25.162295081967216,85.83556347423621,0.8635436636731185,REAL_AWS
2026-01-20 01:00:00,BHARATI,-0.08333333333333333,972.0333333333333,47.80833333333333,27.891666666666666,85.86664931112375,0.9572128432967921,REAL_AWS
2026-01-20 02:00:00,BHARATI,0.3416666666666667,971.9183333333333,46.468333333333334,24.848333333333336,86.13316424518973,0.8527688246616001,REAL_AWS
2026-01-20 03:00:00,BHARATI,1.4533333333333334,971.8133333333333,44.885,20.921666666666667,87.33391989653614,0.718009729423641,REAL_AWS
2026-01-20 04:00:00,BHARATI,2.768333333333333,971.825,42.615,16.95,79.54819232604183,0.5817062812266732,REAL_AWS
2026-01-20 05:00:00,BHARATI,3.7849999999999997,971.6616666666667,42.52833333333333,14.386666666666667,69.24942572585735,0.4937353608209089,REAL_AWS
2026-01-20 06:00:00,BHARATI,4.17,971.6716666666667,46.64833333333333,11.593333333333334,52.10782472902525,0.397871080846877,REAL_AWS
2026-01-20 07:00:00,BHARATI,4.011666666666667,971.8839285714286,45.86,7.218333333333334,31.26875244604952,0.2477256542765705,REAL_AWS
2026-01-20 08:00:00,BHARATI,4.19,972.0121951219512,44.733333333333334,6.1066666666666665,33.67387717958445,0.20957441636327737,REAL_AWS
2026-01-20 09:00:00,BHARATI,3.725,972.375,48.58166666666667,3.855,328.85810709992325,0.13229957015509294,REAL_AWS
2026-01-20 10:00:00,BHARATI,3.57,972.6566666666666,46.12,3.5116666666666663,311.7869605087818,0.12051672906043268,REAL_AWS
2026-01-20 11:00:00,BHARATI,3.003333333333333,972.7,48.40833333333333,4.413333333333333,235.65627481593447,0.1514609864983511,REAL_AWS
2026-01-20 12:00:00,BHARATI,2.7933333333333334,972.6083333333333,51.585,4.9766666666666675,203.53820479648482,0.1707939976148325,REAL_AWS
2026-01-20 13:00:00,BHARATI,3.625,972.7466666666667,52.12833333333333,2.7183333333333333,22.653881747983235,0.09329035837568378,REAL_AWS
2026-01-20 14:00:00,BHARATI,3.2150000000000003,972.8666666666667,58.055,3.6683333333333334,70.03360277478839,0.1258933652880932,REAL_AWS
2026-01-20 15:00:00,BHARATI,3.145,972.8083333333333,58.32333333333334,2.855,142.51401616090925,0.09798061551045145,REAL_AWS
2026-01-20 16:00:00,BHARATI,2.5283333333333333,972.7933333333333,59.416666666666664,3.6116666666666664,108.88209246343274,0.12394862452489684,REAL_AWS
2026-01-20 17:00:00,BHARATI,2.0816666666666666,972.8033333333333,56.755,5.8116666666666665,103.92090497652805,0.19945032474310811,REAL_AWS
2026-01-20 18:00:00,BHARATI,1.4983333333333335,973.0016666666667,60.07833333333333,4.8,97.70188137900834,0.16473098229427915,REAL_AWS
2026-01-20 19:00:00,BHARATI,0.85,973.2966666666667,57.60333333333333,4.681666666666667,97.59068696932104,0.16066990599466324,REAL_AWS
2026-01-20 20:00:00,BHARATI,0.38833333333333336,973.4433333333333,60.24666666666667,6.125,100.92063334758774,0.21020359719842913,REAL_AWS
2026-01-20 21:00:00,BHARATI,0.13833333333333334,973.4633333333334,64.00500000000001,7.335,102.56573396495833,0.2517295323184453,REAL_AWS
2026-01-20 22:00:00,BHARATI,1.175,973.3533333333332,61.335,9.836666666666668,91.88970906762643,0.33758411718779013,REAL_AWS
2026-01-20 23:00:00,BHARATI,1.1733333333333333,973.2933333333333,56.769999999999996,13.701666666666666,91.96673658261199,0.47022687688932946,REAL_AWS
2026-01-21 00:00:00,BHARATI,1.2622950819672132,973.3934426229508,57.842622950819674,12.829508196721312,92.37775897226754,0.4402953099163349,REAL_AWS
2026-01-21 01:00:00,BHARATI,2.5933333333333333,973.2483333333333,56.41,10.476666666666667,88.26772989003587,0.3595482481603607,REAL_AWS
2026-01-21 02:00:00,BHARATI,3.7883333333333336,973.24,52.25,8.465,68.6214567669868,0.2905099510668902,REAL_AWS
2026-01-21 03:00:00,BHARATI,4.298333333333333,973.3166666666667,52.211666666666666,7.221666666666667,56.44529319340023,0.24784005079205262,REAL_AWS
2026-01-21 04:00:00,BHARATI,4.6866666666666665,973.3433333333334,50.67333333333333,7.243333333333334,62.12730693577555,0.24858362814268656,REAL_AWS
2026-01-21 05:00:00,BHARATI,5.258333333333334,973.5516666666666,51.25333333333333,10.281666666666666,50.285551969941025,0.3528560520046556,REAL_AWS
2026-01-21 06:00:00,BHARATI,5.02,973.7316666666667,57.733333333333334,10.511666666666667,43.26078594731479,0.3607494115729231,REAL_AWS
2026-01-21 07:00:00,BHARATI,5.236666666666666,973.6316666666667,56.15333333333333,10.795,48.77428270999991,0.3704731153889049,REAL_AWS
2026-01-21 08:00:00,BHARATI,5.116666666666666,973.6783333333334,54.775,8.413333333333334,48.134184902338404,0.28873680507691707,REAL_AWS
2026-01-21 09:00:00,BHARATI,4.586666666666667,973.725,57.05166666666666,6.944999999999999,38.29541145624552,0.23834514000703513,REAL_AWS
2026-01-21 10:00:00,BHARATI,4.818333333333333,973.8083333333333,53.78333333333333,4.595,43.94608177759625,0.15769559659212765,REAL_AWS
2026-01-21 11:00:00,BHARATI,5.2266666666666675,973.8933333333333,48.30166666666666,4.989999999999999,36.03551676813697,0.17125158367676102,REAL_AWS
2026-01-21 12:00:00,BHARATI,4.9766666666666675,974.0512195121951,48.10666666666667,3.8766666666666665,49.54768605831731,0.13304314750572682,REAL_AWS
2026-01-21 13:00:00,BHARATI,4.308333333333334,974.25,53.015,3.921666666666667,65.65188783372776,0.13458750046473572,REAL_AWS
2026-01-21 14:00:00,BHARATI,3.415,974.5733333333334,53.480000000000004,6.02,83.69380764552506,0.20660010696074174,REAL_AWS
2026-01-21 15:00:00,BHARATI,2.49,974.9666666666667,54.77333333333333,5.7,83.9681978137329,0.1956180414744565,REAL_AWS
2026-01-21 16:00:00,BHARATI,2.1616666666666666,975.3333333333334,53.71666666666667,7.27,98.48187612659143,0.2494988002665436,REAL_AWS
2026-01-21 17:00:00,BHARATI,0.8816666666666666,975.8066666666667,55.97166666666667,8.235000000000001,98.71369759533849,0.2826165914986227,REAL_AWS
2026-01-21 18:00:00,BHARATI,-0.22333333333333333,976.4583333333334,59.485,8.53,102.89081678362538,0.29274068311879187,REAL_AWS
2026-01-21 19:00:00,BHARATI,-0.345,977.2233333333334,55.7,10.033333333333333,96.83374090028246,0.34433351160123626,REAL_AWS
2026-01-21 20:00:00,BHARATI,-0.22666666666666666,977.9316666666667,55.595,9.223333333333333,99.3166593322004,0.31653515833907664,REAL_AWS
2026-01-21 21:00:00,BHARATI,-0.25333333333333335,978.5133333333334,55.608333333333334,10.113333333333333,98.4498616638412,0.3470790279728076,REAL_AWS
2026-01-21 22:00:00,BHARATI,-0.5316666666666666,978.975,57.015,10.978333333333333,95.6823503542928,0.3767649237404225,REAL_AWS
2026-01-21 23:00:00,BHARATI,-0.4516666666666667,979.4733333333334,59.55833333333333,12.373333333333333,94.99956343656908,0.42463986546969734,REAL_AWS
2026-01-22 00:00:00,BHARATI,0.18360655737704917,980.016393442623,60.501639344262294,12.337704918032788,93.88488022452242,0.4234171355009375,REAL_AWS
2026-01-22 01:00:00,BHARATI,1.3733333333333335,980.3216666666667,56.94666666666667,11.479999999999999,88.99982696111124,0.39398159932048427,REAL_AWS
2026-01-22 02:00:00,BHARATI,2.9016666666666664,980.9449999999999,54.538333333333334,8.468333333333334,85.41943459104357,0.2906243475823724,REAL_AWS
2026-01-22 03:00:00,BHARATI,3.4316666666666666,981.5699999999999,55.184999999999995,8.065,71.25831359482754,0.2767823692090336,REAL_AWS
2026-01-22 04:00:00,BHARATI,4.0633333333333335,981.9233333333334,54.62,9.805,50.274942722097194,0.3364973502907098,REAL_AWS
2026-01-22 05:00:00,BHARATI,3.6566666666666667,982.4216666666667,59.485,8.913333333333332,34.208418896428384,0.3058962823992378,REAL_AWS
2026-01-22 06:00:00,BHARATI,2.99,982.8733333333333,64.52166666666666,6.901666666666667,31.867046380534077,0.23685798530576738,REAL_AWS
2026-01-22 07:00:00,BHARATI,3.1816666666666666,983.3466666666666,61.443333333333335,5.968333333333334,34.05811548166406,0.20482696097076863,REAL_AWS
2026-01-22 08:00:00,BHARATI,3.268333333333333,983.6766666666666,59.968333333333334,6.968333333333334,31.417382693017714,0.23914591561541013,REAL_AWS
2026-01-22 09:00:00,BHARATI,3.158333333333333,984.0933333333334,60.985,6.516666666666667,31.783386423979266,0.22364518776758036,REAL_AWS
2026-01-22 10:00:00,BHARATI,3.385,984.3033333333333,59.940000000000005,6.191666666666666,50.05655710406455,0.21249152750807188,REAL_AWS
2026-01-22 11:00:00,BHARATI,3.393333333333333,984.4166666666666,61.275,5.995,45.46227698487917,0.20574213309462572,REAL_AWS
2026-01-22 12:00:00,BHARATI,2.985,984.6083333333333,64.535,5.855,43.485003773430435,0.20093747944437593,REAL_AWS
2026-01-22 13:00:00,BHARATI,2.493333333333333,984.8783333333333,66.99833333333333,3.8983333333333334,31.726932382980863,0.13378672485636076,REAL_AWS
2026-01-22 14:00:00,BHARATI,2.6016666666666666,984.8799999999999,66.86166666666666,2.3766666666666665,85.56166603245674,0.0815647155387646,REAL_AWS
2026-01-22 15:00:00,BHARATI,2.49,984.905,67.14166666666667,1.7733333333333334,254.68321422710767,0.060858946236497576,REAL_AWS
2026-01-22 16:00:00,BHARATI,2.1483333333333334,984.9466666666667,68.02833333333334,3.231666666666667,204.92301164113076,0.11090742175993308,REAL_AWS
2026-01-22 17:00:00,BHARATI,1.93,985.015,69.47333333333333,2.7,133.7716256020202,0.09266117754053203,REAL_AWS
2026-01-22 18:00:00,BHARATI,2.075,985.1666666666666,68.32666666666667,3.0566666666666666,67.29206722654465,0.10490160469712081,REAL_AWS
2026-01-22 19:00:00,BHARATI,1.8666666666666667,985.1233333333333,68.76666666666667,3.3733333333333335,83.04417878659945,0.11576927366792396,REAL_AWS
2026-01-22 20:00:00,BHARATI,1.975,985.0400000000001,63.565000000000005,5.875,94.85359119920906,0.20162385853726875,REAL_AWS
2026-01-22 21:00:00,BHARATI,1.6683333333333332,985.0132075471697,63.18333333333333,6.083333333333333,91.90656573232621,0.20877364075490237,REAL_AWS
2026-01-22 22:00:00,BHARATI,1.3566666666666665,984.9866666666666,61.96,7.203333333333333,97.16679823402865,0.24721086995690086,REAL_AWS
2026-01-22 23:00:00,BHARATI,1.0416666666666667,984.9276595744681,57.638333333333335,8.541666666666666,96.53344592101723,0.29314107092297936,REAL_AWS
2026-01-23 00:00:00,BHARATI,0.4683333333333334,982.4541666666667,56.957499999999996,10.6975,94.38356886827398,0.36712701731105235,REAL_AWS
2026-01-23 01:00:00,BHARATI,1.0533333333333335,982.5433333333333,54.46083333333333,9.370000000000001,91.14867479663741,0.3215686050202908,REAL_AWS
2026-01-23 02:00:00,BHARATI,2.3025,982.7883333333334,51.70166666666667,6.2941666666666665,76.99011176137856,0.21600922035914763,REAL_AWS
2026-01-23 03:00:00,BHARATI,2.9516666666666667,982.8925,49.5925,6.213333333333334,70.45346252401737,0.2132351048587058,REAL_AWS
2026-01-23 04:00:00,BHARATI,3.5025,982.8908333333333,49.36333333333334,8.480833333333333,42.427023917701376,0.29105333451543036,REAL_AWS
2026-01-23 05:00:00,BHARATI,3.4383333333333335,982.9733333333334,50.95666666666667,8.576666666666666,43.36112870014199,0.2943422343355418,REAL_AWS
2026-01-23 06:00:00,BHARATI,3.18,983.0708333333333,52.875,5.850833333333333,29.537733832163212,0.20079448380002324,REAL_AWS
2026-01-23 07:00:00,BHARATI,3.393333333333333,983.1708333333333,50.60666666666667,5.378333333333333,23.75255431785871,0.18457877773043013,REAL_AWS
2026-01-23 08:00:00,BHARATI,3.6300000000000003,983.2241666666666,49.2825,5.9675,26.11693072065134,0.2047983618418981,REAL_AWS
2026-01-23 09:00:00,BHARATI,3.216666666666667,983.3075,53.4625,5.626666666666667,16.866388390748625,0.19310131813384945,REAL_AWS
2026-01-23 10:00:00,BHARATI,3.205833333333333,983.2633333333332,54.6875,4.796666666666667,20.606997768196322,0.164616585778797,REAL_AWS
2026-01-23 11:00:00,BHARATI,3.2575,983.1783333333333,55.193333333333335,4.569166666666666,8.66511905655102,0.15680902359714105,REAL_AWS
2026-01-23 12:00:00,BHARATI,2.9941666666666666,983.1933333333333,57.735,4.4191666666666665,1.9422192492732506,0.15166118040044485,REAL_AWS
2026-01-23 13:00:00,BHARATI,2.5983333333333336,983.2491666666666,59.266666666666666,3.3,357.9083526277892,0.1132525503273169,REAL_AWS
2026-01-23 14:00:00,BHARATI,2.24,983.2041666666667,62.093333333333334,2.356666666666667,44.00757473291088,0.08087833644587178,REAL_AWS
2026-01-23 15:00:00,BHARATI,1.8391666666666666,983.2858333333334,64.295,1.8875,333.12514445413035,0.0647770268917608,REAL_AWS
2026-01-23 16:00:00,BHARATI,1.255,983.2641666666666,66.50500000000001,2.580833333333333,123.68637615270643,0.08857150211204556,REAL_AWS
2026-01-23 17:00:00,BHARATI,0.8166666666666667,983.3916666666667,65.96083333333334,2.6199999999999997,93.16689119905601,0.08991566116896069,REAL_AWS
2026-01-23 18:00:00,BHARATI,0.6333333333333333,983.5916666666667,64.04166666666667,3.6791666666666667,79.4567577309569,0.12626515396341015,REAL_AWS
2026-01-23 19:00:00,BHARATI,0.5266666666666667,983.6650000000001,62.372499999999995,4.711666666666667,85.71873503620895,0.1616994746340025,REAL_AWS
2026-01-23 20:00:00,BHARATI,0.026666666666666672,983.9258333333333,61.958333333333336,5.6899999999999995,81.69455110134129,0.19527485192801006,REAL_AWS
2026-01-23 21:00:00,BHARATI,-0.01166666666666667,984.0504424778761,59.79083333333333,6.0375,91.92468584054382,0.207200688667023,REAL_AWS
2026-01-23 22:00:00,BHARATI,-0.28500000000000003,984.1122222222223,59.57333333333334,6.7775,87.72123842187989,0.2325967151040577,REAL_AWS
2026-01-23 23:00:00,BHARATI,0.18833333333333335,984.5233644859813,53.244166666666665,8.533333333333333,95.87509239320497,0.29285507963427404,REAL_AWS
2026-01-24 00:00:00,BHARATI,-0.6032786885245901,984.5,51.57704918032787,8.588524590163933,91.24819317752804,0.29474918587422416,REAL_AWS
2026-01-24 01:00:00,BHARATI,-0.15833333333333333,984.9699999999999,51.18666666666666,8.885,90.48996005239246,0.30492391201763963,REAL_AWS
2026-01-24 02:00:00,BHARATI,0.4766666666666667,985.4133333333334,56.733333333333334,8.191666666666666,58.58675695090193,0.28112943679735486,REAL_AWS
2026-01-24 03:00:00,BHARATI,0.8183333333333334,985.6416666666667,55.675,10.2,56.98273376325386,0.35005333737534317,REAL_AWS
2026-01-24 04:00:00,BHARATI,0.7316666666666667,985.8638297872341,64.75,10.335,41.12837099295808,0.3546863962523698,REAL_AWS
2026-01-24 05:00:00,BHARATI,0.8133333333333332,985.9553191489362,75.17166666666667,10.1,40.15419565913061,0.346621441910879,REAL_AWS
2026-01-24 06:00:00,BHARATI,1.0016666666666667,985.8716666666666,74.485,11.223333333333333,36.45523840607939,0.3851730676283596,REAL_AWS
2026-01-24 07:00:00,BHARATI,1.2316666666666667,985.8716666666667,74.03833333333334,11.025,37.552756948661624,0.3783664749571724,REAL_AWS
2026-01-24 08:00:00,BHARATI,1.0983333333333334,986.0266666666666,76.51333333333334,11.955,30.44978169344853,0.410283102776689,REAL_AWS
2026-01-24 09:00:00,BHARATI,0.8200000000000001,986.0116666666667,78.88333333333334,12.048333333333334,34.16074161563034,0.4134862052101889,REAL_AWS
2026-01-24 10:00:00,BHARATI,0.8566666666666667,985.8216666666667,77.51833333333335,11.533333333333333,38.352869306295815,0.3958119435681985,REAL_AWS
2026-01-24 11:00:00,BHARATI,0.8783333333333334,985.2383333333333,72.455,12.504999999999999,38.71542885716718,0.4291585278312418,REAL_AWS
2026-01-24 12:00:00,BHARATI,0.5883333333333333,984.6949999999999,73.905,12.99,41.16494053321031,0.44580322083389295,REAL_AWS
2026-01-24 13:00:00,BHARATI,0.605,984.2566666666667,75.59833333333333,10.7,51.95039298022016,0.3672128146976639,REAL_AWS
2026-01-24 14:00:00,BHARATI,0.385,983.87,78.21333333333334,10.21,54.0548220326296,0.35039652692178963,REAL_AWS
2026-01-24 15:00:00,BHARATI,0.17,983.0833333333334,79.22,8.705,54.11700551511956,0.29874650018160415,REAL_AWS
2026-01-24 16:00:00,BHARATI,-0.08,982.1283333333333,80.91666666666667,5.29,75.15797064746823,0.18154727007015348,REAL_AWS
2026-01-24 17:00:00,BHARATI,-0.095,981.275,80.59166666666667,2.385,64.67379093098651,0.08185070682746995,REAL_AWS
2026-01-24 18:00:00,BHARATI,-0.18333333333333332,980.5666666666667,81.185,2.2883333333333336,272.56040507108503,0.07853320787848794,REAL_AWS
2026-01-24 19:00:00,BHARATI,-0.44166666666666665,980.0216666666668,82.25,3.1483333333333334,282.3736651370896,0.10804750887287963,REAL_AWS
2026-01-24 20:00:00,BHARATI,-0.6083333333333333,979.1533333333333,80.28,5.846666666666667,201.79214763259603,0.20065148815567058,REAL_AWS
2026-01-24 21:00:00,BHARATI,0.47,978.0983333333334,63.74166666666667,7.5,97.24251739331999,0.2573921598348112,REAL_AWS
2026-01-24 22:00:00,BHARATI,0.86,977.13,61.836666666666666,7.88,98.08319031188284,0.2704333625997749,REAL_AWS
2026-01-24 23:00:00,BHARATI,1.2533333333333334,976.4,56.43333333333333,10.346666666666666,92.7836170778005,0.35508678405655725,REAL_AWS
2026-01-25 00:00:00,BHARATI,1.978688524590164,975.7754098360656,57.463934426229514,11.836065573770492,74.44426502509612,0.40620139759723206,REAL_AWS
2026-01-25 01:00:00,BHARATI,1.4033333333333333,975.325,71.73333333333333,11.045,59.432818802383565,0.3790528540500652,REAL_AWS
2026-01-25 02:00:00,BHARATI,1.6483333333333334,974.3433333333334,65.79833333333333,10.235000000000001,66.0511976940204,0.3512545007879057,REAL_AWS
2026-01-25 03:00:00,BHARATI,2.5533333333333332,973.1316666666667,63.263333333333335,16.395,65.73611160691422,0.5626592613988972,REAL_AWS
2026-01-25 04:00:00,BHARATI,2.77,972.205,65.92,16.26,58.11658018335851,0.5580262025218706,REAL_AWS
2026-01-25 05:00:00,BHARATI,3.1766666666666667,971.275,64.05833333333334,13.860000000000001,59.54818521672013,0.4756607113747311,REAL_AWS
2026-01-25 06:00:00,BHARATI,3.5966666666666667,970.755,63.498333333333335,9.53,57.59904389442886,0.3270596377634334,REAL_AWS
2026-01-25 07:00:00,BHARATI,4.198333333333333,970.2866666666666,60.684999999999995,8.973333333333333,60.3976507524564,0.3079554196779163,REAL_AWS
2026-01-25 08:00:00,BHARATI,4.636666666666667,969.92,58.985,10.08,64.26997023074762,0.3459350628179862,REAL_AWS
2026-01-25 09:00:00,BHARATI,4.2733333333333325,969.5816666666667,62.483333333333334,8.175,67.66561698447413,0.2805574542199442,REAL_AWS
2026-01-25 10:00:00,BHARATI,3.7366666666666664,969.39,67.15333333333334,6.003333333333333,61.81837648179345,0.20602812438333107,REAL_AWS
2026-01-25 11:00:00,BHARATI,3.5316666666666667,969.4183333333333,68.86833333333334,7.725,55.859049419725466,0.2651139246298555,REAL_AWS
2026-01-25 12:00:00,BHARATI,3.33,969.3683333333333,71.00666666666666,8.618333333333334,87.03661606704685,0.2957721907790686,REAL_AWS
2026-01-25 13:00:00,BHARATI,3.1533333333333333,969.2658536585366,67.935,9.841666666666667,67.70053131897794,0.33775571196101334,REAL_AWS
2026-01-25 14:00:00,BHARATI,2.9383333333333335,969.1347826086958,68.75833333333334,10.731666666666666,69.71428297979759,0.3682995815947442,REAL_AWS
2026-01-25 15:00:00,BHARATI,2.6116666666666664,968.86,69.61,12.003333333333334,73.296190505131,0.41194185225118,REAL_AWS
2026-01-25 16:00:00,BHARATI,1.9483333333333335,968.545,72.44833333333332,19.115000000000002,66.80081303108636,0.6560068180323221,REAL_AWS
2026-01-25 17:00:00,BHARATI,1.0316666666666667,968.9616666666666,82.01166666666667,22.618333333333332,55.3158870241175,0.7762375558040494,REAL_AWS
2026-01-25 18:00:00,BHARATI,1.1883333333333332,969.98,79.43666666666667,20.078333333333333,50.68787862802213,0.68906741100666,REAL_AWS
2026-01-25 19:00:00,BHARATI,0.0,971.2900000000001,95.86166666666666,22.09,55.86676680772348,0.7581057081001304,REAL_AWS
2026-01-25 20:00:00,BHARATI,-0.15333333333333332,972.6683333333333,97.52833333333334,21.631666666666668,54.48332944384299,0.7423761872213365,REAL_AWS
2026-01-25 21:00:00,BHARATI,-0.39333333333333337,973.7716666666668,97.15666666666667,21.971666666666668,52.51745053082021,0.7540446318005146,REAL_AWS
2026-01-25 22:00:00,BHARATI,-0.4216666666666667,975.2099999999999,95.58166666666666,21.18,44.34962785506798,0.7268754593735067,REAL_AWS
2026-01-25 23:00:00,BHARATI,-0.185,976.7383333333333,94.045,19.51833333333333,44.265395658324906,0.6698487964056608,REAL_AWS
2026-01-26 00:00:00,BHARATI,0.07,978.1716666666667,89.525,18.256666666666668,49.578126113789835,0.6265497152956715,REAL_AWS
2026-01-26 01:00:00,BHARATI,0.2783333333333333,979.2,85.90333333333334,17.435,53.63307821312907,0.5983509742293244,REAL_AWS
2026-01-26 02:00:00,BHARATI,0.42833333333333334,979.9716666666667,90.22166666666666,16.53666666666667,56.65135088873183,0.5675211133068881,REAL_AWS
2026-01-26 03:00:00,BHARATI,0.49000000000000005,980.7033333333333,96.54333333333334,14.266666666666667,53.36698429236117,0.48961708626355194,REAL_AWS
2026-01-26 04:00:00,BHARATI,0.595,981.41,97.03333333333333,13.928333333333335,52.43358476685091,0.47800583994211493,REAL_AWS
2026-01-26 05:00:00,BHARATI,0.5633333333333332,982.0933333333334,97.25,12.79,53.417124993471134,0.4389394299049646,REAL_AWS
2026-01-26 06:00:00,BHARATI,0.41833333333333333,982.6550000000001,97.36333333333333,12.095,54.916930166752024,0.41508775642693885,REAL_AWS
2026-01-26 07:00:00,BHARATI,0.575,983.12,96.96000000000001,12.4,55.86683994129089,0.42555503759355445,REAL_AWS
2026-01-26 08:00:00,BHARATI,0.9433333333333334,983.455,95.92,12.148333333333333,56.9167942235606,0.416918100674653,REAL_AWS
2026-01-26 09:00:00,BHARATI,1.05,983.6666666666666,95.30833333333334,10.754999999999999,58.06016048739343,0.3691003572031192,REAL_AWS
2026-01-26 10:00:00,BHARATI,1.2333333333333334,983.715,94.045,9.218333333333334,54.74980670782219,0.3163635635658535,REAL_AWS
2026-01-26 11:00:00,BHARATI,1.4166666666666667,983.5816666666667,91.31166666666667,8.870000000000001,57.373578092824744,0.30440912769797,REAL_AWS
2026-01-26 12:00:00,BHARATI,1.51,983.31,88.08666666666666,9.91,53.558640424993484,0.3401008405283972,REAL_AWS
2026-01-26 13:00:00,BHARATI,1.2633333333333332,983.0783333333334,91.435,6.631666666666666,53.58934790737055,0.22759186755171412,REAL_AWS
2026-01-26 14:00:00,BHARATI,0.8866666666666667,982.9883333333333,92.89833333333333,4.553333333333333,31.95116015685818,0.1562656401486009,REAL_AWS
2026-01-26 15:00:00,BHARATI,1.095,982.8283333333333,91.82333333333332,2.478333333333333,76.80822334284971,0.08505380926096981,REAL_AWS
2026-01-26 16:00:00,BHARATI,1.8283333333333334,982.535,84.25666666666666,1.895,124.97449583469984,0.06503441905159563,REAL_AWS
2026-01-26 17:00:00,BHARATI,1.7016666666666667,982.225,84.8,1.7483333333333335,188.52977954421655,0.060000972370381545,REAL_AWS
2026-01-26 18:00:00,BHARATI,1.2349999999999999,981.8166666666667,86.735,4.395,221.5342966047885,0.15083180566319934,REAL_AWS
2026-01-26 19:00:00,BHARATI,1.04,981.5283333333333,86.99,6.1016666666666675,210.63483399607975,0.2094028215900542,REAL_AWS
2026-01-26 20:00:00,BHARATI,0.9283333333333333,981.3066666666667,86.24499999999999,5.163333333333333,208.39627582308202,0.17720020248183221,REAL_AWS
2026-01-26 21:00:00,BHARATI,0.9133333333333334,980.7283333333332,84.58500000000001,6.371666666666667,209.6579847962083,0.21866893934410736,REAL_AWS
2026-01-26 22:00:00,BHARATI,0.825,980.1933333333333,82.10333333333332,7.173333333333333,202.73339991515155,0.2461813013175616,REAL_AWS
2026-01-26 23:00:00,BHARATI,0.6683333333333333,979.6516666666666,80.91499999999999,8.12,201.68403603289656,0.27866991171448885,REAL_AWS
2026-01-27 00:00:00,BHARATI,1.083606557377049,979.3147540983606,76.06229508196722,7.4606557377049185,205.0130152078993,0.2560419058815794,REAL_AWS
2026-01-27 01:00:00,BHARATI,1.2266666666666666,978.9566666666667,76.29166666666667,7.053333333333333,202.3595143077167,0.2420630267602046,REAL_AWS
2026-01-27 02:00:00,BHARATI,1.9066666666666667,978.7283333333334,72.25833333333334,6.59,204.7810106719831,0.2261619111081874,REAL_AWS
2026-01-27 03:00:00,BHARATI,3.466666666666667,978.5416666666666,65.69,3.643333333333333,146.47500630575803,0.12503539142197714,REAL_AWS
2026-01-27 04:00:00,BHARATI,4.121666666666667,978.4816666666667,62.95333333333333,7.875,63.444401169490504,0.2702617678265517,REAL_AWS
2026-01-27 05:00:00,BHARATI,4.008333333333334,978.6916666666667,62.505,7.583333333333333,66.51522569182606,0.2602520727218646,REAL_AWS
2026-01-27 06:00:00,BHARATI,4.118333333333333,978.770588235294,59.30166666666666,8.66,55.33214525489285,0.2972021472225953,REAL_AWS
2026-01-27 07:00:00,BHARATI,4.758333333333334,978.929411764706,54.135,10.205,53.98380609872686,0.3502249321485664,REAL_AWS
2026-01-27 08:00:00,BHARATI,4.3149999999999995,979.08,57.585,9.211666666666668,48.63201584959563,0.3161347705348892,REAL_AWS
2026-01-27 09:00:00,BHARATI,4.131666666666667,979.0933333333334,56.473333333333336,9.961666666666668,57.04967417613,0.34187398651837037,REAL_AWS
2026-01-27 10:00:00,BHARATI,3.7983333333333333,979.315,56.07833333333333,8.778333333333334,65.52775971082434,0.30126322352221124,REAL_AWS
2026-01-27 11:00:00,BHARATI,3.485,979.5300000000001,54.61833333333333,8.978333333333333,68.43483577278721,0.3081270144511395,REAL_AWS
2026-01-27 12:00:00,BHARATI,3.49,979.6383333333334,53.958333333333336,8.135,63.1082811210901,0.2791846960341585,REAL_AWS
2026-01-27 13:00:00,BHARATI,3.1983333333333333,979.7333333333333,54.025,9.183333333333334,53.08469936054206,0.315162400153291,REAL_AWS
2026-01-27 14:00:00,BHARATI,2.5633333333333335,980.15,59.940000000000005,7.96,46.183588359758005,0.27317887897134624,REAL_AWS
2026-01-27 15:00:00,BHARATI,1.78,980.3833333333333,67.21166666666666,7.510000000000001,48.667345037658606,0.2577353493812576,REAL_AWS
2026-01-27 16:00:00,BHARATI,0.9183333333333333,980.5466666666667,76.94333333333334,6.708333333333333,39.75478356574189,0.2302229874078033,REAL_AWS
2026-01-27 17:00:00,BHARATI,0.38166666666666665,980.69,85.375,5.9366666666666665,54.148333268381634,0.2037401940736883,REAL_AWS
2026-01-27 18:00:00,BHARATI,0.22666666666666666,980.8333333333334,86.53666666666666,6.3983333333333325,53.86761270106433,0.21958411146796444,REAL_AWS
2026-01-27 19:00:00,BHARATI,-0.11833333333333335,981.0933333333334,89.63333333333334,6.798333333333333,57.064619715339916,0.23331169332582105,REAL_AWS
2026-01-27 20:00:00,BHARATI,-0.3,981.4133333333333,90.95166666666667,7.291666666666667,48.821389059557134,0.25024237761717755,REAL_AWS
2026-01-27 21:00:00,BHARATI,-0.755,981.85,94.05,7.755,41.516072627437666,0.26614349326919473,REAL_AWS
2026-01-27 22:00:00,BHARATI,-1.0799999999999998,982.0016666666667,94.055,8.2,51.48809215479167,0.2814154280860602,REAL_AWS
2026-01-27 23:00:00,BHARATI,-1.1,981.91,94.29333333333334,8.086666666666666,50.41839606813949,0.2775259465596675,REAL_AWS
2026-01-28 00:00:00,BHARATI,-1.018032786885246,981.7852459016393,94.77704918032786,8.2,37.80409065379649,0.2814154280860602,REAL_AWS
2026-01-28 01:00:00,BHARATI,-1.0766666666666667,981.9666666666667,94.805,9.351666666666667,43.07070884566747,0.320939424185139,REAL_AWS
2026-01-28 02:00:00,BHARATI,-0.975,982.065,91.96166666666666,9.15,42.46536705460494,0.31401843499846965,REAL_AWS
2026-01-28 03:00:00,BHARATI,-0.6799999999999999,982.0016666666667,90.52666666666667,9.138333333333332,50.651899136313716,0.3136180471942821,REAL_AWS
2026-01-28 04:00:00,BHARATI,-0.65,981.9699999999999,91.38833333333334,9.853333333333333,38.03110433899309,0.33815609976520083,REAL_AWS
2026-01-28 05:00:00,BHARATI,-0.6799999999999999,982.1583333333333,90.66000000000001,10.271666666666667,34.43653439566435,0.3525128624582092,REAL_AWS
2026-01-28 06:00:00,BHARATI,-0.24333333333333332,982.1716666666667,88.75833333333334,10.815,36.92958485514316,0.3711594944817977,REAL_AWS
2026-01-28 07:00:00,BHARATI,-0.20444444444444446,982.3022222222222,88.27111111111111,11.36888888888889,37.752055163548846,0.3901683821377464,REAL_AWS
2026-01-28 08:00:00,BHARATI,-0.46166666666666667,982.3149999999999,88.445,12.096666666666666,32.89939087819971,0.4151449546846799,REAL_AWS
2026-01-28 09:00:00,BHARATI,-0.43666666666666665,982.1116666666666,86.945,10.918333333333333,39.42128349082708,0.37470578646174396,REAL_AWS
2026-01-28 10:00:00,BHARATI,-0.19833333333333333,981.61,85.08166666666666,11.718333333333334,53.351478891329066,0.4021609501774572,REAL_AWS
2026-01-28 11:00:00,BHARATI,-0.5399999999999999,981.3933333333333,86.14833333333333,11.235000000000001,36.06441796145464,0.3855734554325472,REAL_AWS
2026-01-28 12:00:00,BHARATI,-0.89,981.0400000000001,86.58500000000001,9.095,30.216271221423654,0.31213089249301434,REAL_AWS
2026-01-28 13:00:00,BHARATI,-1.0850000000000002,980.5033333333333,87.78666666666666,7.008333333333334,27.016885973582532,0.2405186738011958,REAL_AWS
2026-01-28 14:00:00,BHARATI,-0.9183333333333333,979.9183333333333,87.95666666666666,8.298333333333334,35.55445943518521,0.2847901252927833,REAL_AWS
2026-01-28 15:00:00,BHARATI,-0.9083333333333333,979.5716666666667,87.26833333333335,7.930000000000001,47.182986982487535,0.272149310332007,REAL_AWS
2026-01-28 16:00:00,BHARATI,-1.075,978.9833333333333,89.21333333333334,6.16,36.36121562406771,0.2114047606109916,REAL_AWS
2026-01-28 17:00:00,BHARATI,-0.9716666666666668,978.2033333333333,89.55166666666668,5.198333333333333,50.95364955821441,0.17840136589439468,REAL_AWS
2026-01-28 18:00:00,BHARATI,-1.0033333333333334,977.2466666666667,89.56166666666667,4.875,58.21191636595876,0.16730490389262725,REAL_AWS
2026-01-28 19:00:00,BHARATI,-1.1733333333333333,976.6270833333333,90.38666666666667,5.211666666666667,36.94755551853359,0.17885895195632323,REAL_AWS
2026-01-28 20:00:00,BHARATI,-1.2583333333333333,976.0096774193548,90.31166666666667,3.0083333333333333,57.29518924690012,0.10324285522262981,REAL_AWS
2026-01-28 21:00:00,BHARATI,-1.4233333333333331,975.3228070175439,90.59833333333333,2.2733333333333334,73.32792530640506,0.07801842355881833,REAL_AWS
2026-01-28 22:00:00,BHARATI,-1.3466666666666667,974.74,89.96833333333333,1.8299999999999998,69.2373021188198,0.06280368699969392,REAL_AWS
2026-01-28 23:00:00,BHARATI,-0.9600000000000001,974.1633333333334,82.11833333333334,3.408333333333333,40.36909109340576,0.1169704370804864,REAL_AWS
2026-01-29 00:00:00,BHARATI,-0.7688524590163934,973.6934426229509,79.52786885245901,1.9540983606557378,24.45328477146944,0.06706261301051256,REAL_AWS
2026-01-29 01:00:00,BHARATI,-0.24166666666666667,973.4466666666667,71.45,1.3366666666666667,32.22324102700611,0.045873002708337454,REAL_AWS
2026-01-29 02:00:00,BHARATI,0.2533333333333333,973.0516666666666,73.48833333333333,1.8666666666666667,22.970067821010105,0.06406204866999744,REAL_AWS
2026-01-29 03:00:00,BHARATI,0.26,972.5183333333333,73.095,2.77,246.53759136929767,0.09506350436565693,REAL_AWS
2026-01-29 04:00:00,BHARATI,0.4966666666666667,971.9733333333334,71.025,5.4383333333333335,217.9322838643871,0.18663791500910865,REAL_AWS
2026-01-29 05:00:00,BHARATI,0.815,971.7166666666667,71.61333333333333,5.0600000000000005,224.530102295512,0.17365391050188594,REAL_AWS
2026-01-29 06:00:00,BHARATI,1.2883333333333333,971.5516666666666,70.50333333333333,3.4033333333333333,330.8701782926293,0.1167988423072632,REAL_AWS
2026-01-29 07:00:00,BHARATI,1.2016666666666667,971.2766666666666,74.25,3.046666666666667,339.97340827934715,0.1045584151506744,REAL_AWS
2026-01-29 08:00:00,BHARATI,1.18,971.1466666666668,75.58999999999999,2.4650000000000003,336.382929878338,0.08459622319904128,REAL_AWS
2026-01-29 09:00:00,BHARATI,1.2766666666666666,971.1,78.05666666666666,2.875,67.21823907287882,0.09866699460334429,REAL_AWS
2026-01-29 10:00:00,BHARATI,0.7,971.0583333333333,89.74166666666666,2.9883333333333337,51.1489018982752,0.10255647612973699,REAL_AWS
2026-01-29 11:00:00,BHARATI,0.885,970.8816666666667,86.94333333333334,1.855,36.82146294611056,0.06366166086580996,REAL_AWS
2026-01-29 12:00:00,BHARATI,0.7100000000000001,970.7066666666667,87.21333333333334,2.1550000000000002,257.272515063062,0.07395734725920242,REAL_AWS
2026-01-29 13:00:00,BHARATI,0.09666666666666666,970.7183333333334,91.89166666666667,2.621666666666667,215.81853439260047,0.08997285942670179,REAL_AWS
2026-01-29 14:00:00,BHARATI,0.13,970.7633333333334,91.03500000000001,1.6516666666666668,210.9180985223564,0.05668347342139953,REAL_AWS
2026-01-29 15:00:00,BHARATI,0.07,970.695,92.52666666666667,2.381666666666667,203.48446949409407,0.08173631031198782,REAL_AWS
2026-01-29 16:00:00,BHARATI,0.41333333333333333,970.785,86.75666666666666,2.1883333333333335,163.66736892224583,0.07510131241402379,REAL_AWS
2026-01-29 17:00:00,BHARATI,0.5283333333333333,970.885,81.84833333333333,5.319999999999999,90.30103536042907,0.1825768387094927,REAL_AWS
2026-01-29 18:00:00,BHARATI,0.5549999999999999,970.8799999999999,76.63000000000001,3.893333333333333,93.14067997797889,0.13361513008313752,REAL_AWS
2026-01-29 19:00:00,BHARATI,0.5583333333333333,970.9716666666667,72.515,6.055000000000001,72.39187870396785,0.20780127037330423,REAL_AWS
2026-01-29 20:00:00,BHARATI,-0.07166666666666668,971.1583333333333,78.37666666666668,7.194999999999999,84.95378398055351,0.24692487866819549,REAL_AWS
2026-01-29 21:00:00,BHARATI,-0.43166666666666664,971.4333333333333,84.80166666666668,6.386666666666667,74.79731110701056,0.21918372366377697,REAL_AWS
2026-01-29 22:00:00,BHARATI,-0.6883333333333332,971.7216666666667,88.01833333333335,6.878333333333333,74.39441033933758,0.23605720969739236,REAL_AWS
2026-01-29 23:00:00,BHARATI,-0.4,971.9416666666667,80.93,8.776666666666667,55.69968106456531,0.30120602526447016,REAL_AWS
2026-01-30 00:00:00,BHARATI,-0.10655737704918032,971.9803278688526,77.48688524590163,8.591803278688525,50.92148222218998,0.29486170703699355,REAL_AWS
2026-01-30 01:00:00,BHARATI,0.3466666666666667,972.09,77.125,6.861666666666666,48.361833346058006,0.23548522711998168,REAL_AWS
2026-01-30 02:00:00,BHARATI,0.8783333333333334,972.0983333333334,72.02,5.928333333333333,52.44145140655087,0.20345420278498294,REAL_AWS
2026-01-30 03:00:00,BHARATI,1.125,972.0983333333334,69.79166666666667,6.39,38.26470437341567,0.2192981201792591,REAL_AWS
2026-01-30 04:00:00,BHARATI,1.7983333333333333,972.1683333333334,67.93666666666667,5.246666666666667,15.456253493106374,0.1800601153688857,REAL_AWS
2026-01-30 05:00:00,BHARATI,2.4233333333333333,972.2016666666667,60.70166666666667,7.723333333333333,34.00829013090129,0.2650567263721144,REAL_AWS
2026-01-30 06:00:00,BHARATI,2.1550000000000002,972.275,62.208333333333336,8.276666666666667,34.282956170344676,0.2840465479421494,REAL_AWS
2026-01-30 07:00:00,BHARATI,2.328333333333333,972.3176470588234,61.480000000000004,7.158333333333333,30.965700736919075,0.245666516997892,REAL_AWS
2026-01-30 08:00:00,BHARATI,2.6083333333333334,972.3549999999999,60.51166666666666,5.928333333333333,25.862066961341327,0.20345420278498294,REAL_AWS
2026-01-30 09:00:00,BHARATI,2.39,972.2933333333333,59.684999999999995,6.913333333333333,32.70305852772378,0.23725837310995482,REAL_AWS
2026-01-30 10:00:00,BHARATI,2.5483333333333333,972.0766666666666,57.525,4.8566666666666665,29.753812370719857,0.1666757230574755,REAL_AWS
2026-01-30 11:00:00,BHARATI,2.615,971.6416666666667,55.06666666666667,3.003333333333333,46.290115836845985,0.1030712604494066,REAL_AWS
2026-01-30 12:00:00,BHARATI,2.5300000000000002,971.28,55.06166666666666,3.1616666666666666,228.27952350742405,0.10850509493480817,REAL_AWS
2026-01-30 13:00:00,BHARATI,2.4883333333333337,970.8233333333334,53.848333333333336,3.8316666666666666,212.51263123728242,0.13149879454671798,REAL_AWS
2026-01-30 14:00:00,BHARATI,2.1149999999999998,970.4616666666666,54.54333333333333,5.2316666666666665,212.18386205418113,0.17954533104921605,REAL_AWS
2026-01-30 15:00:00,BHARATI,1.2950000000000002,970.26,57.681666666666665,5.158333333333333,148.76343789008757,0.177028607708609,REAL_AWS
2026-01-30 16:00:00,BHARATI,0.49333333333333335,970.1116666666668,56.40833333333333,7.455,100.33721113204376,0.25584780687580233,REAL_AWS
2026-01-30 17:00:00,BHARATI,-0.7316666666666667,969.8183333333333,55.30833333333333,12.270000000000001,96.23259641069848,0.4210935734897511,REAL_AWS
2026-01-30 18:00:00,BHARATI,-0.67,969.4166666666666,54.35333333333333,16.09,94.20024287473234,0.5521919802322816,REAL_AWS
2026-01-30 19:00:00,BHARATI,-0.31166666666666665,969.4,55.96,15.655,92.46705555574192,0.5372632349618625,REAL_AWS
2026-01-30 20:00:00,BHARATI,-0.20500000000000002,969.3133333333333,57.115,13.866666666666667,92.16665352755132,0.47588950440569533,REAL_AWS
2026-01-30 21:00:00,BHARATI,0.0016666666666666668,969.195,56.766666666666666,11.286666666666667,93.5331837787686,0.3873466014225203,REAL_AWS
2026-01-30 22:00:00,BHARATI,-0.043333333333333335,969.1933333333334,59.906666666666666,8.55,99.25798486001935,0.29342706221168474,REAL_AWS
2026-01-30 23:00:00,BHARATI,-0.19166666666666668,969.0400000000001,55.16,11.661666666666667,93.53191268209298,0.40021620941426084,REAL_AWS
2026-01-31 00:00:00,BHARATI,-0.2721311475409836,968.8967213114754,53.6688524590164,13.531147540983607,91.64247860503616,0.4643748387489686,REAL_AWS
2026-01-31 01:00:00,BHARATI,-1.5683333333333331,968.8516666666667,53.583333333333336,15.99,112.17766768273913,0.5487600847678175,REAL_AWS
2026-01-31 02:00:00,BHARATI,-2.3449999999999998,968.5616666666666,50.836666666666666,21.553333333333335,117.40004935190814,0.7396878691075063,REAL_AWS
2026-01-31 03:00:00,BHARATI,-0.7466666666666666,968.3349999999999,49.16166666666666,16.058333333333334,101.1931672705162,0.5511052133352012,REAL_AWS
2026-01-31 04:00:00,BHARATI,0.8183333333333334,967.9916666666667,44.74666666666667,17.0,89.71714525390746,0.5834222289589053,REAL_AWS
2026-01-31 05:00:00,BHARATI,0.7633333333333333,967.7099999999999,46.80333333333333,19.384999999999998,88.7668012871186,0.6652729357863753,REAL_AWS
2026-01-31 06:00:00,BHARATI,1.0116666666666667,967.6233333333333,43.46,18.638333333333332,89.66838938157252,0.6396481163183763,REAL_AWS
2026-01-31 07:00:00,BHARATI,1.5683333333333331,967.5883333333334,42.913333333333334,15.215,90.05115146513731,0.5221628949182202,REAL_AWS
2026-01-31 08:00:00,BHARATI,2.27,967.6650000000001,42.468333333333334,9.696666666666665,83.59186289766632,0.3327794635375403,REAL_AWS
2026-01-31 09:00:00,BHARATI,2.2449999999999997,967.5533333333333,43.95166666666667,7.653333333333333,42.55916302749188,0.26265439954698955,REAL_AWS
2026-01-31 10:00:00,BHARATI,2.3133333333333335,967.6916666666667,47.666666666666664,3.75,349.6960387565286,0.1286960799174056,REAL_AWS
2026-01-31 11:00:00,BHARATI,2.225,967.8233333333333,43.480000000000004,2.9099999999999997,312.561109578614,0.09986815801590672,REAL_AWS
2026-01-31 12:00:00,BHARATI,2.4733333333333336,967.8566666666667,41.2,2.8449999999999998,247.01275844169817,0.09763742596400503,REAL_AWS
2026-01-31 13:00:00,BHARATI,1.5266666666666666,967.9449999999999,51.336666666666666,4.576666666666667,192.6991384034523,0.15706641575697589,REAL_AWS
2026-01-31 14:00:00,BHARATI,0.7666666666666667,968.065,49.44166666666667,6.826666666666667,111.21047823999567,0.23428406370741925,REAL_AWS
2026-01-31 15:00:00,BHARATI,-0.5966666666666666,968.30625,50.57166666666667,7.760000000000001,107.48950806387427,0.266315088042418,REAL_AWS
2026-01-31 16:00:00,BHARATI,-2.1733333333333333,968.3055555555555,52.17666666666666,11.485000000000001,94.69974609947889,0.3941531940937075,REAL_AWS
2026-01-31 17:00:00,BHARATI,-2.6966666666666668,968.8383333333334,50.413333333333334,11.746666666666666,94.58336754671336,0.4031333205590553,REAL_AWS
2026-01-31 18:00:00,BHARATI,-2.8233333333333333,969.0849999999999,47.20166666666667,13.745000000000001,91.3667955558513,0.4717140315905973,REAL_AWS
2026-01-31 19:00:00,BHARATI,-3.203333333333333,969.3866666666667,47.13,14.981666666666666,89.6879987171755,0.5141551388344705,REAL_AWS
2026-01-31 20:00:00,BHARATI,-3.54,969.84,47.64333333333333,16.49,90.83342096657009,0.565919562090138,REAL_AWS
2026-01-31 21:00:00,BHARATI,-4.155,970.33,49.32166666666667,17.265,91.38343574612645,0.5925167519397353,REAL_AWS
2026-01-31 22:00:00,BHARATI,-4.545,970.9116666666667,49.458333333333336,16.268333333333334,92.71676888500735,0.558312193810576,REAL_AWS
2026-01-31 23:00:00,BHARATI,-4.7,971.19,50.30166666666666,18.441666666666666,93.41667180353181,0.6328987219049301,REAL_AWS
2026-02-01 00:00:00,BHARATI,,,,,,,REAL_AWS_WITH_MISSING
2026-02-01 01:00:00,BHARATI,,,,,,,REAL_AWS_WITH_MISSING
2026-02-01 02:00:00,BHARATI,,,,,,,REAL_AWS_WITH_MISSING
2026-02-01 03:00:00,BHARATI,,,,,,,REAL_AWS_WITH_MISSING
2026-02-01 04:00:00,BHARATI,,,,,,,REAL_AWS_WITH_MISSING
2026-02-01 05:00:00,BHARATI,,,,,,,REAL_AWS_WITH_MISSING
2026-02-01 06:00:00,BHARATI,,,,,,,REAL_AWS_WITH_MISSING
2026-02-01 07:00:00,BHARATI,,,,,,,REAL_AWS_WITH_MISSING
2026-02-01 08:00:00,BHARATI,,,,,,,REAL_AWS_WITH_MISSING
2026-02-01 09:00:00,BHARATI,,,,,,,REAL_AWS_WITH_MISSING
2026-02-01 10:00:00,BHARATI,,,,,,,REAL_AWS_WITH_MISSING
2026-02-01 11:00:00,BHARATI,,,,,,,REAL_AWS_WITH_MISSING
2026-02-01 12:00:00,BHARATI,,,,,,,REAL_AWS_WITH_MISSING
2026-02-01 13:00:00,BHARATI,,,,,,,REAL_AWS_WITH_MISSING
2026-02-01 14:00:00,BHARATI,,,,,,,REAL_AWS_WITH_MISSING
2026-02-01 15:00:00,BHARATI,,,,,,,REAL_AWS_WITH_MISSING
2026-02-01 16:00:00,BHARATI,,,,,,,REAL_AWS_WITH_MISSING
2026-02-01 17:00:00,BHARATI,,,,,,,REAL_AWS_WITH_MISSING
2026-02-01 18:00:00,BHARATI,,,,,,,REAL_AWS_WITH_MISSING
2026-02-01 19:00:00,BHARATI,,,,,,,REAL_AWS_WITH_MISSING
2026-02-01 20:00:00,BHARATI,,,,,,,REAL_AWS_WITH_MISSING
2026-02-01 21:00:00,BHARATI,,,,,,,REAL_AWS_WITH_MISSING
2026-02-01 22:00:00,BHARATI,,,,,,,REAL_AWS_WITH_MISSING
2026-02-01 23:00:00,BHARATI,,,,,,,REAL_AWS_WITH_MISSING
2026-02-02 00:00:00,BHARATI,,,,,,,REAL_AWS_WITH_MISSING
2026-02-02 01:00:00,BHARATI,,,,,,,REAL_AWS_WITH_MISSING
2026-02-02 02:00:00,BHARATI,,,,,,,REAL_AWS_WITH_MISSING
2026-02-02 03:00:00,BHARATI,,,,,,,REAL_AWS_WITH_MISSING
2026-02-02 04:00:00,BHARATI,,,,,,,REAL_AWS_WITH_MISSING
2026-02-02 05:00:00,BHARATI,,,,,,,REAL_AWS_WITH_MISSING
2026-02-02 06:00:00,BHARATI,,,,,,,REAL_AWS_WITH_MISSING
2026-02-02 07:00:00,BHARATI,,,,,,,REAL_AWS_WITH_MISSING
2026-02-02 08:00:00,BHARATI,,,,,,,REAL_AWS_WITH_MISSING
2026-02-02 09:00:00,BHARATI,,,,,,,REAL_AWS_WITH_MISSING
2026-02-02 10:00:00,BHARATI,,,,,,,REAL_AWS_WITH_MISSING
2026-02-02 11:00:00,BHARATI,,,,,,,REAL_AWS_WITH_MISSING
2026-02-02 12:00:00,BHARATI,,,,,,,REAL_AWS_WITH_MISSING
2026-02-02 13:00:00,BHARATI,,,,,,,REAL_AWS_WITH_MISSING
2026-02-02 14:00:00,BHARATI,,,,,,,REAL_AWS_WITH_MISSING
2026-02-02 15:00:00,BHARATI,,,,,,,REAL_AWS_WITH_MISSING
2026-02-02 16:00:00,BHARATI,,,,,,,REAL_AWS_WITH_MISSING
2026-02-02 17:00:00,BHARATI,,,,,,,REAL_AWS_WITH_MISSING
2026-02-02 18:00:00,BHARATI,,,,,,,REAL_AWS_WITH_MISSING
2026-02-02 19:00:00,BHARATI,,,,,,,REAL_AWS_WITH_MISSING
2026-02-02 20:00:00,BHARATI,,,,,,,REAL_AWS_WITH_MISSING
2026-02-02 21:00:00,BHARATI,,,,,,,REAL_AWS_WITH_MISSING
2026-02-02 22:00:00,BHARATI,,,,,,,REAL_AWS_WITH_MISSING
2026-02-02 23:00:00,BHARATI,,,,,,,REAL_AWS_WITH_MISSING
2026-02-03 00:00:00,BHARATI,,,,,,,REAL_AWS_WITH_MISSING
2026-02-03 01:00:00,BHARATI,,,,,,,REAL_AWS_WITH_MISSING
2026-02-03 02:00:00,BHARATI,,,,,,,REAL_AWS_WITH_MISSING
2026-02-03 03:00:00,BHARATI,,,,,,,REAL_AWS_WITH_MISSING
2026-02-03 04:00:00,BHARATI,,,,,,,REAL_AWS_WITH_MISSING
2026-02-03 05:00:00,BHARATI,,,,,,,REAL_AWS_WITH_MISSING
2026-02-03 06:00:00,BHARATI,,,,,,,REAL_AWS_WITH_MISSING
2026-02-03 07:00:00,BHARATI,,,,,,,REAL_AWS_WITH_MISSING
2026-02-03 08:00:00,BHARATI,,,,,,,REAL_AWS_WITH_MISSING
2026-02-03 09:00:00,BHARATI,,,,,,,REAL_AWS_WITH_MISSING
2026-02-03 10:00:00,BHARATI,,,,,,,REAL_AWS_WITH_MISSING
2026-02-03 11:00:00,BHARATI,,,,,,,REAL_AWS_WITH_MISSING
2026-02-03 12:00:00,BHARATI,,,,,,,REAL_AWS_WITH_MISSING
2026-02-03 13:00:00,BHARATI,,,,,,,REAL_AWS_WITH_MISSING
2026-02-03 14:00:00,BHARATI,,,,,,,REAL_AWS_WITH_MISSING
2026-02-03 15:00:00,BHARATI,,,,,,,REAL_AWS_WITH_MISSING
2026-02-03 16:00:00,BHARATI,,,,,,,REAL_AWS_WITH_MISSING
2026-02-03 17:00:00,BHARATI,,,,,,,REAL_AWS_WITH_MISSING
2026-02-03 18:00:00,BHARATI,,,,,,,REAL_AWS_WITH_MISSING
2026-02-03 19:00:00,BHARATI,,,,,,,REAL_AWS_WITH_MISSING
2026-02-03 20:00:00,BHARATI,,,,,,,REAL_AWS_WITH_MISSING
2026-02-03 21:00:00,BHARATI,,,,,,,REAL_AWS_WITH_MISSING
2026-02-03 22:00:00,BHARATI,,,,,,,REAL_AWS_WITH_MISSING
2026-02-03 23:00:00,BHARATI,,,,,,,REAL_AWS_WITH_MISSING
2026-02-04 00:00:00,BHARATI,,,,,,,REAL_AWS_WITH_MISSING
2026-02-04 01:00:00,BHARATI,,,,,,,REAL_AWS_WITH_MISSING
2026-02-04 02:00:00,BHARATI,,,,,,,REAL_AWS_WITH_MISSING
2026-02-04 03:00:00,BHARATI,,,,,,,REAL_AWS_WITH_MISSING
2026-02-04 04:00:00,BHARATI,,,,,,,REAL_AWS_WITH_MISSING
2026-02-04 05:00:00,BHARATI,,,,,,,REAL_AWS_WITH_MISSING
2026-02-04 06:00:00,BHARATI,,,,,,,REAL_AWS_WITH_MISSING
2026-02-04 07:00:00,BHARATI,,,,,,,REAL_AWS_WITH_MISSING
2026-02-04 08:00:00,BHARATI,,,,,,,REAL_AWS_WITH_MISSING
2026-02-04 09:00:00,BHARATI,,,,,,,REAL_AWS_WITH_MISSING
2026-02-04 10:00:00,BHARATI,,,,,,,REAL_AWS_WITH_MISSING
2026-02-04 11:00:00,BHARATI,,,,,,,REAL_AWS_WITH_MISSING
2026-02-04 12:00:00,BHARATI,,,,,,,REAL_AWS_WITH_MISSING
2026-02-04 13:00:00,BHARATI,,,,,,,REAL_AWS_WITH_MISSING
2026-02-04 14:00:00,BHARATI,,,,,,,REAL_AWS_WITH_MISSING
2026-02-04 15:00:00,BHARATI,,,,,,,REAL_AWS_WITH_MISSING
2026-02-04 16:00:00,BHARATI,,,,,,,REAL_AWS_WITH_MISSING
2026-02-04 17:00:00,BHARATI,,,,,,,REAL_AWS_WITH_MISSING
2026-02-04 18:00:00,BHARATI,,,,,,,REAL_AWS_WITH_MISSING
2026-02-04 19:00:00,BHARATI,,,,,,,REAL_AWS_WITH_MISSING
2026-02-04 20:00:00,BHARATI,,,,,,,REAL_AWS_WITH_MISSING
2026-02-04 21:00:00,BHARATI,,,,,,,REAL_AWS_WITH_MISSING
2026-02-04 22:00:00,BHARATI,,,,,,,REAL_AWS_WITH_MISSING
2026-02-04 23:00:00,BHARATI,,,,,,,REAL_AWS_WITH_MISSING
2026-02-05 00:00:00,BHARATI,,,,,,,REAL_AWS_WITH_MISSING
2026-02-05 01:00:00,BHARATI,,,,,,,REAL_AWS_WITH_MISSING
2026-02-05 02:00:00,BHARATI,,,,,,,REAL_AWS_WITH_MISSING
2026-02-05 03:00:00,BHARATI,,,,,,,REAL_AWS_WITH_MISSING
2026-02-05 04:00:00,BHARATI,,,,,,,REAL_AWS_WITH_MISSING
2026-02-05 05:00:00,BHARATI,,,,,,,REAL_AWS_WITH_MISSING
2026-02-05 06:00:00,BHARATI,,,,,,,REAL_AWS_WITH_MISSING
2026-02-05 07:00:00,BHARATI,,,,,,,REAL_AWS_WITH_MISSING
2026-02-05 08:00:00,BHARATI,,,,,,,REAL_AWS_WITH_MISSING
2026-02-05 09:00:00,BHARATI,,,,,,,REAL_AWS_WITH_MISSING
2026-02-05 10:00:00,BHARATI,,,,,,,REAL_AWS_WITH_MISSING
2026-02-05 11:00:00,BHARATI,,,,,,,REAL_AWS_WITH_MISSING
2026-02-05 12:00:00,BHARATI,,,,,,,REAL_AWS_WITH_MISSING
2026-02-05 13:00:00,BHARATI,,,,,,,REAL_AWS_WITH_MISSING
2026-02-05 14:00:00,BHARATI,,,,,,,REAL_AWS_WITH_MISSING
2026-02-05 15:00:00,BHARATI,,,,,,,REAL_AWS_WITH_MISSING
2026-02-05 16:00:00,BHARATI,,,,,,,REAL_AWS_WITH_MISSING
2026-02-05 17:00:00,BHARATI,,,,,,,REAL_AWS_WITH_MISSING
2026-02-05 18:00:00,BHARATI,,,,,,,REAL_AWS_WITH_MISSING
2026-02-05 19:00:00,BHARATI,,,,,,,REAL_AWS_WITH_MISSING
2026-02-05 20:00:00,BHARATI,,,,,,,REAL_AWS_WITH_MISSING
2026-02-05 21:00:00,BHARATI,,,,,,,REAL_AWS_WITH_MISSING
2026-02-05 22:00:00,BHARATI,,,,,,,REAL_AWS_WITH_MISSING
2026-02-05 23:00:00,BHARATI,,,,,,,REAL_AWS_WITH_MISSING
2026-02-06 00:00:00,BHARATI,,,,,,,REAL_AWS_WITH_MISSING
2026-02-06 01:00:00,BHARATI,,,,,,,REAL_AWS_WITH_MISSING
2026-02-06 02:00:00,BHARATI,,,,,,,REAL_AWS_WITH_MISSING
2026-02-06 03:00:00,BHARATI,,,,,,,REAL_AWS_WITH_MISSING
2026-02-06 04:00:00,BHARATI,,,,,,,REAL_AWS_WITH_MISSING
2026-02-06 05:00:00,BHARATI,,,,,,,REAL_AWS_WITH_MISSING
2026-02-06 06:00:00,BHARATI,,,,,,,REAL_AWS_WITH_MISSING
2026-02-06 07:00:00,BHARATI,,,,,,,REAL_AWS_WITH_MISSING
2026-02-06 08:00:00,BHARATI,,,,,,,REAL_AWS_WITH_MISSING
2026-02-06 09:00:00,BHARATI,,,,,,,REAL_AWS_WITH_MISSING
2026-02-06 10:00:00,BHARATI,,,,,,,REAL_AWS_WITH_MISSING
2026-02-06 11:00:00,BHARATI,,,,,,,REAL_AWS_WITH_MISSING
2026-02-06 12:00:00,BHARATI,,,,,,,REAL_AWS_WITH_MISSING
2026-02-06 13:00:00,BHARATI,,,,,,,REAL_AWS_WITH_MISSING
2026-02-06 14:00:00,BHARATI,,,,,,,REAL_AWS_WITH_MISSING
2026-02-06 15:00:00,BHARATI,,,,,,,REAL_AWS_WITH_MISSING
2026-02-06 16:00:00,BHARATI,,,,,,,REAL_AWS_WITH_MISSING
2026-02-06 17:00:00,BHARATI,,,,,,,REAL_AWS_WITH_MISSING
2026-02-06 18:00:00,BHARATI,,,,,,,REAL_AWS_WITH_MISSING
2026-02-06 19:00:00,BHARATI,,,,,,,REAL_AWS_WITH_MISSING
2026-02-06 20:00:00,BHARATI,,,,,,,REAL_AWS_WITH_MISSING
2026-02-06 21:00:00,BHARATI,,,,,,,REAL_AWS_WITH_MISSING
2026-02-06 22:00:00,BHARATI,,,,,,,REAL_AWS_WITH_MISSING
2026-02-06 23:00:00,BHARATI,,,,,,,REAL_AWS_WITH_MISSING
2026-02-07 00:00:00,BHARATI,,,,,,,REAL_AWS_WITH_MISSING
2026-02-07 01:00:00,BHARATI,,,,,,,REAL_AWS_WITH_MISSING
2026-02-07 02:00:00,BHARATI,,,,,,,REAL_AWS_WITH_MISSING
2026-02-07 03:00:00,BHARATI,,,,,,,REAL_AWS_WITH_MISSING
2026-02-07 04:00:00,BHARATI,,,,,,,REAL_AWS_WITH_MISSING
2026-02-07 05:00:00,BHARATI,,,,,,,REAL_AWS_WITH_MISSING
2026-02-07 06:00:00,BHARATI,,,,,,,REAL_AWS_WITH_MISSING
2026-02-07 07:00:00,BHARATI,,,,,,,REAL_AWS_WITH_MISSING
2026-02-07 08:00:00,BHARATI,,,,,,,REAL_AWS_WITH_MISSING
2026-02-07 09:00:00,BHARATI,,,,,,,REAL_AWS_WITH_MISSING
2026-02-07 10:00:00,BHARATI,,,,,,,REAL_AWS_WITH_MISSING
2026-02-07 11:00:00,BHARATI,,,,,,,REAL_AWS_WITH_MISSING
2026-02-07 12:00:00,BHARATI,,,,,,,REAL_AWS_WITH_MISSING
2026-02-07 13:00:00,BHARATI,,,,,,,REAL_AWS_WITH_MISSING
2026-02-07 14:00:00,BHARATI,,,,,,,REAL_AWS_WITH_MISSING
2026-02-07 15:00:00,BHARATI,,,,,,,REAL_AWS_WITH_MISSING
2026-02-07 16:00:00,BHARATI,,,,,,,REAL_AWS_WITH_MISSING
2026-02-07 17:00:00,BHARATI,,,,,,,REAL_AWS_WITH_MISSING
2026-02-07 18:00:00,BHARATI,,,,,,,REAL_AWS_WITH_MISSING
2026-02-07 19:00:00,BHARATI,,,,,,,REAL_AWS_WITH_MISSING
2026-02-07 20:00:00,BHARATI,,,,,,,REAL_AWS_WITH_MISSING
2026-02-07 21:00:00,BHARATI,,,,,,,REAL_AWS_WITH_MISSING
2026-02-07 22:00:00,BHARATI,,,,,,,REAL_AWS_WITH_MISSING
2026-02-07 23:00:00,BHARATI,,,,,,,REAL_AWS_WITH_MISSING
2026-02-08 00:00:00,BHARATI,-6.740983606557377,980.6049180327869,54.027868852459015,20.04754098360656,91.0000449435721,0.688010649752985,REAL_AWS
2026-02-08 01:00:00,BHARATI,-6.8133333333333335,980.9699999999999,55.269999999999996,19.384999999999998,90.96658204855237,0.6652729357863753,REAL_AWS
2026-02-08 02:00:00,BHARATI,-6.506666666666666,981.26,57.03333333333333,18.621666666666666,88.31707966337541,0.6390761337409656,REAL_AWS
2026-02-08 03:00:00,BHARATI,-6.196666666666667,981.5233333333333,58.330000000000005,16.743333333333332,86.26668868741592,0.5746136972667807,REAL_AWS
2026-02-08 04:00:00,BHARATI,-5.8133333333333335,981.9433333333333,57.00666666666667,14.595,83.50886847194187,0.5008851430385426,REAL_AWS
2026-02-08 05:00:00,BHARATI,-5.1866666666666665,982.1650000000001,55.723333333333336,13.548333333333334,74.21780903610022,0.46496463717715114,REAL_AWS
2026-02-08 06:00:00,BHARATI,-5.193333333333333,982.4383333333333,62.098333333333336,13.178333333333335,74.17398759780525,0.4522666239586338,REAL_AWS
2026-02-08 07:00:00,BHARATI,-4.871666666666667,982.7783333333333,61.445,14.346666666666666,64.64789670036481,0.4923626026351232,REAL_AWS
2026-02-08 08:00:00,BHARATI,-4.5633333333333335,983.215,60.22166666666667,13.938333333333333,61.48309166845053,0.4783490294885613,REAL_AWS
2026-02-08 09:00:00,BHARATI,-4.296666666666667,983.6383333333334,58.64833333333333,14.59,57.11753360859632,0.5007135482653193,REAL_AWS
2026-02-08 10:00:00,BHARATI,-4.343333333333334,983.9483333333334,58.37833333333333,15.828333333333335,58.516374029389965,0.5432118537669337,REAL_AWS
2026-02-08 11:00:00,BHARATI,-4.501666666666667,984.2516666666667,62.525,13.938333333333333,58.94904894762868,0.4783490294885613,REAL_AWS
2026-02-08 12:00:00,BHARATI,-5.371666666666667,984.6833333333333,72.12166666666667,6.793333333333334,353.5618007441697,0.23314009855259787,REAL_AWS
2026-02-08 13:00:00,BHARATI,-5.463333333333334,984.905,68.55,4.508333333333334,234.67924124308598,0.15472128718959205,REAL_AWS
2026-02-08 14:00:00,BHARATI,-5.135000000000001,984.9766666666667,66.785,3.296666666666667,309.04576965783895,0.11313815381183479,REAL_AWS
2026-02-08 15:00:00,BHARATI,-5.944999999999999,985.3616666666666,67.07166666666667,4.41,245.54777714477996,0.15134658998286898,REAL_AWS
2026-02-08 16:00:00,BHARATI,-6.463333333333334,985.69,64.62333333333333,5.4766666666666675,236.82540244636868,0.18795347493715325,REAL_AWS
2026-02-08 17:00:00,BHARATI,-6.715,986.0216666666668,58.28,7.515,213.91882027095454,0.2579069441544808,REAL_AWS
2026-02-08 18:00:00,BHARATI,-6.825,986.1800000000001,65.97666666666666,5.748333333333333,209.10522238142957,0.19727679094894748,REAL_AWS
2026-02-08 19:00:00,BHARATI,-6.845,986.205,77.25833333333334,4.3100000000000005,196.16357107842003,0.14791469451840483,REAL_AWS
2026-02-08 20:00:00,BHARATI,-6.098333333333333,986.51,78.99833333333332,1.4916666666666667,61.21450584100393,0.05119244067825689,REAL_AWS
2026-02-08 21:00:00,BHARATI,-6.006666666666666,986.8066666666667,80.01,1.62,255.33869063307895,0.055596706524319216,REAL_AWS
2026-02-08 22:00:00,BHARATI,-6.114999999999999,986.8349999999999,67.05166666666666,10.285,86.67970660723529,0.3529704485201377,REAL_AWS
2026-02-08 23:00:00,BHARATI,-6.321666666666667,986.9216666666667,61.575,14.586666666666668,85.10659724919117,0.5005991517498373,REAL_AWS
2026-02-09 00:00:00,BHARATI,-6.831147540983606,987.0868852459017,61.18852459016394,16.945901639344264,87.60655681479426,0.5815656297732117,REAL_AWS
2026-02-09 01:00:00,BHARATI,-6.92,987.075,61.766666666666666,17.91,88.10039803122356,0.6146524776855291,REAL_AWS
2026-02-09 02:00:00,BHARATI,-6.488333333333333,987.1233333333333,61.05333333333333,15.953333333333335,92.35005246700484,0.547501723097514,REAL_AWS
2026-02-09 03:00:00,BHARATI,-6.381666666666666,987.0566666666667,59.86833333333333,19.853333333333335,90.51595518132422,0.6813456462116158,REAL_AWS
2026-02-09 04:00:00,BHARATI,-5.136666666666667,987.1616666666667,55.835,17.975,86.75048848940423,0.6168832097374308,REAL_AWS
2026-02-09 05:00:00,BHARATI,-4.3040816326530615,987.4408163265306,53.69387755102041,17.32857142857143,83.57313907290569,0.5946984569135733,REAL_AWS
2026-02-09 06:00:00,BHARATI,-3.665,987.5416666666666,55.41833333333333,18.368333333333332,74.88201872201574,0.6303819985643231,REAL_AWS
2026-02-09 07:00:00,BHARATI,-3.3766666666666665,987.6709677419354,59.63666666666666,19.33,70.70059648492929,0.6633853932809199,REAL_AWS
2026-02-09 08:00:00,BHARATI,-3.356666666666667,987.854054054054,62.21666666666667,17.748333333333335,65.70109784073077,0.6091042466846455,REAL_AWS
2026-02-09 09:00:00,BHARATI,-3.3,988.09,62.35666666666667,17.211666666666666,63.3315472973386,0.5906864076920211,REAL_AWS
2026-02-09 10:00:00,BHARATI,-3.1783333333333337,988.3616666666666,63.80333333333333,15.536666666666667,64.39787486554468,0.5332021586622466,REAL_AWS
2026-02-09 11:00:00,BHARATI,-2.9483333333333333,988.37,61.583333333333336,13.81,69.15158787118622,0.473944763642499,REAL_AWS
2026-02-09 12:00:00,BHARATI,-2.6883333333333335,988.4766666666667,58.71,11.713333333333333,65.63602530018352,0.401989355404234,REAL_AWS
2026-02-09 13:00:00,BHARATI,-2.4483333333333333,988.4666666666667,54.11333333333334,10.26,70.00341887798646,0.3521124746540217,REAL_AWS
2026-02-09 14:00:00,BHARATI,-3.015,988.1666666666666,53.111666666666665,11.475,88.98360118646707,0.39381000454726106,REAL_AWS
2026-02-09 15:00:00,BHARATI,-4.036666666666666,987.4166666666666,51.855000000000004,16.813333333333333,89.33544962576491,0.5770160240919056,REAL_AWS
2026-02-09 16:00:00,BHARATI,-5.33,986.7816666666666,51.36666666666667,19.238333333333333,85.11592527217255,0.6602394891051612,REAL_AWS
2026-02-09 17:00:00,BHARATI,-5.930000000000001,986.5333333333333,52.51,19.878333333333334,84.38862484127509,0.6822036200777317,REAL_AWS
2026-02-09 18:00:00,BHARATI,-5.656666666666666,986.3966666666666,52.22166666666667,15.526666666666667,84.88783070337797,0.5328589691158002,REAL_AWS
2026-02-09 19:00:00,BHARATI,-5.453333333333333,985.7483333333333,48.88333333333333,16.446666666666665,79.89967135497955,0.5644324073888703,REAL_AWS
2026-02-09 20:00:00,BHARATI,-4.92,984.8816666666667,46.2,17.15666666666667,79.53293716070999,0.5887988651865659,REAL_AWS
2026-02-09 21:00:00,BHARATI,-4.62,984.045,43.8,16.846666666666668,80.4995657711093,0.578159989246727,REAL_AWS
2026-02-09 22:00:00,BHARATI,-4.916666666666667,982.9716666666667,45.156666666666666,18.040000000000003,85.13382172593668,0.6191139417893325,REAL_AWS
2026-02-09 23:00:00,BHARATI,-4.166666666666667,982.2833333333333,42.99666666666667,16.958333333333332,81.30148397585288,0.5819922725153786,REAL_AWS
2026-02-10 00:00:00,BHARATI,-3.7557377049180327,981.2540983606557,46.01639344262295,19.23934426229508,84.8248284483625,0.6602741831303484,REAL_AWS
2026-02-10 01:00:00,BHARATI,-2.6766666666666667,980.7316666666667,44.086666666666666,16.645,68.97964855388773,0.5712390000600576,REAL_AWS
2026-02-10 02:00:00,BHARATI,-2.46,980.625,47.736666666666665,20.048333333333336,60.098445637775114,0.6880378423673209,REAL_AWS
2026-02-10 03:00:00,BHARATI,-4.781666666666666,980.2516666666667,88.28,21.691666666666666,69.33140062670276,0.7444353245000149,REAL_AWS
2026-02-10 04:00:00,BHARATI,-4.635000000000001,978.6333333333333,88.85166666666667,22.863333333333333,67.04268385097686,0.7846456996919866,REAL_AWS
2026-02-10 05:00:00,BHARATI,-4.298333333333333,977.3266666666666,93.25833333333334,22.116666666666667,68.60818413278366,0.7590208802239876,REAL_AWS
2026-02-10 06:00:00,BHARATI,-3.5266666666666664,975.7533333333333,93.75833333333334,29.490000000000002,67.21290226477169,1.0,REAL_AWS
2026-02-10 07:00:00,BHARATI,-3.025,974.6883333333334,86.24499999999999,30.395,77.05034330674357,1.0,REAL_AWS
2026-02-10 08:00:00,BHARATI,-2.7133333333333334,974.0816666666667,87.08500000000001,30.823333333333334,72.48273604113695,1.0,REAL_AWS
2026-02-10 09:00:00,BHARATI,-2.735,973.1766666666666,89.895,33.934999999999995,68.13358876891698,1.0,REAL_AWS
2026-02-10 10:00:00,BHARATI,-2.6016666666666666,972.4833333333333,89.78333333333333,33.25333333333334,72.38378897111897,1.0,REAL_AWS
2026-02-10 11:00:00,BHARATI,-2.5116666666666663,972.0533333333333,90.775,32.45666666666667,70.45069684285465,1.0,REAL_AWS
2026-02-10 12:00:00,BHARATI,-2.5083333333333333,971.3516666666667,91.59333333333333,31.0,73.91725429408234,1.0,REAL_AWS
2026-02-10 13:00:00,BHARATI,-2.5700000000000003,970.4333333333333,89.325,33.66166666666667,74.05031099683322,1.0,REAL_AWS
2026-02-10 14:00:00,BHARATI,-2.1516666666666664,969.6483333333333,81.84666666666666,35.10166666666667,70.58305018825581,1.0,REAL_AWS
2026-02-10 15:00:00,BHARATI,-1.7066666666666668,968.63,76.31166666666667,36.3,67.06638527708634,1.0,REAL_AWS
2026-02-10 16:00:00,BHARATI,-1.8816666666666668,967.89,77.49333333333334,36.15833333333333,62.01395326910324,1.0,REAL_AWS
2026-02-10 17:00:00,BHARATI,-1.9066666666666667,967.87,79.89166666666667,31.548333333333336,59.16666027797845,1.0,REAL_AWS
2026-02-10 18:00:00,BHARATI,-2.2233333333333336,968.2933333333333,86.36833333333334,28.925,55.25041025829421,0.992675763096255,REAL_AWS
2026-02-10 19:00:00,BHARATI,-0.74,969.41,70.93833333333333,25.243333333333332,50.732685163856445,0.8663248117462333,REAL_AWS
2026-02-10 20:00:00,BHARATI,-0.9450000000000001,970.4233333333334,72.955,23.293333333333333,52.83463736033332,0.7994028501891824,REAL_AWS
2026-02-10 21:00:00,BHARATI,-1.0083333333333333,971.2483333333333,69.89333333333335,22.758333333333333,59.947631471844716,0.7810422094542993,REAL_AWS
2026-02-10 22:00:00,BHARATI,-1.3383333333333334,971.9050000000001,71.27666666666667,20.285,68.4360446822173,0.6961599949665526,REAL_AWS
2026-02-10 23:00:00,BHARATI,-1.2049999999999998,972.3616666666666,73.23833333333333,21.28166666666667,58.607852558477475,0.730364553095712,REAL_AWS
2026-02-11 00:00:00,BHARATI,-1.0377049180327869,972.5967213114754,70.28032786885247,19.842622950819674,60.211411617799286,0.6809780770799027,REAL_AWS
2026-02-11 01:00:00,BHARATI,-0.7183333333333334,972.745,64.16333333333334,19.33,63.30495570306334,0.6633853932809199,REAL_AWS
2026-02-11 02:00:00,BHARATI,-0.5416666666666666,972.8983333333333,62.513333333333335,20.279999999999998,65.53386246481443,0.6959884001933293,REAL_AWS
2026-02-11 03:00:00,BHARATI,-0.05666666666666667,973.11,60.39333333333333,20.279999999999998,60.645518831231925,0.6959884001933293,REAL_AWS
2026-02-11 04:00:00,BHARATI,0.26666666666666666,973.2766666666666,58.86833333333333,22.03166666666667,59.135512607111366,0.7561037690791932,REAL_AWS
2026-02-11 05:00:00,BHARATI,0.5033333333333333,973.6583333333333,57.913333333333334,21.043333333333333,57.466884161358564,0.722185202238739,REAL_AWS
2026-02-11 06:00:00,BHARATI,1.07,974.0550000000001,56.68333333333333,19.355,61.04867243308945,0.664243367147036,REAL_AWS
2026-02-11 07:00:00,BHARATI,1.4400000000000002,974.2616666666667,54.91166666666666,20.583333333333332,58.78223969880014,0.706398483102204,REAL_AWS
2026-02-11 08:00:00,BHARATI,1.3766666666666665,974.4066666666666,54.79333333333333,20.626666666666665,52.10392135458255,0.7078856378034717,REAL_AWS
2026-02-11 09:00:00,BHARATI,1.6616666666666666,974.6383333333334,55.055,15.555,54.07891989436604,0.5338313394973984,REAL_AWS
2026-02-11 10:00:00,BHARATI,1.6083333333333334,975.0870370370371,56.16166666666666,7.125,65.00948145737283,0.24452255184307062,REAL_AWS
2026-02-11 11:00:00,BHARATI,1.3533333333333333,975.3813953488373,59.098333333333336,6.635000000000001,58.09859540578657,0.2277062640671963,REAL_AWS
2026-02-11 12:00:00,BHARATI,0.865,975.6433333333333,65.52333333333334,6.995,72.4712909133898,0.2400610877392672,REAL_AWS
2026-02-11 13:00:00,BHARATI,0.6533333333333334,975.6816666666667,63.25,6.775,86.02035372696253,0.23251091771744611,REAL_AWS
2026-02-11 14:00:00,BHARATI,0.19833333333333333,975.7766666666666,60.69833333333334,9.49,87.37459603194378,0.32568687957764775,REAL_AWS
2026-02-11 15:00:00,BHARATI,-0.46499999999999997,975.9116666666666,60.080000000000005,9.048333333333334,81.16323440885526,0.3105293412762644,REAL_AWS
2026-02-11 16:00:00,BHARATI,-0.9633333333333334,976.25,59.294999999999995,8.773333333333333,89.36688458289046,0.301091628748988,REAL_AWS
2026-02-11 17:00:00,BHARATI,-0.9016666666666667,976.3783333333333,56.15,10.45,85.4338465267615,0.3586330760365035,REAL_AWS
2026-02-11 18:00:00,BHARATI,-0.9516666666666667,976.475,55.63333333333333,12.416666666666666,78.04964855874505,0.42612702017096515,REAL_AWS
2026-02-11 19:00:00,BHARATI,-1.2983333333333333,976.4866666666666,56.52166666666667,13.936666666666667,82.798887147541,0.47829183123082025,REAL_AWS
2026-02-11 20:00:00,BHARATI,-1.8283333333333334,976.4816666666667,60.00333333333333,15.253333333333334,87.1850939256567,0.5234784548462649,REAL_AWS
2026-02-11 21:00:00,BHARATI,-1.8983333333333334,976.4383333333333,56.485,15.45,87.0021284056179,0.530227849259711,REAL_AWS
2026-02-11 22:00:00,BHARATI,-2.2383333333333337,976.4983333333333,55.32166666666667,15.876666666666667,89.33478039988722,0.5448706032414247,REAL_AWS
2026-02-11 23:00:00,BHARATI,-2.3316666666666666,976.3716666666666,52.31333333333334,14.485000000000001,85.46709695092323,0.49711005802763203,REAL_AWS
2026-02-12 00:00:00,BHARATI,-3.3870967741935485,975.6451612903226,53.0,18.730645161290322,87.67736224040408,0.6428161617551962,REAL_AWS
2026-02-12 01:00:00,BHARATI,-3.5,975.7983333333334,51.388333333333335,22.14333333333333,87.70006418760437,0.7599360523478447,REAL_AWS
2026-02-12 02:00:00,BHARATI,-3.4833333333333334,975.4449999999999,51.32833333333333,21.776666666666664,87.9167439518119,0.7473524356448094,REAL_AWS
2026-02-12 03:00:00,BHARATI,-2.8233333333333333,975.1566666666666,49.25666666666667,18.216666666666665,86.2063119209472,0.6251769571098857,REAL_AWS
2026-02-12 04:00:00,BHARATI,-1.8150000000000002,974.9783333333332,45.62166666666667,13.653333333333334,80.61764309648385,0.4685681274148385,REAL_AWS
2026-02-12 05:00:00,BHARATI,-1.3966666666666667,974.6966666666667,45.28,13.328333333333335,83.13724603037775,0.45741446715533,REAL_AWS
2026-02-12 06:00:00,BHARATI,-0.8516666666666667,974.31,45.416666666666664,12.595,68.02677094290061,0.43224723374925955,REAL_AWS
2026-02-12 07:00:00,BHARATI,-0.39666666666666667,973.7733333333333,45.38,9.441666666666666,64.10311194930256,0.32402813010315673,REAL_AWS
2026-02-12 08:00:00,BHARATI,-0.175,973.215,44.593333333333334,6.535,41.66089380676652,0.22427436860273214,REAL_AWS
2026-02-12 09:00:00,BHARATI,-0.20833333333333334,972.525,45.263333333333335,4.843333333333334,48.82993704094065,0.16621813699554697,REAL_AWS
2026-02-12 10:00:00,BHARATI,-0.2533333333333333,971.715,45.62166666666667,5.051666666666667,52.828544394689516,0.1733679192131806,REAL_AWS
2026-02-12 11:00:00,BHARATI,-0.12666666666666668,971.1083333333333,45.43,2.4099999999999997,355.9921873713073,0.08270868069358597,REAL_AWS
2026-02-12 12:00:00,BHARATI,-0.4083333333333333,970.2116666666666,47.891666666666666,2.69,245.55741879807914,0.09231798799408561,REAL_AWS
2026-02-12 13:00:00,BHARATI,-1.5383333333333333,969.1424999999999,52.475,5.416666666666667,101.19874227370514,0.18589433765847474,REAL_AWS
2026-02-12 14:00:00,BHARATI,-3.1266666666666665,968.24,56.72166666666667,8.228333333333333,101.53516875276375,0.2823877984676584,REAL_AWS
2026-02-12 15:00:00,BHARATI,-3.893333333333333,967.3666666666667,54.64,9.156666666666666,95.53586861526867,0.3142472280294339,REAL_AWS
2026-02-12 16:00:00,BHARATI,-4.06,966.5183333333333,48.913333333333334,12.018333333333334,88.30473218027583,0.4124566365708497,REAL_AWS
2026-02-12 17:00:00,BHARATI,-3.8266666666666667,965.7666666666667,40.71666666666667,16.768333333333334,80.16659593189422,0.5754716711328968,REAL_AWS
2026-02-12 18:00:00,BHARATI,-4.336666666666667,965.0516666666666,38.723333333333336,20.37,79.73324149665723,0.6990771061113472,REAL_AWS
2026-02-12 19:00:00,BHARATI,-5.153333333333333,964.235,39.67333333333333,20.89,81.68293733624773,0.7169229625265607,REAL_AWS
2026-02-12 20:00:00,BHARATI,-6.205,963.6583333333333,43.12166666666667,20.988333333333333,85.48572432399368,0.7202976597332837,REAL_AWS
2026-02-12 21:00:00,BHARATI,-7.1866666666666665,963.0433333333333,46.248333333333335,23.415000000000003,88.85018981394688,0.8035783230042806,REAL_AWS
2026-02-12 22:00:00,BHARATI,-7.636666666666667,962.6083333333333,46.73833333333334,22.39333333333333,88.866786063436,0.768515791009005,REAL_AWS
2026-02-12 23:00:00,BHARATI,-7.961666666666667,962.0983333333334,47.42833333333333,22.4,89.43343000071366,0.7687445840399693,REAL_AWS
2026-02-13 00:00:00,BHARATI,-7.827868852459017,961.7770491803279,45.790163934426225,22.572131147540986,88.67339311079343,0.7746519450853585,REAL_AWS
2026-02-13 01:00:00,BHARATI,-7.136666666666667,961.1366666666668,44.54333333333333,19.721666666666668,83.5771773760307,0.6768269838500712,REAL_AWS
2026-02-13 02:00:00,BHARATI,-6.495,961.0283333333333,41.980000000000004,17.548333333333336,82.27253573984405,0.6022404557557172,REAL_AWS
2026-02-13 03:00:00,BHARATI,-5.555000000000001,960.8050000000001,41.72,15.486666666666668,77.06928442703156,0.5314862109300146,REAL_AWS
2026-02-13 04:00:00,BHARATI,-4.843333333333334,960.605,40.975,14.131666666666666,87.75648416668832,0.4849840273865253,REAL_AWS
2026-02-13 05:00:00,BHARATI,-4.068333333333333,960.3966666666666,37.57,11.491666666666667,67.41529663439087,0.3943819871246718,REAL_AWS
2026-02-13 06:00:00,BHARATI,-3.415,960.27,38.12,6.955,47.82742497634541,0.23868832955348157,REAL_AWS
2026-02-13 07:00:00,BHARATI,-3.2816666666666667,960.095,36.723333333333336,4.5,66.04278957952488,0.1544352959008867,REAL_AWS
2026-02-13 08:00:00,BHARATI,-2.895,960.0,34.82666666666667,3.128333333333333,17.429788546732937,0.10736112977998678,REAL_AWS
2026-02-13 09:00:00,BHARATI,-3.1933333333333334,960.0583333333333,35.126666666666665,3.308333333333333,227.9414506937668,0.11353854161602225,REAL_AWS
2026-02-13 10:00:00,BHARATI,-3.146666666666667,960.0283333333333,34.413333333333334,3.8516666666666666,216.21039465853693,0.1321851736396108,REAL_AWS
2026-02-13 11:00:00,BHARATI,-3.058333333333333,960.1066666666667,36.126666666666665,3.57,216.98260054011195,0.12251866808137012,REAL_AWS
2026-02-13 12:00:00,BHARATI,-2.8033333333333332,960.3416666666667,35.20166666666667,3.0366666666666666,240.68784164602073,0.10421522560422798,REAL_AWS
2026-02-13 13:00:00,BHARATI,-3.92,960.58,49.681666666666665,4.9816666666666665,209.59534273473773,0.17096559238805567,REAL_AWS
2026-02-13 14:00:00,BHARATI,-5.006666666666666,960.7983333333334,49.76166666666666,8.32,97.17004039763731,0.2855337026434172,REAL_AWS
2026-02-13 15:00:00,BHARATI,-6.208333333333333,961.1583333333333,49.151666666666664,12.071666666666665,95.2503811404099,0.4142869808185638,REAL_AWS
2026-02-13 16:00:00,BHARATI,-7.461666666666667,961.5828571428572,48.98166666666667,16.585,94.83354103915411,0.5691798627813791,REAL_AWS
2026-02-13 17:00:00,BHARATI,-8.05,962.1018867924529,45.958333333333336,20.673333333333336,90.49987558875978,0.7094871890202218,REAL_AWS
2026-02-13 18:00:00,BHARATI,-8.96,962.7933333333333,46.13,23.801666666666666,89.65011923009155,0.8168483188002085,REAL_AWS
2026-02-13 19:00:00,BHARATI,-9.288333333333332,963.4566666666667,44.81166666666666,22.988333333333333,87.98340538971996,0.7889355690225668,REAL_AWS
2026-02-13 20:00:00,BHARATI,-9.996666666666666,964.0316666666666,46.28333333333333,24.111666666666668,87.9000534154053,0.8274871947400474,REAL_AWS
2026-02-13 21:00:00,BHARATI,-10.801666666666668,964.4816666666667,47.84,26.285,89.86674440937838,0.9020737228344016,REAL_AWS
2026-02-13 22:00:00,BHARATI,-11.023333333333333,965.0616666666666,47.14,25.131666666666668,88.85001620942035,0.8624925284775817,REAL_AWS
2026-02-13 23:00:00,BHARATI,-11.421666666666665,965.6716666666667,49.485,25.388333333333332,89.90001381151353,0.8713010601697063,REAL_AWS
2026-02-14 00:00:00,BHARATI,-10.914754098360657,966.4262295081967,49.2327868852459,22.49344262295082,91.49474425579103,0.7719514371788949,REAL_AWS
2026-02-14 01:00:00,BHARATI,-10.496666666666666,966.7466666666667,48.52333333333333,22.76833333333333,90.45006369574389,0.7813853990007456,REAL_AWS
2026-02-14 02:00:00,BHARATI,-9.606666666666666,967.2733333333333,46.25666666666667,20.69333333333333,89.5354241079927,0.7101735681131145,REAL_AWS
2026-02-14 03:00:00,BHARATI,-8.401666666666666,967.8066666666667,40.47166666666667,19.03166666666667,84.73622762950197,0.6531469051452687,REAL_AWS
2026-02-14 04:00:00,BHARATI,-7.406666666666666,968.3366666666667,39.391666666666666,17.084999999999997,85.92478165061556,0.5863393401036997,REAL_AWS
2026-02-14 05:00:00,BHARATI,-6.498333333333333,968.9333333333333,39.45333333333333,15.025,76.9850160172445,0.5156422935357384,REAL_AWS
2026-02-14 06:00:00,BHARATI,-5.818333333333333,969.4449999999999,40.14333333333333,13.425,73.63744519553512,0.460731966104312,REAL_AWS
2026-02-14 07:00:00,BHARATI,-5.668333333333334,969.9449999999999,41.473333333333336,11.551666666666668,70.57616680492146,0.3964411244033503,REAL_AWS
2026-02-14 08:00:00,BHARATI,-5.48,970.3683333333333,39.973333333333336,9.615,65.8367310612739,0.3299767489082279,REAL_AWS
2026-02-14 09:00:00,BHARATI,-5.098333333333333,970.8316666666667,37.715,7.819999999999999,64.41863367270759,0.26837422532109645,REAL_AWS
2026-02-14 10:00:00,BHARATI,-4.983333333333333,971.3183333333333,38.669999999999995,5.930000000000001,48.200574052158686,0.20351140104272405,REAL_AWS
2026-02-14 11:00:00,BHARATI,-5.156666666666666,971.5616666666667,39.58166666666667,4.739999999999999,79.4308577821738,0.16267184501560064,REAL_AWS
2026-02-14 12:00:00,BHARATI,-5.33,971.8299999999999,38.59166666666667,5.4,104.32180259009914,0.18532235508106407,REAL_AWS
2026-02-14 13:00:00,BHARATI,-5.881666666666666,972.2466666666667,45.141666666666666,5.243333333333334,124.72390494825333,0.17994571885340357,REAL_AWS
2026-02-14 14:00:00,BHARATI,-6.511666666666667,972.6716666666667,46.57666666666667,5.65,124.29830551704231,0.19390209374222442,REAL_AWS
2026-02-14 15:00:00,BHARATI,-7.2,973.0733333333334,46.50333333333333,5.553333333333333,123.78290345862706,0.19058459479324238,REAL_AWS
2026-02-14 16:00:00,BHARATI,-7.988333333333333,973.4216666666667,49.17666666666666,6.645,121.35035879883549,0.22804945361364268,REAL_AWS
2026-02-14 17:00:00,BHARATI,-8.576666666666666,973.9133333333334,50.531666666666666,7.796666666666667,123.91678330487912,0.2675734497127215,REAL_AWS
2026-02-14 18:00:00,BHARATI,-8.721666666666666,974.5433333333333,49.53,8.525,119.93357015442234,0.2925690883455687,REAL_AWS
2026-02-14 19:00:00,BHARATI,-8.871666666666666,974.9599999999999,48.775,11.093333333333334,119.1336398494152,0.38071160352455624,REAL_AWS
2026-02-14 20:00:00,BHARATI,-9.273333333333333,975.3199999999999,50.32166666666667,10.518333333333334,112.81820381280312,0.3609782046038874,REAL_AWS
2026-02-14 21:00:00,BHARATI,-9.228333333333333,975.6550000000001,51.223333333333336,9.386666666666667,107.51717637924236,0.3221405875977014,REAL_AWS
2026-02-14 22:00:00,BHARATI,-9.41,975.8983333333333,53.44833333333334,11.721666666666666,114.98494248379416,0.4022753466929393,REAL_AWS
2026-02-14 23:00:00,BHARATI,-9.665,976.0566666666667,54.315000000000005,14.51,118.0166108564074,0.497968031893748,REAL_AWS
2026-02-15 00:00:00,BHARATI,-9.055737704918032,975.9901639344263,51.42622950819672,13.304918032786885,114.71669892855061,0.4566108785178858,REAL_AWS
2026-02-15 01:00:00,BHARATI,-9.113333333333333,976.2583333333333,53.80833333333333,9.59,105.21093589031108,0.3291187750421119,REAL_AWS
2026-02-15 02:00:00,BHARATI,-8.498333333333333,976.3584905660377,54.325,7.821666666666667,111.20243056745801,0.26843142357883754,REAL_AWS
2026-02-15 03:00:00,BHARATI,-7.293333333333334,976.496875,50.358333333333334,5.088333333333334,89.06427279791438,0.17462628088348411,REAL_AWS
2026-02-15 04:00:00,BHARATI,-6.795,976.4816666666667,48.63666666666666,4.3149999999999995,95.70825209667458,0.148086289291628,REAL_AWS
2026-02-15 05:00:00,BHARATI,-6.428333333333333,976.3016666666666,47.03666666666666,4.45,85.60151140542177,0.15271934816865462,REAL_AWS
2026-02-15 06:00:00,BHARATI,-6.136666666666667,976.1783333333334,50.48833333333334,6.133333333333334,92.0355435778435,0.21048958848713448,REAL_AWS
2026-02-15 07:00:00,BHARATI,-5.9399999999999995,976.09,50.70666666666667,6.36,98.31701445699031,0.2182685515399199,REAL_AWS
2026-02-15 08:00:00,BHARATI,-5.466666666666667,975.99,50.80166666666666,5.915,87.9136603479156,0.2029966167230544,REAL_AWS
2026-02-15 09:00:00,BHARATI,-5.235,975.7466666666667,50.638333333333335,5.965,77.1783732089126,0.2047125644552865,REAL_AWS
2026-02-15 10:00:00,BHARATI,-5.1850000000000005,975.5483333333334,51.43666666666666,5.741666666666666,83.77820823184783,0.1970479979179832,REAL_AWS
2026-02-15 11:00:00,BHARATI,-5.076666666666667,975.1783333333333,50.12166666666667,5.583333333333333,98.87854490387798,0.19161416343258164,REAL_AWS
2026-02-15 12:00:00,BHARATI,-5.075,974.7716666666666,50.669999999999995,5.408333333333333,109.81223074184106,0.1856083463697694,REAL_AWS
2026-02-15 13:00:00,BHARATI,-5.191666666666666,974.3694444444445,51.849999999999994,5.794444444444444,104.47323874642876,0.19885927607978374,REAL_AWS
2026-02-15 14:00:00,BHARATI,-5.306779661016949,974.028813559322,50.57796610169491,5.250847457627119,102.56890683364071,0.18020359574423617,REAL_AWS
2026-02-15 15:00:00,BHARATI,-5.213333333333334,973.6833333333333,50.336666666666666,5.108333333333333,109.06664425187853,0.17531265997637693,REAL_AWS
2026-02-15 16:00:00,BHARATI,-5.281666666666666,973.3116666666666,51.044999999999995,7.178333333333333,113.61172073821882,0.2463528960907848,REAL_AWS
2026-02-15 17:00:00,BHARATI,-5.3566666666666665,973.0133333333334,52.431666666666665,7.239999999999999,117.6967870043577,0.24846923162720436,REAL_AWS
2026-02-15 18:00:00,BHARATI,-5.566101694915254,972.7610169491526,51.33898305084746,8.677966101694915,126.18566474302452,0.2978187250518041,REAL_AWS
2026-02-15 19:00:00,BHARATI,-5.838333333333334,972.5,52.53333333333333,8.965,124.0230012509777,0.30766942838921096,REAL_AWS
2026-02-15 20:00:00,BHARATI,-5.925,972.4016666666666,53.8,6.3149999999999995,97.09103363380734,0.216724198580911,REAL_AWS
2026-02-15 21:00:00,BHARATI,-5.6433333333333335,972.0333333333333,51.288333333333334,10.825,121.94708373603976,0.3715026840282441,REAL_AWS
2026-02-15 22:00:00,BHARATI,-5.113333333333333,971.7933333333333,44.486666666666665,9.85,140.80984840957353,0.33804170324971866,REAL_AWS
2026-02-15 23:00:00,BHARATI,-5.493333333333334,971.7066666666667,43.79666666666667,14.753333333333334,127.61687429602864,0.5063189775239442,REAL_AWS
2026-02-16 00:00:00,BHARATI,-5.153225806451613,971.9580645161291,43.90161290322581,9.838709677419354,135.37235703949295,0.3376542311811501,REAL_AWS
2026-02-16 01:00:00,BHARATI,-5.241666666666666,971.5833333333334,56.666666666666664,3.9050000000000002,176.95859578428986,0.13401551788732502,REAL_AWS
2026-02-16 02:00:00,BHARATI,-4.995,971.8,63.28333333333333,5.693333333333333,208.39736752350709,0.1953892484434922,REAL_AWS
2026-02-16 03:00:00,BHARATI,-5.295,971.995,55.763333333333335,10.186666666666667,218.58730300463662,0.34959575131341464,REAL_AWS
2026-02-16 04:00:00,BHARATI,-5.276666666666666,972.1800000000001,61.065000000000005,11.84,215.99804597057434,0.40633642299255524,REAL_AWS
2026-02-16 05:00:00,BHARATI,-5.6,972.2883333333333,68.735,9.01,206.94576604862533,0.3092137813482198,REAL_AWS
2026-02-16 06:00:00,BHARATI,-5.595,972.4933333333333,66.09333333333333,9.71,207.75633613335603,0.33323704959946887,REAL_AWS
2026-02-16 07:00:00,BHARATI,-5.11,972.6700000000001,65.76,9.801666666666668,215.05332959679646,0.3363829537752277,REAL_AWS
2026-02-16 08:00:00,BHARATI,-6.211666666666667,973.0450000000001,84.56833333333334,11.976666666666667,216.65189782727072,0.4110266801273229,REAL_AWS
2026-02-16 09:00:00,BHARATI,-6.363333333333333,973.592156862745,83.09666666666666,12.141666666666667,217.4879080719639,0.4166893076436888,REAL_AWS
2026-02-16 10:00:00,BHARATI,-6.108333333333333,973.9516666666666,78.985,9.481666666666666,206.21647700854712,0.32540088828894237,REAL_AWS
2026-02-16 11:00:00,BHARATI,-5.993333333333334,974.3966666666668,78.77333333333333,7.105,226.15391494007423,0.2438361727501778,REAL_AWS
2026-02-16 12:00:00,BHARATI,-6.6483333333333325,975.02,79.15333333333334,8.408333333333333,225.8600602202596,0.28856521030369386,REAL_AWS
2026-02-16 13:00:00,BHARATI,-7.748333333333333,975.3733333333333,77.41000000000001,11.276666666666667,219.58353438571993,0.3870034118760739,REAL_AWS
2026-02-16 14:00:00,BHARATI,-8.048333333333334,975.6533333333334,72.43,11.99,221.7327407418426,0.41148426618925144,REAL_AWS
2026-02-16 15:00:00,BHARATI,-7.986666666666666,975.975,72.31333333333333,10.286666666666667,220.48552239610038,0.3530276467778788,REAL_AWS
2026-02-16 16:00:00,BHARATI,-7.8100000000000005,976.3166666666667,72.66666666666667,9.276666666666667,217.27594726970784,0.3183655025867909,REAL_AWS
2026-02-16 17:00:00,BHARATI,-7.72,976.735,77.31666666666666,9.565,221.68422613070337,0.3282608011759958,REAL_AWS
2026-02-16 18:00:00,BHARATI,-7.568333333333333,977.0516666666666,85.65333333333334,8.743333333333334,212.84096095785196,0.30006206010964875,REAL_AWS
2026-02-16 19:00:00,BHARATI,-8.371666666666666,977.495,89.71833333333333,7.891666666666667,210.52286542582428,0.2708337504039624,REAL_AWS
2026-02-16 20:00:00,BHARATI,-9.136666666666667,978.35,83.33166666666666,7.033333333333333,216.2487601085117,0.24137664766731182,REAL_AWS
2026-02-16 21:00:00,BHARATI,-9.266666666666667,979.4583333333334,81.32833333333333,3.8766666666666665,218.92746112296558,0.13304314750572682,REAL_AWS
2026-02-16 22:00:00,BHARATI,-9.405000000000001,979.9116666666666,80.84666666666666,6.073333333333333,204.65673316153575,0.20843045120845596,REAL_AWS
2026-02-16 23:00:00,BHARATI,-9.185,980.6566666666666,77.07166666666667,5.233333333333333,205.98061031797295,0.17960252930695714,REAL_AWS
2026-02-17 00:00:00,BHARATI,-9.22258064516129,981.45,78.04677419354839,7.333870967741936,197.08753636210022,0.2516907851115885,REAL_AWS
2026-02-17 01:00:00,BHARATI,-9.316666666666666,981.8199999999999,77.27,7.04,202.13301618839844,0.24160544069827608,REAL_AWS
2026-02-17 02:00:00,BHARATI,-8.978333333333333,982.2283333333332,75.58166666666666,7.713333333333334,218.19318163923003,0.26471353682566806,REAL_AWS
2026-02-17 03:00:00,BHARATI,-8.875,982.7316666666667,75.36,8.74,196.43780158278219,0.29994766359416664,REAL_AWS
2026-02-17 04:00:00,BHARATI,-8.723333333333333,983.19,74.57166666666667,8.763333333333332,200.2329951780379,0.3007484392025415,REAL_AWS
2026-02-17 05:00:00,BHARATI,-7.493333333333334,983.6333333333333,74.955,5.125,173.31123809845587,0.17588464255378763,REAL_AWS
2026-02-17 06:00:00,BHARATI,-6.22,984.4083333333333,81.94666666666667,3.756666666666667,77.12631958344372,0.12892487294836988,REAL_AWS
2026-02-17 07:00:00,BHARATI,-5.691666666666666,985.05,80.54666666666667,4.4366666666666665,91.72806025681922,0.15226176210672607,REAL_AWS
2026-02-17 08:00:00,BHARATI,-4.965,985.2916666666666,77.64666666666668,5.681666666666667,89.76771310792265,0.19498886063930473,REAL_AWS
2026-02-17 09:00:00,BHARATI,-4.426666666666667,985.4016666666666,73.54666666666667,11.041666666666666,68.98411530284568,0.3789384575345831,REAL_AWS
2026-02-17 10:00:00,BHARATI,-4.308333333333334,985.8583333333333,73.365,8.743333333333334,68.98707132799541,0.30006206010964875,REAL_AWS
2026-02-17 11:00:00,BHARATI,-4.4383333333333335,985.9449999999999,70.36833333333334,6.298333333333333,80.56044311930799,0.2161522160035003,REAL_AWS
2026-02-17 12:00:00,BHARATI,-5.0649999999999995,986.095,71.16333333333334,4.918333333333334,106.758668043988,0.16879205859389507,REAL_AWS
2026-02-17 13:00:00,BHARATI,-4.625,986.24,70.19333333333334,4.7716666666666665,102.39969607052274,0.16375861191268096,REAL_AWS
2026-02-17 14:00:00,BHARATI,-4.4766666666666675,986.4150000000001,68.43,4.611666666666666,101.53127739906915,0.15826757916953832,REAL_AWS
2026-02-17 15:00:00,BHARATI,-4.073333333333333,986.473469387755,73.27166666666668,5.701666666666667,89.1057541272919,0.19567523973219758,REAL_AWS
2026-02-17 16:00:00,BHARATI,-3.8666666666666667,986.6697674418606,76.60333333333332,5.506666666666666,87.08653052609702,0.18898304357649245,REAL_AWS
2026-02-17 17:00:00,BHARATI,-3.6533333333333333,986.975,82.62833333333333,5.826666666666667,53.63526908034498,0.19996510906277776,REAL_AWS
2026-02-17 18:00:00,BHARATI,-3.618333333333333,987.1633333333334,85.99166666666666,7.428333333333333,73.44423460648034,0.25493263475194516,REAL_AWS
2026-02-17 19:00:00,BHARATI,-3.5166666666666666,987.1966666666667,83.96833333333333,12.935,61.481300733480396,0.4439156783284377,REAL_AWS
2026-02-17 20:00:00,BHARATI,-3.54,987.3633333333332,82.205,16.2,66.98393247843956,0.5559670652431921,REAL_AWS
2026-02-17 21:00:00,BHARATI,-3.5716666666666668,987.4699999999999,81.84166666666667,15.978333333333333,64.66547747898034,0.54835969696363,REAL_AWS
2026-02-17 22:00:00,BHARATI,-3.703333333333333,987.6800000000001,79.64833333333333,16.095000000000002,69.7723223096815,0.5523635750055048,REAL_AWS
2026-02-17 23:00:00,BHARATI,-3.7383333333333337,987.7333333333333,75.35666666666665,17.403333333333332,71.94994099120845,0.5972642073322441,REAL_AWS
2026-02-18 00:00:00,BHARATI,-3.9327868852459016,987.6016393442623,74.34426229508196,16.88360655737705,74.37810863134388,0.5794277276805946,REAL_AWS
2026-02-18 01:00:00,BHARATI,-3.9116666666666666,987.6733333333334,66.99166666666666,16.41,81.3370646138606,0.5631740457185669,REAL_AWS
2026-02-18 02:00:00,BHARATI,-3.8183333333333334,987.4883333333333,61.0,16.676666666666666,86.98336622881078,0.5723257669571379,REAL_AWS
2026-02-18 03:00:00,BHARATI,-3.453333333333333,987.4599999999999,56.901666666666664,12.706666666666667,89.03438143046776,0.4360795170179112,REAL_AWS
2026-02-18 04:00:00,BHARATI,-3.165,987.245,52.35333333333333,12.523333333333333,87.88384091957897,0.4297877086663936,REAL_AWS
2026-02-18 05:00:00,BHARATI,-2.481666666666667,987.0966666666667,50.013333333333335,10.118333333333334,76.02056326497416,0.3472506227460308,REAL_AWS
2026-02-18 06:00:00,BHARATI,-1.876271186440678,986.9440677966102,47.12881355932203,10.020338983050848,78.18585368696824,0.3438875590832551,REAL_AWS
2026-02-18 07:00:00,BHARATI,-1.7966666666666666,986.7533333333333,51.440000000000005,10.045,65.22585303131603,0.34473389940542376,REAL_AWS
2026-02-18 08:00:00,BHARATI,-1.2483333333333335,986.545,51.635,9.051666666666668,63.05671262226616,0.3106437377917466,REAL_AWS
2026-02-18 09:00:00,BHARATI,-0.8116666666666668,986.375,49.17666666666666,6.7,52.10666119183145,0.22993699611909799,REAL_AWS
2026-02-18 10:00:00,BHARATI,-0.9,986.1166666666667,49.36833333333333,4.9383333333333335,40.07578995750083,0.16947843768678789,REAL_AWS
2026-02-18 11:00:00,BHARATI,-1.4883333333333333,985.8233333333334,54.385,3.415,27.08690457027336,0.11719923011145068,REAL_AWS
2026-02-18 12:00:00,BHARATI,-2.106666666666667,985.5766666666666,55.72833333333333,2.7483333333333335,86.99800098688411,0.09431992701502304,REAL_AWS
2026-02-18 13:00:00,BHARATI,-3.1383333333333336,985.125,54.20666666666667,5.526666666666667,111.25282688026829,0.18966942266938533,REAL_AWS
2026-02-18 14:00:00,BHARATI,-4.3566666666666665,984.5816666666667,51.99,7.15,121.10350080053672,0.24538052570918667,REAL_AWS
2026-02-18 15:00:00,BHARATI,-4.864999999999999,983.9733333333334,49.20666666666667,7.785,118.29973646779587,0.267173061908534,REAL_AWS
2026-02-18 16:00:00,BHARATI,-5.233333333333333,983.38,47.005,7.531666666666666,109.12206166814116,0.2584789267318915,REAL_AWS
2026-02-18 17:00:00,BHARATI,-5.441666666666666,982.7983333333334,46.16833333333333,7.02,106.5353731640883,0.24091906160538323,REAL_AWS
2026-02-18 18:00:00,BHARATI,-5.905,982.0533333333333,46.925,8.55,112.06449464728115,0.29342706221168474,REAL_AWS
2026-02-18 19:00:00,BHARATI,-6.22,981.3066666666667,46.87,8.913333333333332,105.06627831175734,0.3058962823992378,REAL_AWS
2026-02-18 20:00:00,BHARATI,-6.778333333333333,980.501724137931,49.968333333333334,10.653333333333334,99.38324136190937,0.36561126348091405,REAL_AWS
2026-02-18 21:00:00,BHARATI,-7.62,979.7387096774194,53.919999999999995,11.538333333333332,98.28419551282184,0.3959835383414217,REAL_AWS
2026-02-18 22:00:00,BHARATI,-8.115,978.8547169811321,56.09166666666667,13.973333333333333,94.48331126121195,0.4795501929011237,REAL_AWS
2026-02-18 23:00:00,BHARATI,-8.148333333333333,978.0683333333333,53.04333333333333,17.445,91.71419086458036,0.5986941637757708,REAL_AWS
2026-02-19 00:00:00,BHARATI,-8.686885245901639,977.2737704918032,54.79672131147541,14.844262295081966,94.69232763497325,0.5094395644380798,REAL_AWS
2026-02-19 01:00:00,BHARATI,-8.661666666666667,976.2183333333334,54.29333333333333,14.828333333333335,98.6460937204418,0.5088928991222923,REAL_AWS
2026-02-19 02:00:00,BHARATI,-8.203333333333333,975.2166666666667,51.873333333333335,15.05,96.65444699907869,0.5165002674018544,REAL_AWS
2026-02-19 03:00:00,BHARATI,-7.258333333333334,974.075,47.431666666666665,14.536666666666667,96.17122003569352,0.4988832040176051,REAL_AWS
2026-02-19 04:00:00,BHARATI,-6.468333333333334,972.8733333333333,44.89833333333333,13.671666666666665,92.11479309095648,0.4691973082499902,REAL_AWS
2026-02-19 05:00:00,BHARATI,-5.819999999999999,972.0583333333333,43.68666666666666,11.213333333333333,89.50099613361533,0.3848298780819132,REAL_AWS
2026-02-19 06:00:00,BHARATI,-4.918333333333334,971.3349999999999,40.641666666666666,9.191666666666666,76.34418599339216,0.3154483914419963,REAL_AWS
2026-02-19 07:00:00,BHARATI,-4.655,970.8299999999999,39.843333333333334,8.455,81.24245986577222,0.2901667615204438,REAL_AWS
2026-02-19 08:00:00,BHARATI,-4.361666666666666,970.6466666666668,38.76833333333333,10.063333333333333,82.23347169240617,0.3453630802405755,REAL_AWS
2026-02-19 09:00:00,BHARATI,-4.245,970.3933333333333,39.63166666666667,13.196666666666665,68.26020041762587,0.4528958047937855,REAL_AWS
2026-02-19 10:00:00,BHARATI,-4.423333333333333,970.265,42.37,14.231666666666666,61.96478112250662,0.48841592285098945,REAL_AWS
2026-02-19 11:00:00,BHARATI,-4.5633333333333335,970.3299999999999,42.18833333333334,13.379999999999999,69.41597443936519,0.4591876131453031,REAL_AWS
2026-02-19 12:00:00,BHARATI,-4.966666666666667,970.6783333333333,48.35166666666667,10.921666666666665,72.01117818786514,0.3748201829772261,REAL_AWS
2026-02-19 13:00:00,BHARATI,-6.071666666666667,971.0683333333333,49.166666666666664,12.753333333333334,91.56741967365485,0.43768106823466113,REAL_AWS
2026-02-19 14:00:00,BHARATI,-6.694999999999999,971.7083333333334,50.77166666666667,13.025,91.66693123842322,0.4470043842464554,REAL_AWS
2026-02-19 15:00:00,BHARATI,-7.475,972.5333333333333,54.57666666666667,13.238333333333333,91.36890240418131,0.4543257612373122,REAL_AWS
2026-02-19 16:00:00,BHARATI,-6.796666666666667,973.42,59.330000000000005,12.021666666666667,77.81858626724738,0.41257103308633175,REAL_AWS
2026-02-19 17:00:00,BHARATI,-6.1866666666666665,974.3483333333334,54.74166666666667,15.514999999999999,66.47166494807857,0.5324585813116126,REAL_AWS
2026-02-19 18:00:00,BHARATI,-7.336666666666667,975.4883333333333,53.43333333333333,15.723333333333333,85.00645567320669,0.5396083635292463,REAL_AWS
2026-02-19 19:00:00,BHARATI,-6.943333333333333,976.65,54.71666666666667,17.211666666666666,73.09676810343126,0.5906864076920211,REAL_AWS
2026-02-19 20:00:00,BHARATI,-6.998333333333333,977.6833333333333,58.27166666666667,16.953333333333333,75.72848503824497,0.5818206777421554,REAL_AWS
2026-02-19 21:00:00,BHARATI,-6.408333333333333,978.7383333333333,55.46,16.028333333333332,69.96592586035945,0.550075644695862,REAL_AWS
2026-02-19 22:00:00,BHARATI,-7.156666666666666,979.8349999999999,56.175,14.481666666666666,81.4503075541578,0.4969956615121498,REAL_AWS
2026-02-19 23:00:00,BHARATI,-7.766666666666667,980.5033333333333,53.20166666666667,18.185,88.61645439028132,0.6240901902128054,REAL_AWS
2026-02-20 00:00:00,BHARATI,-7.980327868852459,981.1065573770492,50.881967213114756,17.29016393442623,88.51244557294626,0.5933803518639897,REAL_AWS
2026-02-20 01:00:00,BHARATI,-7.788333333333333,981.5133333333334,47.230000000000004,15.135,88.49996444520485,0.5194173785466489,REAL_AWS
2026-02-20 02:00:00,BHARATI,-6.666666666666667,981.885,43.708333333333336,11.858333333333333,91.28419887985547,0.40696560382770697,REAL_AWS
2026-02-20 03:00:00,BHARATI,-5.67,981.8766666666667,42.64333333333333,7.7283333333333335,93.05907075062805,0.2652283211453377,REAL_AWS
2026-02-20 04:00:00,BHARATI,-4.2,981.7066666666667,38.49333333333333,5.366666666666666,66.40221371865351,0.18417838992624264,REAL_AWS
2026-02-20 05:00:00,BHARATI,-3.5116666666666663,981.5744186046511,38.306666666666665,2.74,318.36129813057994,0.09403393572631769,REAL_AWS
2026-02-20 06:00:00,BHARATI,-4.055,981.4160714285714,39.19833333333334,3.0633333333333335,224.24563786650455,0.1051303977280851,REAL_AWS
2026-02-20 07:00:00,BHARATI,-3.746666666666667,981.1566666666666,38.29333333333333,3.4566666666666666,212.85471041391904,0.11862918655497741,REAL_AWS
2026-02-20 08:00:00,BHARATI,-3.61,980.795,38.669999999999995,4.163333333333333,205.41820063647182,0.14288124783719072,REAL_AWS
2026-02-20 09:00:00,BHARATI,-3.378333333333333,980.4266666666666,40.97,6.306666666666667,212.73053184121534,0.21643820729220567,REAL_AWS
2026-02-20 10:00:00,BHARATI,-3.5133333333333336,980.0183333333333,52.794999999999995,9.038333333333332,221.0669875669093,0.31018615172981795,REAL_AWS
2026-02-20 11:00:00,BHARATI,-3.731666666666667,979.8483333333334,60.63166666666667,9.028333333333334,221.4778984840318,0.3098429621833716,REAL_AWS
2026-02-20 12:00:00,BHARATI,-4.5616666666666665,979.725,63.36666666666667,12.26,220.50089568954985,0.42075038394330466,REAL_AWS
2026-02-20 13:00:00,BHARATI,-5.364999999999999,979.6316666666667,68.735,11.326666666666666,219.47060592094093,0.3887193596083059,REAL_AWS
2026-02-20 14:00:00,BHARATI,-6.505,979.4449999999999,76.825,9.683333333333334,219.29990417357033,0.33232187747561176,REAL_AWS
2026-02-20 15:00:00,BHARATI,-6.864999999999999,979.1,76.22666666666667,7.823333333333333,205.03171836186655,0.26848862183657857,REAL_AWS
2026-02-20 16:00:00,BHARATI,-7.136666666666667,979.035,61.89666666666667,2.1216666666666666,244.58290323988308,0.07281338210438103,REAL_AWS
2026-02-20 17:00:00,BHARATI,-6.778333333333333,979.2633333333334,60.005,1.6966666666666665,36.29071614806844,0.05822782638040839,REAL_AWS
2026-02-20 18:00:00,BHARATI,-6.743333333333334,979.5616666666667,52.495,6.925,96.24807626175613,0.23765876091414231,REAL_AWS
2026-02-20 19:00:00,BHARATI,-7.236666666666666,979.9166666666666,57.11833333333333,8.646666666666667,97.31005617666875,0.2967445611606667,REAL_AWS
2026-02-20 20:00:00,BHARATI,-7.046666666666667,980.4983333333333,58.50833333333333,9.236666666666668,93.21677014552847,0.3169927444010053,REAL_AWS
2026-02-20 21:00:00,BHARATI,-6.8533333333333335,981.1916666666667,57.53,11.096666666666666,89.26564104709996,0.38082600004003836,REAL_AWS
2026-02-20 22:00:00,BHARATI,-6.193333333333333,981.9416666666667,61.86666666666667,10.110000000000001,87.2339276861212,0.3469646314573255,REAL_AWS
2026-02-20 23:00:00,BHARATI,-5.838333333333334,982.615,60.91833333333333,10.751666666666667,76.32821314135379,0.36898596068763706,REAL_AWS
2026-02-21 00:00:00,BHARATI,-5.298360655737705,983.3803278688524,70.19672131147541,10.967213114754099,71.77273584727135,0.37638328946336325,REAL_AWS
2026-02-21 01:00:00,BHARATI,-5.036666666666666,983.9116666666666,77.86833333333334,8.585,31.03409855812447,0.29462822562424723,REAL_AWS
2026-02-21 02:00:00,BHARATI,-5.698333333333333,984.745,88.58500000000001,3.5983333333333336,2.741785360253175,0.1234910384629683,REAL_AWS
2026-02-21 03:00:00,BHARATI,-5.958333333333333,985.575,88.35666666666665,3.115,322.387590693403,0.10690354371805824,REAL_AWS
2026-02-21 04:00:00,BHARATI,-6.0,986.27,86.86666666666666,1.5783333333333334,316.096503499857,0.05416675008079248,REAL_AWS
2026-02-21 05:00:00,BHARATI,-5.586666666666667,986.895,84.58333333333333,2.05,26.665860897350285,0.07035385702151505,REAL_AWS
2026-02-21 06:00:00,BHARATI,-5.451666666666667,987.2416666666667,81.82333333333332,1.3783333333333334,94.93252879102931,0.047302959151864186,REAL_AWS
2026-02-21 07:00:00,BHARATI,-5.085,987.4683333333334,78.79333333333334,1.5516666666666665,242.82877718927142,0.05325157795693537,REAL_AWS
2026-02-21 08:00:00,BHARATI,-5.706666666666666,987.6117647058825,79.19,4.743333333333334,273.0993897219034,0.16278624153108281,REAL_AWS
2026-02-21 09:00:00,BHARATI,-6.583333333333333,987.7617021276596,81.40166666666667,5.2,249.01881324423235,0.17845856415213576,REAL_AWS
2026-02-21 10:00:00,BHARATI,-7.625,987.9683333333334,84.37833333333333,7.243333333333334,220.15633754064774,0.24858362814268656,REAL_AWS
2026-02-21 11:00:00,BHARATI,-8.19,988.265,81.455,5.88,206.76530575214153,0.20179545331049195,REAL_AWS
2026-02-21 12:00:00,BHARATI,-8.381666666666666,988.5583333333333,79.485,5.673333333333333,206.32727343737676,0.19470286935059936,REAL_AWS
2026-02-21 13:00:00,BHARATI,-8.796666666666669,988.7516666666667,81.66000000000001,5.215,208.7326151401939,0.17897334847180535,REAL_AWS
2026-02-21 14:00:00,BHARATI,-8.67,989.0733333333334,73.59833333333333,4.36,194.169050951932,0.1496306422506369,REAL_AWS
2026-02-21 15:00:00,BHARATI,-8.461666666666666,989.4816666666667,52.16833333333333,4.6066666666666665,187.51537213389955,0.15809598439631511,REAL_AWS
2026-02-21 16:00:00,BHARATI,-8.321666666666667,989.9833333333333,47.54833333333333,3.6566666666666667,180.85215930975545,0.12549297748390573,REAL_AWS
2026-02-21 17:00:00,BHARATI,-8.876666666666667,990.6550000000001,51.96666666666667,1.87,200.3949633779061,0.06417644518547959,REAL_AWS
2026-02-21 18:00:00,BHARATI,-9.168333333333333,991.4150000000001,60.825,3.445,131.30403092738254,0.11822879875078993,REAL_AWS
2026-02-21 19:00:00,BHARATI,-9.478333333333333,991.9466666666667,67.99499999999999,4.921666666666667,126.20153669012882,0.1689064551093772,REAL_AWS
2026-02-21 20:00:00,BHARATI,-9.525,992.4533333333333,68.145,4.101666666666667,77.3132618368125,0.14076491230077118,REAL_AWS
2026-02-21 21:00:00,BHARATI,-8.818333333333333,992.9366666666666,63.14,6.123333333333333,96.96753669158477,0.21014639894068804,REAL_AWS
2026-02-21 22:00:00,BHARATI,-8.136666666666667,993.4866666666666,61.465,6.0600000000000005,102.5974945505182,0.20797286514652744,REAL_AWS
2026-02-21 23:00:00,BHARATI,-8.148333333333333,993.735,60.836666666666666,9.778333333333334,117.87222228411008,0.3355821781668527,REAL_AWS
2026-02-22 00:00:00,BHARATI,-7.824590163934427,993.8688524590164,61.69672131147541,9.452459016393442,98.38184454258379,0.32439851226393907,REAL_AWS
2026-02-22 01:00:00,BHARATI,-7.04,994.0433333333333,64.79333333333334,11.281666666666666,93.20081272645757,0.38717500664929705,REAL_AWS
2026-02-22 02:00:00,BHARATI,-6.516666666666667,994.0016666666667,65.03,9.146666666666667,93.05240851714484,0.3139040384829875,REAL_AWS
2026-02-22 03:00:00,BHARATI,-5.614999999999999,993.825,60.559999999999995,11.863333333333333,80.37544737023296,0.4071371986009302,REAL_AWS
2026-02-22 04:00:00,BHARATI,-4.961666666666667,993.8016666666666,62.998333333333335,12.889999999999999,64.16375149823511,0.44237132536942875,REAL_AWS
2026-02-22 05:00:00,BHARATI,-4.833333333333333,993.63,74.19833333333332,15.229999999999999,65.167471882055,0.5226776792378899,REAL_AWS
2026-02-22 06:00:00,BHARATI,-4.676666666666667,993.4566666666667,81.32833333333333,17.065,61.41520940383327,0.5856529610108071,REAL_AWS
2026-02-22 07:00:00,BHARATI,-4.029999999999999,993.2916666666666,83.75166666666668,20.011666666666667,59.64981175768139,0.6867794806970172,REAL_AWS
2026-02-22 08:00:00,BHARATI,-3.618333333333333,993.2316666666667,82.845,18.758333333333333,61.564601296771514,0.6437663908757333,REAL_AWS
2026-02-22 09:00:00,BHARATI,-2.615,993.125,74.69833333333332,17.3,59.332061767059315,0.5937179153522978,REAL_AWS
2026-02-22 10:00:00,BHARATI,-2.893333333333333,993.1316666666667,82.35333333333332,15.348333333333333,58.69411910743503,0.5267387555375058,REAL_AWS
2026-02-22 11:00:00,BHARATI,-2.621666666666667,992.8916666666667,80.76666666666667,14.933333333333334,51.502699835697854,0.5124963893599795,REAL_AWS
2026-02-22 12:00:00,BHARATI,-2.533333333333333,992.6066666666667,84.30833333333334,12.3,55.99392637096247,0.42212314212909036,REAL_AWS
2026-02-22 13:00:00,BHARATI,-1.7833333333333334,992.1383333333334,65.09333333333333,12.498333333333333,70.07773938497496,0.4289297348002775,REAL_AWS
2026-02-22 14:00:00,BHARATI,-1.9133333333333333,991.7783333333333,59.08166666666667,13.893333333333334,62.233063075309644,0.47680467652955244,REAL_AWS
2026-02-22 15:00:00,BHARATI,-2.243333333333333,991.5566666666667,56.916666666666664,12.563333333333333,77.66703555693675,0.43116046685217924,REAL_AWS
2026-02-22 16:00:00,BHARATI,-3.21,991.2792452830189,60.065000000000005,15.418333333333333,90.40074470732816,0.5291410823626307,REAL_AWS
2026-02-22 17:00:00,BHARATI,-3.8066666666666666,990.8303030303031,60.635,16.693333333333335,91.45022218353955,0.5728977495345486,REAL_AWS
2026-02-22 18:00:00,BHARATI,-4.193333333333333,990.515,58.031666666666666,16.278333333333332,88.73360993634736,0.5586553833570224,REAL_AWS
2026-02-22 19:00:00,BHARATI,-4.5233333333333325,990.1966666666667,56.07833333333333,17.478333333333335,90.75047859336576,0.5998381289305922,REAL_AWS
2026-02-22 20:00:00,BHARATI,-5.206666666666666,989.8766666666667,60.7,16.83833333333333,93.79961186071012,0.5778739979580215,REAL_AWS
2026-02-22 21:00:00,BHARATI,-5.15,989.3216666666667,59.38166666666667,15.473333333333333,94.36422559058451,0.531028624868086,REAL_AWS
2026-02-22 22:00:00,BHARATI,-5.863333333333333,988.6416666666667,59.05166666666666,14.125,99.54902082188141,0.48475523435556106,REAL_AWS
2026-02-22 23:00:00,BHARATI,-6.245,987.9066666666666,60.07833333333333,15.615,98.53663445999513,0.5358904767760768,REAL_AWS
2026-02-23 00:00:00,BHARATI,-5.60983606557377,986.9032786885246,55.58524590163934,16.937704918032786,93.78659139141968,0.5812843268662883,REAL_AWS
2026-02-23 01:00:00,BHARATI,-5.5233333333333325,986.535,54.485,15.341666666666667,93.916374823522,0.5265099625065415,REAL_AWS
2026-02-23 02:00:00,BHARATI,-4.958333333333333,985.76,51.236666666666665,15.895000000000001,95.41168544763678,0.5454997840765765,REAL_AWS
2026-02-23 03:00:00,BHARATI,-4.383333333333334,984.9699999999999,49.65,18.263333333333332,92.6925606600135,0.6267785083266357,REAL_AWS
2026-02-23 04:00:00,BHARATI,-4.121666666666667,983.9633333333334,49.718333333333334,19.915000000000003,89.91885872232444,0.6834619817480353,REAL_AWS
2026-02-23 05:00:00,BHARATI,-3.5133333333333336,983.1383333333334,47.01833333333333,19.596666666666668,89.56580852365744,0.672537114519491,REAL_AWS
2026-02-23 06:00:00,BHARATI,-3.3400000000000003,982.2766666666666,50.06166666666666,17.311666666666667,84.3654323928767,0.5941183031564853,REAL_AWS
2026-02-23 07:00:00,BHARATI,-3.39,981.2199999999999,52.818333333333335,16.731666666666666,88.91752628084913,0.5742133094625932,REAL_AWS
2026-02-23 08:00:00,BHARATI,-3.4616666666666664,980.2833333333333,56.74333333333333,15.333333333333334,57.81182522392663,0.5262239712178362,REAL_AWS
2026-02-23 09:00:00,BHARATI,-3.9650000000000003,979.3383333333334,50.92166666666667,19.581666666666667,49.55873764107537,0.6720223301998215,REAL_AWS
2026-02-23 10:00:00,BHARATI,-4.218333333333333,978.3366666666666,48.166666666666664,15.843333333333334,104.69837750888951,0.5437266380866034,REAL_AWS
2026-02-23 11:00:00,BHARATI,-3.305,977.275,41.915,9.398333333333333,112.48895105237011,0.3225409754018889,REAL_AWS
2026-02-23 12:00:00,BHARATI,-3.3800000000000003,976.0283333333333,39.20333333333333,8.241666666666667,106.23030192582746,0.28284538452958696,REAL_AWS
2026-02-23 13:00:00,BHARATI,-4.831666666666666,974.8083333333333,43.961666666666666,10.753333333333334,98.87225744889975,0.36904315894537815,REAL_AWS
2026-02-23 14:00:00,BHARATI,-5.78,973.8083333333333,47.19666666666667,11.508333333333333,95.21285709670406,0.39495396970208246,REAL_AWS
2026-02-23 15:00:00,BHARATI,-6.158333333333333,973.1416666666667,45.49333333333333,12.305,90.78342857095242,0.4222947369023135,REAL_AWS
2026-02-23 16:00:00,BHARATI,-6.67,972.5833333333334,47.294999999999995,14.84,90.9670445397087,0.5092932869264797,REAL_AWS
2026-02-23 17:00:00,BHARATI,-7.0,972.2966666666667,47.165,16.461666666666666,90.23357667084304,0.5649471917085399,REAL_AWS
2026-02-23 18:00:00,BHARATI,-6.916666666666667,972.1216666666667,48.18,17.055,89.83342603278294,0.5853097714643606,REAL_AWS
2026-02-23 19:00:00,BHARATI,-7.166666666666667,972.0,45.88333333333333,18.43,88.63330685722781,0.6324983341007426,REAL_AWS
2026-02-23 20:00:00,BHARATI,-7.358333333333333,971.9483333333334,46.275,17.34,89.51675230507806,0.5950906735380834,REAL_AWS
2026-02-23 21:00:00,BHARATI,-7.778333333333333,971.9283333333333,47.068333333333335,14.754999999999999,94.08309258492267,0.5063761757816851,REAL_AWS
2026-02-23 22:00:00,BHARATI,-8.261666666666667,971.9766666666667,46.30833333333333,13.843333333333334,91.9812122108234,0.47508872879732034,REAL_AWS
2026-02-23 23:00:00,BHARATI,-8.298333333333334,971.9699999999999,47.345,15.563333333333333,93.49998975737935,0.5341173307861037,REAL_AWS
2026-02-24 00:00:00,BHARATI,-7.811475409836065,971.7377049180328,46.373770491803285,15.495081967213116,91.27880537879952,0.5317750152477891,REAL_AWS
2026-02-24 01:00:00,BHARATI,-6.885000000000001,971.635,43.69666666666667,13.858333333333333,88.23366445210866,0.47560351311698995,REAL_AWS
2026-02-24 02:00:00,BHARATI,-6.043333333333334,971.52,43.80166666666666,11.935,90.41983727860685,0.4095967236837962,REAL_AWS
2026-02-24 03:00:00,BHARATI,-4.491666666666666,971.3676470588235,42.75333333333333,8.775,83.11809988803168,0.30114882700672907,REAL_AWS
2026-02-24 04:00:00,BHARATI,-3.2266666666666666,971.3000000000001,45.43333333333333,8.661666666666667,60.16475280671011,0.2972593454803364,REAL_AWS
2026-02-24 05:00:00,BHARATI,-2.9033333333333333,970.985,44.75,7.5600000000000005,68.96587416524022,0.2594512971134897,REAL_AWS
2026-02-24 06:00:00,BHARATI,-2.2383333333333337,970.6133333333333,44.225,4.891666666666667,66.54047375347477,0.16787688647003796,REAL_AWS
2026-02-24 07:00:00,BHARATI,-1.78,970.3016666666666,41.625,2.533333333333333,301.64009026002395,0.0869413517664251,REAL_AWS
2026-02-24 08:00:00,BHARATI,-2.2866666666666666,969.87,46.82666666666667,5.569999999999999,221.98632216730928,0.19115657737065309,REAL_AWS
2026-02-24 09:00:00,BHARATI,-2.8133333333333335,969.455,51.098333333333336,9.713333333333333,224.96663625034748,0.333351446114951,REAL_AWS
2026-02-24 10:00:00,BHARATI,-3.3266666666666667,969.1666666666666,62.190000000000005,10.139999999999999,223.06634915856955,0.34799420009666465,REAL_AWS
2026-02-24 11:00:00,BHARATI,-3.253333333333333,968.7233333333334,65.94,8.04,215.0196837781696,0.2759243953429175,REAL_AWS
2026-02-24 12:00:00,BHARATI,-3.4016666666666664,968.3050000000001,65.43833333333333,7.513333333333334,217.50290978609567,0.25784974589673976,REAL_AWS
2026-02-24 13:00:00,BHARATI,-3.8549999999999995,967.735,68.145,7.366666666666666,207.9574148072023,0.2528162992155256,REAL_AWS
2026-02-24 14:00:00,BHARATI,-4.085,967.3333333333334,57.40833333333333,5.166666666666667,169.69604862433107,0.17731459899731436,REAL_AWS
2026-02-24 15:00:00,BHARATI,-4.263333333333334,967.1483333333333,48.255,5.375,107.63646742169402,0.18446438121494801,REAL_AWS
2026-02-24 16:00:00,BHARATI,-4.415,966.9699999999999,45.78666666666666,7.721666666666667,100.71426195261779,0.2649995281143734,REAL_AWS
2026-02-24 17:00:00,BHARATI,-4.751666666666667,966.8283333333333,43.78,9.683333333333334,97.8484293848926,0.33232187747561176,REAL_AWS
2026-02-24 18:00:00,BHARATI,-4.9783333333333335,966.8216666666666,42.980000000000004,9.661666666666667,96.34820531372094,0.33157830012497785,REAL_AWS
2026-02-24 19:00:00,BHARATI,-5.471666666666667,966.8683333333333,44.34,10.096666666666666,96.66838334330475,0.3465070453953969,REAL_AWS
2026-02-24 20:00:00,BHARATI,-5.9783333333333335,967.0433333333333,45.16166666666666,9.533333333333333,98.26635503666597,0.3271740342789155,REAL_AWS
2026-02-24 21:00:00,BHARATI,-6.541666666666667,967.3133333333334,45.985,11.425,98.32216885199108,0.392094056815029,REAL_AWS
2026-02-24 22:00:00,BHARATI,-6.4383333333333335,967.6550000000001,47.623333333333335,11.663333333333332,97.73370998877374,0.40027340767200187,REAL_AWS
2026-02-24 23:00:00,BHARATI,-6.6483333333333325,968.0516666666666,48.855000000000004,11.521666666666667,98.18335763029518,0.39541155576401105,REAL_AWS
2026-02-25 00:00:00,BHARATI,-6.244262295081967,968.6245901639344,49.619672131147546,11.842622950819672,95.44544524030249,0.40642643992277067,REAL_AWS
2026-02-25 01:00:00,BHARATI,-5.858333333333333,968.9316666666667,48.75833333333333,11.715,92.75010979923559,0.40204655366197506,REAL_AWS
2026-02-25 02:00:00,BHARATI,-4.668333333333334,969.4066666666666,47.50666666666667,13.379999999999999,88.36676559722775,0.4591876131453031,REAL_AWS
2026-02-25 03:00:00,BHARATI,-4.125,970.0116666666667,52.62,12.008333333333333,87.64988157295119,0.4121134470244032,REAL_AWS
2026-02-25 04:00:00,BHARATI,-3.235,970.615,54.208333333333336,10.610000000000001,88.5668775262626,0.36412410877964624,REAL_AWS
2026-02-25 05:00:00,BHARATI,-2.4216666666666664,971.2083333333334,59.111666666666665,8.69,83.13809702315302,0.29823171586193453,REAL_AWS
2026-02-25 06:00:00,BHARATI,-1.8583333333333334,971.6933333333333,59.67833333333333,8.165,87.55597208969391,0.28021426467349775,REAL_AWS
2026-02-25 07:00:00,BHARATI,-1.1900000000000002,972.1514285714287,62.09,10.888333333333332,49.200814704758955,0.3736762178224047,REAL_AWS
2026-02-25 08:00:00,BHARATI,-0.785,972.7483333333333,66.80833333333334,9.676666666666668,53.86828579306206,0.3320930844446475,REAL_AWS
2026-02-25 09:00:00,BHARATI,-0.31666666666666665,973.1633333333334,67.74166666666666,8.075,60.55148302551896,0.27712555875548,REAL_AWS
2026-02-25 10:00:00,BHARATI,-0.095,973.6800000000001,66.86666666666666,7.205,53.89657145568373,0.24726806821464192,REAL_AWS
2026-02-25 11:00:00,BHARATI,-0.12000000000000001,974.2283333333332,67.13333333333334,6.151666666666667,48.044627898114925,0.21111876932228624,REAL_AWS
2026-02-25 12:00:00,BHARATI,-0.20833333333333334,974.5916666666667,66.28833333333334,5.306666666666667,67.65955673437372,0.18211925264756418,REAL_AWS
2026-02-25 13:00:00,BHARATI,-0.7266666666666667,974.9066666666666,67.15666666666667,4.796666666666667,95.30089942290664,0.164616585778797,REAL_AWS
2026-02-25 14:00:00,BHARATI,-0.9333333333333333,975.1766666666666,63.89666666666667,5.286666666666666,99.64941646109708,0.18143287355467133,REAL_AWS
2026-02-25 15:00:00,BHARATI,-1.5083333333333333,975.5333333333333,65.25333333333333,5.4383333333333335,104.07990242908079,0.18663791500910865,REAL_AWS
2026-02-25 16:00:00,BHARATI,-1.8183333333333331,975.7916666666666,59.233333333333334,7.3966666666666665,122.263164991986,0.2538458678548649,REAL_AWS
2026-02-25 17:00:00,BHARATI,-1.4533333333333334,975.92,58.15333333333333,7.645,123.03658756057928,0.26236840825828417,REAL_AWS
2026-02-25 18:00:00,BHARATI,-1.38,976.0400000000001,57.80166666666666,8.353333333333333,96.43326132813013,0.28667766779823856,REAL_AWS
2026-02-25 19:00:00,BHARATI,-1.2416666666666667,976.2366666666668,65.72,10.270000000000001,73.14917111376269,0.35245566420046814,REAL_AWS
2026-02-25 20:00:00,BHARATI,-1.7766666666666668,976.6533333333333,80.94333333333334,10.641666666666667,65.91030007848019,0.36521087567672655,REAL_AWS
2026-02-25 21:00:00,BHARATI,-2.3433333333333333,976.93,81.54833333333333,8.264999999999999,69.41360102608871,0.28364616013796184,REAL_AWS
2026-02-25 22:00:00,BHARATI,-2.4916666666666667,977.1783333333334,69.04833333333333,10.876666666666667,78.14327126348144,0.3732758300182173,REAL_AWS
2026-02-25 23:00:00,BHARATI,-2.7066666666666666,977.395,67.31166666666667,11.756666666666666,91.21909350100782,0.40347651010550173,REAL_AWS
2026-02-26 00:00:00,BHARATI,-2.6278688524590166,977.6163934426229,64.09016393442623,13.12295081967213,86.76154368406446,0.4503659539841887,REAL_AWS
2026-02-26 01:00:00,BHARATI,-2.0683333333333334,977.8549999999999,59.718333333333334,12.45,81.31644270357287,0.4272709853257865,REAL_AWS
2026-02-26 02:00:00,BHARATI,-1.8866666666666667,977.9633333333334,58.41,9.235000000000001,71.20843098388826,0.3169355461432642,REAL_AWS
2026-02-26 03:00:00,BHARATI,-1.6616666666666666,978.0633333333334,56.05,9.648333333333333,71.99462913018056,0.3311207140630493,REAL_AWS
2026-02-26 04:00:00,BHARATI,-1.4,978.0933333333334,52.90333333333333,10.158333333333333,81.06926190028645,0.34862338093181644,REAL_AWS
2026-02-26 05:00:00,BHARATI,-0.9550000000000001,978.14,52.88,11.191666666666666,70.43066109323411,0.3840863007312793,REAL_AWS
2026-02-26 06:00:00,BHARATI,-0.8283333333333334,978.095,54.91833333333333,10.743333333333334,61.460848196876384,0.36869996939893174,REAL_AWS
2026-02-26 07:00:00,BHARATI,-0.49333333333333335,977.9449999999999,54.394999999999996,8.925,60.3310765990733,0.3062966702034253,REAL_AWS
2026-02-26 08:00:00,BHARATI,-0.46,977.9383333333333,54.80166666666666,7.303333333333333,56.10480703111091,0.250642765421365,REAL_AWS
2026-02-26 09:00:00,BHARATI,-0.08833333333333333,977.8266666666666,53.208333333333336,3.5716666666666668,35.33075722290948,0.12257586633911119,REAL_AWS
2026-02-26 10:00:00,BHARATI,0.6283333333333334,977.7,51.23833333333334,1.74,3.31653186244705,0.059714981081676194,REAL_AWS
2026-02-26 11:00:00,BHARATI,0.24166666666666667,977.7,52.65833333333333,2.0733333333333333,24.22685679070827,0.07115463262989002,REAL_AWS
2026-02-26 12:00:00,BHARATI,-1.2666666666666666,977.596551724138,59.538333333333334,3.006666666666667,83.59625989114386,0.10318565696488875,REAL_AWS
2026-02-26 13:00:00,BHARATI,-2.1366666666666663,977.5133333333334,56.26,4.275,100.35028179224639,0.14671353110584237,REAL_AWS
2026-02-26 14:00:00,BHARATI,-3.0233333333333334,977.63,54.541666666666664,5.173333333333333,101.91591317568731,0.17754339202827862,REAL_AWS
2026-02-26 15:00:00,BHARATI,-3.955,977.7533333333333,57.81166666666666,6.181666666666667,112.86955342798308,0.21214833796162547,REAL_AWS
2026-02-26 16:00:00,BHARATI,-4.3966666666666665,977.805,60.35666666666667,6.973333333333333,103.63494193026486,0.2393175103886333,REAL_AWS
2026-02-26 17:00:00,BHARATI,-4.621666666666667,978.0016666666667,60.20666666666667,7.618333333333334,99.12893971982999,0.2614532361344271,REAL_AWS
2026-02-26 18:00:00,BHARATI,-4.243333333333333,978.15,57.57166666666667,7.006666666666666,99.38901983288667,0.24046147554345468,REAL_AWS
2026-02-26 19:00:00,BHARATI,-4.3100000000000005,978.1716666666667,55.919999999999995,7.54,99.94881445118796,0.2587649180205968,REAL_AWS
2026-02-26 20:00:00,BHARATI,-4.605,978.1866666666667,58.51166666666666,8.481666666666666,101.94938344008455,0.29108193364430085,REAL_AWS
2026-02-26 21:00:00,BHARATI,-4.680000000000001,978.205,57.17833333333333,8.686666666666667,95.20072559279322,0.2981173193464524,REAL_AWS
2026-02-26 22:00:00,BHARATI,-4.486666666666666,978.3366666666666,55.87,7.98,92.03368635893634,0.2738652580642391,REAL_AWS
2026-02-26 23:00:00,BHARATI,-4.678333333333333,978.4466666666667,54.526666666666664,9.67,91.86841772346003,0.3318642914136832,REAL_AWS
2026-02-27 00:00:00,BHARATI,-4.50327868852459,978.7278688524591,52.485245901639345,9.963934426229507,91.00313345055258,0.34195181365595234,REAL_AWS
2026-02-27 01:00:00,BHARATI,-4.248333333333333,978.745,52.56333333333334,8.238333333333333,95.88344483548622,0.2827309880141048,REAL_AWS
2026-02-27 02:00:00,BHARATI,-3.105,978.7233333333334,49.751666666666665,8.401666666666667,83.31251732575492,0.2883364172727296,REAL_AWS
2026-02-27 03:00:00,BHARATI,-2.0533333333333332,978.6966666666667,49.01166666666666,9.181666666666667,71.9302348833283,0.3151052018955499,REAL_AWS
2026-02-27 04:00:00,BHARATI,-1.4266666666666665,978.7633333333334,49.42666666666666,8.9,59.70991974525748,0.30543869633730925,REAL_AWS
2026-02-27 05:00:00,BHARATI,-0.7166666666666667,978.9283333333333,49.97,8.389999999999999,50.025891005990786,0.2879360294685421,REAL_AWS
2026-02-27 06:00:00,BHARATI,-0.515,979.0433333333333,50.24,8.291666666666666,43.46219060291486,0.284561332261819,REAL_AWS
2026-02-27 07:00:00,BHARATI,-0.115,979.0983333333334,51.01166666666666,9.22,46.4301062269102,0.3164207618235946,REAL_AWS
2026-02-27 08:00:00,BHARATI,0.14833333333333334,979.0866666666667,47.61333333333334,10.776666666666667,54.258697842315996,0.36984393455375314,REAL_AWS
2026-02-27 09:00:00,BHARATI,0.28,979.1383333333334,46.69666666666667,10.395000000000001,44.49021995204754,0.3567455335310483,REAL_AWS
2026-02-27 10:00:00,BHARATI,0.03166666666666667,979.3416666666667,47.99666666666667,10.188333333333333,41.81639656955741,0.34965294957115567,REAL_AWS
2026-02-27 11:00:00,BHARATI,-0.19166666666666668,979.5933333333334,51.684999999999995,9.186666666666667,55.1263807839934,0.3152767966687732,REAL_AWS
2026-02-27 12:00:00,BHARATI,-0.885,979.6866666666667,60.01,6.596666666666667,63.397431683345644,0.2263907041391517,REAL_AWS
2026-02-27 13:00:00,BHARATI,-1.7716666666666667,979.6899999999999,54.013333333333335,7.618333333333334,72.06370010039836,0.2614532361344271,REAL_AWS
2026-02-27 14:00:00,BHARATI,-2.716666666666667,979.7781818181818,52.10333333333333,10.143333333333334,73.94653231322235,0.3481085966121469,REAL_AWS
2026-02-27 15:00:00,BHARATI,-3.5166666666666666,980.035,51.42166666666667,10.573333333333332,82.94059613236868,0.36286574710934266,REAL_AWS
2026-02-27 16:00:00,BHARATI,-4.028333333333333,980.4433333333333,50.00333333333333,12.91,84.60082094039603,0.4430577044623216,REAL_AWS
2026-02-27 17:00:00,BHARATI,-4.948333333333333,981.075,54.830000000000005,14.033333333333333,89.03338530267649,0.48160933017980223,REAL_AWS
2026-02-27 18:00:00,BHARATI,-4.808333333333334,981.8833333333333,51.075,13.9,84.41706283437918,0.47703346956051673,REAL_AWS
2026-02-27 19:00:00,BHARATI,-5.241666666666666,982.605,50.97666666666667,15.826666666666666,85.70075743250055,0.5431546555091926,REAL_AWS
2026-02-27 20:00:00,BHARATI,-5.841666666666667,983.3716666666667,51.49333333333333,17.865000000000002,88.76661116538412,0.6131081247265203,REAL_AWS
2026-02-27 21:00:00,BHARATI,-5.194999999999999,984.2866666666666,51.483333333333334,14.479999999999999,81.5410705451448,0.4969384632544087,REAL_AWS
2026-02-27 22:00:00,BHARATI,-4.755,984.9083333333333,52.041666666666664,14.901666666666667,79.62944746196348,0.5114096224628992,REAL_AWS
2026-02-27 23:00:00,BHARATI,-4.791666666666667,985.5699999999999,53.934999999999995,15.416666666666666,81.13331143999704,0.5290838841048896,REAL_AWS
2026-02-28 00:00:00,BHARATI,-4.590163934426229,986.1131147540984,53.549180327868854,15.801639344262295,79.73520787139205,0.5422957439667202,REAL_AWS
2026-02-28 01:00:00,BHARATI,-4.538333333333333,986.6066666666667,53.85,16.49833333333333,81.2485672147813,0.5662055533788435,REAL_AWS
2026-02-28 02:00:00,BHARATI,-4.588333333333334,987.4,52.50666666666667,17.438333333333333,80.71647636776203,0.5984653707448064,REAL_AWS
2026-02-28 03:00:00,BHARATI,-4.776666666666667,988.1116666666666,53.325,18.76833333333333,84.61818198601543,0.6441095804221796,REAL_AWS
2026-02-28 04:00:00,BHARATI,-4.819999999999999,988.675,54.505,18.39,86.20218397592765,0.631125575914957,REAL_AWS
2026-02-28 05:00:00,BHARATI,-4.498333333333333,989.1966666666667,53.906666666666666,17.921666666666667,86.75059006502534,0.6150528654897166,REAL_AWS
2026-02-28 06:00:00,BHARATI,-4.126666666666667,989.7099999999999,53.98833333333334,16.273333333333333,85.05201074849992,0.5584837885837992,REAL_AWS
2026-02-28 07:00:00,BHARATI,-3.63,989.975,52.681666666666665,15.971666666666666,82.50140576396052,0.5481309039326656,REAL_AWS
2026-02-28 08:00:00,BHARATI,-3.1550000000000002,990.1033333333334,51.09166666666667,15.16,83.63432450334744,0.520275352412765,REAL_AWS
2026-02-28 09:00:00,BHARATI,-3.0483333333333333,990.13,52.69833333333334,15.661666666666667,88.26932560766858,0.5374920279928268,REAL_AWS
2026-02-28 10:00:00,BHARATI,-2.775,990.1383333333334,54.09,13.343333333333334,91.51809612904356,0.45792925147499963,REAL_AWS
2026-02-28 11:00:00,BHARATI,-2.7766666666666664,990.08,52.891666666666666,15.486666666666668,88.93376702520084,0.5314862109300146,REAL_AWS
2026-02-28 12:00:00,BHARATI,-2.7550000000000003,989.9483333333334,50.92166666666667,15.22,84.83358432445442,0.5223344896914435,REAL_AWS
2026-02-28 13:00:00,BHARATI,-3.1616666666666666,989.5616666666667,51.559999999999995,14.2,87.0486858614779,0.48732915595390913,REAL_AWS
2026-02-28 14:00:00,BHARATI,-3.905,989.4016666666666,54.05833333333333,11.636666666666667,97.03347758108941,0.3993582355481448,REAL_AWS
2026-02-28 15:00:00,BHARATI,-3.9699999999999998,989.2216666666667,53.63166666666667,8.251666666666667,107.32811611264879,0.2831885740760334,REAL_AWS
2026-02-28 16:00:00,BHARATI,-4.930000000000001,988.7616666666667,52.88166666666667,11.915,117.90281874804162,0.4089103445909033,REAL_AWS
2026-02-28 17:00:00,BHARATI,-6.21,987.9449999999999,53.325,14.931666666666667,120.76867870226857,0.5124391911022385,REAL_AWS
2026-02-28 18:00:00,BHARATI,-6.97,987.1216666666667,55.236666666666665,16.991666666666667,119.56666868084739,0.5831362376702,REAL_AWS
2026-02-28 19:00:00,BHARATI,-6.864999999999999,986.4516666666666,54.6,13.201666666666666,111.18241140903433,0.4530673995670087,REAL_AWS
2026-02-28 20:00:00,BHARATI,-6.48,985.6833333333333,53.269999999999996,9.56,108.06390852617051,0.32808920640277267,REAL_AWS
2026-02-28 21:00:00,BHARATI,-6.336666666666667,984.8183333333333,51.458333333333336,9.828333333333335,101.59150523751725,0.3372981258990848,REAL_AWS
2026-02-28 22:00:00,BHARATI,-6.196666666666667,983.8050000000001,51.556666666666665,7.216666666666667,100.2956862460315,0.24766845601882942,REAL_AWS
2026-02-28 23:00:00,BHARATI,-6.045,982.6516666666666,50.025,8.573333333333332,95.7699228813924,0.2942278378200597,REAL_AWS
2026-03-01 00:00:00,BHARATI,-5.595081967213115,981.1590163934426,47.64590163934427,11.8327868852459,90.75893416592476,0.4060888764344627,REAL_AWS
2026-03-01 01:00:00,BHARATI,-5.126666666666667,980.1155555555555,45.505,15.285,90.25322235923716,0.5245652217433452,REAL_AWS
2026-03-01 02:00:00,BHARATI,-4.401666666666667,978.6761904761905,43.83833333333334,15.241666666666667,90.81791405698834,0.5230780670420774,REAL_AWS
2026-03-01 03:00:00,BHARATI,-3.315,977.4866666666666,42.05833333333333,13.678333333333335,88.47243747413143,0.4694261012809545,REAL_AWS
2026-03-01 04:00:00,BHARATI,-1.7583333333333333,976.255,38.84,12.453333333333335,75.3591468687764,0.42738538184126873,REAL_AWS
2026-03-01 05:00:00,BHARATI,-0.7383333333333333,975.0766666666666,39.03333333333333,10.296666666666665,55.1477869806302,0.35337083632432514,REAL_AWS
2026-03-01 06:00:00,BHARATI,-0.705,974.3866666666668,39.80333333333333,14.893333333333334,66.66496573564262,0.5111236311741939,REAL_AWS
2026-03-01 07:00:00,BHARATI,-0.8716666666666667,973.1866666666666,39.15333333333333,18.10666666666667,87.05194674761714,0.6214018720989753,REAL_AWS
2026-03-01 08:00:00,BHARATI,-0.8266666666666667,972.1683333333333,42.585,18.201666666666664,88.18280488952024,0.6246621727902161,REAL_AWS
2026-03-01 09:00:00,BHARATI,-0.5483333333333333,971.31,41.18333333333333,17.178333333333335,87.56948928398322,0.5895424425371998,REAL_AWS
2026-03-01 10:00:00,BHARATI,-0.7183333333333334,970.4483333333334,42.50333333333333,16.44666666666667,89.83328628962181,0.5644324073888705,REAL_AWS
2026-03-01 11:00:00,BHARATI,-1.2066666666666668,969.5866666666666,44.940000000000005,16.956666666666667,90.23388652277589,0.5819350742576376,REAL_AWS
2026-03-01 12:00:00,BHARATI,-1.4383333333333332,969.1416666666667,46.05,11.285,90.55241620128021,0.3872894031647792,REAL_AWS
2026-03-01 13:00:00,BHARATI,-2.131666666666667,968.5949999999999,49.17833333333333,8.463333333333333,92.30788457232029,0.2904527528091491,REAL_AWS
2026-03-01 14:00:00,BHARATI,-3.4366666666666665,968.2133333333334,54.434999999999995,8.028333333333332,100.06543309357698,0.2755240075387301,REAL_AWS
2026-03-01 15:00:00,BHARATI,-3.79,968.13,56.12,7.766666666666667,100.19983459086723,0.2665438810733822,REAL_AWS
2026-03-01 16:00:00,BHARATI,-2.8916666666666666,968.115,53.47166666666667,6.905,81.6921366385958,0.2369723818212495,REAL_AWS
2026-03-01 17:00:00,BHARATI,-2.9383333333333335,968.2616666666667,56.43,4.891666666666667,70.73329193690051,0.16787688647003796,REAL_AWS
2026-03-01 18:00:00,BHARATI,-3.2216666666666667,968.3916666666667,58.15333333333333,5.069999999999999,86.8698617282202,0.17399710004833233,REAL_AWS
2026-03-01 19:00:00,BHARATI,-2.7616666666666663,968.39,54.675,5.114999999999999,75.31435519844729,0.1755414530073412,REAL_AWS
2026-03-01 20:00:00,BHARATI,-2.82,968.3816666666667,55.233333333333334,5.203333333333333,77.04267908229735,0.17857296066761788,REAL_AWS
2026-03-01 21:00:00,BHARATI,-3.135,968.6516666666666,56.42333333333333,5.503333333333333,82.30842261057893,0.1888686470610103,REAL_AWS
2026-03-01 22:00:00,BHARATI,-3.0716666666666668,968.8733333333333,56.39333333333333,7.841666666666667,86.53278437419578,0.26911780267173036,REAL_AWS
2026-03-01 23:00:00,BHARATI,-2.771666666666667,969.3616666666666,59.138333333333335,8.063333333333334,79.01705759515045,0.27672517095129257,REAL_AWS
2026-03-02 00:00:00,BHARATI,-3.0098360655737704,969.6655737704917,60.89180327868853,6.936065573770493,86.94854406393796,0.23803851983848878,REAL_AWS
2026-03-02 01:00:00,BHARATI,-2.603333333333333,970.0183333333333,60.608333333333334,5.346666666666667,86.12071368430497,0.18349201083334982,REAL_AWS
2026-03-02 02:00:00,BHARATI,-2.2766666666666664,970.2583333333333,61.455000000000005,3.496666666666667,72.56971414187126,0.12000194474076309,REAL_AWS
2026-03-02 03:00:00,BHARATI,-1.635,970.4616666666666,63.794999999999995,3.2083333333333335,26.32566502553999,0.11010664615155812,REAL_AWS
2026-03-02 04:00:00,BHARATI,-0.925,970.9983333333333,68.03,4.2683333333333335,39.035431923885085,0.1464847380748781,REAL_AWS
2026-03-02 05:00:00,BHARATI,-0.825,971.44,71.53666666666666,7.069999999999999,41.54847872866884,0.2426350093376153,REAL_AWS
2026-03-02 06:00:00,BHARATI,-0.9216666666666667,971.7324324324323,80.26166666666667,7.491666666666666,33.21391135705795,0.2571061685461058,REAL_AWS
2026-03-02 07:00:00,BHARATI,-0.08833333333333333,971.6847457627119,86.07833333333333,14.161666666666667,57.29331742025215,0.4860135960258646,REAL_AWS
2026-03-02 08:00:00,BHARATI,-0.018333333333333333,971.735,89.53500000000001,16.128333333333334,58.9829268784942,0.5535075401603262,REAL_AWS
2026-03-02 09:00:00,BHARATI,0.008333333333333333,971.8299999999999,90.19,13.746666666666666,58.049870143949306,0.4717712298483383,REAL_AWS
2026-03-02 10:00:00,BHARATI,-0.006666666666666667,971.4866666666666,93.395,13.758333333333333,59.34995309750536,0.4721716176525258,REAL_AWS
2026-03-02 11:00:00,BHARATI,0.0033333333333333335,971.2783333333333,94.87833333333333,12.468333333333334,59.49977914089351,0.4279001661609383,REAL_AWS
2026-03-02 12:00:00,BHARATI,-0.010000000000000002,970.9283333333333,94.22333333333333,9.926666666666668,64.58128211962156,0.3406728231058079,REAL_AWS
2026-03-02 13:00:00,BHARATI,0.10166666666666667,970.4783333333332,90.35666666666665,8.371666666666666,60.08305810324009,0.28730684863339034,REAL_AWS
2026-03-02 14:00:00,BHARATI,-0.03666666666666667,969.9566666666667,86.22,6.123333333333333,67.13844626786369,0.21014639894068804,REAL_AWS
2026-03-02 15:00:00,BHARATI,-0.06833333333333334,969.1783333333333,72.33333333333333,11.035,70.35244924730057,0.3787096645036188,REAL_AWS
2026-03-02 16:00:00,BHARATI,-0.10333333333333333,968.225,62.38666666666666,13.17,84.38247387716865,0.4519806326699284,REAL_AWS
2026-03-02 17:00:00,BHARATI,-1.1716666666666666,967.2866666666666,60.455000000000005,15.976666666666667,89.23368581508237,0.5483024987058889,REAL_AWS
2026-03-02 18:00:00,BHARATI,-1.73,966.34,56.775,15.445,86.21515070014715,0.5300562544864879,REAL_AWS
2026-03-02 19:00:00,BHARATI,-3.171666666666667,965.4383333333334,59.195,14.585,94.46712469503797,0.5005419534920962,REAL_AWS
2026-03-02 20:00:00,BHARATI,-3.8333333333333335,964.7766666666666,55.111666666666665,12.786666666666667,97.73253792598666,0.43882503338948253,REAL_AWS
2026-03-02 21:00:00,BHARATI,-4.818333333333333,964.235,56.49166666666667,13.856666666666666,95.5174924556793,0.47554631485924886,REAL_AWS
2026-03-02 22:00:00,BHARATI,-5.4383333333333335,963.495,56.565000000000005,20.831666666666667,88.64997274826118,0.7149210235056233,REAL_AWS
2026-03-02 23:00:00,BHARATI,-5.8566666666666665,962.815,55.735,22.365000000000002,88.66745111120059,0.767543420627407,REAL_AWS
2026-03-03 00:00:00,BHARATI,-6.247540983606558,962.5049180327869,54.126229508196715,22.36229508196721,89.47355849359332,0.7674505906681222,REAL_AWS
2026-03-03 01:00:00,BHARATI,-6.111666666666666,961.7316666666667,52.43,20.638333333333332,89.65016850674385,0.7082860256076592,REAL_AWS
2026-03-03 02:00:00,BHARATI,-5.348333333333333,961.3616666666666,48.365,16.74,89.56769567448498,0.5744993007512985,REAL_AWS
2026-03-03 03:00:00,BHARATI,-4.4366666666666665,961.01,46.26,13.413333333333332,90.884079824266,0.46033157830012444,REAL_AWS
2026-03-03 04:00:00,BHARATI,-3.69,960.9233333333334,46.516666666666666,11.861666666666668,86.67565911026122,0.4070800003431892,REAL_AWS
2026-03-03 05:00:00,BHARATI,-2.7783333333333333,960.87,46.019999999999996,10.583333333333334,67.11733690443168,0.3632089366557891,REAL_AWS
2026-03-03 06:00:00,BHARATI,-2.475,961.1266666666667,47.325,10.261666666666667,52.44074463997373,0.35216967291176277,REAL_AWS
2026-03-03 07:00:00,BHARATI,-2.135,961.62,50.968333333333334,9.185,46.26369909240782,0.3152195984110321,REAL_AWS
2026-03-03 08:00:00,BHARATI,-2.065,962.0933333333334,52.475,9.668333333333333,60.58302101494746,0.33180709315594215,REAL_AWS
2026-03-03 09:00:00,BHARATI,-2.08,962.51,54.913333333333334,12.254999999999999,62.68226031996397,0.4205787891700814,REAL_AWS
2026-03-03 10:00:00,BHARATI,-2.158333333333333,962.9766666666667,61.37833333333333,13.889999999999999,63.26408104472671,0.47669028001407027,REAL_AWS
2026-03-03 11:00:00,BHARATI,-2.2533333333333334,963.4449999999999,64.57833333333333,16.078333333333333,62.64975393780878,0.5517915924280941,REAL_AWS
2026-03-03 12:00:00,BHARATI,-2.9316666666666666,964.11,78.81166666666667,16.111666666666668,61.73251259077102,0.5529355575829155,REAL_AWS
2026-03-03 13:00:00,BHARATI,-3.0816666666666666,964.9457142857142,79.97166666666666,14.808333333333334,56.73478453019408,0.5082065200293994,REAL_AWS
2026-03-03 14:00:00,BHARATI,-3.316666666666667,965.7615384615384,71.895,15.038333333333332,60.21591931097424,0.5160998795976669,REAL_AWS
2026-03-03 15:00:00,BHARATI,-3.3216666666666663,966.635,67.10833333333333,13.563333333333333,58.54903405356828,0.4654794214968207,REAL_AWS
2026-03-03 16:00:00,BHARATI,-3.8433333333333333,967.5316666666666,90.38166666666666,7.0649999999999995,22.788989030796245,0.2424634145643921,REAL_AWS
2026-03-03 17:00:00,BHARATI,-4.135,968.275,89.05666666666666,6.3149999999999995,33.2565087488631,0.216724198580911,REAL_AWS
2026-03-03 18:00:00,BHARATI,-4.133333333333334,969.1766666666666,84.40833333333333,1.9083333333333334,277.9213558093955,0.06549200511352418,REAL_AWS
2026-03-03 19:00:00,BHARATI,-4.346666666666667,970.2616666666667,87.89,4.161666666666666,203.27444425260265,0.14282404957944964,REAL_AWS
2026-03-03 20:00:00,BHARATI,-4.4399999999999995,971.1633333333334,87.64333333333335,4.97,204.5381701643597,0.1705652045838682,REAL_AWS
2026-03-03 21:00:00,BHARATI,-4.5649999999999995,972.105,87.69166666666666,5.743333333333334,207.8996882123657,0.1971051961757243,REAL_AWS
2026-03-03 22:00:00,BHARATI,-4.343333333333334,973.1883333333334,86.47833333333332,6.828333333333333,208.73814696340736,0.2343412619651603,REAL_AWS
2026-03-03 23:00:00,BHARATI,-4.258333333333334,974.2316666666667,77.34333333333333,7.614999999999999,211.5951874766814,0.26133883961894494,REAL_AWS
2026-03-04 00:00:00,BHARATI,-4.10327868852459,975.4426229508197,73.17049180327868,8.09344262295082,206.70784097747278,0.2777584902960574,REAL_AWS
2026-03-04 01:00:00,BHARATI,-4.006666666666667,976.3116666666666,73.14666666666668,7.2283333333333335,196.80139022393703,0.24806884382301692,REAL_AWS
2026-03-04 02:00:00,BHARATI,-2.64,977.4383333333334,57.105000000000004,7.966666666666667,90.97383007279825,0.27340767200231053,REAL_AWS
2026-03-04 03:00:00,BHARATI,-2.856666666666667,978.2866666666666,55.99333333333333,11.395000000000001,91.80004873063399,0.39106448817568984,REAL_AWS
2026-03-04 04:00:00,BHARATI,-3.065,979.1633333333334,54.309999999999995,10.898333333333333,103.26487720216141,0.37401940736885114,REAL_AWS
2026-03-04 05:00:00,BHARATI,-2.335,980.0833333333334,52.788333333333334,10.29,96.27796441724382,0.3531420432933609,REAL_AWS
2026-03-04 06:00:00,BHARATI,-1.0116666666666667,980.99,46.32,9.158333333333333,96.39822925625953,0.314304426287175,REAL_AWS
2026-03-04 07:00:00,BHARATI,-0.45,982.0283333333333,45.144999999999996,7.985,90.2108746186031,0.2740368528374623,REAL_AWS
2026-03-04 08:00:00,BHARATI,-0.19,982.985,44.019999999999996,9.011666666666667,72.06213256037114,0.3092709796059609,REAL_AWS
2026-03-04 09:00:00,BHARATI,-0.20166666666666666,983.8716666666667,46.325,6.906666666666666,54.88707945479996,0.23702958007899053,REAL_AWS
2026-03-04 10:00:00,BHARATI,-0.2916666666666667,984.77,48.115,3.46,53.56706824932297,0.11874358307045955,REAL_AWS
2026-03-04 11:00:00,BHARATI,-0.6416666666666667,985.5583333333333,49.431666666666665,3.305,66.90396143241014,0.11342414510054012,REAL_AWS
2026-03-04 12:00:00,BHARATI,-1.8266666666666667,986.0883333333334,50.79,6.651666666666667,97.48365051062251,0.228278246644607,REAL_AWS
2026-03-04 13:00:00,BHARATI,-3.295,986.49,51.24,9.616666666666667,97.16661118060773,0.330033947165969,REAL_AWS
2026-03-04 14:00:00,BHARATI,-4.035,987.1733333333334,49.681666666666665,9.370000000000001,99.04704609401631,0.3215686050202908,REAL_AWS
2026-03-04 15:00:00,BHARATI,-4.7683333333333335,987.66,48.495,11.588333333333333,99.58253399283524,0.3976994860736538,REAL_AWS
2026-03-04 16:00:00,BHARATI,-4.916666666666667,988.1633333333334,46.96333333333334,11.203333333333335,101.38118844915294,0.38448668853546686,REAL_AWS
2026-03-04 17:00:00,BHARATI,-5.611666666666666,988.5129032258066,48.77166666666667,12.138333333333332,107.75161599095287,0.41657491112820655,REAL_AWS
2026-03-04 18:00:00,BHARATI,-5.346666666666667,988.9943396226414,46.608333333333334,10.688333333333333,109.58547063353399,0.36681242689347643,REAL_AWS
2026-03-04 19:00:00,BHARATI,-5.430000000000001,989.4383333333334,45.84666666666667,12.111666666666668,118.00977510581004,0.41565973900434955,REAL_AWS
2026-03-04 20:00:00,BHARATI,-5.641666666666667,989.69,46.126666666666665,11.478333333333333,122.72991937046731,0.39392440106274323,REAL_AWS
2026-03-04 21:00:00,BHARATI,-5.79,989.9966666666667,45.830000000000005,12.696666666666665,119.14654783729014,0.43573632747146473,REAL_AWS
2026-03-04 22:00:00,BHARATI,-5.833333333333333,990.4283333333333,44.865,10.865,118.65805687077352,0.3728754422140298,REAL_AWS
2026-03-04 23:00:00,BHARATI,-6.3133333333333335,990.6266666666667,46.08833333333334,11.886666666666667,115.55204977373216,0.40793797420930517,REAL_AWS
2026-03-05 00:00:00,BHARATI,-6.396721311475409,990.6783333333334,45.40983606557377,11.81639344262295,105.51479722592694,0.40552627062061614,REAL_AWS
2026-03-05 01:00:00,BHARATI,-6.173333333333333,990.3799999999999,45.763333333333335,12.85,113.74113608586453,0.4409985671836431,REAL_AWS
2026-03-05 02:00:00,BHARATI,-5.4350000000000005,990.4699999999999,43.225,10.848333333333333,102.62995611350999,0.3723034596366191,REAL_AWS
2026-03-05 03:00:00,BHARATI,-4.7,990.295,42.75833333333333,9.813333333333333,94.54033679674751,0.33678334157941514,REAL_AWS
2026-03-05 04:00:00,BHARATI,-3.2133333333333334,990.1833333333333,38.888333333333335,5.58,88.6384674039349,0.19149976691709952,REAL_AWS
2026-03-05 05:00:00,BHARATI,-2.1166666666666667,989.8066666666667,37.275,2.033333333333333,84.55527715439177,0.06978187444410436,REAL_AWS
2026-03-05 06:00:00,BHARATI,-1.7316666666666667,989.5183333333333,38.52333333333333,3.8316666666666666,129.09812252978975,0.13149879454671798,REAL_AWS
2026-03-05 07:00:00,BHARATI,-1.8483333333333334,989.3183333333333,41.16166666666666,7.306666666666667,93.91864815131447,0.25075716193684716,REAL_AWS
2026-03-05 08:00:00,BHARATI,-1.8733333333333335,989.015,41.29333333333333,9.753333333333334,91.42774369378418,0.3347242043007367,REAL_AWS
2026-03-05 09:00:00,BHARATI,-2.0816666666666666,988.6866666666667,41.495,8.306666666666667,93.54585110899706,0.2850761165814886,REAL_AWS
2026-03-05 10:00:00,BHARATI,-2.216666666666667,988.3583333333333,41.190000000000005,6.8966666666666665,95.64739633080319,0.23668639053254414,REAL_AWS
2026-03-05 11:00:00,BHARATI,-2.7633333333333336,987.9116666666666,41.78666666666666,9.004999999999999,93.55766932411939,0.3090421865749966,REAL_AWS
2026-03-05 12:00:00,BHARATI,-3.371666666666667,987.3266666666666,42.39333333333333,11.506666666666666,91.27628119720396,0.3948967714443414,REAL_AWS
2026-03-05 13:00:00,BHARATI,-4.243333333333333,986.6316666666667,44.87166666666667,13.878333333333334,92.79981141934218,0.4762898922098828,REAL_AWS
2026-03-05 14:00:00,BHARATI,-4.746666666666667,986.31,44.336666666666666,14.241666666666667,92.18385859133002,0.4887591123974359,REAL_AWS
2026-03-05 15:00:00,BHARATI,-4.756666666666666,985.9266666666666,42.64666666666667,12.526666666666667,87.86868424875394,0.4299021051818757,REAL_AWS
2026-03-05 16:00:00,BHARATI,-5.141666666666667,985.4783333333332,43.54666666666667,14.83,90.20282991837337,0.5089500973800333,REAL_AWS
2026-03-05 17:00:00,BHARATI,-5.066666666666666,985.0166666666667,43.29333333333333,14.166666666666666,84.76929529837486,0.48618519079908773,REAL_AWS
2026-03-05 18:00:00,BHARATI,-5.001666666666667,984.5983333333334,41.54333333333333,15.275,86.38630631769433,0.5242220321968988,REAL_AWS
2026-03-05 19:00:00,BHARATI,-4.88,984.3733333333333,40.30166666666666,15.033333333333333,78.79775237700483,0.5159282848244438,REAL_AWS
2026-03-05 20:00:00,BHARATI,-5.376666666666667,984.1116666666666,42.09,14.726666666666667,80.64879099962445,0.505403805400087,REAL_AWS
2026-03-05 21:00:00,BHARATI,-5.816666666666666,983.8983333333333,43.255,15.146666666666667,81.45342825357102,0.5198177663508364,REAL_AWS
2026-03-05 22:00:00,BHARATI,-6.0216666666666665,983.6083333333333,42.45666666666667,15.036666666666667,84.61080825895982,0.5160426813399259,REAL_AWS
2026-03-05 23:00:00,BHARATI,-6.825,983.0903225806452,44.29833333333333,17.523333333333333,89.63360751426029,0.6013824818896011,REAL_AWS
2026-03-06 00:00:00,BHARATI,-6.80655737704918,982.5068181818183,43.42950819672131,16.43606557377049,86.91957994895228,0.5640685889625829,REAL_AWS
2026-03-06 01:00:00,BHARATI,-6.266666666666667,982.0833333333334,40.63,14.925,87.85634847795433,0.5122103980712742,REAL_AWS
2026-03-06 02:00:00,BHARATI,-5.4399999999999995,981.6783333333333,40.385,13.613333333333333,83.9925230946352,0.4671953692290528,REAL_AWS
2026-03-06 03:00:00,BHARATI,-4.906666666666666,981.0233333333333,40.455000000000005,13.81,86.11898059557456,0.473944763642499,REAL_AWS
2026-03-06 04:00:00,BHARATI,-3.4283333333333332,980.3883333333334,39.638333333333335,12.5,56.93060719297375,0.4289869330580186,REAL_AWS
2026-03-06 05:00:00,BHARATI,-2.825,980.0266666666666,40.30333333333333,9.603333333333333,54.86359882398642,0.3295763611040404,REAL_AWS
2026-03-06 06:00:00,BHARATI,-2.3766666666666665,979.62,40.531666666666666,7.371666666666667,57.97927754423529,0.2529878939887489,REAL_AWS
2026-03-06 07:00:00,BHARATI,-2.3133333333333335,979.365,38.269999999999996,5.468333333333334,62.78669069620656,0.1876674836484479,REAL_AWS
2026-03-06 08:00:00,BHARATI,-1.8333333333333333,979.1166666666667,37.17333333333333,1.965,41.85183596064127,0.06743674587672054,REAL_AWS
2026-03-06 09:00:00,BHARATI,-1.925,978.8066666666667,41.04666666666667,3.493333333333333,251.10041331261647,0.11988754822528093,REAL_AWS
2026-03-06 10:00:00,BHARATI,-2.408333333333333,978.565,42.33833333333334,3.9233333333333333,220.29673859204476,0.13464469872247678,REAL_AWS
2026-03-06 11:00:00,BHARATI,-2.771666666666667,978.1766666666666,48.36,5.578333333333333,211.11637120866436,0.19144256865935844,REAL_AWS
2026-03-06 12:00:00,BHARATI,-3.185,977.8116666666666,52.165,6.48,207.600517787494,0.22238682609727686,REAL_AWS
2026-03-06 13:00:00,BHARATI,-3.735,977.4216666666666,50.22666666666667,5.338333333333334,143.37802721042647,0.1832060195446445,REAL_AWS
2026-03-06 14:00:00,BHARATI,-4.418333333333334,977.43,53.40833333333333,6.0633333333333335,107.8271949288328,0.20808726166200955,REAL_AWS
2026-03-06 15:00:00,BHARATI,-5.385000000000001,977.5,49.416666666666664,8.565,102.54732475629561,0.29394184653135436,REAL_AWS
2026-03-06 16:00:00,BHARATI,-5.28695652173913,977.6347826086958,45.01086956521739,10.469565217391304,94.84764313455912,0.3593045338447683,REAL_AWS
2026-03-06 17:00:00,BHARATI,-5.466666666666667,977.7033333333334,43.88666666666666,11.158333333333333,92.46660218832261,0.38294233557645796,REAL_AWS
2026-03-06 18:00:00,BHARATI,-5.405,978.0333333333333,41.858333333333334,13.593333333333334,85.34691541735714,0.46650899013616,REAL_AWS
2026-03-06 19:00:00,BHARATI,-5.388333333333334,978.5966666666667,42.151666666666664,13.348333333333333,85.45288556262892,0.4581008462482228,REAL_AWS
2026-03-06 20:00:00,BHARATI,-5.956666666666666,979.0566666666667,41.82666666666667,14.441666666666666,86.42921633466261,0.49562290332636416,REAL_AWS
2026-03-06 21:00:00,BHARATI,-5.89,979.7483333333333,43.365,14.771666666666667,78.02235322941857,0.5069481583590959,REAL_AWS
2026-03-06 22:00:00,BHARATI,-6.031666666666666,980.3633333333333,44.983333333333334,14.705,78.96889537237814,0.5046602280494531,REAL_AWS
2026-03-06 23:00:00,BHARATI,-5.9816666666666665,981.1133333333333,45.294999999999995,14.663333333333332,71.98757152800306,0.5032302716059264,REAL_AWS
2026-03-07 00:00:00,BHARATI,-6.49672131147541,982.0344262295082,43.90819672131148,16.170491803278686,81.65443627156185,0.5549543747782683,REAL_AWS
2026-03-07 01:00:00,BHARATI,-6.471666666666667,982.7583333333333,42.30166666666666,15.841666666666667,81.04154883861173,0.5436694398288623,REAL_AWS
2026-03-07 02:00:00,BHARATI,-5.260000000000001,983.3866666666668,42.63,15.843333333333334,65.98350564523093,0.5437266380866034,REAL_AWS
2026-03-07 03:00:00,BHARATI,-5.026666666666667,984.1550000000001,43.36,16.085,64.48308089056002,0.5520203854590584,REAL_AWS
2026-03-07 04:00:00,BHARATI,-4.541666666666667,985.0116666666667,43.665,16.076666666666668,62.39938235058548,0.5517343941703531,REAL_AWS
2026-03-07 05:00:00,BHARATI,-4.213333333333334,985.8108695652174,44.32333333333334,15.181666666666667,60.869461956388136,0.5210189297633989,REAL_AWS
2026-03-07 06:00:00,BHARATI,-3.933333333333333,986.553488372093,48.07,14.878333333333334,55.644353991518756,0.5106088468545243,REAL_AWS
2026-03-07 07:00:00,BHARATI,-3.89,987.1016666666667,48.473333333333336,14.729999999999999,59.68744417171712,0.5055182019155691,REAL_AWS
2026-03-07 08:00:00,BHARATI,-3.56,987.8533333333332,51.89833333333333,16.571666666666665,45.1553596147744,0.5687222767194505,REAL_AWS
2026-03-07 09:00:00,BHARATI,-3.586666666666667,988.8433333333334,56.30333333333333,16.73,40.36655763515,0.5741561112048521,REAL_AWS
2026-03-07 10:00:00,BHARATI,-3.61,989.4716666666667,55.43333333333333,17.113333333333333,44.414698096740835,0.5873117104852981,REAL_AWS
2026-03-07 11:00:00,BHARATI,-3.62,990.0166666666667,54.99666666666667,14.943333333333333,50.44114419494093,0.512839578906426,REAL_AWS
2026-03-07 12:00:00,BHARATI,-3.853333333333333,990.475,52.775,12.433333333333334,69.68767029327523,0.42669900274837586,REAL_AWS
2026-03-07 13:00:00,BHARATI,-4.136666666666667,990.5566666666667,54.608333333333334,11.245000000000001,75.02458290831021,0.3859166449789936,REAL_AWS
2026-03-07 14:00:00,BHARATI,-4.303333333333333,990.7916666666666,52.82833333333333,11.563333333333333,75.91151701334877,0.3968415122075377,REAL_AWS
2026-03-07 15:00:00,BHARATI,-4.3983333333333325,991.1766666666666,51.985,11.336666666666668,69.52359619248801,0.3890625491547524,REAL_AWS
2026-03-07 16:00:00,BHARATI,-4.283333333333333,991.6916666666667,50.515,11.16,68.0306532951189,0.38299953383419905,REAL_AWS
2026-03-07 17:00:00,BHARATI,-4.576666666666667,991.9150000000001,51.535,10.383333333333333,75.09464333116114,0.35634514572686077,REAL_AWS
2026-03-07 18:00:00,BHARATI,-4.9350000000000005,992.0916666666667,50.04666666666667,9.843333333333334,85.81790887845307,0.3378129102187544,REAL_AWS
2026-03-07 19:00:00,BHARATI,-5.078333333333333,992.4966666666667,50.95333333333333,8.653333333333334,86.55131294167165,0.29697335419163107,REAL_AWS
2026-03-07 20:00:00,BHARATI,-5.6433333333333335,992.455,54.348333333333336,8.818333333333333,96.48346833950853,0.3026359817079969,REAL_AWS
2026-03-07 21:00:00,BHARATI,-5.706666666666666,992.1,50.776666666666664,10.54,94.43347708197825,0.36172178195452126,REAL_AWS
2026-03-07 22:00:00,BHARATI,-6.145,991.9816666666667,50.406666666666666,10.586666666666668,94.65009892931602,0.36332333317127125,REAL_AWS
2026-03-07 23:00:00,BHARATI,-6.735,991.7716666666668,53.11666666666667,8.868333333333334,98.43326362578131,0.304351929440229,REAL_AWS
2026-03-08 00:00:00,BHARATI,-6.859016393442623,991.1278688524591,50.94426229508196,9.908196721311475,95.64775140230324,0.340038953888874,REAL_AWS
2026-03-08 01:00:00,BHARATI,-7.05,991.0883333333334,50.163333333333334,9.748333333333333,98.25043569606453,0.3345526095275134,REAL_AWS
2026-03-08 02:00:00,BHARATI,-6.6850000000000005,990.49,46.07666666666667,9.031666666666666,98.31648263181035,0.3099573586988537,REAL_AWS
2026-03-08 03:00:00,BHARATI,-6.6433333333333335,989.8666666666667,45.318333333333335,9.733333333333333,114.67923486766267,0.3340378252078438,REAL_AWS
2026-03-08 04:00:00,BHARATI,-6.118333333333334,989.545,42.07333333333334,9.275,112.29761821799315,0.31830830432904983,REAL_AWS
2026-03-08 05:00:00,BHARATI,-5.033333333333333,989.1083333333333,37.836666666666666,8.111666666666666,105.69150279102752,0.2783839204257835,REAL_AWS
2026-03-08 06:00:00,BHARATI,-4.738333333333333,988.4316666666667,35.64666666666667,6.9350000000000005,109.38566986709827,0.23800195046058875,REAL_AWS
2026-03-08 07:00:00,BHARATI,-4.678333333333333,988.0533333333333,33.958333333333336,3.518333333333333,90.25640352097429,0.12074552209139697,REAL_AWS
2026-03-08 08:00:00,BHARATI,-4.623333333333333,987.4566666666667,35.86,3.003333333333333,195.69598699341137,0.1030712604494066,REAL_AWS
2026-03-08 09:00:00,BHARATI,-4.795,986.88,36.516666666666666,4.056666666666667,213.88116977681256,0.1392205593417623,REAL_AWS
2026-03-08 10:00:00,BHARATI,-4.776666666666667,986.3316666666667,35.715,4.526666666666667,216.78335039646674,0.15535046802474384,REAL_AWS
2026-03-08 11:00:00,BHARATI,-4.653333333333333,985.7,37.736666666666665,3.32,214.36696343949393,0.11393892942020974,REAL_AWS
2026-03-08 12:00:00,BHARATI,-5.548333333333333,984.3410256410257,43.480000000000004,3.425,142.11287053465344,0.1175424196578971,REAL_AWS
2026-03-08 13:00:00,BHARATI,-6.748333333333333,983.2233333333334,44.25333333333333,7.328333333333333,113.54257990221083,0.25150073928748107,REAL_AWS
2026-03-08 14:00:00,BHARATI,-7.691666666666666,982.5566666666667,43.14666666666667,7.901666666666666,104.53979151188071,0.2711769399504088,REAL_AWS
2026-03-08 15:00:00,BHARATI,-8.266666666666667,981.8033333333333,43.36333333333334,9.531666666666666,99.98405888597233,0.3271168360211745,REAL_AWS
2026-03-08 16:00:00,BHARATI,-8.79,980.8783333333333,46.27833333333333,9.498333333333333,101.28304177201369,0.32597287086635307,REAL_AWS
2026-03-08 17:00:00,BHARATI,-8.861666666666668,979.8349999999999,43.858333333333334,10.178333333333335,98.2680828670787,0.3493097600247093,REAL_AWS
2026-03-08 18:00:00,BHARATI,-8.576666666666666,978.815,42.690000000000005,10.57,94.3505346765267,0.36275135059386054,REAL_AWS
2026-03-08 19:00:00,BHARATI,-8.648333333333333,977.815,43.641666666666666,8.905,95.9927632952141,0.30561029111053245,REAL_AWS
2026-03-08 20:00:00,BHARATI,-8.32,975.9166666666666,41.825,13.636666666666667,90.74803565320462,0.4679961448374278,REAL_AWS
2026-03-08 21:00:00,BHARATI,-6.781666666666666,975.0783333333333,40.531666666666666,12.423333333333334,64.68178311072984,0.42635581320192945,REAL_AWS
2026-03-08 22:00:00,BHARATI,-6.3116666666666665,973.65,40.836666666666666,14.715,59.714790676684174,0.5050034175958995,REAL_AWS
2026-03-08 23:00:00,BHARATI,-6.161666666666666,972.45,42.04666666666667,15.729999999999999,61.66114449558353,0.5398371565602106,REAL_AWS
2026-03-09 00:00:00,BHARATI,-6.327868852459017,970.7416666666667,41.24426229508197,15.642622950819673,69.56865155606704,0.5368384675724084,REAL_AWS
2026-03-09 01:00:00,BHARATI,-5.62,969.275,41.891666666666666,16.683333333333334,59.3790177732385,0.5725545599881022,REAL_AWS
2026-03-09 02:00:00,BHARATI,-5.3533333333333335,967.545,42.43666666666666,13.56,69.0656995414476,0.46536502498133864,REAL_AWS
2026-03-09 03:00:00,BHARATI,-4.698333333333333,966.435,45.31333333333334,12.595,51.18834086369361,0.43224723374925955,REAL_AWS
2026-03-09 04:00:00,BHARATI,-4.5233333333333325,965.4783333333332,48.54833333333333,9.34,59.69189113400222,0.3205390363809515,REAL_AWS
2026-03-09 05:00:00,BHARATI,-4.075,964.1616666666666,47.99333333333333,6.306666666666667,67.50884797139213,0.21643820729220567,REAL_AWS
2026-03-09 06:00:00,BHARATI,-3.6633333333333336,963.1616666666666,47.025,3.716666666666667,61.79612932865689,0.1275521147625842,REAL_AWS
2026-03-09 07:00:00,BHARATI,-3.6983333333333333,962.0116666666667,44.401666666666664,2.8266666666666667,150.95699364599238,0.09700824512885328,REAL_AWS
2026-03-09 08:00:00,BHARATI,-3.2066666666666666,960.0133333333334,46.98833333333334,11.716666666666667,86.2719000181055,0.40210375191971615,REAL_AWS
2026-03-09 09:00:00,BHARATI,-3.606666666666667,958.765,71.435,13.0,57.95343302734625,0.44614641038033936,REAL_AWS
2026-03-09 10:00:00,BHARATI,-3.7983333333333333,957.6800000000001,88.85166666666667,14.726666666666667,51.433345549298565,0.505403805400087,REAL_AWS
2026-03-09 11:00:00,BHARATI,-3.68,957.1716666666667,91.39,16.895,60.100159098121935,0.5798187387212179,REAL_AWS
2026-03-09 12:00:00,BHARATI,-3.8066666666666666,956.6766666666666,91.735,17.0,64.2646704723906,0.5834222289589053,REAL_AWS
2026-03-09 13:00:00,BHARATI,-4.133333333333334,956.215,90.12166666666667,18.785,62.68261593942094,0.6446815629995903,REAL_AWS
2026-03-09 14:00:00,BHARATI,-4.316666666666666,955.8033333333333,85.89,19.113333333333333,64.85004874676213,0.655949619774581,REAL_AWS
2026-03-09 15:00:00,BHARATI,-3.8400000000000003,955.4283333333333,74.84666666666666,19.363333333333333,69.33455820030014,0.6645293584357413,REAL_AWS
2026-03-09 16:00:00,BHARATI,-3.815,955.1383333333334,70.13833333333334,19.08,70.16758735743525,0.6548056546197596,REAL_AWS
2026-03-09 17:00:00,BHARATI,-4.198333333333333,954.9083333333333,72.83333333333333,18.861666666666668,67.13498655937576,0.6473126828556796,REAL_AWS
2026-03-09 18:00:00,BHARATI,-5.203333333333333,955.0033333333333,82.27,16.081666666666667,79.9047813792638,0.5519059889435762,REAL_AWS
2026-03-09 19:00:00,BHARATI,-5.4816666666666665,955.0516666666666,86.63833333333334,14.661666666666667,79.88164356570087,0.5031730733481853,REAL_AWS
2026-03-09 20:00:00,BHARATI,-5.653333333333333,955.0516666666666,87.37333333333332,13.776666666666667,81.76633405582402,0.4728007984876776,REAL_AWS
2026-03-09 21:00:00,BHARATI,-5.761666666666667,954.9599999999999,83.975,15.22,79.3479073589973,0.5223344896914435,REAL_AWS
2026-03-09 22:00:00,BHARATI,-5.876666666666667,955.15,82.725,15.141666666666667,80.81412314344482,0.5196461715776133,REAL_AWS
2026-03-09 23:00:00,BHARATI,-6.0233333333333325,955.1741935483872,79.19333333333334,17.031666666666666,78.0998313347149,0.5845089958559856,REAL_AWS
2026-03-10 00:00:00,BHARATI,-6.319672131147541,955.46875,77.74426229508197,17.22295081967213,78.69132207831228,0.5910736680272187,REAL_AWS
2026-03-10 01:00:00,BHARATI,-6.758333333333334,955.4683333333334,74.75333333333333,18.14,88.12238921236008,0.6225458372537966,REAL_AWS
2026-03-10 02:00:00,BHARATI,-7.028333333333333,955.4633333333334,73.22666666666667,18.743333333333332,87.91680024223251,0.6432516065560636,REAL_AWS
2026-03-10 03:00:00,BHARATI,-6.623333333333333,955.6116666666668,67.75500000000001,17.365000000000002,87.48409456257747,0.5959486474041995,REAL_AWS
2026-03-10 04:00:00,BHARATI,-6.841666666666667,955.77,72.86999999999999,17.751666666666665,88.1334278764341,0.6092186432001274,REAL_AWS
2026-03-10 05:00:00,BHARATI,-6.75,955.8866666666667,72.28666666666666,16.34,91.13357885899484,0.5607717188934419,REAL_AWS
2026-03-10 06:00:00,BHARATI,-6.390000000000001,956.0916666666667,73.55,12.031666666666666,86.11870708349636,0.41291422263277816,REAL_AWS
2026-03-10 07:00:00,BHARATI,-5.743333333333334,956.3083333333333,77.07333333333332,9.476666666666667,80.57043392450964,0.32522929351571916,REAL_AWS
2026-03-10 08:00:00,BHARATI,-5.386666666666667,956.4666666666667,76.30833333333334,8.173333333333334,73.38497432776512,0.2805002559622031,REAL_AWS
2026-03-10 09:00:00,BHARATI,-4.946666666666667,956.6183333333333,74.36666666666666,6.2,71.12287497428264,0.21277751879677723,REAL_AWS
2026-03-10 10:00:00,BHARATI,-4.748333333333333,956.65,70.345,7.3149999999999995,81.3201761936777,0.2510431532255525,REAL_AWS
2026-03-10 11:00:00,BHARATI,-4.845,956.4,74.66000000000001,7.86,64.43290655410658,0.26974698350688214,REAL_AWS
2026-03-10 12:00:00,BHARATI,-5.0183333333333335,956.2166666666667,77.60833333333333,7.1899999999999995,72.25065815565677,0.24675328389497228,REAL_AWS
2026-03-10 13:00:00,BHARATI,-5.036666666666666,956.01,74.38666666666667,8.433333333333334,71.5918080412431,0.2894231841698099,REAL_AWS
2026-03-10 14:00:00,BHARATI,-5.0,955.8983333333333,79.10333333333332,9.248333333333333,59.84606127786407,0.3173931322051927,REAL_AWS
2026-03-10 15:00:00,BHARATI,-4.798333333333333,955.8566666666667,79.19333333333334,9.6,68.65527879740455,0.3294619645885583,REAL_AWS
2026-03-10 16:00:00,BHARATI,-4.488333333333333,955.66,76.71666666666667,11.225,69.13837486113619,0.3852302658861007,REAL_AWS
2026-03-10 17:00:00,BHARATI,-4.538333333333333,955.6116666666668,84.65166666666667,12.558333333333334,64.03101255819917,0.43098887207895603,REAL_AWS
2026-03-10 18:00:00,BHARATI,-4.206666666666667,955.2333333333333,89.05333333333333,16.12666666666667,67.61862320277027,0.5534503419025851,REAL_AWS
2026-03-10 19:00:00,BHARATI,-3.8616666666666664,955.19,91.60833333333333,18.18166666666667,61.39865653785182,0.6239757936973234,REAL_AWS
2026-03-10 20:00:00,BHARATI,-3.6333333333333333,955.8233333333334,93.57666666666667,15.331666666666667,65.53297549737664,0.5261667729600951,REAL_AWS
2026-03-10 21:00:00,BHARATI,-3.23,956.6116666666666,94.97333333333333,15.676666666666668,64.58269257610118,0.5380068123124965,REAL_AWS
2026-03-10 22:00:00,BHARATI,-3.05,957.3583333333333,92.49166666666666,18.571666666666665,58.6461425163954,0.6373601860087335,REAL_AWS
2026-03-10 23:00:00,BHARATI,-2.51,958.14,88.78166666666667,22.486666666666668,57.76688778603034,0.771718893442505,REAL_AWS
2026-03-11 00:00:00,BHARATI,-2.2704918032786887,959.5950819672132,85.11147540983607,25.72295081967213,58.27117244764105,0.8827847825066714,REAL_AWS
2026-03-11 01:00:00,BHARATI,-1.6733333333333333,960.6933333333333,78.38166666666666,25.634999999999998,57.39990618005697,0.8797664023153845,REAL_AWS
2026-03-11 02:00:00,BHARATI,-1.395,961.9533333333333,76.16499999999999,23.733333333333334,57.86650568808295,0.8145031902328247,REAL_AWS
2026-03-11 03:00:00,BHARATI,-1.0166666666666666,962.9716666666667,71.10833333333333,23.995,56.38929973497204,0.8234833166981725,REAL_AWS
2026-03-11 04:00:00,BHARATI,-0.91,963.8833333333333,68.865,25.10666666666667,50.115039643136015,0.8616345546114658,REAL_AWS
2026-03-11 05:00:00,BHARATI,-0.4583333333333333,965.1283333333333,67.02833333333334,24.26833333333333,52.26593859126149,0.8328638309677078,REAL_AWS
2026-03-11 06:00:00,BHARATI,0.38833333333333336,966.0583333333333,60.690000000000005,26.055,56.17835358806673,0.894180363266134,REAL_AWS
2026-03-11 07:00:00,BHARATI,0.7283333333333334,966.9666666666667,58.69833333333334,25.753333333333334,62.03218387069177,0.8838274786150006,REAL_AWS
2026-03-11 08:00:00,BHARATI,0.4233333333333333,968.1533333333333,61.513333333333335,22.741666666666667,54.65015071041017,0.7804702268768885,REAL_AWS
2026-03-11 09:00:00,BHARATI,0.4882352941176471,968.6882352941177,60.17058823529412,23.0,57.941092475565426,0.7893359568267543,REAL_AWS
2026-03-11 10:00:00,BHARATI,1.3288461538461538,969.4403846153847,54.23846153846154,25.971153846153847,63.94396350961409,0.8913028509151603,REAL_AWS
2026-03-11 11:00:00,BHARATI,0.9866666666666667,970.3487179487179,58.06333333333334,22.386666666666667,63.756707012745096,0.7682869979780408,REAL_AWS
2026-03-11 12:00:00,BHARATI,1.01,971.1020833333333,55.275,20.913333333333334,67.7230752851491,0.7177237381349357,REAL_AWS
2026-03-11 13:00:00,BHARATI,0.16166666666666668,971.6716666666667,58.5,20.473333333333336,83.56582238284852,0.7026233980912935,REAL_AWS
2026-03-11 14:00:00,BHARATI,0.08833333333333333,972.55,59.89,19.448333333333334,79.8667085446462,0.6674464695805359,REAL_AWS
2026-03-11 15:00:00,BHARATI,0.11833333333333335,973.08,57.88166666666667,20.35666666666667,78.6323018948957,0.6986195200494186,REAL_AWS
2026-03-11 16:00:00,BHARATI,-0.18833333333333335,973.5400000000001,57.81166666666666,21.328333333333333,80.8971384957897,0.7319661043124619,REAL_AWS
2026-03-11 17:00:00,BHARATI,-1.0916666666666666,973.8016666666666,65.76,23.993333333333332,84.78588433207909,0.8234261184404315,REAL_AWS
2026-03-11 18:00:00,BHARATI,-1.2133333333333334,974.13,66.21666666666667,24.438333333333333,86.78566225430058,0.8386980532572968,REAL_AWS
2026-03-11 19:00:00,BHARATI,-1.4383333333333332,974.6450000000001,66.19166666666666,24.528333333333332,87.81667080493037,0.8417867591753146,REAL_AWS
2026-03-11 20:00:00,BHARATI,-1.9333333333333333,974.7666666666667,67.575,27.341666666666665,87.5333456950238,0.9383374182422394,REAL_AWS
2026-03-11 21:00:00,BHARATI,-2.2449999999999997,975.0066666666667,71.07666666666667,28.16166666666667,85.21666694660803,0.9664789610508455,REAL_AWS
2026-03-11 22:00:00,BHARATI,-2.3016666666666667,975.5316666666666,70.01,28.005,86.35003765967213,0.9611023248231849,REAL_AWS
2026-03-11 23:00:00,BHARATI,-2.0766666666666667,976.6033333333332,68.635,24.81833333333333,88.33344802103699,0.8517392560222606,REAL_AWS
2026-03-12 00:00:00,BHARATI,-2.485245901639344,977.3475409836066,72.33114754098361,24.47213114754098,88.6727327794203,0.8398579589101772,REAL_AWS
2026-03-12 01:00:00,BHARATI,-2.2633333333333336,978.1983333333334,70.02,21.701666666666664,84.30179071038822,0.7447785140464613,REAL_AWS
2026-03-12 02:00:00,BHARATI,-2.32,978.7316666666667,66.46,22.675,89.53362662591434,0.7781822965672458,REAL_AWS
2026-03-12 03:00:00,BHARATI,-2.57,979.2583333333333,63.705000000000005,23.851666666666667,87.15028936841463,0.8185642665324406,REAL_AWS
2026-03-12 04:00:00,BHARATI,-2.07,979.545,62.11333333333334,19.575,83.62041220793697,0.6717935371688571,REAL_AWS
2026-03-12 05:00:00,BHARATI,-1.4766666666666666,979.895,59.544999999999995,16.055,84.3049799908685,0.5509908168197191,REAL_AWS
2026-03-12 06:00:00,BHARATI,-1.27,980.0849999999999,61.03333333333333,16.355,83.2020211822358,0.5612865032131116,REAL_AWS
2026-03-12 07:00:00,BHARATI,-1.0150000000000001,980.3383333333333,58.82833333333333,13.881666666666666,74.83710652426907,0.4764042887253649,REAL_AWS
2026-03-12 08:00:00,BHARATI,-0.7733333333333333,980.5266666666666,58.44666666666667,13.423333333333334,86.97626596641953,0.46067476784657097,REAL_AWS
2026-03-12 09:00:00,BHARATI,-1.0183333333333333,980.7983333333334,59.01,11.665,89.35086623314021,0.40033060592974296,REAL_AWS
2026-03-12 10:00:00,BHARATI,-1.49,980.895,57.555,10.621666666666666,86.20199806760047,0.3645244965838337,REAL_AWS
2026-03-12 11:00:00,BHARATI,-2.2449999999999997,980.7583333333333,56.651666666666664,10.578333333333335,88.66865025132142,0.3630373418825659,REAL_AWS
2026-03-12 12:00:00,BHARATI,-2.966666666666667,980.7516666666667,54.285,10.981666666666666,87.6627820716588,0.3768793202559046,REAL_AWS
2026-03-12 13:00:00,BHARATI,-3.7933333333333334,980.6,53.626666666666665,13.063333333333333,92.14005547212338,0.44831994417449994,REAL_AWS
2026-03-12 14:00:00,BHARATI,-4.67,980.6183333333333,52.61666666666667,14.626666666666667,92.23507934532847,0.5019719099356229,REAL_AWS
2026-03-12 15:00:00,BHARATI,-5.1,980.5033333333333,52.556666666666665,15.328333333333335,92.1696223460363,0.526052376444613,REAL_AWS
2026-03-12 16:00:00,BHARATI,-5.886666666666667,980.3983333333333,53.940000000000005,17.323333333333334,92.15037488375333,0.5945186909606728,REAL_AWS
2026-03-12 17:00:00,BHARATI,-6.239999999999999,980.4816666666667,53.51,16.988333333333333,91.86775810774571,0.5830218411547178,REAL_AWS
2026-03-12 18:00:00,BHARATI,-6.675,980.4533333333333,53.875,17.101666666666667,93.06667509918714,0.5869113226811106,REAL_AWS
2026-03-12 19:00:00,BHARATI,-7.308333333333334,980.2683333333333,54.43666666666666,19.845000000000002,90.66675843336225,0.6810596549229104,REAL_AWS
2026-03-12 20:00:00,BHARATI,-7.495,980.205,54.91,20.584999999999997,90.61705297281253,0.706455681359945,REAL_AWS
2026-03-12 21:00:00,BHARATI,-7.386666666666667,980.2316666666667,55.15,17.616666666666667,89.64982977227925,0.6045855843231009,REAL_AWS
2026-03-12 22:00:00,BHARATI,-7.888333333333334,980.1083333333333,55.34666666666667,19.78666666666667,88.04997800760361,0.6790577159019731,REAL_AWS
2026-03-12 23:00:00,BHARATI,-8.014999999999999,979.7733333333333,57.27833333333333,19.823333333333334,90.16681684138575,0.6803160775722765,REAL_AWS
2026-03-13 00:00:00,BHARATI,-8.085245901639343,979.4081967213115,57.52622950819672,16.229508196721312,96.70962092255814,0.556979755708116,REAL_AWS
2026-03-13 01:00:00,BHARATI,-8.495,979.265,59.50666666666667,12.223333333333333,101.4320798968854,0.41949202227300114,REAL_AWS
2026-03-13 02:00:00,BHARATI,-7.886666666666667,978.9516666666666,55.755,13.098333333333333,101.13322159396807,0.44952110758706243,REAL_AWS
2026-03-13 03:00:00,BHARATI,-6.721666666666667,978.7301886792452,58.945,12.246666666666666,99.21600705356752,0.4202927978813761,REAL_AWS
2026-03-13 04:00:00,BHARATI,-5.403333333333333,978.4366666666666,57.736666666666665,12.293333333333333,91.51742802194872,0.421894349098126,REAL_AWS
2026-03-13 05:00:00,BHARATI,-4.866666666666666,978.1803571428571,57.85666666666667,11.226666666666667,89.85062834238306,0.3852874641438418,REAL_AWS
2026-03-13 06:00:00,BHARATI,-4.7555555555555555,978.0111111111112,57.72222222222222,11.216666666666667,88.6666027163734,0.3849442745973954,REAL_AWS
2026-03-13 07:00:00,BHARATI,-4.668181818181818,977.4772727272727,58.48636363636364,8.136363636363637,89.19548515798982,0.27923149460867397,REAL_AWS
2026-03-13 08:00:00,BHARATI,-4.298275862068966,977.2068965517242,57.9896551724138,6.8293103448275865,83.18682265136982,0.23437479197831887,REAL_AWS
2026-03-13 09:00:00,BHARATI,,,,,,,REAL_AWS_WITH_MISSING
2026-03-13 10:00:00,BHARATI,-4.122222222222223,976.3388888888888,62.15555555555555,5.988888888888889,50.771353718816385,0.20553240614957513,REAL_AWS
2026-03-13 11:00:00,BHARATI,,,,,,,REAL_AWS_WITH_MISSING
2026-03-13 12:00:00,BHARATI,,,,,,,REAL_AWS_WITH_MISSING
2026-03-13 13:00:00,BHARATI,,,,,,,REAL_AWS_WITH_MISSING
2026-03-13 14:00:00,BHARATI,,,,,,,REAL_AWS_WITH_MISSING
2026-03-13 15:00:00,BHARATI,,,,,,,REAL_AWS_WITH_MISSING
2026-03-13 16:00:00,BHARATI,-4.75,974.0642857142857,59.15714285714286,2.757142857142857,107.28556063969978,0.09462226066308296,REAL_AWS
2026-03-13 17:00:00,BHARATI,-4.776666666666667,973.87,58.568333333333335,3.555,127.15084279282814,0.1220038837617005,REAL_AWS
2026-03-13 18:00:00,BHARATI,-5.116666666666666,973.6216666666667,58.855000000000004,5.543333333333334,132.83220192974875,0.190241405246796,REAL_AWS
2026-03-13 19:00:00,BHARATI,-5.471666666666667,973.44,58.781666666666666,7.716666666666667,123.2193645648332,0.2648279333411502,REAL_AWS
2026-03-13 20:00:00,BHARATI,-5.418333333333334,973.3466666666666,58.068333333333335,6.501666666666667,109.14696470933404,0.22313040344791077,REAL_AWS
2026-03-13 21:00:00,BHARATI,-5.8116666666666665,973.2766666666666,59.565000000000005,9.305,119.55428687169774,0.31933787296838906,REAL_AWS
2026-03-13 22:00:00,BHARATI,-5.531666666666666,973.2866666666666,59.75333333333333,5.155,112.50220839117907,0.1769142111931269,REAL_AWS
2026-03-13 23:00:00,BHARATI,-5.453333333333333,973.4699999999999,58.86666666666667,5.36,104.50188927797115,0.1839495968952784,REAL_AWS
2026-03-14 00:00:00,BHARATI,-6.022950819672132,973.5786885245902,59.89180327868853,9.440983606557376,120.3829863994539,0.32400468819424644,REAL_AWS
2026-03-14 01:00:00,BHARATI,-6.4399999999999995,973.515,61.333333333333336,11.905,121.18352443152935,0.4085671550444569,REAL_AWS
2026-03-14 02:00:00,BHARATI,-6.676666666666667,973.5066666666667,61.94666666666667,12.843333333333334,120.60009483271051,0.4407697741526789,REAL_AWS
2026-03-14 03:00:00,BHARATI,-6.65,973.705,61.843333333333334,12.921666666666665,119.00006093121738,0.44345809226650906,REAL_AWS
2026-03-14 04:00:00,BHARATI,-5.61,973.9866666666666,57.891666666666666,9.441666666666666,100.7689611954554,0.32402813010315673,REAL_AWS
2026-03-14 05:00:00,BHARATI,-4.745,974.1933333333333,55.70666666666667,12.34,70.7900162328782,0.423495900314876,REAL_AWS
2026-03-14 06:00:00,BHARATI,-4.883333333333334,974.4933333333333,55.59666666666667,12.631666666666666,70.36536441730493,0.4335055954195631,REAL_AWS
2026-03-14 07:00:00,BHARATI,-5.101666666666666,974.72,55.394999999999996,11.806666666666667,74.21469518534968,0.40519245783773383,REAL_AWS
2026-03-14 08:00:00,BHARATI,-5.37,975.0133333333334,58.68,12.771666666666667,66.85364151711968,0.43831024906981286,REAL_AWS
2026-03-14 09:00:00,BHARATI,-5.461666666666667,975.1866666666667,61.195,12.753333333333334,68.72503173874082,0.43768106823466113,REAL_AWS
2026-03-14 10:00:00,BHARATI,-5.415000000000001,975.2733333333333,59.10333333333333,13.428333333333335,66.80251131262008,0.46084636261979417,REAL_AWS
2026-03-14 11:00:00,BHARATI,-5.576666666666667,975.3533333333332,62.63,14.305,60.98017069408195,0.4909326461915965,REAL_AWS
2026-03-14 12:00:00,BHARATI,-5.705,975.3733333333332,67.73833333333333,13.379999999999999,56.18188879939339,0.4591876131453031,REAL_AWS
2026-03-14 13:00:00,BHARATI,-5.2283333333333335,975.4162162162163,63.88166666666667,13.791666666666666,40.128997017640074,0.4733155828073472,REAL_AWS
2026-03-14 14:00:00,BHARATI,-6.891666666666667,975.7916666666666,81.155,5.858333333333333,302.6035914645162,0.20105187595985807,REAL_AWS
2026-03-14 15:00:00,BHARATI,-8.578333333333335,976.2133333333334,78.94333333333334,6.871666666666667,270.4201070992656,0.23582841666642812,REAL_AWS
2026-03-14 16:00:00,BHARATI,-9.99,976.695,81.27,5.27,252.53568466899804,0.18086089097726063,REAL_AWS
2026-03-14 17:00:00,BHARATI,-10.301666666666668,977.1216666666667,80.75333333333333,3.445,260.73837295012294,0.11822879875078993,REAL_AWS
2026-03-14 18:00:00,BHARATI,-10.358333333333333,977.325,74.53,3.27,275.4345426939113,0.11222298168797767,REAL_AWS
2026-03-14 19:00:00,BHARATI,-10.486666666666668,977.545,73.62666666666668,2.7783333333333333,280.992985455538,0.09534949565436227,REAL_AWS
2026-03-14 20:00:00,BHARATI,-10.835,977.7183333333334,77.58500000000001,3.7266666666666666,230.6337388309099,0.12789530430903062,REAL_AWS
2026-03-14 21:00:00,BHARATI,-11.403333333333334,977.8916666666667,82.16666666666667,3.5133333333333336,206.28962007424275,0.12057392731817378,REAL_AWS
2026-03-14 22:00:00,BHARATI,-11.56,978.1833333333333,80.17833333333333,2.2783333333333333,178.64716755343113,0.07819001833204152,REAL_AWS
2026-03-14 23:00:00,BHARATI,-11.153333333333334,978.2666666666667,79.22666666666667,3.0283333333333333,226.291352093649,0.10392923431552265,REAL_AWS
2026-03-15 00:00:00,BHARATI,-10.813114754098361,978.188524590164,77.71803278688525,4.914754098360656,238.61387063919102,0.16866922299120524,REAL_AWS
2026-03-15 01:00:00,BHARATI,-11.514999999999999,978.2899999999998,85.16499999999999,6.091666666666667,206.8196785886622,0.20905963204360775,REAL_AWS
2026-03-15 02:00:00,BHARATI,-11.889999999999999,978.1116666666668,87.895,5.493333333333334,208.11109221407511,0.18852545751456393,REAL_AWS
2026-03-15 03:00:00,BHARATI,-11.693333333333333,977.8066666666667,87.01166666666667,4.663333333333333,196.393434964522,0.16004072515951148,REAL_AWS
2026-03-15 04:00:00,BHARATI,-11.333333333333334,977.5666666666667,83.83999999999999,5.8133333333333335,201.85007130300264,0.1995075230008492,REAL_AWS
2026-03-15 05:00:00,BHARATI,-10.518333333333334,977.2666666666667,77.895,5.9366666666666665,205.26545791047232,0.2037401940736883,REAL_AWS
2026-03-15 06:00:00,BHARATI,-9.915,976.92,74.29666666666667,6.376666666666667,209.60992622589671,0.21884053411733057,REAL_AWS
2026-03-15 07:00:00,BHARATI,-9.903333333333334,976.3816666666667,72.78500000000001,9.84,215.0331800628192,0.33769851370327225,REAL_AWS
2026-03-15 08:00:00,BHARATI,-10.085,975.9166666666666,71.39166666666667,10.135,206.09952313548652,0.3478226053234415,REAL_AWS
2026-03-15 09:00:00,BHARATI,-9.635,975.5083333333333,70.71833333333333,10.905,216.7855685037895,0.37424820039981543,REAL_AWS
2026-03-15 10:00:00,BHARATI,-9.520000000000001,975.0949999999999,72.34666666666666,10.523333333333333,212.6130198329906,0.3611497993771106,REAL_AWS
2026-03-15 11:00:00,BHARATI,-9.74,974.7033333333333,78.72333333333333,10.358333333333333,215.4205872979917,0.35548717186074474,REAL_AWS
2026-03-15 12:00:00,BHARATI,-10.178333333333335,974.3466666666666,80.80666666666666,11.526666666666667,218.01720261590611,0.39558315053723425,REAL_AWS
2026-03-15 13:00:00,BHARATI,-10.389999999999999,973.9449999999999,81.18333333333334,11.3,213.35150796633732,0.38780418748444884,REAL_AWS
2026-03-15 14:00:00,BHARATI,-10.263333333333332,973.5766666666666,80.72333333333333,10.533333333333333,218.9697538095933,0.361492988923557,REAL_AWS
2026-03-15 15:00:00,BHARATI,-10.273333333333333,973.5116666666667,81.52166666666668,9.133333333333333,206.94221641728112,0.3134464524210589,REAL_AWS
2026-03-15 16:00:00,BHARATI,-10.379999999999999,973.5733333333334,79.65,8.245,205.4103679064762,0.282959781045069,REAL_AWS
2026-03-15 17:00:00,BHARATI,-10.291666666666666,973.625,75.72166666666666,7.963333333333334,214.2389965711141,0.2732932754868284,REAL_AWS
2026-03-15 18:00:00,BHARATI,-10.411666666666667,973.6866666666667,75.36,7.303333333333333,202.20256142685528,0.250642765421365,REAL_AWS
2026-03-15 19:00:00,BHARATI,-10.07,973.5166666666667,79.17166666666667,7.485,206.46729683390677,0.25687737551514156,REAL_AWS
2026-03-15 20:00:00,BHARATI,-10.206666666666667,973.245,83.88000000000001,8.133333333333333,206.47780973983234,0.27912749777641743,REAL_AWS
2026-03-15 21:00:00,BHARATI,-10.378333333333334,973.2116666666666,86.43833333333333,9.741666666666667,207.53676796268437,0.3343238164965492,REAL_AWS
2026-03-15 22:00:00,BHARATI,-10.56,973.1366666666668,87.63833333333334,8.665,203.2700659813502,0.29737374199581845,REAL_AWS
2026-03-15 23:00:00,BHARATI,-10.166666666666666,973.0550000000001,87.77333333333333,7.511666666666667,197.21996969940216,0.25779254763899867,REAL_AWS
2026-03-16 00:00:00,BHARATI,-9.259016393442622,973.1590163934426,88.50819672131148,4.895081967213115,185.0563307429364,0.16799409601458934,REAL_AWS
2026-03-16 01:00:00,BHARATI,-7.6,972.9142857142857,90.79833333333333,3.066666666666667,20.992299771444834,0.10524479424356724,REAL_AWS
2026-03-16 02:00:00,BHARATI,-5.29,972.6145833333334,90.24333333333334,18.134999999999998,23.700003779158237,0.6223742424805734,REAL_AWS
2026-03-16 03:00:00,BHARATI,-5.258333333333334,972.6450000000001,90.15666666666667,18.7,26.900629305984523,0.6417644518547958,REAL_AWS
2026-03-16 04:00:00,BHARATI,-5.36,972.7933333333333,90.11999999999999,19.688333333333333,29.732292577635576,0.6756830186952498,REAL_AWS
2026-03-16 05:00:00,BHARATI,-5.4783333333333335,972.9033333333333,91.01666666666667,19.19,32.22959258600349,0.6585807396306702,REAL_AWS
2026-03-16 06:00:00,BHARATI,-5.5216666666666665,973.08,91.87666666666668,21.763333333333332,31.748747056214654,0.7468948495828809,REAL_AWS
2026-03-16 07:00:00,BHARATI,-6.328333333333333,973.3816666666667,91.49166666666666,12.406666666666666,7.596811529766512,0.42578383062451874,REAL_AWS
2026-03-16 08:00:00,BHARATI,-9.125,974.5816666666667,91.18833333333333,4.983333333333333,237.45140511179778,0.17102279064579676,REAL_AWS
2026-03-16 09:00:00,BHARATI,-9.665,975.3616666666666,90.35166666666667,5.473333333333333,251.9119115128845,0.18783907842167105,REAL_AWS
2026-03-16 10:00:00,BHARATI,-10.191666666666666,976.0733333333334,88.06333333333333,6.505,252.16822612778623,0.2232447999633929,REAL_AWS
2026-03-16 11:00:00,BHARATI,-10.741666666666667,976.7416666666667,86.29166666666667,6.54,262.86685868713096,0.22444596337595535,REAL_AWS
2026-03-16 12:00:00,BHARATI,-11.653333333333334,977.3083333333333,84.74499999999999,6.1866666666666665,240.0872519165041,0.21231993273484867,REAL_AWS
2026-03-16 13:00:00,BHARATI,-11.888333333333334,977.8349999999999,86.405,5.108333333333333,211.96608810167777,0.17531265997637693,REAL_AWS
2026-03-16 14:00:00,BHARATI,-12.011666666666667,978.1666666666666,84.275,6.03,228.53601222120133,0.20694329650718818,REAL_AWS
2026-03-16 15:00:00,BHARATI,-12.408333333333333,978.3233333333334,86.79666666666667,7.930000000000001,219.5671311919013,0.272149310332007,REAL_AWS
2026-03-16 16:00:00,BHARATI,-12.838333333333333,978.61,86.48666666666666,6.816666666666666,206.7035094329364,0.2339408741609728,REAL_AWS
2026-03-16 17:00:00,BHARATI,-12.65,978.8616666666666,86.18666666666667,6.891666666666667,207.49872170930283,0.23651479575932094,REAL_AWS
2026-03-16 18:00:00,BHARATI,-12.606666666666666,979.2333333333333,86.05333333333333,8.496666666666666,218.82271227991032,0.2915967179639705,REAL_AWS
2026-03-16 19:00:00,BHARATI,-12.636666666666665,979.6666666666666,85.83999999999999,9.161666666666667,215.6960519168823,0.31441882280265715,REAL_AWS
2026-03-16 20:00:00,BHARATI,-12.571666666666665,979.9,84.11333333333333,7.876666666666667,207.51640354265965,0.2703189660842928,REAL_AWS
2026-03-16 21:00:00,BHARATI,-12.354999999999999,980.0466666666667,78.01833333333335,8.016666666666667,198.96970513569107,0.27512361973454263,REAL_AWS
2026-03-16 22:00:00,BHARATI,-11.866666666666667,980.305,71.96833333333333,3.265,214.3485814643588,0.11205138691475447,REAL_AWS
2026-03-16 23:00:00,BHARATI,-11.436666666666667,980.525,72.805,4.6466666666666665,210.55302506903547,0.15946874258210078,REAL_AWS
2026-03-17 00:00:00,BHARATI,-11.237704918032787,980.8245901639344,81.64098360655738,7.0704918032786885,200.49840692417962,0.24265188751203073,REAL_AWS
2026-03-17 01:00:00,BHARATI,-10.913333333333332,980.9116666666666,81.21000000000001,3.4133333333333336,194.38132516197587,0.11714203185370962,REAL_AWS
2026-03-17 02:00:00,BHARATI,-10.18,981.0933333333334,81.61999999999999,2.9433333333333334,211.74623826082822,0.10101212317072812,REAL_AWS
2026-03-17 03:00:00,BHARATI,-8.918333333333333,981.3066666666667,82.06166666666667,1.4983333333333335,183.52954975374578,0.05142123370922117,REAL_AWS
2026-03-17 04:00:00,BHARATI,-6.9366666666666665,981.6466666666668,84.69,3.9616666666666664,94.0380697972127,0.13596025865052136,REAL_AWS
2026-03-17 05:00:00,BHARATI,-5.705,982.0883333333334,86.11,8.361666666666666,34.404075746759304,0.28696365908694393,REAL_AWS
2026-03-17 06:00:00,BHARATI,-5.5216666666666665,982.42,86.04166666666667,10.610000000000001,18.200504708496396,0.36412410877964624,REAL_AWS
2026-03-17 07:00:00,BHARATI,-5.483333333333333,982.605,85.79666666666667,11.908333333333333,29.875756019222422,0.40868155155993907,REAL_AWS
2026-03-17 08:00:00,BHARATI,-5.206666666666666,983.1650000000001,84.69333333333334,8.628333333333334,31.052777948507753,0.296115380325515,REAL_AWS
2026-03-17 09:00:00,BHARATI,-5.375,983.5483333333334,85.41833333333334,8.763333333333332,50.45169561211287,0.3007484392025415,REAL_AWS
2026-03-17 10:00:00,BHARATI,-5.17,983.8316666666667,79.35833333333333,8.958333333333334,28.10179955266608,0.30744063535824667,REAL_AWS
2026-03-17 11:00:00,BHARATI,-5.158333333333333,984.235,83.71000000000001,6.575,36.43420804317759,0.2256471267885178,REAL_AWS
2026-03-17 12:00:00,BHARATI,-5.6066666666666665,984.5,82.735,5.781666666666666,89.29840345870565,0.19842075610376886,REAL_AWS
2026-03-17 13:00:00,BHARATI,-5.881666666666667,984.6891304347827,78.655,7.33,88.56681841318118,0.2515579375452221,REAL_AWS
2026-03-17 14:00:00,BHARATI,-5.783333333333333,984.9956521739131,79.23611111111111,7.016666666666667,86.16883311997782,0.24080466508990112,REAL_AWS
2026-03-17 15:00:00,BHARATI,-5.951666666666666,985.265,82.28,8.021666666666667,91.99972573899936,0.2752952145077658,REAL_AWS
2026-03-17 16:00:00,BHARATI,-6.05,985.3083333333333,81.61166666666666,8.97,99.83326017897241,0.30784102316243417,REAL_AWS
2026-03-17 17:00:00,BHARATI,-5.9,985.625,78.66499999999999,8.475,93.19161053634389,0.2908531406133366,REAL_AWS
2026-03-17 18:00:00,BHARATI,-5.885000000000001,986.135,71.67333333333333,7.793333333333334,92.71616854688568,0.26745905319723934,REAL_AWS
2026-03-17 19:00:00,BHARATI,-6.153333333333333,986.4416666666667,73.84166666666667,8.885,94.73816206194397,0.30492391201763963,REAL_AWS
2026-03-17 20:00:00,BHARATI,-6.451666666666667,986.65,77.79666666666667,9.778333333333334,86.1849556994087,0.3355821781668527,REAL_AWS
2026-03-17 21:00:00,BHARATI,-6.515,986.8266666666666,75.36999999999999,10.303333333333335,87.46701047145734,0.35359962935528955,REAL_AWS
2026-03-17 22:00:00,BHARATI,-6.605,987.1016666666667,74.89,10.423333333333334,89.10166217400774,0.35771790391264646,REAL_AWS
2026-03-17 23:00:00,BHARATI,-6.961666666666667,987.2383333333333,76.41000000000001,11.126666666666667,88.30070083761092,0.38185556867937764,REAL_AWS
2026-03-18 00:00:00,BHARATI,-7.285245901639344,987.432786885246,76.68196721311476,10.80983606557377,88.95108544763866,0.370982273650436,REAL_AWS
2026-03-18 01:00:00,BHARATI,-7.411666666666666,987.5133333333334,76.365,10.456666666666667,84.44468123606316,0.35886186906746786,REAL_AWS
2026-03-18 02:00:00,BHARATI,-7.53,987.6450000000001,75.28999999999999,9.003333333333334,89.23610959152933,0.30898498831725557,REAL_AWS
2026-03-18 03:00:00,BHARATI,-7.453333333333333,987.75,71.83666666666666,8.471666666666668,90.01720169252013,0.2907387440978545,REAL_AWS
2026-03-18 04:00:00,BHARATI,-6.645,987.8816666666667,73.205,6.98,76.66387846580864,0.23954630341959762,REAL_AWS
2026-03-18 05:00:00,BHARATI,-6.598333333333333,988.125,69.09666666666666,5.84,88.97600606701576,0.20042269512470628,REAL_AWS
2026-03-18 06:00:00,BHARATI,-6.503333333333333,988.1866666666667,69.63833333333334,5.545,92.38505253021401,0.19029860350453706,REAL_AWS
2026-03-18 07:00:00,BHARATI,-6.465000000000001,988.1450000000001,70.82833333333333,4.39,99.40678135141053,0.15066021088997614,REAL_AWS
2026-03-18 08:00:00,BHARATI,-6.251666666666667,988.15,66.26666666666667,4.581666666666666,99.12275237293778,0.15723801053019906,REAL_AWS
2026-03-18 09:00:00,BHARATI,-6.124242424242424,987.9969696969697,64.15454545454546,4.16969696969697,99.54834433041475,0.14309964118492938,REAL_AWS
2016-01-01 00:00:00,MAITRI,-0.8,966.9,57.0,62.6,298.0,0.9007194244604316,REAL_AWS
2016-01-01 01:00:00,MAITRI,-0.6,967.6,50.0,61.8,298.0,0.8892086330935252,REAL_AWS
2016-01-01 02:00:00,MAITRI,-0.9,968.4,57.0,61.3,298.0,0.8820143884892085,REAL_AWS
2016-01-01 03:00:00,MAITRI,-0.4,968.9,51.0,61.9,298.0,0.8906474820143885,REAL_AWS
2016-01-01 04:00:00,MAITRI,-1.2,969.5,54.0,61.4,298.0,0.8834532374100719,REAL_AWS
2016-01-01 05:00:00,MAITRI,-0.2,970.0,50.0,62.6,298.0,0.9007194244604316,REAL_AWS
2016-01-01 06:00:00,MAITRI,-0.7,970.8,56.0,61.9,298.0,0.8906474820143885,REAL_AWS
2016-01-01 07:00:00,MAITRI,0.1,971.5,55.0,54.3,299.0,0.781294964028777,REAL_AWS
2016-01-01 08:00:00,MAITRI,0.6,972.1,53.0,61.3,300.0,0.8820143884892085,REAL_AWS
2016-01-01 09:00:00,MAITRI,1.4,972.6,54.0,61.9,300.0,0.8906474820143885,REAL_AWS
2016-01-01 10:00:00,MAITRI,2.3,973.2,53.0,60.8,300.0,0.874820143884892,REAL_AWS
2016-01-01 11:00:00,MAITRI,3.5,973.6,47.0,65.9,298.0,0.9482014388489209,REAL_AWS
2016-01-01 12:00:00,MAITRI,2.6,974.1,52.0,62.6,299.0,0.9007194244604316,REAL_AWS
2016-01-01 13:00:00,MAITRI,2.6,974.4,53.0,61.9,299.0,0.8906474820143885,REAL_AWS
2016-01-01 14:00:00,MAITRI,3.0,974.6,52.0,56.5,297.0,0.8129496402877698,REAL_AWS
2016-01-01 15:00:00,MAITRI,2.7,974.6,51.0,63.2,298.0,0.9093525179856116,REAL_AWS
2016-01-01 16:00:00,MAITRI,2.1,974.8,55.0,62.6,298.0,0.9007194244604316,REAL_AWS
2016-01-01 17:00:00,MAITRI,1.6,974.8,55.0,62.6,298.0,0.9007194244604316,REAL_AWS
2016-01-01 18:00:00,MAITRI,1.0,974.8,57.0,62.6,298.0,0.9007194244604316,REAL_AWS
2016-01-01 19:00:00,MAITRI,1.0,975.1,58.0,62.6,298.0,0.9007194244604316,REAL_AWS
2016-01-01 20:00:00,MAITRI,0.5,975.7,62.0,63.3,298.0,0.9107913669064748,REAL_AWS
2016-01-01 21:00:00,MAITRI,-0.3,975.9,62.0,62.5,298.0,0.8992805755395683,REAL_AWS
2016-01-01 22:00:00,MAITRI,-1.1,976.0,64.0,63.0,298.0,0.9064748201438849,REAL_AWS
2016-01-01 23:00:00,MAITRI,-1.5,976.1,63.0,60.8,299.0,0.874820143884892,REAL_AWS
2016-01-02 00:00:00,MAITRI,-1.8,976.2,62.0,65.5,299.0,0.9424460431654677,REAL_AWS
2016-01-02 01:00:00,MAITRI,-2.1,976.5,57.0,62.6,300.0,0.9007194244604316,REAL_AWS
2016-01-02 02:00:00,MAITRI,-2.0,976.8,55.0,60.4,297.0,0.8690647482014389,REAL_AWS
2016-01-02 03:00:00,MAITRI,-2.2,976.5,58.0,63.9,296.0,0.9194244604316547,REAL_AWS
2016-01-02 04:00:00,MAITRI,-1.9,976.5,55.0,62.5,299.0,0.8992805755395683,REAL_AWS
2016-01-02 05:00:00,MAITRI,-1.6,976.6,54.0,62.6,299.0,0.9007194244604316,REAL_AWS
2016-01-02 06:00:00,MAITRI,-0.8,976.4,53.0,63.2,299.0,0.9093525179856116,REAL_AWS
2016-01-02 07:00:00,MAITRI,0.0,976.3,51.0,42.7,310.0,0.6143884892086331,REAL_AWS
2016-01-02 08:00:00,MAITRI,1.2,976.2,46.0,62.6,298.0,0.9007194244604316,REAL_AWS
2016-01-02 09:00:00,MAITRI,2.1,976.1,47.0,61.9,298.0,0.8906474820143885,REAL_AWS
2016-01-02 10:00:00,MAITRI,2.8,975.9,45.0,61.9,298.0,0.8906474820143885,REAL_AWS
2016-01-02 11:00:00,MAITRI,3.0,975.8,46.0,62.5,298.0,0.8992805755395683,REAL_AWS
2016-01-02 12:00:00,MAITRI,3.3,975.6,45.0,61.9,298.0,0.8906474820143885,REAL_AWS
2016-01-02 13:00:00,MAITRI,3.2,974.9,48.0,61.3,298.0,0.8820143884892085,REAL_AWS
2016-01-02 14:00:00,MAITRI,3.5,974.5,45.0,61.9,298.0,0.8906474820143885,REAL_AWS
2016-01-02 15:00:00,MAITRI,2.8,974.0,49.0,61.0,298.0,0.8776978417266187,REAL_AWS
2016-01-02 16:00:00,MAITRI,2.9,973.4,48.0,61.4,299.0,0.8834532374100719,REAL_AWS
2016-01-02 17:00:00,MAITRI,2.1,972.9,55.0,61.3,299.0,0.8820143884892085,REAL_AWS
2016-01-02 18:00:00,MAITRI,1.5,972.4,55.0,60.2,300.0,0.8661870503597122,REAL_AWS
2016-01-02 19:00:00,MAITRI,0.8,971.9,60.0,54.3,303.0,0.781294964028777,REAL_AWS
2016-01-02 20:00:00,MAITRI,0.3,971.5,60.0,63.0,300.0,0.9064748201438849,REAL_AWS
2016-01-02 21:00:00,MAITRI,0.2,970.9,63.0,62.6,300.0,0.9007194244604316,REAL_AWS
2016-01-02 22:00:00,MAITRI,-0.5,970.4,67.0,61.9,300.0,0.8906474820143885,REAL_AWS
2016-01-02 23:00:00,MAITRI,-0.9,969.9,65.0,52.7,300.0,0.758273381294964,REAL_AWS
2016-01-03 00:00:00,MAITRI,-1.4,969.3,62.0,61.9,298.0,0.8906474820143885,REAL_AWS
2016-01-03 01:00:00,MAITRI,-2.1,968.5,61.0,62.6,298.0,0.9007194244604316,REAL_AWS
2016-01-03 02:00:00,MAITRI,-2.1,967.8,60.0,62.6,298.0,0.9007194244604316,REAL_AWS
2016-01-03 03:00:00,MAITRI,-1.9,967.0,50.0,61.9,298.0,0.8906474820143885,REAL_AWS
2016-01-03 04:00:00,MAITRI,-1.7,966.1,54.0,62.2,298.0,0.8949640287769784,REAL_AWS
2016-01-03 05:00:00,MAITRI,-1.9,965.4,59.0,63.7,298.0,0.9165467625899281,REAL_AWS
2016-01-03 06:00:00,MAITRI,-2.2,965.1,56.0,63.3,298.0,0.9107913669064748,REAL_AWS
2016-01-03 07:00:00,MAITRI,-1.4,964.7,54.0,63.9,298.0,0.9194244604316547,REAL_AWS
2016-01-03 08:00:00,MAITRI,-0.6,964.1,47.0,63.1,298.0,0.9079136690647482,REAL_AWS
2016-01-03 09:00:00,MAITRI,0.7,963.5,42.0,67.1,298.0,0.9654676258992805,REAL_AWS
2016-01-03 10:00:00,MAITRI,0.7,963.1,52.0,62.6,299.0,0.9007194244604316,REAL_AWS
2016-01-03 11:00:00,MAITRI,-0.3,962.6,58.0,63.3,298.0,0.9107913669064748,REAL_AWS
2016-01-03 12:00:00,MAITRI,-0.6,962.2,59.0,61.9,298.0,0.8906474820143885,REAL_AWS
2016-01-03 13:00:00,MAITRI,0.1,961.5,61.0,63.1,299.0,0.9079136690647482,REAL_AWS
2016-01-03 14:00:00,MAITRI,-0.2,961.1,65.0,62.4,298.0,0.897841726618705,REAL_AWS
2016-01-03 15:00:00,MAITRI,-0.8,960.6,69.0,63.2,300.0,0.9093525179856116,REAL_AWS
2016-01-03 16:00:00,MAITRI,-1.8,960.3,73.0,63.3,300.0,0.9107913669064748,REAL_AWS
2016-01-03 17:00:00,MAITRI,-1.9,960.1,74.0,63.2,301.0,0.9093525179856116,REAL_AWS
2016-01-03 18:00:00,MAITRI,-2.1,960.0,79.0,60.4,303.0,0.8690647482014389,REAL_AWS
2016-01-03 19:00:00,MAITRI,-2.4,959.9,79.0,63.2,298.0,0.9093525179856116,REAL_AWS
2016-01-03 20:00:00,MAITRI,-2.8,959.8,82.0,62.6,298.0,0.9007194244604316,REAL_AWS
2016-01-03 21:00:00,MAITRI,-3.5,959.5,86.0,63.3,298.0,0.9107913669064748,REAL_AWS
2016-01-03 22:00:00,MAITRI,-3.7,959.4,87.0,63.3,298.0,0.9107913669064748,REAL_AWS
2016-01-03 23:00:00,MAITRI,-3.8,959.4,86.0,63.3,298.0,0.9107913669064748,REAL_AWS
2016-01-04 00:00:00,MAITRI,-3.9,959.4,87.0,61.3,298.0,0.8820143884892085,REAL_AWS
2016-01-04 01:00:00,MAITRI,-4.0,959.5,87.0,61.9,298.0,0.8906474820143885,REAL_AWS
2016-01-04 02:00:00,MAITRI,-4.3,959.5,89.0,67.7,299.0,0.9741007194244605,REAL_AWS
2016-01-04 03:00:00,MAITRI,-4.5,959.5,90.0,55.6,309.0,0.8,REAL_AWS
2016-01-04 04:00:00,MAITRI,-4.4,959.7,89.0,29.3,311.99999999999994,0.42158273381294964,REAL_AWS
2016-01-04 05:00:00,MAITRI,-4.6,960.0,88.0,61.9,298.0,0.8906474820143885,REAL_AWS
2016-01-04 06:00:00,MAITRI,-4.1,960.6,86.0,61.9,298.0,0.8906474820143885,REAL_AWS
2016-01-04 07:00:00,MAITRI,-2.9,960.9,78.0,61.9,298.0,0.8906474820143885,REAL_AWS
2016-01-04 08:00:00,MAITRI,-2.5,961.3,76.0,62.6,298.0,0.9007194244604316,REAL_AWS
2016-01-04 09:00:00,MAITRI,-1.5,961.8,67.0,63.9,298.0,0.9194244604316547,REAL_AWS
2016-01-04 10:00:00,MAITRI,-2.0,962.2,58.0,63.9,298.0,0.9194244604316547,REAL_AWS
2016-01-04 11:00:00,MAITRI,-0.1,962.7,53.0,63.9,298.0,0.9194244604316547,REAL_AWS
2016-01-04 12:00:00,MAITRI,-0.2,963.2,50.0,62.6,298.0,0.9007194244604316,REAL_AWS
2016-01-04 13:00:00,MAITRI,0.6,963.6,53.0,63.9,298.0,0.9194244604316547,REAL_AWS
2016-01-04 14:00:00,MAITRI,-0.6,964.3,61.0,63.9,298.0,0.9194244604316547,REAL_AWS
2016-01-04 15:00:00,MAITRI,-1.4,964.9,64.0,63.9,298.0,0.9194244604316547,REAL_AWS
2016-01-04 16:00:00,MAITRI,-1.9,965.5,68.0,63.3,298.0,0.9107913669064748,REAL_AWS
2016-01-04 17:00:00,MAITRI,-1.7,966.0,67.0,63.4,298.0,0.9122302158273381,REAL_AWS
2016-01-04 18:00:00,MAITRI,-1.8,966.8,72.0,62.3,299.0,0.8964028776978417,REAL_AWS
2016-01-04 19:00:00,MAITRI,-1.6,967.2,72.0,62.4,298.0,0.897841726618705,REAL_AWS
2016-01-04 20:00:00,MAITRI,-1.9,967.4,71.0,63.3,301.0,0.9107913669064748,REAL_AWS
2016-01-04 21:00:00,MAITRI,-1.6,967.6,71.0,62.1,302.0,0.8935251798561151,REAL_AWS
2016-01-04 22:00:00,MAITRI,-1.3,968.2,70.0,61.2,295.0,0.8805755395683453,REAL_AWS
2016-01-04 23:00:00,MAITRI,-1.7,968.8,71.0,63.3,298.0,0.9107913669064748,REAL_AWS
2016-01-05 00:00:00,MAITRI,-2.6,969.3,74.0,62.6,298.0,0.9007194244604316,REAL_AWS
2016-01-05 01:00:00,MAITRI,-3.8,970.0,73.0,63.3,298.0,0.9107913669064748,REAL_AWS
2016-01-05 02:00:00,MAITRI,-4.4,970.6,71.0,62.6,298.0,0.9007194244604316,REAL_AWS
2016-01-05 03:00:00,MAITRI,-4.5,970.9,70.0,61.9,298.0,0.8906474820143885,REAL_AWS
2016-01-05 04:00:00,MAITRI,-4.3,970.6,69.0,61.9,300.0,0.8906474820143885,REAL_AWS
2016-01-05 05:00:00,MAITRI,-3.8,970.7,68.0,61.9,301.0,0.8906474820143885,REAL_AWS
2016-01-05 06:00:00,MAITRI,-3.3,970.9,65.0,62.6,301.0,0.9007194244604316,REAL_AWS
2016-01-05 07:00:00,MAITRI,-3.2,971.2,66.0,55.3,310.0,0.7956834532374101,REAL_AWS
2016-01-05 08:00:00,MAITRI,-2.9,971.0,65.0,50.6,292.0,0.7280575539568346,REAL_AWS
2016-01-05 09:00:00,MAITRI,-2.6,970.7,62.0,62.6,298.0,0.9007194244604316,REAL_AWS
2016-01-05 10:00:00,MAITRI,-1.5,970.6,59.0,61.9,298.0,0.8906474820143885,REAL_AWS
2016-01-05 11:00:00,MAITRI,-1.6,970.4,59.0,62.1,298.0,0.8935251798561151,REAL_AWS
2016-01-05 12:00:00,MAITRI,-1.3,970.0,61.0,62.6,298.0,0.9007194244604316,REAL_AWS
2016-01-05 13:00:00,MAITRI,-1.0,969.9,58.0,63.3,298.0,0.9107913669064748,REAL_AWS
2016-01-05 14:00:00,MAITRI,-0.8,969.6,57.0,63.3,298.0,0.9107913669064748,REAL_AWS
2016-01-05 15:00:00,MAITRI,-1.8,969.6,63.0,63.9,298.0,0.9194244604316547,REAL_AWS
2016-01-05 16:00:00,MAITRI,-1.4,969.1,66.0,62.6,298.0,0.9007194244604316,REAL_AWS
2016-01-05 17:00:00,MAITRI,-1.0,968.6,64.0,63.3,298.0,0.9107913669064748,REAL_AWS
2016-01-05 18:00:00,MAITRI,-1.0,968.4,64.0,63.3,298.0,0.9107913669064748,REAL_AWS
2016-01-05 19:00:00,MAITRI,-1.4,968.3,61.0,63.3,298.0,0.9107913669064748,REAL_AWS
2016-01-05 20:00:00,MAITRI,-2.1,967.9,66.0,57.8,299.0,0.8316546762589928,REAL_AWS
2016-01-05 21:00:00,MAITRI,-2.5,967.2,66.0,61.9,301.0,0.8906474820143885,REAL_AWS
2016-01-05 22:00:00,MAITRI,-2.4,966.9,62.0,63.3,301.0,0.9107913669064748,REAL_AWS
2016-01-05 23:00:00,MAITRI,-2.5,966.4,63.0,62.6,301.0,0.9007194244604316,REAL_AWS
2016-01-06 00:00:00,MAITRI,-2.4,966.0,63.0,25.3,306.0,0.3640287769784173,REAL_AWS
2016-01-06 01:00:00,MAITRI,-2.4,965.5,63.0,63.3,298.0,0.9107913669064748,REAL_AWS
2016-01-06 02:00:00,MAITRI,-2.3,965.2,65.0,63.3,298.0,0.9107913669064748,REAL_AWS
2016-01-06 03:00:00,MAITRI,-2.1,964.5,60.0,63.3,298.0,0.9107913669064748,REAL_AWS
2016-01-06 04:00:00,MAITRI,-2.1,964.2,60.0,62.0,298.0,0.8920863309352518,REAL_AWS
2016-01-06 05:00:00,MAITRI,-1.7,963.8,59.0,61.9,298.0,0.8906474820143885,REAL_AWS
2016-01-06 06:00:00,MAITRI,-1.4,963.3,60.0,62.6,298.0,0.9007194244604316,REAL_AWS
2016-01-06 07:00:00,MAITRI,-0.7,962.8,53.0,61.3,298.0,0.8820143884892085,REAL_AWS
2016-01-06 08:00:00,MAITRI,-0.3,962.2,50.0,61.9,298.0,0.8906474820143885,REAL_AWS
2016-01-06 09:00:00,MAITRI,1.0,961.6,55.0,61.3,298.0,0.8820143884892085,REAL_AWS
2016-01-06 10:00:00,MAITRI,1.4,961.0,50.0,61.9,298.0,0.8906474820143885,REAL_AWS
2016-01-06 11:00:00,MAITRI,1.3,960.4,59.0,61.9,298.0,0.8906474820143885,REAL_AWS
2016-01-06 12:00:00,MAITRI,1.7,960.0,57.0,62.7,300.0,0.902158273381295,REAL_AWS
2016-01-06 13:00:00,MAITRI,1.7,959.6,50.0,62.6,301.0,0.9007194244604316,REAL_AWS
2016-01-06 14:00:00,MAITRI,1.8,959.4,53.0,62.9,300.0,0.9050359712230216,REAL_AWS
2016-01-06 15:00:00,MAITRI,1.2,959.3,53.0,61.9,301.0,0.8906474820143885,REAL_AWS
2016-01-06 16:00:00,MAITRI,1.2,959.2,57.0,51.3,288.0,0.7381294964028776,REAL_AWS
2016-01-06 17:00:00,MAITRI,0.6,959.0,59.0,61.3,298.0,0.8820143884892085,REAL_AWS
2016-01-06 18:00:00,MAITRI,0.3,959.1,56.0,61.2,298.0,0.8805755395683453,REAL_AWS
2016-01-06 19:00:00,MAITRI,0.1,959.2,64.0,61.9,298.0,0.8906474820143885,REAL_AWS
2016-01-06 20:00:00,MAITRI,-0.4,959.4,68.0,63.3,298.0,0.9107913669064748,REAL_AWS
2016-01-06 21:00:00,MAITRI,-1.0,959.6,66.0,63.3,298.0,0.9107913669064748,REAL_AWS
2016-01-06 22:00:00,MAITRI,-2.4,959.8,61.0,63.3,298.0,0.9107913669064748,REAL_AWS
2016-01-06 23:00:00,MAITRI,-3.5,960.2,68.0,63.2,298.0,0.9093525179856116,REAL_AWS
2016-01-07 00:00:00,MAITRI,-4.7,960.6,75.0,63.9,298.0,0.9194244604316547,REAL_AWS
2016-01-07 01:00:00,MAITRI,-4.7,961.0,74.0,62.6,301.0,0.9007194244604316,REAL_AWS
2016-01-07 02:00:00,MAITRI,-4.9,961.3,73.0,63.3,298.0,0.9107913669064748,REAL_AWS
2016-01-07 03:00:00,MAITRI,-4.9,961.3,76.0,62.6,298.0,0.9007194244604316,REAL_AWS
2016-01-07 04:00:00,MAITRI,-4.7,961.0,71.0,60.8,298.0,0.874820143884892,REAL_AWS
2016-01-07 05:00:00,MAITRI,-4.4,961.0,64.0,61.3,298.0,0.8820143884892085,REAL_AWS
2016-01-07 06:00:00,MAITRI,-3.6,961.0,55.0,61.3,298.0,0.8820143884892085,REAL_AWS
2016-01-07 07:00:00,MAITRI,-2.7,961.1,59.0,62.6,298.0,0.9007194244604316,REAL_AWS
2016-01-07 08:00:00,MAITRI,-1.8,960.9,60.0,61.3,298.0,0.8820143884892085,REAL_AWS
2016-01-07 09:00:00,MAITRI,-0.3,960.7,52.0,61.3,298.0,0.8820143884892085,REAL_AWS
2016-01-07 10:00:00,MAITRI,0.7,960.7,50.0,62.8,298.0,0.9035971223021583,REAL_AWS
2016-01-07 11:00:00,MAITRI,1.2,961.1,51.0,62.5,301.0,0.8992805755395683,REAL_AWS
2016-01-07 12:00:00,MAITRI,1.9,961.3,46.0,61.9,301.0,0.8906474820143885,REAL_AWS
2016-01-07 13:00:00,MAITRI,2.8,961.4,43.0,62.6,301.0,0.9007194244604316,REAL_AWS
2016-01-07 14:00:00,MAITRI,2.2,961.7,47.0,44.1,288.0,0.6345323741007195,REAL_AWS
2016-01-07 15:00:00,MAITRI,1.4,961.9,55.0,62.6,298.0,0.9007194244604316,REAL_AWS
2016-01-07 16:00:00,MAITRI,1.0,962.2,56.0,61.9,298.0,0.8906474820143885,REAL_AWS
2016-01-07 17:00:00,MAITRI,0.0,962.6,61.0,61.9,298.0,0.8906474820143885,REAL_AWS
2016-01-07 18:00:00,MAITRI,-0.4,962.9,62.0,63.6,298.0,0.9151079136690647,REAL_AWS
2016-01-07 19:00:00,MAITRI,-0.8,963.5,60.0,63.3,298.0,0.9107913669064748,REAL_AWS
2016-01-07 20:00:00,MAITRI,-1.5,963.6,65.0,63.3,298.0,0.9107913669064748,REAL_AWS
2016-01-07 21:00:00,MAITRI,-1.4,963.9,62.0,63.3,298.0,0.9107913669064748,REAL_AWS
2016-01-07 22:00:00,MAITRI,-1.7,964.0,56.0,63.3,298.0,0.9107913669064748,REAL_AWS
2016-01-07 23:00:00,MAITRI,-2.6,964.5,61.0,63.9,298.0,0.9194244604316547,REAL_AWS
2016-01-08 00:00:00,MAITRI,-3.5,964.5,63.0,62.6,298.0,0.9007194244604316,REAL_AWS
2016-01-08 01:00:00,MAITRI,-3.8,964.5,60.0,64.5,299.0,0.9280575539568345,REAL_AWS
2016-01-08 02:00:00,MAITRI,-3.1,964.2,56.0,63.3,301.0,0.9107913669064748,REAL_AWS
2016-01-08 03:00:00,MAITRI,-2.1,963.8,56.0,63.3,301.0,0.9107913669064748,REAL_AWS
2016-01-08 04:00:00,MAITRI,-1.8,963.4,58.0,55.5,311.99999999999994,0.7985611510791367,REAL_AWS
2016-01-08 05:00:00,MAITRI,-0.3,963.1,56.0,62.6,298.0,0.9007194244604316,REAL_AWS
2016-01-08 06:00:00,MAITRI,0.6,962.6,45.0,63.3,298.0,0.9107913669064748,REAL_AWS
2016-01-08 07:00:00,MAITRI,1.3,962.7,45.0,62.6,298.0,0.9007194244604316,REAL_AWS
2016-01-08 08:00:00,MAITRI,1.6,963.0,44.0,62.7,298.0,0.902158273381295,REAL_AWS
2016-01-08 09:00:00,MAITRI,2.3,963.0,44.0,61.9,298.0,0.8906474820143885,REAL_AWS
2016-01-08 10:00:00,MAITRI,1.8,963.0,45.0,60.6,298.0,0.8719424460431655,REAL_AWS
2016-01-08 11:00:00,MAITRI,1.7,963.1,46.0,60.8,298.0,0.874820143884892,REAL_AWS
2016-01-08 12:00:00,MAITRI,1.5,963.4,50.0,61.3,298.0,0.8820143884892085,REAL_AWS
2016-01-08 13:00:00,MAITRI,1.4,963.6,51.0,61.3,298.0,0.8820143884892085,REAL_AWS
2016-01-08 14:00:00,MAITRI,1.8,963.6,51.0,61.3,298.0,0.8820143884892085,REAL_AWS
2016-01-08 15:00:00,MAITRI,2.2,963.1,45.0,61.3,298.0,0.8820143884892085,REAL_AWS
2016-01-08 16:00:00,MAITRI,2.2,962.8,48.0,61.2,298.0,0.8805755395683453,REAL_AWS
2016-01-08 17:00:00,MAITRI,2.4,962.4,49.0,62.6,299.0,0.9007194244604316,REAL_AWS
2016-01-08 18:00:00,MAITRI,1.8,962.2,60.0,63.2,301.0,0.9093525179856116,REAL_AWS
2016-01-08 19:00:00,MAITRI,1.9,962.2,58.0,63.3,301.0,0.9107913669064748,REAL_AWS
2016-01-08 20:00:00,MAITRI,1.7,962.2,54.0,62.6,301.0,0.9007194244604316,REAL_AWS
2016-01-08 21:00:00,MAITRI,1.5,962.5,52.0,25.9,306.0,0.3726618705035971,REAL_AWS
2016-01-08 22:00:00,MAITRI,1.4,962.4,51.0,62.6,298.0,0.9007194244604316,REAL_AWS
2016-01-08 23:00:00,MAITRI,1.1,962.6,49.0,63.3,298.0,0.9107913669064748,REAL_AWS
2016-01-09 00:00:00,MAITRI,1.3,962.1,43.0,62.6,298.0,0.9007194244604316,REAL_AWS
2016-01-09 01:00:00,MAITRI,1.0,962.2,40.0,63.3,298.0,0.9107913669064748,REAL_AWS
2016-01-09 02:00:00,MAITRI,0.4,962.3,45.0,61.9,298.0,0.8906474820143885,REAL_AWS
2016-01-09 03:00:00,MAITRI,1.0,962.3,39.0,62.6,298.0,0.9007194244604316,REAL_AWS
2016-01-09 04:00:00,MAITRI,0.0,961.9,40.0,61.2,298.0,0.8805755395683453,REAL_AWS
2016-01-09 05:00:00,MAITRI,-0.2,961.3,39.0,61.9,298.0,0.8906474820143885,REAL_AWS
2016-01-09 06:00:00,MAITRI,-0.5,961.9,48.0,61.3,298.0,0.8820143884892085,REAL_AWS
2016-01-09 07:00:00,MAITRI,-0.3,962.2,39.0,61.3,298.0,0.8820143884892085,REAL_AWS
2016-01-09 08:00:00,MAITRI,0.3,962.2,41.0,61.9,298.0,0.8906474820143885,REAL_AWS
2016-01-09 09:00:00,MAITRI,1.2,962.3,43.0,61.9,298.0,0.8906474820143885,REAL_AWS
2016-01-09 10:00:00,MAITRI,2.8,962.0,38.0,75.4,299.0,1.0,REAL_AWS
2016-01-09 11:00:00,MAITRI,4.1,962.3,40.0,62.6,301.0,0.9007194244604316,REAL_AWS
2016-01-09 12:00:00,MAITRI,3.8,962.6,45.0,61.9,301.0,0.8906474820143885,REAL_AWS
2016-01-09 13:00:00,MAITRI,4.0,962.7,44.0,53.3,294.0,0.7669064748201438,REAL_AWS
2016-01-09 14:00:00,MAITRI,4.0,963.4,50.0,61.9,298.0,0.8906474820143885,REAL_AWS
2016-01-09 15:00:00,MAITRI,3.7,963.4,51.0,61.9,298.0,0.8906474820143885,REAL_AWS
2016-01-09 16:00:00,MAITRI,3.3,963.4,52.0,62.6,298.0,0.9007194244604316,REAL_AWS
2016-01-09 17:00:00,MAITRI,3.1,963.5,58.0,61.9,298.0,0.8906474820143885,REAL_AWS
2016-01-09 18:00:00,MAITRI,2.9,964.1,56.0,63.3,298.0,0.9107913669064748,REAL_AWS
2016-01-09 19:00:00,MAITRI,2.5,964.6,60.0,62.6,298.0,0.9007194244604316,REAL_AWS
2016-01-09 20:00:00,MAITRI,1.6,965.1,64.0,63.9,298.0,0.9194244604316547,REAL_AWS
2016-01-09 21:00:00,MAITRI,1.3,965.4,62.0,62.9,299.0,0.9050359712230216,REAL_AWS
2016-01-09 22:00:00,MAITRI,0.7,965.6,67.0,63.3,298.0,0.9107913669064748,REAL_AWS
2016-01-09 23:00:00,MAITRI,0.5,965.5,64.0,62.6,298.0,0.9007194244604316,REAL_AWS
2016-01-10 00:00:00,MAITRI,0.5,965.7,64.0,62.6,298.0,0.9007194244604316,REAL_AWS
2016-01-10 01:00:00,MAITRI,0.4,965.9,65.0,57.5,298.0,0.8273381294964028,REAL_AWS
2016-01-10 02:00:00,MAITRI,0.5,966.0,66.0,61.7,300.0,0.887769784172662,REAL_AWS
2016-01-10 03:00:00,MAITRI,0.3,966.3,68.0,63.3,301.0,0.9107913669064748,REAL_AWS
2016-01-10 04:00:00,MAITRI,0.6,966.3,68.0,57.9,304.0,0.8330935251798561,REAL_AWS
2016-01-10 05:00:00,MAITRI,0.9,966.3,68.0,34.3,284.0,0.49352517985611505,REAL_AWS
2016-01-10 06:00:00,MAITRI,1.4,966.6,69.0,63.3,298.0,0.9107913669064748,REAL_AWS
2016-01-10 07:00:00,MAITRI,1.3,966.6,71.0,63.3,298.0,0.9107913669064748,REAL_AWS
2016-01-10 08:00:00,MAITRI,1.5,966.8,72.0,63.3,298.0,0.9107913669064748,REAL_AWS
2016-01-10 09:00:00,MAITRI,1.4,967.0,73.0,62.4,298.0,0.897841726618705,REAL_AWS
2016-01-10 10:00:00,MAITRI,1.2,967.2,70.0,61.3,298.0,0.8820143884892085,REAL_AWS
2016-01-10 11:00:00,MAITRI,1.6,967.5,67.0,61.3,298.0,0.8820143884892085,REAL_AWS
2016-01-10 12:00:00,MAITRI,1.7,967.7,69.0,61.2,298.0,0.8805755395683453,REAL_AWS
2016-01-10 13:00:00,MAITRI,0.9,968.1,71.0,61.9,298.0,0.8906474820143885,REAL_AWS
2016-01-10 14:00:00,MAITRI,0.7,968.3,72.0,61.9,298.0,0.8906474820143885,REAL_AWS
2016-01-10 15:00:00,MAITRI,0.4,968.4,75.0,61.9,298.0,0.8906474820143885,REAL_AWS
2016-01-10 16:00:00,MAITRI,0.4,968.6,74.0,62.5,298.0,0.8992805755395683,REAL_AWS
2016-01-10 17:00:00,MAITRI,0.1,968.9,74.0,54.8,299.0,0.7884892086330935,REAL_AWS
2016-01-10 18:00:00,MAITRI,0.0,969.4,75.0,62.6,301.0,0.9007194244604316,REAL_AWS
2016-01-10 19:00:00,MAITRI,-0.1,969.6,76.0,62.6,301.0,0.9007194244604316,REAL_AWS
2016-01-10 20:00:00,MAITRI,-0.2,970.3,77.0,56.6,298.0,0.8143884892086332,REAL_AWS
2016-01-10 21:00:00,MAITRI,-0.3,970.7,76.0,61.4,297.0,0.8834532374100719,REAL_AWS
2016-01-10 22:00:00,MAITRI,-0.5,971.2,77.0,62.6,298.0,0.9007194244604316,REAL_AWS
2016-01-10 23:00:00,MAITRI,-0.7,971.3,78.0,62.6,298.0,0.9007194244604316,REAL_AWS
2016-01-11 00:00:00,MAITRI,-0.9,971.4,76.0,63.1,298.0,0.9079136690647482,REAL_AWS
2016-01-11 01:00:00,MAITRI,-0.9,971.2,77.0,63.3,298.0,0.9107913669064748,REAL_AWS
2016-01-11 02:00:00,MAITRI,-0.6,971.1,76.0,62.6,298.0,0.9007194244604316,REAL_AWS
2016-01-11 03:00:00,MAITRI,-0.9,970.9,80.0,63.9,298.0,0.9194244604316547,REAL_AWS
2016-01-11 04:00:00,MAITRI,-1.2,970.5,88.0,63.3,298.0,0.9107913669064748,REAL_AWS
2016-01-11 05:00:00,MAITRI,-0.7,970.3,82.0,63.9,298.0,0.9194244604316547,REAL_AWS
2016-01-11 06:00:00,MAITRI,-0.6,970.1,81.0,63.6,298.0,0.9151079136690647,REAL_AWS
2016-01-11 07:00:00,MAITRI,-0.2,970.1,76.0,63.3,298.0,0.9107913669064748,REAL_AWS
2016-01-11 08:00:00,MAITRI,-0.1,970.1,75.0,62.4,298.0,0.897841726618705,REAL_AWS
2016-01-11 09:00:00,MAITRI,-0.2,969.8,73.0,63.1,299.0,0.9079136690647482,REAL_AWS
2016-01-11 10:00:00,MAITRI,-0.6,969.2,73.0,63.3,301.0,0.9107913669064748,REAL_AWS
2016-01-11 11:00:00,MAITRI,-0.4,968.9,71.0,63.3,301.0,0.9107913669064748,REAL_AWS
2016-01-11 12:00:00,MAITRI,-0.5,968.1,72.0,47.3,306.0,0.6805755395683453,REAL_AWS
2016-01-11 13:00:00,MAITRI,-0.6,967.4,73.0,26.4,307.0,0.37985611510791367,REAL_AWS
2016-01-11 14:00:00,MAITRI,-0.5,967.0,71.0,62.6,298.0,0.9007194244604316,REAL_AWS
2016-01-11 15:00:00,MAITRI,0.1,966.2,68.0,62.6,298.0,0.9007194244604316,REAL_AWS
2016-01-11 16:00:00,MAITRI,0.3,965.2,66.0,62.2,298.0,0.8949640287769784,REAL_AWS
2016-01-11 17:00:00,MAITRI,0.3,965.1,69.0,61.3,298.0,0.8820143884892085,REAL_AWS
2016-01-11 18:00:00,MAITRI,-0.1,964.6,69.0,61.9,298.0,0.8906474820143885,REAL_AWS
2016-01-11 19:00:00,MAITRI,0.0,964.3,66.0,61.0,298.0,0.8776978417266187,REAL_AWS
2016-01-11 20:00:00,MAITRI,0.0,964.1,66.0,62.6,298.0,0.9007194244604316,REAL_AWS
2016-01-11 21:00:00,MAITRI,0.1,963.8,65.0,62.6,298.0,0.9007194244604316,REAL_AWS
2016-01-11 22:00:00,MAITRI,0.1,963.0,62.0,61.3,298.0,0.8820143884892085,REAL_AWS
2016-01-11 23:00:00,MAITRI,0.0,962.6,59.0,61.3,298.0,0.8820143884892085,REAL_AWS
2016-01-12 00:00:00,MAITRI,-0.3,962.3,59.0,61.7,298.0,0.887769784172662,REAL_AWS
2016-01-12 01:00:00,MAITRI,-0.5,961.8,59.0,61.9,301.0,0.8906474820143885,REAL_AWS
2016-01-12 02:00:00,MAITRI,-0.8,961.9,55.0,61.9,301.0,0.8906474820143885,REAL_AWS
2016-01-12 03:00:00,MAITRI,-1.0,961.7,50.0,59.2,301.0,0.8517985611510792,REAL_AWS
2016-01-12 04:00:00,MAITRI,-0.7,962.2,47.0,61.9,298.0,0.8906474820143885,REAL_AWS
2016-01-12 05:00:00,MAITRI,-0.3,961.9,45.0,62.6,298.0,0.9007194244604316,REAL_AWS
2016-01-12 06:00:00,MAITRI,-0.1,961.4,47.0,61.9,298.0,0.8906474820143885,REAL_AWS
2016-01-12 07:00:00,MAITRI,0.4,961.7,48.0,61.9,298.0,0.8906474820143885,REAL_AWS
2016-01-12 08:00:00,MAITRI,0.5,962.1,48.0,63.3,298.0,0.9107913669064748,REAL_AWS
2016-01-12 09:00:00,MAITRI,0.5,961.7,50.0,62.6,298.0,0.9007194244604316,REAL_AWS
2016-01-12 10:00:00,MAITRI,1.1,962.3,47.0,62.3,298.0,0.8964028776978417,REAL_AWS
2016-01-12 11:00:00,MAITRI,1.8,962.4,49.0,63.9,298.0,0.9194244604316547,REAL_AWS
2016-01-12 12:00:00,MAITRI,2.3,962.5,52.0,63.3,298.0,0.9107913669064748,REAL_AWS
2016-01-12 13:00:00,MAITRI,2.4,962.6,52.0,63.9,298.0,0.9194244604316547,REAL_AWS
2016-01-12 14:00:00,MAITRI,2.2,962.8,51.0,62.6,298.0,0.9007194244604316,REAL_AWS
2016-01-12 15:00:00,MAITRI,2.1,963.5,53.0,64.0,298.0,0.920863309352518,REAL_AWS
2016-01-12 16:00:00,MAITRI,2.1,963.4,46.0,63.2,301.0,0.9093525179856116,REAL_AWS
2016-01-12 17:00:00,MAITRI,1.8,964.1,49.0,63.3,301.0,0.9107913669064748,REAL_AWS
2016-01-12 18:00:00,MAITRI,1.5,964.8,52.0,58.5,297.0,0.841726618705036,REAL_AWS
2016-01-12 19:00:00,MAITRI,1.1,965.0,51.0,60.9,298.0,0.8762589928057554,REAL_AWS
2016-01-12 20:00:00,MAITRI,0.8,965.4,51.0,62.6,298.0,0.9007194244604316,REAL_AWS
2016-01-12 21:00:00,MAITRI,0.4,966.0,51.0,62.6,298.0,0.9007194244604316,REAL_AWS
2016-01-12 22:00:00,MAITRI,0.4,965.9,47.0,62.8,298.0,0.9035971223021583,REAL_AWS
2016-01-12 23:00:00,MAITRI,0.7,966.1,44.0,61.3,298.0,0.8820143884892085,REAL_AWS
2016-01-13 00:00:00,MAITRI,0.4,966.1,39.0,61.9,298.0,0.8906474820143885,REAL_AWS
2016-01-13 01:00:00,MAITRI,0.0,966.9,41.0,61.2,298.0,0.8805755395683453,REAL_AWS
2016-01-13 02:00:00,MAITRI,0.3,966.9,38.0,61.9,298.0,0.8906474820143885,REAL_AWS
2016-01-13 03:00:00,MAITRI,0.0,967.6,37.0,61.3,298.0,0.8820143884892085,REAL_AWS
2016-01-13 04:00:00,MAITRI,0.8,967.9,35.0,61.9,298.0,0.8906474820143885,REAL_AWS
2016-01-13 05:00:00,MAITRI,0.6,968.3,40.0,61.3,298.0,0.8820143884892085,REAL_AWS
2016-01-13 06:00:00,MAITRI,1.5,969.1,38.0,61.2,299.0,0.8805755395683453,REAL_AWS
2016-01-13 07:00:00,MAITRI,1.7,969.5,40.0,61.9,300.0,0.8906474820143885,REAL_AWS
2016-01-13 08:00:00,MAITRI,2.7,969.9,35.0,61.9,300.0,0.8906474820143885,REAL_AWS
2016-01-13 09:00:00,MAITRI,3.6,970.2,38.0,58.2,303.0,0.8374100719424461,REAL_AWS
2016-01-13 10:00:00,MAITRI,3.9,970.7,37.0,62.1,298.0,0.8935251798561151,REAL_AWS
2016-01-13 11:00:00,MAITRI,4.6,971.2,36.0,62.2,299.0,0.8949640287769784,REAL_AWS
2016-01-13 12:00:00,MAITRI,4.2,971.6,39.0,61.9,299.0,0.8906474820143885,REAL_AWS
2016-01-13 13:00:00,MAITRI,4.1,972.0,41.0,57.5,299.0,0.8273381294964028,REAL_AWS
2016-01-13 14:00:00,MAITRI,4.2,972.5,43.0,43.6,299.0,0.6273381294964029,REAL_AWS
2016-01-13 15:00:00,MAITRI,4.2,973.0,42.0,63.9,298.0,0.9194244604316547,REAL_AWS
2016-01-13 16:00:00,MAITRI,4.0,973.5,47.0,63.2,298.0,0.9093525179856116,REAL_AWS
2016-01-13 17:00:00,MAITRI,3.8,974.0,49.0,63.3,298.0,0.9107913669064748,REAL_AWS
2016-01-13 18:00:00,MAITRI,3.1,974.4,49.0,63.3,298.0,0.9107913669064748,REAL_AWS
2016-01-13 19:00:00,MAITRI,2.7,975.0,49.0,63.3,298.0,0.9107913669064748,REAL_AWS
2016-01-13 20:00:00,MAITRI,2.0,975.6,48.0,63.9,298.0,0.9194244604316547,REAL_AWS
2016-01-13 21:00:00,MAITRI,1.1,976.0,49.0,63.3,298.0,0.9107913669064748,REAL_AWS
2016-01-13 22:00:00,MAITRI,0.5,976.4,47.0,63.2,300.0,0.9093525179856116,REAL_AWS
2016-01-13 23:00:00,MAITRI,-0.2,976.6,44.0,62.6,300.0,0.9007194244604316,REAL_AWS
2016-01-14 00:00:00,MAITRI,-0.9,976.7,44.0,62.6,300.0,0.9007194244604316,REAL_AWS
2016-01-14 01:00:00,MAITRI,-1.8,976.7,45.0,63.4,295.0,0.9122302158273381,REAL_AWS
2016-01-14 02:00:00,MAITRI,-2.0,977.0,39.0,62.5,300.0,0.8992805755395683,REAL_AWS
2016-01-14 03:00:00,MAITRI,-2.2,977.4,38.0,62.6,299.0,0.9007194244604316,REAL_AWS
2016-01-14 04:00:00,MAITRI,-2.1,977.7,38.0,62.6,299.0,0.9007194244604316,REAL_AWS
2016-01-14 05:00:00,MAITRI,-1.9,978.0,39.0,44.1,313.0,0.6345323741007195,REAL_AWS
2016-01-14 06:00:00,MAITRI,-1.1,977.9,41.0,61.9,297.0,0.8906474820143885,REAL_AWS
2016-01-14 07:00:00,MAITRI,0.1,978.0,38.0,62.6,298.0,0.9007194244604316,REAL_AWS
2016-01-14 08:00:00,MAITRI,0.7,978.1,40.0,62.6,298.0,0.9007194244604316,REAL_AWS
2016-01-14 09:00:00,MAITRI,1.9,978.2,33.0,63.2,298.0,0.9093525179856116,REAL_AWS
2016-01-14 10:00:00,MAITRI,2.5,978.2,34.0,63.9,298.0,0.9194244604316547,REAL_AWS
2016-01-14 11:00:00,MAITRI,2.5,978.2,34.0,63.3,298.0,0.9107913669064748,REAL_AWS
2016-01-14 12:00:00,MAITRI,2.1,978.0,40.0,62.6,298.0,0.9007194244604316,REAL_AWS
2016-01-14 13:00:00,MAITRI,3.1,978.0,38.0,66.0,298.0,0.9496402877697842,REAL_AWS
2016-01-14 14:00:00,MAITRI,2.4,977.8,39.0,63.2,299.0,0.9093525179856116,REAL_AWS
2016-01-14 15:00:00,MAITRI,2.0,977.5,45.0,62.7,299.0,0.902158273381295,REAL_AWS
2016-01-14 16:00:00,MAITRI,1.4,977.5,44.0,61.2,297.0,0.8805755395683453,REAL_AWS
2016-01-14 17:00:00,MAITRI,0.5,977.3,43.0,66.1,299.0,0.9510791366906474,REAL_AWS
2016-01-14 18:00:00,MAITRI,0.0,977.0,42.0,63.2,300.0,0.9093525179856116,REAL_AWS
2016-01-14 19:00:00,MAITRI,-0.3,976.5,44.0,62.6,300.0,0.9007194244604316,REAL_AWS
2016-01-14 20:00:00,MAITRI,-0.8,976.4,48.0,58.7,299.0,0.8446043165467626,REAL_AWS
2016-01-14 21:00:00,MAITRI,-0.8,976.3,47.0,61.3,294.0,0.8820143884892085,REAL_AWS
2016-01-14 22:00:00,MAITRI,-1.3,976.0,57.0,63.3,298.0,0.9107913669064748,REAL_AWS
2016-01-14 23:00:00,MAITRI,-1.6,975.9,54.0,63.3,298.0,0.9107913669064748,REAL_AWS
2016-01-15 00:00:00,MAITRI,-2.8,975.5,60.0,63.3,298.0,0.9107913669064748,REAL_AWS
2016-01-15 01:00:00,MAITRI,-2.1,975.0,46.0,62.3,298.0,0.8964028776978417,REAL_AWS
2016-01-15 02:00:00,MAITRI,-2.1,974.8,46.0,61.9,298.0,0.8906474820143885,REAL_AWS
2016-01-15 03:00:00,MAITRI,-2.1,974.4,47.0,61.3,298.0,0.8820143884892085,REAL_AWS
2016-01-15 04:00:00,MAITRI,-1.6,973.4,45.0,61.9,298.0,0.8906474820143885,REAL_AWS
2016-01-15 05:00:00,MAITRI,-1.2,972.8,45.0,61.3,298.0,0.8820143884892085,REAL_AWS
2016-01-15 06:00:00,MAITRI,-1.0,972.3,43.0,63.1,299.0,0.9079136690647482,REAL_AWS
2016-01-15 07:00:00,MAITRI,-0.8,972.4,47.0,61.3,299.0,0.8820143884892085,REAL_AWS
2016-01-15 08:00:00,MAITRI,-0.4,971.7,48.0,61.9,299.0,0.8906474820143885,REAL_AWS
2016-01-15 09:00:00,MAITRI,0.4,971.3,47.0,61.1,300.0,0.879136690647482,REAL_AWS
2016-01-15 10:00:00,MAITRI,1.3,971.4,39.0,67.0,299.0,0.9640287769784173,REAL_AWS
2016-01-15 11:00:00,MAITRI,1.8,971.2,35.0,62.6,300.0,0.9007194244604316,REAL_AWS
2016-01-15 12:00:00,MAITRI,2.2,970.3,30.0,62.6,300.0,0.9007194244604316,REAL_AWS
2016-01-15 13:00:00,MAITRI,3.0,969.4,38.0,40.6,306.0,0.5841726618705037,REAL_AWS
2016-01-15 14:00:00,MAITRI,2.6,968.8,43.0,62.6,300.0,0.9007194244604316,REAL_AWS
2016-01-15 15:00:00,MAITRI,1.4,968.1,38.0,62.6,298.0,0.9007194244604316,REAL_AWS
2016-01-15 16:00:00,MAITRI,1.3,967.7,44.0,61.9,298.0,0.8906474820143885,REAL_AWS
2016-01-15 17:00:00,MAITRI,0.6,967.2,51.0,61.9,298.0,0.8906474820143885,REAL_AWS
2016-01-15 18:00:00,MAITRI,0.2,967.2,50.0,63.9,298.0,0.9194244604316547,REAL_AWS
2016-01-15 19:00:00,MAITRI,-0.2,967.0,53.0,63.3,298.0,0.9107913669064748,REAL_AWS
2016-01-15 20:00:00,MAITRI,-0.5,966.9,52.0,63.3,298.0,0.9107913669064748,REAL_AWS
2016-01-15 21:00:00,MAITRI,-0.3,966.8,48.0,63.9,298.0,0.9194244604316547,REAL_AWS
2016-01-15 22:00:00,MAITRI,-1.0,966.8,55.0,63.2,298.0,0.9093525179856116,REAL_AWS
2016-01-15 23:00:00,MAITRI,-1.0,967.0,53.0,61.9,298.0,0.8906474820143885,REAL_AWS
2016-01-16 00:00:00,MAITRI,-0.9,966.9,50.0,63.3,298.0,0.9107913669064748,REAL_AWS
2016-01-16 01:00:00,MAITRI,-1.1,967.2,52.0,63.3,298.0,0.9107913669064748,REAL_AWS
2016-01-16 02:00:00,MAITRI,-1.2,967.6,51.0,67.7,299.0,0.9741007194244605,REAL_AWS
2016-01-16 03:00:00,MAITRI,-1.5,967.6,54.0,63.1,301.0,0.9079136690647482,REAL_AWS
2016-01-16 04:00:00,MAITRI,-1.3,967.4,51.0,62.6,301.0,0.9007194244604316,REAL_AWS
2016-01-16 05:00:00,MAITRI,-1.0,967.5,50.0,62.6,301.0,0.9007194244604316,REAL_AWS
2016-01-16 06:00:00,MAITRI,-0.6,967.9,49.0,24.4,311.99999999999994,0.35107913669064744,REAL_AWS
2016-01-16 07:00:00,MAITRI,-0.6,968.2,45.0,63.3,298.0,0.9107913669064748,REAL_AWS
2016-01-16 08:00:00,MAITRI,0.4,968.4,40.0,62.6,298.0,0.9007194244604316,REAL_AWS
2016-01-16 09:00:00,MAITRI,0.6,968.7,37.0,63.3,298.0,0.9107913669064748,REAL_AWS
2016-01-16 10:00:00,MAITRI,1.0,969.0,36.0,63.3,298.0,0.9107913669064748,REAL_AWS
2016-01-16 11:00:00,MAITRI,1.5,969.3,37.0,61.3,298.0,0.8820143884892085,REAL_AWS
2016-01-16 12:00:00,MAITRI,0.5,969.5,36.0,61.3,298.0,0.8820143884892085,REAL_AWS
2016-01-16 13:00:00,MAITRI,0.9,969.5,38.0,61.3,298.0,0.8820143884892085,REAL_AWS
2016-01-16 14:00:00,MAITRI,1.4,969.6,36.0,61.3,298.0,0.8820143884892085,REAL_AWS
2016-01-16 15:00:00,MAITRI,0.8,969.4,42.0,61.3,298.0,0.8820143884892085,REAL_AWS
2016-01-16 16:00:00,MAITRI,1.0,969.4,37.0,62.6,298.0,0.9007194244604316,REAL_AWS
2016-01-16 17:00:00,MAITRI,0.5,969.3,42.0,61.9,298.0,0.8906474820143885,REAL_AWS
2016-01-16 18:00:00,MAITRI,0.1,969.2,45.0,61.3,298.0,0.8820143884892085,REAL_AWS
2016-01-16 19:00:00,MAITRI,-0.2,969.3,43.0,58.5,299.0,0.841726618705036,REAL_AWS
2016-01-16 20:00:00,MAITRI,-0.2,969.5,41.0,65.1,299.0,0.9366906474820144,REAL_AWS
2016-01-16 21:00:00,MAITRI,-0.7,970.0,41.0,61.6,301.0,0.8863309352517986,REAL_AWS
2016-01-16 22:00:00,MAITRI,-1.0,970.3,44.0,57.6,299.0,0.8287769784172662,REAL_AWS
2016-01-16 23:00:00,MAITRI,-1.7,970.4,47.0,60.8,297.0,0.874820143884892,REAL_AWS
2016-01-17 00:00:00,MAITRI,-1.9,970.2,47.0,61.9,298.0,0.8906474820143885,REAL_AWS
2016-01-17 01:00:00,MAITRI,-2.1,970.1,45.0,61.9,298.0,0.8906474820143885,REAL_AWS
2016-01-17 02:00:00,MAITRI,-2.3,969.9,45.0,61.9,298.0,0.8906474820143885,REAL_AWS
2016-01-17 03:00:00,MAITRI,-2.1,969.5,44.0,63.9,298.0,0.9194244604316547,REAL_AWS
2016-01-17 04:00:00,MAITRI,-2.1,969.4,48.0,63.9,298.0,0.9194244604316547,REAL_AWS
2016-01-17 05:00:00,MAITRI,-1.4,969.1,41.0,63.3,298.0,0.9107913669064748,REAL_AWS
2016-01-17 06:00:00,MAITRI,-1.0,968.7,36.0,63.2,299.0,0.9093525179856116,REAL_AWS
2016-01-17 07:00:00,MAITRI,-0.6,968.3,33.0,62.6,298.0,0.9007194244604316,REAL_AWS
2016-01-17 08:00:00,MAITRI,-0.7,968.0,40.0,63.9,298.0,0.9194244604316547,REAL_AWS
2016-01-17 09:00:00,MAITRI,-0.2,967.4,40.0,63.9,298.0,0.9194244604316547,REAL_AWS
2016-01-17 10:00:00,MAITRI,-0.4,967.0,40.0,63.3,298.0,0.9107913669064748,REAL_AWS
2016-01-17 11:00:00,MAITRI,-1.1,966.6,45.0,63.3,298.0,0.9107913669064748,REAL_AWS
2016-01-17 12:00:00,MAITRI,-1.0,965.3,48.0,57.5,299.0,0.8273381294964028,REAL_AWS
2016-01-17 13:00:00,MAITRI,-0.9,964.5,50.0,62.6,301.0,0.9007194244604316,REAL_AWS
2016-01-17 14:00:00,MAITRI,-0.9,963.7,52.0,62.6,301.0,0.9007194244604316,REAL_AWS
2016-01-17 15:00:00,MAITRI,-1.2,962.9,56.0,47.3,295.0,0.6805755395683453,REAL_AWS
2016-01-17 16:00:00,MAITRI,-1.8,962.1,53.0,41.0,284.0,0.5899280575539568,REAL_AWS
2016-01-17 17:00:00,MAITRI,-2.2,961.9,57.0,63.3,298.0,0.9107913669064748,REAL_AWS
2016-01-17 18:00:00,MAITRI,-2.4,961.2,59.0,63.3,298.0,0.9107913669064748,REAL_AWS
2016-01-17 19:00:00,MAITRI,-3.0,960.2,60.0,62.6,298.0,0.9007194244604316,REAL_AWS
2016-01-17 20:00:00,MAITRI,-3.3,960.2,62.0,62.6,298.0,0.9007194244604316,REAL_AWS
2016-01-17 21:00:00,MAITRI,-3.6,960.1,64.0,61.3,298.0,0.8820143884892085,REAL_AWS
2016-01-17 22:00:00,MAITRI,-3.7,959.7,67.0,61.9,298.0,0.8906474820143885,REAL_AWS
2016-01-17 23:00:00,MAITRI,-3.4,958.7,63.0,61.9,298.0,0.8906474820143885,REAL_AWS
2016-01-18 00:00:00,MAITRI,-3.5,958.6,63.0,61.9,298.0,0.8906474820143885,REAL_AWS
2016-01-18 01:00:00,MAITRI,-3.7,958.1,66.0,62.6,298.0,0.9007194244604316,REAL_AWS
2016-01-18 02:00:00,MAITRI,-3.3,956.5,60.0,62.6,298.0,0.9007194244604316,REAL_AWS
2016-01-18 03:00:00,MAITRI,-2.9,956.3,58.0,61.2,299.0,0.8805755395683453,REAL_AWS
2016-01-18 04:00:00,MAITRI,-2.8,956.7,56.0,57.1,300.0,0.8215827338129497,REAL_AWS
2016-01-18 05:00:00,MAITRI,-2.3,956.4,52.0,62.6,301.0,0.9007194244604316,REAL_AWS
2016-01-18 06:00:00,MAITRI,-2.3,957.1,56.0,62.4,302.0,0.897841726618705,REAL_AWS
2016-01-18 07:00:00,MAITRI,-1.6,956.7,51.0,39.9,307.0,0.5741007194244604,REAL_AWS
2016-01-18 08:00:00,MAITRI,-1.4,956.8,52.0,61.9,298.0,0.8906474820143885,REAL_AWS
2016-01-18 09:00:00,MAITRI,-1.1,956.9,52.0,62.6,298.0,0.9007194244604316,REAL_AWS
2016-01-18 10:00:00,MAITRI,-0.3,956.9,48.0,61.9,298.0,0.8906474820143885,REAL_AWS
2016-01-18 11:00:00,MAITRI,-0.3,956.8,54.0,63.3,298.0,0.9107913669064748,REAL_AWS
2016-01-18 12:00:00,MAITRI,-0.7,956.8,59.0,62.6,298.0,0.9007194244604316,REAL_AWS
2016-01-18 13:00:00,MAITRI,-0.3,957.6,56.0,63.3,298.0,0.9107913669064748,REAL_AWS
2016-01-18 14:00:00,MAITRI,-0.1,958.2,55.0,62.6,298.0,0.9007194244604316,REAL_AWS
2016-01-18 15:00:00,MAITRI,0.1,958.3,55.0,63.9,298.0,0.9194244604316547,REAL_AWS
2016-01-18 16:00:00,MAITRI,0.0,958.7,55.0,63.9,298.0,0.9194244604316547,REAL_AWS
2016-01-18 17:00:00,MAITRI,-0.3,959.5,57.0,63.8,298.0,0.9179856115107913,REAL_AWS
2016-01-18 18:00:00,MAITRI,-0.2,960.0,55.0,66.5,298.0,0.9568345323741008,REAL_AWS
2016-01-18 19:00:00,MAITRI,-0.5,960.5,58.0,63.7,300.0,0.9165467625899281,REAL_AWS
2016-01-18 20:00:00,MAITRI,0.2,960.9,48.0,62.6,301.0,0.9007194244604316,REAL_AWS
2016-01-18 21:00:00,MAITRI,0.2,961.3,48.0,45.8,305.0,0.6589928057553956,REAL_AWS
2016-01-18 22:00:00,MAITRI,0.2,961.1,43.0,42.0,281.0,0.60431654676259,REAL_AWS
2016-01-18 23:00:00,MAITRI,0.2,961.5,43.0,63.3,298.0,0.9107913669064748,REAL_AWS
2016-01-19 00:00:00,MAITRI,0.2,962.1,41.0,63.3,298.0,0.9107913669064748,REAL_AWS
2016-01-19 01:00:00,MAITRI,0.0,962.8,42.0,63.3,298.0,0.9107913669064748,REAL_AWS
2016-01-19 02:00:00,MAITRI,-0.3,963.3,43.0,60.9,298.0,0.8762589928057554,REAL_AWS
2016-01-19 03:00:00,MAITRI,-0.6,963.8,40.0,61.3,298.0,0.8820143884892085,REAL_AWS
2016-01-19 04:00:00,MAITRI,-0.6,964.1,37.0,61.3,298.0,0.8820143884892085,REAL_AWS
2016-01-19 05:00:00,MAITRI,-0.3,964.6,36.0,61.9,298.0,0.8906474820143885,REAL_AWS
2016-01-19 06:00:00,MAITRI,0.0,965.1,32.0,61.3,298.0,0.8820143884892085,REAL_AWS
2016-01-19 07:00:00,MAITRI,0.6,965.1,34.0,61.9,298.0,0.8906474820143885,REAL_AWS
2016-01-19 08:00:00,MAITRI,1.6,965.0,35.0,61.3,298.0,0.8820143884892085,REAL_AWS
2016-01-19 09:00:00,MAITRI,1.9,965.2,33.0,57.4,299.0,0.8258992805755395,REAL_AWS
2016-01-19 10:00:00,MAITRI,2.0,965.3,29.0,62.6,301.0,0.9007194244604316,REAL_AWS
2016-01-19 11:00:00,MAITRI,2.4,965.2,30.0,61.9,301.0,0.8906474820143885,REAL_AWS
2016-01-19 12:00:00,MAITRI,2.8,965.4,33.0,56.1,297.0,0.8071942446043165,REAL_AWS
2016-01-19 13:00:00,MAITRI,2.3,965.3,34.0,61.6,299.0,0.8863309352517986,REAL_AWS
2016-01-19 14:00:00,MAITRI,2.0,965.1,38.0,62.6,298.0,0.9007194244604316,REAL_AWS
2016-01-19 15:00:00,MAITRI,1.8,964.5,39.0,62.6,298.0,0.9007194244604316,REAL_AWS
2016-01-19 16:00:00,MAITRI,1.8,964.3,36.0,62.8,298.0,0.9035971223021583,REAL_AWS
2016-01-19 17:00:00,MAITRI,1.6,964.3,38.0,63.9,298.0,0.9194244604316547,REAL_AWS
2016-01-19 18:00:00,MAITRI,1.0,964.5,50.0,63.2,298.0,0.9093525179856116,REAL_AWS
2016-01-19 19:00:00,MAITRI,0.6,964.9,46.0,63.2,298.0,0.9093525179856116,REAL_AWS
2016-01-19 20:00:00,MAITRI,-0.3,964.7,48.0,63.9,298.0,0.9194244604316547,REAL_AWS
2016-01-19 21:00:00,MAITRI,-0.3,964.8,43.0,63.3,298.0,0.9107913669064748,REAL_AWS
2016-01-19 22:00:00,MAITRI,-0.7,964.8,43.0,63.3,298.0,0.9107913669064748,REAL_AWS
2016-01-19 23:00:00,MAITRI,-0.9,965.1,43.0,63.3,298.0,0.9107913669064748,REAL_AWS
2016-01-20 00:00:00,MAITRI,-1.0,965.1,42.0,59.5,298.0,0.8561151079136691,REAL_AWS
2016-01-20 01:00:00,MAITRI,-0.7,965.3,39.0,63.1,300.0,0.9079136690647482,REAL_AWS
2016-01-20 02:00:00,MAITRI,-0.8,965.4,42.0,63.3,301.0,0.9107913669064748,REAL_AWS
2016-01-20 03:00:00,MAITRI,-1.4,964.9,38.0,63.3,301.0,0.9107913669064748,REAL_AWS
2016-01-20 04:00:00,MAITRI,-1.8,965.1,40.0,16.7,273.0,0.24028776978417266,REAL_AWS
2016-01-20 05:00:00,MAITRI,-1.5,965.1,43.0,62.6,298.0,0.9007194244604316,REAL_AWS
2016-01-20 06:00:00,MAITRI,-0.2,965.7,38.0,62.7,299.0,0.902158273381295,REAL_AWS
2016-01-20 07:00:00,MAITRI,0.5,966.4,38.0,62.6,298.0,0.9007194244604316,REAL_AWS
2016-01-20 08:00:00,MAITRI,0.7,966.8,35.0,61.3,298.0,0.8820143884892085,REAL_AWS
2016-01-20 09:00:00,MAITRI,1.0,967.3,37.0,61.9,298.0,0.8906474820143885,REAL_AWS
2016-01-20 10:00:00,MAITRI,1.5,967.8,40.0,61.9,298.0,0.8906474820143885,REAL_AWS
2016-01-20 11:00:00,MAITRI,2.2,968.1,41.0,61.2,298.0,0.8805755395683453,REAL_AWS
2016-01-20 12:00:00,MAITRI,1.5,968.5,43.0,61.9,298.0,0.8906474820143885,REAL_AWS
2016-01-20 13:00:00,MAITRI,1.4,968.9,47.0,61.9,298.0,0.8906474820143885,REAL_AWS
2016-01-20 14:00:00,MAITRI,1.2,969.1,47.0,61.9,298.0,0.8906474820143885,REAL_AWS
2016-01-20 15:00:00,MAITRI,1.1,969.1,49.0,62.0,298.0,0.8920863309352518,REAL_AWS
2016-01-20 16:00:00,MAITRI,1.2,969.0,49.0,61.0,299.0,0.8776978417266187,REAL_AWS
2016-01-20 17:00:00,MAITRI,1.0,969.3,53.0,62.3,301.0,0.8964028776978417,REAL_AWS
2016-01-20 18:00:00,MAITRI,1.2,969.4,52.0,62.6,301.0,0.9007194244604316,REAL_AWS
2016-01-20 19:00:00,MAITRI,0.8,969.6,57.0,44.5,295.0,0.6402877697841727,REAL_AWS
2016-01-20 20:00:00,MAITRI,0.6,969.8,57.0,60.8,294.0,0.874820143884892,REAL_AWS
2016-01-20 21:00:00,MAITRI,0.1,970.2,58.0,62.6,298.0,0.9007194244604316,REAL_AWS
2016-01-20 22:00:00,MAITRI,-0.4,970.3,61.0,61.9,298.0,0.8906474820143885,REAL_AWS
2016-01-20 23:00:00,MAITRI,-0.6,970.3,65.0,62.7,298.0,0.902158273381295,REAL_AWS
2016-01-21 00:00:00,MAITRI,-0.6,970.0,59.0,63.1,298.0,0.9079136690647482,REAL_AWS
2016-01-21 01:00:00,MAITRI,-0.3,969.6,55.0,62.6,298.0,0.9007194244604316,REAL_AWS
2016-01-21 02:00:00,MAITRI,-0.4,969.6,54.0,63.3,298.0,0.9107913669064748,REAL_AWS
2016-01-21 03:00:00,MAITRI,-0.6,969.4,56.0,63.1,298.0,0.9079136690647482,REAL_AWS
2016-01-21 04:00:00,MAITRI,-0.6,969.1,45.0,63.3,298.0,0.9107913669064748,REAL_AWS
2016-01-21 05:00:00,MAITRI,-0.8,968.8,43.0,63.9,298.0,0.9194244604316547,REAL_AWS
2016-01-21 06:00:00,MAITRI,-1.0,968.7,42.0,63.9,298.0,0.9194244604316547,REAL_AWS
2016-01-21 07:00:00,MAITRI,-1.0,968.7,42.0,63.3,298.0,0.9107913669064748,REAL_AWS
2016-01-21 08:00:00,MAITRI,-0.4,968.7,47.0,64.5,298.0,0.9280575539568345,REAL_AWS
2016-01-21 09:00:00,MAITRI,0.2,968.3,39.0,62.9,301.0,0.9050359712230216,REAL_AWS
2016-01-21 10:00:00,MAITRI,0.9,968.3,40.0,62.6,301.0,0.9007194244604316,REAL_AWS
2016-01-21 11:00:00,MAITRI,1.5,968.2,40.0,47.9,305.0,0.6892086330935252,REAL_AWS
2016-01-21 12:00:00,MAITRI,2.0,967.9,39.0,30.9,325.0,0.4446043165467626,REAL_AWS
2016-01-21 13:00:00,MAITRI,1.8,967.7,38.0,62.6,298.0,0.9007194244604316,REAL_AWS
2016-01-21 14:00:00,MAITRI,2.2,967.5,37.0,62.6,298.0,0.9007194244604316,REAL_AWS
2016-01-21 15:00:00,MAITRI,3.0,967.0,35.0,63.3,298.0,0.9107913669064748,REAL_AWS
2016-01-21 16:00:00,MAITRI,1.9,966.5,45.0,63.3,298.0,0.9107913669064748,REAL_AWS
2016-01-21 17:00:00,MAITRI,2.7,966.1,34.0,62.6,298.0,0.9007194244604316,REAL_AWS
2016-01-21 18:00:00,MAITRI,1.9,965.9,40.0,61.9,298.0,0.8906474820143885,REAL_AWS
2016-01-21 19:00:00,MAITRI,1.0,965.7,51.0,61.9,298.0,0.8906474820143885,REAL_AWS
2016-01-21 20:00:00,MAITRI,0.7,965.4,52.0,61.3,298.0,0.8820143884892085,REAL_AWS
2016-01-21 21:00:00,MAITRI,-0.7,965.1,55.0,61.9,298.0,0.8906474820143885,REAL_AWS
2016-01-21 22:00:00,MAITRI,-0.9,964.7,51.0,62.6,298.0,0.9007194244604316,REAL_AWS
2016-01-21 23:00:00,MAITRI,-2.1,964.2,51.0,61.3,298.0,0.8820143884892085,REAL_AWS
2016-01-22 00:00:00,MAITRI,-3.2,963.9,49.0,61.9,298.0,0.8906474820143885,REAL_AWS
2016-01-22 01:00:00,MAITRI,-3.7,963.3,47.0,75.6,299.0,1.0,REAL_AWS
2016-01-22 02:00:00,MAITRI,-4.1,962.9,46.0,61.9,301.0,0.8906474820143885,REAL_AWS
2016-01-22 03:00:00,MAITRI,-3.9,962.4,42.0,62.4,297.0,0.897841726618705,REAL_AWS
2016-01-22 04:00:00,MAITRI,-4.4,961.9,42.0,61.9,298.0,0.8906474820143885,REAL_AWS
2016-01-22 05:00:00,MAITRI,-3.6,961.7,36.0,61.9,298.0,0.8906474820143885,REAL_AWS
2016-01-22 06:00:00,MAITRI,-3.1,962.0,37.0,62.6,298.0,0.9007194244604316,REAL_AWS
2016-01-22 07:00:00,MAITRI,-2.3,962.2,43.0,62.5,298.0,0.8992805755395683,REAL_AWS
2016-01-22 08:00:00,MAITRI,-1.3,962.1,38.0,63.3,298.0,0.9107913669064748,REAL_AWS
2016-01-22 09:00:00,MAITRI,-0.9,962.1,38.0,63.3,298.0,0.9107913669064748,REAL_AWS
2016-01-22 10:00:00,MAITRI,-0.1,962.4,35.0,63.3,299.0,0.9107913669064748,REAL_AWS
2016-01-22 11:00:00,MAITRI,0.0,962.5,38.0,62.6,298.0,0.9007194244604316,REAL_AWS
2016-01-22 12:00:00,MAITRI,-0.2,962.6,38.0,62.6,298.0,0.9007194244604316,REAL_AWS
2016-01-22 13:00:00,MAITRI,0.6,962.6,39.0,63.3,298.0,0.9107913669064748,REAL_AWS
2016-01-22 14:00:00,MAITRI,1.0,962.6,37.0,63.9,298.0,0.9194244604316547,REAL_AWS
2016-01-22 15:00:00,MAITRI,-0.3,962.5,38.0,63.3,298.0,0.9107913669064748,REAL_AWS
2016-01-22 16:00:00,MAITRI,-0.7,962.5,40.0,46.7,299.0,0.6719424460431656,REAL_AWS
2016-01-22 17:00:00,MAITRI,-0.5,962.7,43.0,62.6,300.0,0.9007194244604316,REAL_AWS
2016-01-22 18:00:00,MAITRI,-1.3,963.1,42.0,63.3,301.0,0.9107913669064748,REAL_AWS
2016-01-22 19:00:00,MAITRI,-1.5,963.2,50.0,62.3,302.0,0.8964028776978417,REAL_AWS
2016-01-22 20:00:00,MAITRI,-2.2,963.1,52.0,56.2,300.0,0.8086330935251799,REAL_AWS
2016-01-22 21:00:00,MAITRI,-3.1,963.3,50.0,61.7,293.0,0.887769784172662,REAL_AWS
2016-01-22 22:00:00,MAITRI,-3.5,963.3,50.0,63.3,298.0,0.9107913669064748,REAL_AWS
2016-01-22 23:00:00,MAITRI,-4.2,963.3,51.0,61.9,298.0,0.8906474820143885,REAL_AWS
2016-01-23 00:00:00,MAITRI,-3.3,963.1,45.0,61.2,298.0,0.8805755395683453,REAL_AWS
2016-01-23 01:00:00,MAITRI,-3.7,963.3,43.0,61.9,298.0,0.8906474820143885,REAL_AWS
2016-01-23 02:00:00,MAITRI,-3.6,963.4,45.0,61.3,298.0,0.8820143884892085,REAL_AWS
2016-01-23 03:00:00,MAITRI,-3.0,963.5,49.0,61.9,298.0,0.8906474820143885,REAL_AWS
2016-01-23 04:00:00,MAITRI,-2.7,964.0,51.0,61.3,298.0,0.8820143884892085,REAL_AWS
2016-01-23 05:00:00,MAITRI,-2.7,964.2,51.0,61.9,298.0,0.8906474820143885,REAL_AWS
2016-01-23 06:00:00,MAITRI,-2.9,964.6,54.0,60.7,298.0,0.8733812949640288,REAL_AWS
2016-01-23 07:00:00,MAITRI,-1.6,964.7,52.0,61.9,301.0,0.8906474820143885,REAL_AWS
2016-01-23 08:00:00,MAITRI,-0.8,965.0,51.0,61.9,301.0,0.8906474820143885,REAL_AWS
2016-01-23 09:00:00,MAITRI,0.4,965.2,42.0,43.8,297.0,0.6302158273381294,REAL_AWS
2016-01-23 10:00:00,MAITRI,1.5,965.2,35.0,35.0,282.0,0.5035971223021583,REAL_AWS
2016-01-23 11:00:00,MAITRI,2.8,965.3,37.0,62.6,298.0,0.9007194244604316,REAL_AWS
2016-01-23 12:00:00,MAITRI,1.3,965.5,47.0,61.9,298.0,0.8906474820143885,REAL_AWS
2016-01-23 13:00:00,MAITRI,1.3,965.6,47.0,61.9,298.0,0.8906474820143885,REAL_AWS
2016-01-23 14:00:00,MAITRI,0.8,965.9,48.0,62.0,298.0,0.8920863309352518,REAL_AWS
2016-01-23 15:00:00,MAITRI,0.6,966.2,53.0,62.6,298.0,0.9007194244604316,REAL_AWS
2016-01-23 16:00:00,MAITRI,-0.7,966.3,63.0,63.9,298.0,0.9194244604316547,REAL_AWS
2016-01-23 17:00:00,MAITRI,-0.6,966.2,54.0,63.9,298.0,0.9194244604316547,REAL_AWS
2016-01-23 18:00:00,MAITRI,-0.6,966.3,60.0,63.8,298.0,0.9179856115107913,REAL_AWS
2016-01-23 19:00:00,MAITRI,-1.0,966.6,62.0,63.9,298.0,0.9194244604316547,REAL_AWS
2016-01-23 20:00:00,MAITRI,-0.7,966.8,58.0,63.3,298.0,0.9107913669064748,REAL_AWS
2016-01-23 21:00:00,MAITRI,-1.2,966.7,61.0,63.9,298.0,0.9194244604316547,REAL_AWS
2016-01-23 22:00:00,MAITRI,-1.8,966.7,53.0,62.6,298.0,0.9007194244604316,REAL_AWS
2016-01-23 23:00:00,MAITRI,-2.2,966.9,50.0,63.2,298.0,0.9093525179856116,REAL_AWS
2016-01-24 00:00:00,MAITRI,-2.9,967.0,51.0,60.2,300.0,0.8661870503597122,REAL_AWS
2016-01-24 01:00:00,MAITRI,-4.0,966.9,51.0,63.1,301.0,0.9079136690647482,REAL_AWS
2016-01-24 02:00:00,MAITRI,-4.3,967.0,46.0,63.3,298.0,0.9107913669064748,REAL_AWS
2016-01-24 03:00:00,MAITRI,-4.5,967.0,44.0,61.9,298.0,0.8906474820143885,REAL_AWS
2016-01-24 04:00:00,MAITRI,-3.9,967.1,39.0,61.3,298.0,0.8820143884892085,REAL_AWS
2016-01-24 05:00:00,MAITRI,-3.5,967.0,43.0,62.6,298.0,0.9007194244604316,REAL_AWS
2016-01-24 06:00:00,MAITRI,-3.0,967.0,45.0,61.3,298.0,0.8820143884892085,REAL_AWS
2016-01-24 07:00:00,MAITRI,-2.0,967.4,43.0,61.3,298.0,0.8820143884892085,REAL_AWS
2016-01-24 08:00:00,MAITRI,-0.7,967.5,40.0,61.3,298.0,0.8820143884892085,REAL_AWS
2016-01-24 09:00:00,MAITRI,0.1,967.6,39.0,61.3,298.0,0.8820143884892085,REAL_AWS
2016-01-24 10:00:00,MAITRI,1.2,967.6,44.0,61.3,298.0,0.8820143884892085,REAL_AWS
2016-01-24 11:00:00,MAITRI,2.4,967.7,38.0,64.4,300.0,0.9266187050359713,REAL_AWS
2016-01-24 12:00:00,MAITRI,3.0,967.8,39.0,61.9,301.0,0.8906474820143885,REAL_AWS
2016-01-24 13:00:00,MAITRI,3.7,967.9,38.0,61.1,302.0,0.879136690647482,REAL_AWS
2016-01-24 14:00:00,MAITRI,2.9,968.0,43.0,55.4,303.0,0.7971223021582734,REAL_AWS
2016-01-24 15:00:00,MAITRI,2.5,968.0,47.0,56.5,291.0,0.8129496402877698,REAL_AWS
2016-01-24 16:00:00,MAITRI,2.6,967.9,40.0,61.9,298.0,0.8906474820143885,REAL_AWS
2016-01-24 17:00:00,MAITRI,2.1,967.8,34.0,61.9,298.0,0.8906474820143885,REAL_AWS
2016-01-24 18:00:00,MAITRI,2.2,967.7,45.0,61.9,298.0,0.8906474820143885,REAL_AWS
2016-01-24 19:00:00,MAITRI,1.1,968.0,50.0,62.5,298.0,0.8992805755395683,REAL_AWS
2016-01-24 20:00:00,MAITRI,0.1,968.1,45.0,63.9,298.0,0.9194244604316547,REAL_AWS
2016-01-24 21:00:00,MAITRI,-1.2,968.2,50.0,63.3,298.0,0.9107913669064748,REAL_AWS
2016-01-24 22:00:00,MAITRI,-2.9,968.2,52.0,63.9,298.0,0.9194244604316547,REAL_AWS
2016-01-24 23:00:00,MAITRI,-3.3,968.1,50.0,63.9,298.0,0.9194244604316547,REAL_AWS
2016-01-25 00:00:00,MAITRI,-3.5,968.0,46.0,63.3,298.0,0.9107913669064748,REAL_AWS
2016-01-25 01:00:00,MAITRI,-4.1,967.9,45.0,58.9,299.0,0.8474820143884891,REAL_AWS
2016-01-25 02:00:00,MAITRI,-3.9,967.8,40.0,58.8,296.0,0.8460431654676258,REAL_AWS
2016-01-25 03:00:00,MAITRI,-3.5,967.7,38.0,49.2,289.0,0.7079136690647483,REAL_AWS
2016-01-25 04:00:00,MAITRI,-3.8,967.6,41.0,63.2,299.0,0.9093525179856116,REAL_AWS
2016-01-25 05:00:00,MAITRI,-3.7,967.6,40.0,63.2,299.0,0.9093525179856116,REAL_AWS
2016-01-25 06:00:00,MAITRI,-3.1,967.5,43.0,63.2,299.0,0.9093525179856116,REAL_AWS
2016-01-25 07:00:00,MAITRI,-1.9,967.6,44.0,62.5,297.0,0.8992805755395683,REAL_AWS
2016-01-25 08:00:00,MAITRI,-0.4,967.8,50.0,61.2,297.0,0.8805755395683453,REAL_AWS
2016-01-25 09:00:00,MAITRI,0.3,967.7,42.0,61.9,298.0,0.8906474820143885,REAL_AWS
2016-01-25 10:00:00,MAITRI,1.0,967.6,40.0,61.3,298.0,0.8820143884892085,REAL_AWS
2016-01-25 11:00:00,MAITRI,1.8,967.5,39.0,61.2,298.0,0.8805755395683453,REAL_AWS
2016-01-25 12:00:00,MAITRI,2.6,967.6,40.0,62.6,298.0,0.9007194244604316,REAL_AWS
2016-01-25 13:00:00,MAITRI,2.6,967.5,39.0,61.9,298.0,0.8906474820143885,REAL_AWS
2016-01-25 14:00:00,MAITRI,0.3,967.6,51.0,61.3,298.0,0.8820143884892085,REAL_AWS
2016-01-25 15:00:00,MAITRI,-0.6,967.6,71.0,61.9,298.0,0.8906474820143885,REAL_AWS
2016-01-25 16:00:00,MAITRI,0.0,967.6,62.0,61.3,298.0,0.8820143884892085,REAL_AWS
2016-01-25 17:00:00,MAITRI,0.5,967.7,60.0,58.1,299.0,0.8359712230215828,REAL_AWS
2016-01-25 18:00:00,MAITRI,-1.1,967.8,66.0,61.3,300.0,0.8820143884892085,REAL_AWS
2016-01-25 19:00:00,MAITRI,-2.0,968.0,70.0,61.3,300.0,0.8820143884892085,REAL_AWS
2016-01-25 20:00:00,MAITRI,-2.4,968.1,75.0,58.4,294.0,0.8402877697841726,REAL_AWS
2016-01-25 21:00:00,MAITRI,-3.4,968.3,76.0,39.7,291.0,0.5712230215827339,REAL_AWS
2016-01-25 22:00:00,MAITRI,-3.6,968.3,76.0,62.4,299.0,0.897841726618705,REAL_AWS
2016-01-25 23:00:00,MAITRI,-4.3,968.5,79.0,61.9,299.0,0.8906474820143885,REAL_AWS
2016-01-26 00:00:00,MAITRI,-4.5,968.4,77.0,63.9,298.0,0.9194244604316547,REAL_AWS
2016-01-26 01:00:00,MAITRI,-5.0,968.5,81.0,63.2,300.0,0.9093525179856116,REAL_AWS
2016-01-26 02:00:00,MAITRI,-5.2,968.6,81.0,61.0,298.0,0.8776978417266187,REAL_AWS
2016-01-26 03:00:00,MAITRI,-4.9,968.6,79.0,60.3,301.0,0.8676258992805755,REAL_AWS
2016-01-26 04:00:00,MAITRI,-4.6,968.4,77.0,62.6,298.0,0.9007194244604316,REAL_AWS
2016-01-26 05:00:00,MAITRI,-4.6,968.4,75.0,62.6,298.0,0.9007194244604316,REAL_AWS
2016-01-26 06:00:00,MAITRI,-3.7,968.6,64.0,62.6,298.0,0.9007194244604316,REAL_AWS
2016-01-26 07:00:00,MAITRI,-3.6,968.6,66.0,63.2,298.0,0.9093525179856116,REAL_AWS
2016-01-26 08:00:00,MAITRI,-2.9,968.8,66.0,61.9,298.0,0.8906474820143885,REAL_AWS
2016-01-26 09:00:00,MAITRI,-1.7,968.8,61.0,61.9,298.0,0.8906474820143885,REAL_AWS
2016-01-26 10:00:00,MAITRI,-1.1,968.8,57.0,61.3,298.0,0.8820143884892085,REAL_AWS
2016-01-26 11:00:00,MAITRI,-0.9,968.9,51.0,61.8,298.0,0.8892086330935252,REAL_AWS
2016-01-26 12:00:00,MAITRI,-0.3,969.0,49.0,64.8,299.0,0.9323741007194244,REAL_AWS
2016-01-26 13:00:00,MAITRI,-2.0,969.0,57.0,61.3,299.0,0.8820143884892085,REAL_AWS
2016-01-26 14:00:00,MAITRI,-0.6,969.0,57.0,61.9,299.0,0.8906474820143885,REAL_AWS
2016-01-26 15:00:00,MAITRI,-1.5,969.1,62.0,59.3,298.0,0.8532374100719424,REAL_AWS
2016-01-26 16:00:00,MAITRI,-1.4,969.2,62.0,59.4,298.0,0.8546762589928057,REAL_AWS
2016-01-26 17:00:00,MAITRI,-3.1,969.6,74.0,62.8,300.0,0.9035971223021583,REAL_AWS
2016-01-26 18:00:00,MAITRI,-4.0,969.8,76.0,61.9,300.0,0.8906474820143885,REAL_AWS
2016-01-26 19:00:00,MAITRI,-4.0,970.0,76.0,61.9,300.0,0.8906474820143885,REAL_AWS
2016-01-26 20:00:00,MAITRI,-4.2,970.3,75.0,60.5,301.0,0.8705035971223022,REAL_AWS
2016-01-26 21:00:00,MAITRI,-4.3,970.8,79.0,62.4,299.0,0.897841726618705,REAL_AWS
2016-01-26 22:00:00,MAITRI,-4.2,971.0,80.0,63.9,298.0,0.9194244604316547,REAL_AWS
2016-01-26 23:00:00,MAITRI,-4.5,971.2,79.0,63.2,299.0,0.9093525179856116,REAL_AWS
2016-01-27 00:00:00,MAITRI,-4.5,971.4,78.0,56.8,298.0,0.8172661870503597,REAL_AWS
2016-01-27 01:00:00,MAITRI,-5.1,971.7,78.0,60.1,297.0,0.8647482014388489,REAL_AWS
2016-01-27 02:00:00,MAITRI,-5.2,972.0,79.0,63.3,298.0,0.9107913669064748,REAL_AWS
2016-01-27 03:00:00,MAITRI,-5.7,972.4,83.0,61.3,298.0,0.8820143884892085,REAL_AWS
2016-01-27 04:00:00,MAITRI,-5.8,972.6,77.0,61.8,298.0,0.8892086330935252,REAL_AWS
2016-01-27 05:00:00,MAITRI,-7.3,973.2,78.0,61.9,298.0,0.8906474820143885,REAL_AWS
2016-01-27 06:00:00,MAITRI,-7.5,973.5,80.0,61.3,298.0,0.8820143884892085,REAL_AWS
2016-01-27 07:00:00,MAITRI,-7.5,974.1,82.0,61.3,299.0,0.8820143884892085,REAL_AWS
2016-01-27 08:00:00,MAITRI,-6.2,974.4,67.0,61.3,299.0,0.8820143884892085,REAL_AWS
2016-01-27 09:00:00,MAITRI,-5.8,975.0,71.0,61.7,299.0,0.887769784172662,REAL_AWS
2016-01-27 10:00:00,MAITRI,-4.2,975.2,62.0,59.6,303.0,0.8575539568345324,REAL_AWS
2016-01-27 11:00:00,MAITRI,-3.5,975.5,61.0,59.2,303.0,0.8517985611510792,REAL_AWS
2016-01-27 12:00:00,MAITRI,-3.0,975.6,60.0,62.6,300.0,0.9007194244604316,REAL_AWS
2016-01-27 13:00:00,MAITRI,-1.7,975.7,56.0,61.9,300.0,0.8906474820143885,REAL_AWS
2016-01-27 14:00:00,MAITRI,-1.0,975.5,55.0,22.7,290.0,0.32661870503597124,REAL_AWS
2016-01-27 15:00:00,MAITRI,-0.5,975.5,54.0,37.9,311.0,0.5453237410071943,REAL_AWS
2016-01-27 16:00:00,MAITRI,-0.9,975.5,54.0,61.9,298.0,0.8906474820143885,REAL_AWS
2016-01-27 17:00:00,MAITRI,-1.9,975.8,61.0,62.6,298.0,0.9007194244604316,REAL_AWS
2016-01-27 18:00:00,MAITRI,-2.4,975.8,64.0,61.9,298.0,0.8906474820143885,REAL_AWS
2016-01-27 19:00:00,MAITRI,-2.7,976.0,66.0,62.6,298.0,0.9007194244604316,REAL_AWS
2016-01-27 20:00:00,MAITRI,-2.9,976.2,66.0,63.9,298.0,0.9194244604316547,REAL_AWS
2016-01-27 21:00:00,MAITRI,-3.2,976.6,67.0,63.3,298.0,0.9107913669064748,REAL_AWS
2016-01-27 22:00:00,MAITRI,-3.5,976.9,67.0,63.0,298.0,0.9064748201438849,REAL_AWS
2016-01-27 23:00:00,MAITRI,-4.0,976.7,67.0,61.8,298.0,0.8892086330935252,REAL_AWS
2016-01-28 00:00:00,MAITRI,-4.9,976.8,59.0,63.3,301.0,0.9107913669064748,REAL_AWS
2016-01-28 01:00:00,MAITRI,-4.5,976.6,53.0,63.3,298.0,0.9107913669064748,REAL_AWS
2016-01-28 02:00:00,MAITRI,-4.6,976.4,49.0,62.0,298.0,0.8920863309352518,REAL_AWS
2016-01-28 03:00:00,MAITRI,-4.3,976.4,48.0,61.9,298.0,0.8906474820143885,REAL_AWS
2016-01-28 04:00:00,MAITRI,-3.9,976.4,44.0,61.0,299.0,0.8776978417266187,REAL_AWS
2016-01-28 05:00:00,MAITRI,-2.6,976.2,38.0,61.3,298.0,0.8820143884892085,REAL_AWS
2016-01-28 06:00:00,MAITRI,-3.8,976.1,51.0,61.3,298.0,0.8820143884892085,REAL_AWS
2016-01-28 07:00:00,MAITRI,-2.0,976.2,48.0,61.9,298.0,0.8906474820143885,REAL_AWS
2016-01-28 08:00:00,MAITRI,-1.0,976.1,37.0,63.3,298.0,0.9107913669064748,REAL_AWS
2016-01-28 09:00:00,MAITRI,-0.5,975.9,40.0,63.9,298.0,0.9194244604316547,REAL_AWS
2016-01-28 10:00:00,MAITRI,1.3,975.6,39.0,63.1,299.0,0.9079136690647482,REAL_AWS
2016-01-28 11:00:00,MAITRI,1.7,975.2,37.0,62.6,301.0,0.9007194244604316,REAL_AWS
2016-01-28 12:00:00,MAITRI,1.1,974.8,41.0,63.3,301.0,0.9107913669064748,REAL_AWS
2016-01-28 13:00:00,MAITRI,1.3,974.1,44.0,53.4,295.0,0.7683453237410072,REAL_AWS
2016-01-28 14:00:00,MAITRI,1.1,973.2,45.0,55.7,289.0,0.8014388489208634,REAL_AWS
2016-01-28 15:00:00,MAITRI,1.4,972.5,45.0,63.1,298.0,0.9079136690647482,REAL_AWS
2016-01-28 16:00:00,MAITRI,1.0,971.8,45.0,63.3,298.0,0.9107913669064748,REAL_AWS
2016-01-28 17:00:00,MAITRI,0.7,971.1,38.0,63.3,298.0,0.9107913669064748,REAL_AWS
2016-01-28 18:00:00,MAITRI,0.5,970.5,34.0,63.2,298.0,0.9093525179856116,REAL_AWS
2016-01-28 19:00:00,MAITRI,0.2,970.1,37.0,61.3,298.0,0.8820143884892085,REAL_AWS
2016-01-28 20:00:00,MAITRI,-1.4,969.3,56.0,61.9,298.0,0.8906474820143885,REAL_AWS
2016-01-28 21:00:00,MAITRI,-3.2,968.8,58.0,61.3,298.0,0.8820143884892085,REAL_AWS
2016-01-28 22:00:00,MAITRI,-3.4,968.2,55.0,61.9,298.0,0.8906474820143885,REAL_AWS
2016-01-28 23:00:00,MAITRI,-3.7,967.9,48.0,61.3,298.0,0.8820143884892085,REAL_AWS
2016-01-29 00:00:00,MAITRI,-3.6,967.2,47.0,61.9,301.0,0.8906474820143885,REAL_AWS
2016-01-29 01:00:00,MAITRI,-5.7,966.2,50.0,62.6,298.0,0.9007194244604316,REAL_AWS
2016-01-29 02:00:00,MAITRI,-5.3,965.1,42.0,63.3,298.0,0.9107913669064748,REAL_AWS
2016-01-29 03:00:00,MAITRI,-3.5,964.4,40.0,63.7,298.0,0.9165467625899281,REAL_AWS
2016-01-29 04:00:00,MAITRI,-3.2,963.5,43.0,63.9,298.0,0.9194244604316547,REAL_AWS
2016-01-29 05:00:00,MAITRI,-2.3,962.7,41.0,63.9,298.0,0.9194244604316547,REAL_AWS
2016-01-29 06:00:00,MAITRI,-1.8,962.1,42.0,63.9,298.0,0.9194244604316547,REAL_AWS
2016-01-29 07:00:00,MAITRI,-1.7,961.2,46.0,63.9,298.0,0.9194244604316547,REAL_AWS
2016-01-29 08:00:00,MAITRI,-2.3,960.5,57.0,62.6,298.0,0.9007194244604316,REAL_AWS
2016-01-29 09:00:00,MAITRI,0.4,959.5,46.0,65.8,299.0,0.9467625899280575,REAL_AWS
2016-01-29 10:00:00,MAITRI,1.5,958.3,45.0,63.0,298.0,0.9064748201438849,REAL_AWS
2016-01-29 11:00:00,MAITRI,1.1,957.0,52.0,62.2,300.0,0.8949640287769784,REAL_AWS
2016-01-29 12:00:00,MAITRI,0.9,956.1,52.0,63.3,301.0,0.9107913669064748,REAL_AWS
2016-01-29 13:00:00,MAITRI,0.8,955.0,53.0,58.1,305.0,0.8359712230215828,REAL_AWS
2016-01-29 14:00:00,MAITRI,0.9,953.8,54.0,62.7,296.0,0.902158273381295,REAL_AWS
2016-01-29 15:00:00,MAITRI,0.5,952.6,57.0,63.3,298.0,0.9107913669064748,REAL_AWS
2016-01-29 16:00:00,MAITRI,-0.3,951.6,63.0,62.6,298.0,0.9007194244604316,REAL_AWS
2016-01-29 17:00:00,MAITRI,-0.4,950.7,64.0,63.3,298.0,0.9107913669064748,REAL_AWS
2016-01-29 18:00:00,MAITRI,0.2,949.8,61.0,62.3,298.0,0.8964028776978417,REAL_AWS
2016-01-29 19:00:00,MAITRI,-0.6,949.1,65.0,61.9,298.0,0.8906474820143885,REAL_AWS
2016-01-29 20:00:00,MAITRI,-1.4,948.4,55.0,61.9,298.0,0.8906474820143885,REAL_AWS
2016-01-29 21:00:00,MAITRI,-2.8,947.9,60.0,62.4,298.0,0.897841726618705,REAL_AWS
2016-01-29 22:00:00,MAITRI,-3.0,947.6,61.0,62.3,298.0,0.8964028776978417,REAL_AWS
2016-01-29 23:00:00,MAITRI,-4.0,947.6,72.0,61.3,298.0,0.8820143884892085,REAL_AWS
2016-01-30 00:00:00,MAITRI,-5.3,947.5,73.0,61.3,298.0,0.8820143884892085,REAL_AWS
2016-01-30 01:00:00,MAITRI,-7.0,947.3,76.0,40.1,314.0,0.576978417266187,REAL_AWS
2016-01-30 02:00:00,MAITRI,-8.8,947.4,77.0,62.6,298.0,0.9007194244604316,REAL_AWS
2016-01-30 03:00:00,MAITRI,-10.0,947.6,79.0,62.6,298.0,0.9007194244604316,REAL_AWS
2016-01-30 04:00:00,MAITRI,-10.4,947.8,79.0,63.3,298.0,0.9107913669064748,REAL_AWS
2016-01-30 05:00:00,MAITRI,-10.0,948.2,79.0,62.5,300.0,0.8992805755395683,REAL_AWS
2016-01-30 06:00:00,MAITRI,-9.6,948.7,78.0,63.3,301.0,0.9107913669064748,REAL_AWS
2016-01-30 07:00:00,MAITRI,-7.3,949.3,67.0,44.8,315.0,0.6446043165467625,REAL_AWS
2016-01-30 08:00:00,MAITRI,-6.9,949.7,70.0,55.5,291.0,0.7985611510791367,REAL_AWS
2016-01-30 09:00:00,MAITRI,-5.8,950.3,67.0,63.3,298.0,0.9107913669064748,REAL_AWS
2016-01-30 10:00:00,MAITRI,-5.4,950.9,68.0,62.6,298.0,0.9007194244604316,REAL_AWS
2016-01-30 11:00:00,MAITRI,-3.7,951.5,65.0,62.6,298.0,0.9007194244604316,REAL_AWS
2016-01-30 12:00:00,MAITRI,-3.3,952.0,64.0,61.9,298.0,0.8906474820143885,REAL_AWS
2016-01-30 13:00:00,MAITRI,-3.7,952.4,65.0,61.3,298.0,0.8820143884892085,REAL_AWS
2016-01-30 14:00:00,MAITRI,-2.6,952.5,62.0,61.9,298.0,0.8906474820143885,REAL_AWS
2016-01-30 15:00:00,MAITRI,-1.5,952.8,63.0,61.3,298.0,0.8820143884892085,REAL_AWS
2016-01-30 16:00:00,MAITRI,-2.8,953.1,58.0,62.6,298.0,0.9007194244604316,REAL_AWS
2016-01-30 17:00:00,MAITRI,-4.5,953.9,65.0,62.6,298.0,0.9007194244604316,REAL_AWS
2016-01-30 18:00:00,MAITRI,-4.3,954.4,63.0,61.9,298.0,0.8906474820143885,REAL_AWS
2016-01-30 19:00:00,MAITRI,-4.5,954.9,67.0,61.9,298.0,0.8906474820143885,REAL_AWS
2016-01-30 20:00:00,MAITRI,-4.6,955.4,68.0,61.9,298.0,0.8906474820143885,REAL_AWS
2016-01-30 21:00:00,MAITRI,-4.8,955.8,71.0,59.4,300.0,0.8546762589928057,REAL_AWS
2016-01-30 22:00:00,MAITRI,-5.4,956.1,72.0,19.3,287.0,0.2776978417266187,REAL_AWS
2016-01-30 23:00:00,MAITRI,-5.8,956.5,66.0,62.6,298.0,0.9007194244604316,REAL_AWS
2016-01-31 00:00:00,MAITRI,-5.6,956.7,66.0,63.9,298.0,0.9194244604316547,REAL_AWS
2016-01-31 01:00:00,MAITRI,-5.8,957.3,66.0,63.9,298.0,0.9194244604316547,REAL_AWS
2016-01-31 02:00:00,MAITRI,-6.5,957.6,68.0,66.7,299.0,0.9597122302158274,REAL_AWS
2016-01-31 03:00:00,MAITRI,-6.3,958.1,71.0,42.7,308.0,0.6143884892086331,REAL_AWS
2016-01-31 04:00:00,MAITRI,-6.4,958.8,73.0,62.6,298.0,0.9007194244604316,REAL_AWS
2016-01-31 05:00:00,MAITRI,-6.0,959.4,72.0,61.9,298.0,0.8906474820143885,REAL_AWS
2016-01-31 06:00:00,MAITRI,-5.0,959.8,70.0,61.9,298.0,0.8906474820143885,REAL_AWS
2016-01-31 07:00:00,MAITRI,-4.3,960.4,68.0,61.9,298.0,0.8906474820143885,REAL_AWS
2016-01-31 08:00:00,MAITRI,-4.0,960.7,67.0,61.9,298.0,0.8906474820143885,REAL_AWS
2016-01-31 09:00:00,MAITRI,-2.6,961.2,62.0,61.9,298.0,0.8906474820143885,REAL_AWS
2016-01-31 10:00:00,MAITRI,-3.1,961.7,67.0,61.3,298.0,0.8820143884892085,REAL_AWS
2016-01-31 11:00:00,MAITRI,-2.6,962.2,65.0,61.9,298.0,0.8906474820143885,REAL_AWS
2016-01-31 12:00:00,MAITRI,-2.1,962.7,62.0,61.9,298.0,0.8906474820143885,REAL_AWS
2016-01-31 13:00:00,MAITRI,-1.5,963.2,61.0,62.6,298.0,0.9007194244604316,REAL_AWS
2016-01-31 14:00:00,MAITRI,-1.1,963.9,60.0,60.3,299.0,0.8676258992805755,REAL_AWS
2016-01-31 15:00:00,MAITRI,-1.2,964.4,61.0,62.6,301.0,0.9007194244604316,REAL_AWS
2016-01-31 16:00:00,MAITRI,-2.1,964.8,63.0,62.6,301.0,0.9007194244604316,REAL_AWS
2016-01-31 17:00:00,MAITRI,-2.2,965.4,64.0,52.0,292.0,0.7482014388489209,REAL_AWS
2016-01-31 18:00:00,MAITRI,-2.7,965.9,65.0,21.9,290.0,0.3151079136690647,REAL_AWS
2016-01-31 19:00:00,MAITRI,-3.4,966.3,69.0,61.9,298.0,0.8906474820143885,REAL_AWS
2016-01-31 20:00:00,MAITRI,-3.5,966.6,72.0,61.9,298.0,0.8906474820143885,REAL_AWS
2016-01-31 21:00:00,MAITRI,-3.5,966.7,71.0,62.8,298.0,0.9035971223021583,REAL_AWS
2016-01-31 22:00:00,MAITRI,-3.1,967.0,69.0,63.9,298.0,0.9194244604316547,REAL_AWS
2016-01-31 23:00:00,MAITRI,-3.1,967.5,69.0,63.3,298.0,0.9107913669064748,REAL_AWS
2016-02-01 00:00:00,MAITRI,-3.3,967.6,72.0,63.3,298.0,0.9107913669064748,REAL_AWS
2016-02-01 01:00:00,MAITRI,-3.4,967.9,70.0,62.4,299.0,0.897841726618705,REAL_AWS
2016-02-01 02:00:00,MAITRI,-3.9,967.9,73.0,63.9,298.0,0.9194244604316547,REAL_AWS
2016-02-01 03:00:00,MAITRI,-3.7,967.8,67.0,64.7,298.0,0.9309352517985612,REAL_AWS
2016-02-01 04:00:00,MAITRI,-2.8,968.0,61.0,60.0,299.0,0.8633093525179856,REAL_AWS
2016-02-01 05:00:00,MAITRI,-3.0,968.5,63.0,62.6,301.0,0.9007194244604316,REAL_AWS
2016-02-01 06:00:00,MAITRI,-3.0,968.8,64.0,63.3,301.0,0.9107913669064748,REAL_AWS
2016-02-01 07:00:00,MAITRI,-2.7,969.0,64.0,58.6,301.0,0.8431654676258993,REAL_AWS
2016-02-01 08:00:00,MAITRI,-2.1,969.2,65.0,13.8,307.0,0.1985611510791367,REAL_AWS
2016-02-01 09:00:00,MAITRI,-1.6,969.6,64.0,63.3,298.0,0.9107913669064748,REAL_AWS
2016-02-01 10:00:00,MAITRI,-1.2,969.7,65.0,63.2,298.0,0.9093525179856116,REAL_AWS
2016-02-01 11:00:00,MAITRI,-0.8,970.0,64.0,62.6,298.0,0.9007194244604316,REAL_AWS
2016-02-01 12:00:00,MAITRI,-0.8,970.2,69.0,63.3,298.0,0.9107913669064748,REAL_AWS
2016-02-01 13:00:00,MAITRI,-0.9,970.3,68.0,61.9,298.0,0.8906474820143885,REAL_AWS
2016-02-01 14:00:00,MAITRI,-0.9,970.2,68.0,62.6,298.0,0.9007194244604316,REAL_AWS
2016-02-01 15:00:00,MAITRI,-1.0,970.1,72.0,62.6,298.0,0.9007194244604316,REAL_AWS
2016-02-01 16:00:00,MAITRI,-1.1,970.0,72.0,61.9,298.0,0.8906474820143885,REAL_AWS
2016-02-01 17:00:00,MAITRI,-1.2,969.9,74.0,61.3,298.0,0.8820143884892085,REAL_AWS
2016-02-01 18:00:00,MAITRI,-1.5,970.0,71.0,61.9,298.0,0.8906474820143885,REAL_AWS
2016-02-01 19:00:00,MAITRI,-1.8,970.1,69.0,61.3,298.0,0.8820143884892085,REAL_AWS
2016-02-01 20:00:00,MAITRI,-2.2,970.1,71.0,61.9,298.0,0.8906474820143885,REAL_AWS
2016-02-01 21:00:00,MAITRI,-2.6,970.1,72.0,61.9,298.0,0.8906474820143885,REAL_AWS
2016-02-01 22:00:00,MAITRI,-2.8,970.1,71.0,61.6,299.0,0.8863309352517986,REAL_AWS
2016-02-01 23:00:00,MAITRI,-3.0,969.8,71.0,59.8,298.0,0.8604316546762589,REAL_AWS
2016-02-02 00:00:00,MAITRI,-3.1,969.6,70.0,61.9,301.0,0.8906474820143885,REAL_AWS
2016-02-02 01:00:00,MAITRI,-3.0,969.4,69.0,39.3,298.0,0.5654676258992806,REAL_AWS
2016-02-02 02:00:00,MAITRI,-3.0,969.1,72.0,26.5,283.0,0.381294964028777,REAL_AWS
2016-02-02 03:00:00,MAITRI,-2.9,968.5,69.0,61.9,298.0,0.8906474820143885,REAL_AWS
2016-02-02 04:00:00,MAITRI,-2.9,968.5,71.0,62.6,298.0,0.9007194244604316,REAL_AWS
2016-02-02 05:00:00,MAITRI,-2.8,968.2,68.0,62.6,298.0,0.9007194244604316,REAL_AWS
2016-02-02 06:00:00,MAITRI,-2.5,968.4,65.0,62.1,298.0,0.8935251798561151,REAL_AWS
2016-02-02 07:00:00,MAITRI,-2.5,968.6,71.0,63.3,298.0,0.9107913669064748,REAL_AWS
2016-02-02 08:00:00,MAITRI,-2.5,968.8,74.0,63.9,298.0,0.9194244604316547,REAL_AWS
2016-02-02 09:00:00,MAITRI,-2.1,968.8,72.0,62.6,298.0,0.9007194244604316,REAL_AWS
2016-02-02 10:00:00,MAITRI,-2.0,968.7,74.0,63.9,298.0,0.9194244604316547,REAL_AWS
2016-02-02 11:00:00,MAITRI,-1.4,968.6,68.0,63.9,298.0,0.9194244604316547,REAL_AWS
2016-02-02 12:00:00,MAITRI,-0.9,968.7,66.0,63.9,298.0,0.9194244604316547,REAL_AWS
2016-02-02 13:00:00,MAITRI,-0.4,968.6,65.0,61.9,298.0,0.8906474820143885,REAL_AWS
2016-02-02 14:00:00,MAITRI,-0.4,968.5,67.0,63.3,298.0,0.9107913669064748,REAL_AWS
2016-02-02 15:00:00,MAITRI,-0.1,968.5,64.0,60.7,299.0,0.8733812949640288,REAL_AWS
2016-02-02 16:00:00,MAITRI,0.0,968.5,62.0,63.4,301.0,0.9122302158273381,REAL_AWS
2016-02-02 17:00:00,MAITRI,-0.5,968.6,61.0,63.3,301.0,0.9107913669064748,REAL_AWS
2016-02-02 18:00:00,MAITRI,-0.7,968.6,61.0,42.2,303.0,0.6071942446043166,REAL_AWS
2016-02-02 19:00:00,MAITRI,-1.2,969.0,59.0,45.4,284.0,0.6532374100719425,REAL_AWS
2016-02-02 20:00:00,MAITRI,-1.5,969.2,57.0,62.6,298.0,0.9007194244604316,REAL_AWS
2016-02-02 21:00:00,MAITRI,-2.3,969.3,54.0,63.3,298.0,0.9107913669064748,REAL_AWS
2016-02-02 22:00:00,MAITRI,-2.6,969.3,52.0,62.6,298.0,0.9007194244604316,REAL_AWS
2016-02-02 23:00:00,MAITRI,-2.7,969.2,51.0,61.8,298.0,0.8892086330935252,REAL_AWS
2016-02-03 00:00:00,MAITRI,-3.0,969.3,53.0,62.6,298.0,0.9007194244604316,REAL_AWS
2016-02-03 01:00:00,MAITRI,-2.8,969.6,51.0,61.9,298.0,0.8906474820143885,REAL_AWS
2016-02-03 02:00:00,MAITRI,-3.0,969.4,52.0,61.3,298.0,0.8820143884892085,REAL_AWS
2016-02-03 03:00:00,MAITRI,-2.7,969.2,53.0,61.9,298.0,0.8906474820143885,REAL_AWS
2016-02-03 04:00:00,MAITRI,-2.2,969.2,51.0,61.9,298.0,0.8906474820143885,REAL_AWS
2016-02-03 05:00:00,MAITRI,-1.9,969.4,48.0,61.3,298.0,0.8820143884892085,REAL_AWS
2016-02-03 06:00:00,MAITRI,-1.4,969.6,47.0,62.6,298.0,0.9007194244604316,REAL_AWS
2016-02-03 07:00:00,MAITRI,-0.9,969.9,48.0,61.3,298.0,0.8820143884892085,REAL_AWS
2016-02-03 08:00:00,MAITRI,-0.5,969.9,44.0,62.3,301.0,0.8964028776978417,REAL_AWS
2016-02-03 09:00:00,MAITRI,0.4,970.2,47.0,62.1,301.0,0.8935251798561151,REAL_AWS
2016-02-03 10:00:00,MAITRI,1.1,970.3,46.0,48.2,304.0,0.6935251798561152,REAL_AWS
2016-02-03 11:00:00,MAITRI,1.7,970.5,46.0,37.8,285.0,0.5438848920863308,REAL_AWS
2016-02-03 12:00:00,MAITRI,2.1,970.8,44.0,61.9,298.0,0.8906474820143885,REAL_AWS
2016-02-03 13:00:00,MAITRI,2.4,970.8,42.0,61.9,298.0,0.8906474820143885,REAL_AWS
2016-02-03 14:00:00,MAITRI,2.1,971.0,47.0,62.6,298.0,0.9007194244604316,REAL_AWS
2016-02-03 15:00:00,MAITRI,2.5,971.2,50.0,63.2,298.0,0.9093525179856116,REAL_AWS
2016-02-03 16:00:00,MAITRI,1.5,971.2,56.0,63.3,298.0,0.9107913669064748,REAL_AWS
2016-02-03 17:00:00,MAITRI,1.1,971.4,55.0,63.3,298.0,0.9107913669064748,REAL_AWS
2016-02-03 18:00:00,MAITRI,0.5,971.7,56.0,62.6,298.0,0.9007194244604316,REAL_AWS
2016-02-03 19:00:00,MAITRI,0.2,972.1,56.0,62.6,298.0,0.9007194244604316,REAL_AWS
2016-02-03 20:00:00,MAITRI,-0.8,972.1,56.0,63.3,298.0,0.9107913669064748,REAL_AWS
2016-02-03 21:00:00,MAITRI,-1.0,972.2,48.0,63.9,298.0,0.9194244604316547,REAL_AWS
2016-02-03 22:00:00,MAITRI,-1.1,972.4,48.0,63.3,298.0,0.9107913669064748,REAL_AWS
2016-02-03 23:00:00,MAITRI,-1.9,972.6,43.0,63.9,298.0,0.9194244604316547,REAL_AWS
2016-02-04 00:00:00,MAITRI,-2.0,972.7,43.0,56.6,299.0,0.8143884892086332,REAL_AWS
2016-02-04 01:00:00,MAITRI,-2.1,972.9,40.0,63.2,301.0,0.9093525179856116,REAL_AWS
2016-02-04 02:00:00,MAITRI,-2.3,972.8,39.0,62.6,301.0,0.9007194244604316,REAL_AWS
2016-02-04 03:00:00,MAITRI,-2.4,972.7,38.0,63.3,301.0,0.9107913669064748,REAL_AWS
2016-02-04 04:00:00,MAITRI,-2.3,972.8,38.0,57.5,297.0,0.8273381294964028,REAL_AWS
2016-02-04 05:00:00,MAITRI,-2.0,973.0,39.0,61.5,303.0,0.8848920863309353,REAL_AWS
2016-02-04 06:00:00,MAITRI,-1.7,973.1,38.0,63.3,298.0,0.9107913669064748,REAL_AWS
2016-02-04 07:00:00,MAITRI,-0.8,973.1,38.0,63.1,298.0,0.9079136690647482,REAL_AWS
2016-02-04 08:00:00,MAITRI,-0.5,973.3,38.0,62.6,298.0,0.9007194244604316,REAL_AWS
2016-02-04 09:00:00,MAITRI,-0.3,973.6,41.0,62.1,298.0,0.8935251798561151,REAL_AWS
2016-02-04 10:00:00,MAITRI,0.2,973.7,44.0,61.3,298.0,0.8820143884892085,REAL_AWS
2016-02-04 11:00:00,MAITRI,0.6,973.6,37.0,61.9,298.0,0.8906474820143885,REAL_AWS
2016-02-04 12:00:00,MAITRI,0.7,973.6,40.0,61.3,298.0,0.8820143884892085,REAL_AWS
2016-02-04 13:00:00,MAITRI,0.6,973.5,44.0,63.3,298.0,0.9107913669064748,REAL_AWS
2016-02-04 14:00:00,MAITRI,0.4,973.4,43.0,61.9,298.0,0.8906474820143885,REAL_AWS
2016-02-04 15:00:00,MAITRI,0.2,973.0,45.0,61.9,298.0,0.8906474820143885,REAL_AWS
2016-02-04 16:00:00,MAITRI,-1.0,972.9,49.0,63.3,298.0,0.9107913669064748,REAL_AWS
2016-02-04 17:00:00,MAITRI,-1.5,972.6,49.0,63.9,298.0,0.9194244604316547,REAL_AWS
2016-02-04 18:00:00,MAITRI,-2.3,972.5,65.0,60.2,298.0,0.8661870503597122,REAL_AWS
2016-02-04 19:00:00,MAITRI,-3.8,972.4,84.0,66.3,300.0,0.953956834532374,REAL_AWS
2016-02-04 20:00:00,MAITRI,-4.7,972.5,89.0,48.2,289.0,0.6935251798561152,REAL_AWS
2016-02-04 21:00:00,MAITRI,-5.0,972.3,93.0,62.6,298.0,0.9007194244604316,REAL_AWS
2016-02-04 22:00:00,MAITRI,-4.8,972.2,94.0,61.2,298.0,0.8805755395683453,REAL_AWS
2016-02-04 23:00:00,MAITRI,-5.0,971.9,93.0,61.3,298.0,0.8820143884892085,REAL_AWS
2016-02-05 00:00:00,MAITRI,-5.1,971.8,94.0,62.6,301.0,0.9007194244604316,REAL_AWS
2016-02-05 01:00:00,MAITRI,-5.0,971.5,95.0,53.3,286.0,0.7669064748201438,REAL_AWS
2016-02-05 02:00:00,MAITRI,-4.9,971.0,95.0,63.1,298.0,0.9079136690647482,REAL_AWS
2016-02-05 03:00:00,MAITRI,-5.1,970.8,95.0,62.5,298.0,0.8992805755395683,REAL_AWS
2016-02-05 04:00:00,MAITRI,-5.2,970.8,95.0,63.3,298.0,0.9107913669064748,REAL_AWS
2016-02-05 05:00:00,MAITRI,-5.1,970.4,95.0,63.3,301.0,0.9107913669064748,REAL_AWS
2016-02-05 06:00:00,MAITRI,-5.0,970.4,95.0,62.6,298.0,0.9007194244604316,REAL_AWS
2016-02-05 07:00:00,MAITRI,-4.9,970.5,95.0,61.3,298.0,0.8820143884892085,REAL_AWS
2016-02-05 08:00:00,MAITRI,-5.5,970.4,95.0,62.6,298.0,0.9007194244604316,REAL_AWS
2016-02-05 09:00:00,MAITRI,-4.7,969.6,95.0,61.3,298.0,0.8820143884892085,REAL_AWS
2016-02-05 10:00:00,MAITRI,-4.8,969.7,95.0,57.5,298.0,0.8273381294964028,REAL_AWS
2016-02-05 11:00:00,MAITRI,-4.3,969.5,96.0,61.7,301.0,0.887769784172662,REAL_AWS
2016-02-05 12:00:00,MAITRI,-4.3,969.5,96.0,61.3,301.0,0.8820143884892085,REAL_AWS
2016-02-05 13:00:00,MAITRI,-4.1,968.9,96.0,59.0,301.0,0.8489208633093526,REAL_AWS
2016-02-05 14:00:00,MAITRI,-4.0,968.6,96.0,37.3,322.0,0.5366906474820143,REAL_AWS
2016-02-05 15:00:00,MAITRI,-4.2,968.3,96.0,62.5,298.0,0.8992805755395683,REAL_AWS
2016-02-05 16:00:00,MAITRI,-4.2,968.0,96.0,62.5,299.0,0.8992805755395683,REAL_AWS
2016-02-05 17:00:00,MAITRI,-4.5,967.7,96.0,61.2,299.0,0.8805755395683453,REAL_AWS
2016-02-05 18:00:00,MAITRI,-4.6,967.7,96.0,62.0,297.0,0.8920863309352518,REAL_AWS
2016-02-05 19:00:00,MAITRI,-4.5,967.7,96.0,63.5,298.0,0.9136690647482014,REAL_AWS
2016-02-05 20:00:00,MAITRI,-4.6,967.6,96.0,63.9,298.0,0.9194244604316547,REAL_AWS
2016-02-05 21:00:00,MAITRI,-4.7,968.1,96.0,63.2,300.0,0.9093525179856116,REAL_AWS
2016-02-05 22:00:00,MAITRI,-4.7,968.0,96.0,63.0,298.0,0.9064748201438849,REAL_AWS
2016-02-05 23:00:00,MAITRI,-4.7,968.0,96.0,59.9,298.0,0.8618705035971223,REAL_AWS
2016-02-06 00:00:00,MAITRI,-4.7,968.1,96.0,61.9,298.0,0.8906474820143885,REAL_AWS
2016-02-06 01:00:00,MAITRI,-4.8,968.1,96.0,61.9,298.0,0.8906474820143885,REAL_AWS
2016-02-06 02:00:00,MAITRI,-4.9,967.9,96.0,55.6,301.0,0.8,REAL_AWS
2016-02-06 03:00:00,MAITRI,-4.9,967.6,96.0,62.6,299.0,0.9007194244604316,REAL_AWS
2016-02-06 04:00:00,MAITRI,-4.8,967.3,96.0,63.3,298.0,0.9107913669064748,REAL_AWS
2016-02-06 05:00:00,MAITRI,-4.6,967.5,96.0,63.3,298.0,0.9107913669064748,REAL_AWS
2016-02-06 06:00:00,MAITRI,-4.5,967.4,96.0,63.0,298.0,0.9064748201438849,REAL_AWS
2016-02-06 07:00:00,MAITRI,-4.1,967.1,96.0,59.4,299.0,0.8546762589928057,REAL_AWS
2016-02-06 08:00:00,MAITRI,-3.9,966.4,97.0,63.3,300.0,0.9107913669064748,REAL_AWS
2016-02-06 09:00:00,MAITRI,-3.6,966.1,97.0,60.5,305.0,0.8705035971223022,REAL_AWS
2016-02-06 10:00:00,MAITRI,-3.4,965.5,97.0,28.5,296.0,0.41007194244604317,REAL_AWS
2016-02-06 11:00:00,MAITRI,-3.3,965.2,97.0,63.1,299.0,0.9079136690647482,REAL_AWS
2016-02-06 12:00:00,MAITRI,-3.1,965.4,97.0,62.6,299.0,0.9007194244604316,REAL_AWS
2016-02-06 13:00:00,MAITRI,-3.0,965.1,97.0,61.8,300.0,0.8892086330935252,REAL_AWS
2016-02-06 14:00:00,MAITRI,-3.2,964.1,97.0,43.3,302.0,0.6230215827338129,REAL_AWS
2016-02-06 15:00:00,MAITRI,-3.2,963.0,97.0,62.6,298.0,0.9007194244604316,REAL_AWS
2016-02-06 16:00:00,MAITRI,-3.1,962.3,97.0,61.9,298.0,0.8906474820143885,REAL_AWS
2016-02-06 17:00:00,MAITRI,-2.9,962.0,97.0,63.2,298.0,0.9093525179856116,REAL_AWS
2016-02-06 18:00:00,MAITRI,-2.7,961.8,98.0,61.9,298.0,0.8906474820143885,REAL_AWS
2016-02-06 19:00:00,MAITRI,-2.5,961.6,98.0,61.3,298.0,0.8820143884892085,REAL_AWS
2016-02-06 20:00:00,MAITRI,-2.6,961.1,98.0,61.3,298.0,0.8820143884892085,REAL_AWS
2016-02-06 21:00:00,MAITRI,-2.4,960.7,97.0,61.3,298.0,0.8820143884892085,REAL_AWS
2016-02-06 22:00:00,MAITRI,-2.1,960.6,97.0,61.3,299.0,0.8820143884892085,REAL_AWS
2016-02-06 23:00:00,MAITRI,-2.3,960.8,97.0,61.9,300.0,0.8906474820143885,REAL_AWS
2016-02-07 00:00:00,MAITRI,-2.1,960.4,96.0,57.5,302.0,0.8273381294964028,REAL_AWS
2016-02-07 01:00:00,MAITRI,-1.5,960.2,96.0,37.4,308.0,0.5381294964028777,REAL_AWS
2016-02-07 02:00:00,MAITRI,-1.4,960.1,96.0,61.7,299.0,0.887769784172662,REAL_AWS
2016-02-07 03:00:00,MAITRI,-1.2,959.4,96.0,62.6,299.0,0.9007194244604316,REAL_AWS
2016-02-07 04:00:00,MAITRI,-1.6,960.1,96.0,61.9,299.0,0.8906474820143885,REAL_AWS
2016-02-07 05:00:00,MAITRI,-1.6,960.4,95.0,56.4,288.0,0.8115107913669064,REAL_AWS
2016-02-07 06:00:00,MAITRI,-2.0,960.7,96.0,62.8,296.0,0.9035971223021583,REAL_AWS
2016-02-07 07:00:00,MAITRI,-1.9,960.6,93.0,63.3,298.0,0.9107913669064748,REAL_AWS
2016-02-07 08:00:00,MAITRI,-0.9,960.9,92.0,63.3,298.0,0.9107913669064748,REAL_AWS
2016-02-07 09:00:00,MAITRI,0.8,961.3,96.0,63.9,298.0,0.9194244604316547,REAL_AWS
2016-02-07 10:00:00,MAITRI,0.5,961.5,98.0,63.3,298.0,0.9107913669064748,REAL_AWS
2016-02-07 11:00:00,MAITRI,0.7,961.8,97.0,61.2,298.0,0.8805755395683453,REAL_AWS
2016-02-07 12:00:00,MAITRI,0.9,961.7,96.0,63.3,298.0,0.9107913669064748,REAL_AWS
2016-02-07 13:00:00,MAITRI,0.0,962.1,97.0,61.9,299.0,0.8906474820143885,REAL_AWS
2016-02-07 14:00:00,MAITRI,0.7,962.4,96.0,63.2,299.0,0.9093525179856116,REAL_AWS
2016-02-07 15:00:00,MAITRI,0.6,962.3,96.0,62.6,299.0,0.9007194244604316,REAL_AWS
2016-02-07 16:00:00,MAITRI,0.2,962.6,97.0,51.3,311.99999999999994,0.7381294964028776,REAL_AWS
2016-02-07 17:00:00,MAITRI,-0.5,962.6,94.0,64.7,299.0,0.9309352517985612,REAL_AWS
2016-02-07 18:00:00,MAITRI,-0.7,962.9,91.0,62.6,300.0,0.9007194244604316,REAL_AWS
2016-02-07 19:00:00,MAITRI,-1.9,963.3,88.0,62.6,300.0,0.9007194244604316,REAL_AWS
2016-02-07 20:00:00,MAITRI,-2.9,963.6,87.0,51.4,305.0,0.7395683453237409,REAL_AWS
2016-02-07 21:00:00,MAITRI,-2.8,964.0,89.0,29.5,313.0,0.4244604316546763,REAL_AWS
2016-02-07 22:00:00,MAITRI,-2.7,964.0,85.0,62.3,298.0,0.8964028776978417,REAL_AWS
2016-02-07 23:00:00,MAITRI,-2.0,964.3,81.0,61.9,298.0,0.8906474820143885,REAL_AWS
2016-02-08 00:00:00,MAITRI,-1.5,964.5,75.0,62.6,298.0,0.9007194244604316,REAL_AWS
2016-02-08 01:00:00,MAITRI,-2.8,964.8,78.0,62.6,298.0,0.9007194244604316,REAL_AWS
2016-02-08 02:00:00,MAITRI,-2.0,965.0,75.0,63.6,298.0,0.9151079136690647,REAL_AWS
2016-02-08 03:00:00,MAITRI,-1.7,965.3,76.0,63.3,298.0,0.9107913669064748,REAL_AWS
2016-02-08 04:00:00,MAITRI,-2.0,965.7,71.0,63.9,298.0,0.9194244604316547,REAL_AWS
2016-02-08 05:00:00,MAITRI,-1.4,965.9,77.0,62.8,299.0,0.9035971223021583,REAL_AWS
2016-02-08 06:00:00,MAITRI,-1.2,966.2,78.0,64.6,298.0,0.9294964028776977,REAL_AWS
2016-02-08 07:00:00,MAITRI,-1.3,966.8,82.0,63.2,299.0,0.9093525179856116,REAL_AWS
2016-02-08 08:00:00,MAITRI,-1.0,966.9,80.0,61.3,299.0,0.8820143884892085,REAL_AWS
2016-02-08 09:00:00,MAITRI,-0.8,967.4,84.0,63.3,299.0,0.9107913669064748,REAL_AWS
2016-02-08 10:00:00,MAITRI,-0.8,967.3,85.0,63.2,298.0,0.9093525179856116,REAL_AWS
2016-02-08 11:00:00,MAITRI,-1.0,967.4,86.0,59.9,299.0,0.8618705035971223,REAL_AWS
2016-02-08 12:00:00,MAITRI,-1.0,967.6,78.0,62.9,300.0,0.9050359712230216,REAL_AWS
2016-02-08 13:00:00,MAITRI,-0.9,967.6,79.0,62.6,300.0,0.9007194244604316,REAL_AWS
2016-02-08 14:00:00,MAITRI,-0.9,967.6,81.0,59.3,301.0,0.8532374100719424,REAL_AWS
2016-02-08 15:00:00,MAITRI,-1.1,967.4,84.0,63.2,301.0,0.9093525179856116,REAL_AWS
2016-02-08 16:00:00,MAITRI,-1.2,967.2,85.0,54.5,307.0,0.7841726618705036,REAL_AWS
2016-02-08 17:00:00,MAITRI,-1.3,967.4,85.0,62.6,298.0,0.9007194244604316,REAL_AWS
2016-02-08 18:00:00,MAITRI,-1.5,967.5,87.0,62.6,298.0,0.9007194244604316,REAL_AWS
2016-02-08 19:00:00,MAITRI,-1.7,967.5,88.0,63.3,298.0,0.9107913669064748,REAL_AWS
2016-02-08 20:00:00,MAITRI,-1.7,967.6,90.0,61.3,298.0,0.8820143884892085,REAL_AWS
2016-02-08 21:00:00,MAITRI,-1.5,967.7,88.0,61.9,298.0,0.8906474820143885,REAL_AWS
2016-02-08 22:00:00,MAITRI,-1.8,968.1,91.0,61.5,298.0,0.8848920863309353,REAL_AWS
2016-02-08 23:00:00,MAITRI,-2.1,968.4,91.0,61.9,298.0,0.8906474820143885,REAL_AWS
2016-02-09 00:00:00,MAITRI,-2.3,968.4,86.0,61.3,298.0,0.8820143884892085,REAL_AWS
2016-02-09 01:00:00,MAITRI,-2.5,968.4,82.0,61.3,298.0,0.8820143884892085,REAL_AWS
2016-02-09 02:00:00,MAITRI,-2.7,968.6,83.0,61.3,298.0,0.8820143884892085,REAL_AWS
2016-02-09 03:00:00,MAITRI,-2.5,968.4,79.0,61.3,298.0,0.8820143884892085,REAL_AWS
2016-02-09 04:00:00,MAITRI,-2.3,968.4,77.0,60.7,299.0,0.8733812949640288,REAL_AWS
2016-02-09 05:00:00,MAITRI,-2.3,968.4,78.0,63.7,300.0,0.9165467625899281,REAL_AWS
2016-02-09 06:00:00,MAITRI,-2.4,968.6,74.0,62.6,301.0,0.9007194244604316,REAL_AWS
2016-02-09 07:00:00,MAITRI,-2.2,968.9,76.0,62.6,301.0,0.9007194244604316,REAL_AWS
2016-02-09 08:00:00,MAITRI,-2.1,968.9,77.0,41.2,313.0,0.5928057553956835,REAL_AWS
2016-02-09 09:00:00,MAITRI,-1.7,969.2,75.0,61.9,298.0,0.8906474820143885,REAL_AWS
2016-02-09 10:00:00,MAITRI,-1.5,968.9,76.0,61.9,298.0,0.8906474820143885,REAL_AWS
2016-02-09 11:00:00,MAITRI,-1.1,968.6,73.0,61.9,298.0,0.8906474820143885,REAL_AWS
2016-02-09 12:00:00,MAITRI,-0.9,968.5,75.0,62.6,298.0,0.9007194244604316,REAL_AWS
2016-02-09 13:00:00,MAITRI,-0.9,968.7,75.0,63.9,298.0,0.9194244604316547,REAL_AWS
2016-02-09 14:00:00,MAITRI,-0.8,968.4,74.0,63.9,298.0,0.9194244604316547,REAL_AWS
2016-02-09 15:00:00,MAITRI,-0.9,967.8,74.0,63.3,298.0,0.9107913669064748,REAL_AWS
2016-02-09 16:00:00,MAITRI,-0.7,967.3,72.0,63.3,298.0,0.9107913669064748,REAL_AWS
2016-02-09 17:00:00,MAITRI,-1.0,967.4,73.0,63.7,298.0,0.9165467625899281,REAL_AWS
2016-02-09 18:00:00,MAITRI,-1.4,967.2,74.0,63.3,298.0,0.9107913669064748,REAL_AWS
2016-02-09 19:00:00,MAITRI,-1.7,967.4,77.0,63.9,298.0,0.9194244604316547,REAL_AWS
2016-02-09 20:00:00,MAITRI,-1.7,967.5,74.0,62.7,298.0,0.902158273381295,REAL_AWS
2016-02-09 21:00:00,MAITRI,-1.8,967.4,72.0,65.8,299.0,0.9467625899280575,REAL_AWS
2016-02-09 22:00:00,MAITRI,-1.8,967.3,68.0,63.3,301.0,0.9107913669064748,REAL_AWS
2016-02-09 23:00:00,MAITRI,-1.4,966.8,65.0,63.3,301.0,0.9107913669064748,REAL_AWS
2016-02-10 00:00:00,MAITRI,-1.3,966.3,64.0,60.5,300.0,0.8705035971223022,REAL_AWS
2016-02-10 01:00:00,MAITRI,-1.3,965.6,61.0,47.8,311.0,0.6877697841726619,REAL_AWS
2016-02-10 02:00:00,MAITRI,-0.8,965.3,54.0,61.2,295.0,0.8805755395683453,REAL_AWS
2016-02-10 03:00:00,MAITRI,-0.8,964.9,50.0,63.3,298.0,0.9107913669064748,REAL_AWS
2016-02-10 04:00:00,MAITRI,-1.0,964.6,49.0,62.6,298.0,0.9007194244604316,REAL_AWS
2016-02-10 05:00:00,MAITRI,-2.1,963.7,58.0,62.6,298.0,0.9007194244604316,REAL_AWS
2016-02-10 06:00:00,MAITRI,-1.4,962.8,50.0,62.6,298.0,0.9007194244604316,REAL_AWS
2016-02-10 07:00:00,MAITRI,-1.5,962.2,45.0,62.6,298.0,0.9007194244604316,REAL_AWS
2016-02-10 08:00:00,MAITRI,-1.9,961.7,49.0,61.9,298.0,0.8906474820143885,REAL_AWS
2016-02-10 09:00:00,MAITRI,-1.4,961.4,52.0,62.6,298.0,0.9007194244604316,REAL_AWS
2016-02-10 10:00:00,MAITRI,-0.6,960.4,41.0,63.9,298.0,0.9194244604316547,REAL_AWS
2016-02-10 11:00:00,MAITRI,0.0,959.6,50.0,63.9,298.0,0.9194244604316547,REAL_AWS
2016-02-10 12:00:00,MAITRI,1.5,958.8,43.0,63.3,298.0,0.9107913669064748,REAL_AWS
2016-02-10 13:00:00,MAITRI,3.0,958.0,36.0,70.3,299.0,1.0,REAL_AWS
2016-02-10 14:00:00,MAITRI,2.1,957.1,34.0,63.3,301.0,0.9107913669064748,REAL_AWS
2016-02-10 15:00:00,MAITRI,2.1,956.5,53.0,63.1,301.0,0.9079136690647482,REAL_AWS
2016-02-10 16:00:00,MAITRI,0.5,955.4,55.0,49.8,303.0,0.716546762589928,REAL_AWS
2016-02-10 17:00:00,MAITRI,-1.1,954.8,55.0,36.9,280.0,0.5309352517985612,REAL_AWS
2016-02-10 18:00:00,MAITRI,-1.5,954.4,45.0,62.6,298.0,0.9007194244604316,REAL_AWS
2016-02-10 19:00:00,MAITRI,-1.1,954.1,39.0,62.6,298.0,0.9007194244604316,REAL_AWS
2016-02-10 20:00:00,MAITRI,-2.8,953.9,46.0,62.6,298.0,0.9007194244604316,REAL_AWS
2016-02-10 21:00:00,MAITRI,-4.9,953.9,49.0,62.6,298.0,0.9007194244604316,REAL_AWS
2016-02-10 22:00:00,MAITRI,-3.5,954.3,42.0,61.3,298.0,0.8820143884892085,REAL_AWS
2016-02-10 23:00:00,MAITRI,-3.7,955.0,40.0,61.3,298.0,0.8820143884892085,REAL_AWS
2016-02-11 00:00:00,MAITRI,-4.9,955.9,43.0,61.9,301.0,0.8906474820143885,REAL_AWS
2016-02-11 01:00:00,MAITRI,-4.8,957.1,46.0,40.6,288.0,0.5841726618705037,REAL_AWS
2016-02-11 02:00:00,MAITRI,-4.6,958.0,40.0,63.3,298.0,0.9107913669064748,REAL_AWS
2016-02-11 03:00:00,MAITRI,-4.1,958.4,38.0,63.3,298.0,0.9107913669064748,REAL_AWS
2016-02-11 04:00:00,MAITRI,-4.9,959.2,45.0,62.6,298.0,0.9007194244604316,REAL_AWS
2016-02-11 05:00:00,MAITRI,-5.0,960.1,47.0,62.6,301.0,0.9007194244604316,REAL_AWS
2016-02-11 06:00:00,MAITRI,-4.8,960.9,45.0,54.3,289.0,0.781294964028777,REAL_AWS
2016-02-11 07:00:00,MAITRI,-4.5,961.9,47.0,62.6,298.0,0.9007194244604316,REAL_AWS
2016-02-11 08:00:00,MAITRI,-3.5,962.8,44.0,62.6,298.0,0.9007194244604316,REAL_AWS
2016-02-11 09:00:00,MAITRI,-2.6,963.8,45.0,62.6,298.0,0.9007194244604316,REAL_AWS
2016-02-11 10:00:00,MAITRI,-1.7,964.7,43.0,62.4,298.0,0.897841726618705,REAL_AWS
2016-02-11 11:00:00,MAITRI,-1.1,965.6,48.0,61.9,298.0,0.8906474820143885,REAL_AWS
2016-02-11 12:00:00,MAITRI,-0.4,966.6,45.0,61.3,298.0,0.8820143884892085,REAL_AWS
2016-02-11 13:00:00,MAITRI,0.2,967.3,48.0,62.6,298.0,0.9007194244604316,REAL_AWS
2016-02-11 14:00:00,MAITRI,0.6,967.8,46.0,62.1,299.0,0.8935251798561151,REAL_AWS
2016-02-11 15:00:00,MAITRI,0.1,968.5,50.0,61.3,298.0,0.8820143884892085,REAL_AWS
2016-02-11 16:00:00,MAITRI,0.0,969.2,45.0,61.3,298.0,0.8820143884892085,REAL_AWS
2016-02-11 17:00:00,MAITRI,-0.8,970.1,47.0,61.3,298.0,0.8820143884892085,REAL_AWS
2016-02-11 18:00:00,MAITRI,-1.9,970.8,45.0,61.3,298.0,0.8820143884892085,REAL_AWS
2016-02-11 19:00:00,MAITRI,-4.3,971.3,51.0,63.5,298.0,0.9136690647482014,REAL_AWS
2016-02-11 20:00:00,MAITRI,-5.6,972.0,53.0,61.9,301.0,0.8906474820143885,REAL_AWS
2016-02-11 21:00:00,MAITRI,-6.4,972.7,57.0,61.7,295.0,0.887769784172662,REAL_AWS
2016-02-11 22:00:00,MAITRI,-6.3,973.6,53.0,62.6,298.0,0.9007194244604316,REAL_AWS
2016-02-11 23:00:00,MAITRI,-6.5,974.2,54.0,63.4,299.0,0.9122302158273381,REAL_AWS
2016-02-12 00:00:00,MAITRI,-6.1,974.7,51.0,63.3,298.0,0.9107913669064748,REAL_AWS
2016-02-12 01:00:00,MAITRI,-6.9,974.7,51.0,62.5,300.0,0.8992805755395683,REAL_AWS
2016-02-12 02:00:00,MAITRI,-7.2,975.1,55.0,62.6,298.0,0.9007194244604316,REAL_AWS
2016-02-12 03:00:00,MAITRI,-7.6,975.4,56.0,62.0,298.0,0.8920863309352518,REAL_AWS
2016-02-12 04:00:00,MAITRI,-6.7,976.1,52.0,61.9,298.0,0.8906474820143885,REAL_AWS
2016-02-12 05:00:00,MAITRI,-6.1,976.4,47.0,61.9,298.0,0.8906474820143885,REAL_AWS
2016-02-12 06:00:00,MAITRI,-5.9,976.6,60.0,62.6,298.0,0.9007194244604316,REAL_AWS
2016-02-12 07:00:00,MAITRI,-5.5,976.7,59.0,61.9,298.0,0.8906474820143885,REAL_AWS
2016-02-12 08:00:00,MAITRI,-4.7,977.1,56.0,61.3,298.0,0.8820143884892085,REAL_AWS
2016-02-12 09:00:00,MAITRI,-3.5,977.4,50.0,61.3,301.0,0.8820143884892085,REAL_AWS
2016-02-12 10:00:00,MAITRI,-3.2,977.5,51.0,62.1,301.0,0.8935251798561151,REAL_AWS
2016-02-12 11:00:00,MAITRI,-1.4,977.5,53.0,62.6,301.0,0.9007194244604316,REAL_AWS
2016-02-12 12:00:00,MAITRI,-0.9,977.6,51.0,61.9,302.0,0.8906474820143885,REAL_AWS
2016-02-12 13:00:00,MAITRI,-0.4,977.8,54.0,59.1,290.0,0.8503597122302159,REAL_AWS
2016-02-12 14:00:00,MAITRI,-1.5,977.3,54.0,62.6,298.0,0.9007194244604316,REAL_AWS
2016-02-12 15:00:00,MAITRI,-1.3,977.6,57.0,62.6,298.0,0.9007194244604316,REAL_AWS
2016-02-12 16:00:00,MAITRI,-2.5,977.4,64.0,61.9,298.0,0.8906474820143885,REAL_AWS
2016-02-12 17:00:00,MAITRI,-3.2,977.7,68.0,61.9,298.0,0.8906474820143885,REAL_AWS
2016-02-12 18:00:00,MAITRI,-3.1,977.8,66.0,62.6,298.0,0.9007194244604316,REAL_AWS
2016-02-12 19:00:00,MAITRI,-3.4,977.4,68.0,63.9,298.0,0.9194244604316547,REAL_AWS
2016-02-12 20:00:00,MAITRI,-2.6,978.0,71.0,63.3,298.0,0.9107913669064748,REAL_AWS
2016-02-12 21:00:00,MAITRI,-2.6,978.1,73.0,63.9,298.0,0.9194244604316547,REAL_AWS
2016-02-12 22:00:00,MAITRI,-2.6,977.7,68.0,63.3,298.0,0.9107913669064748,REAL_AWS
2016-02-12 23:00:00,MAITRI,-2.1,977.9,71.0,62.8,298.0,0.9035971223021583,REAL_AWS
2016-02-13 00:00:00,MAITRI,-1.4,977.3,52.0,61.9,298.0,0.8906474820143885,REAL_AWS
2016-02-13 01:00:00,MAITRI,-1.7,976.9,55.0,61.3,298.0,0.8820143884892085,REAL_AWS
2016-02-13 02:00:00,MAITRI,-1.8,977.2,59.0,61.3,298.0,0.8820143884892085,REAL_AWS
2016-02-13 03:00:00,MAITRI,-3.8,977.1,56.0,62.3,298.0,0.8964028776978417,REAL_AWS
2016-02-13 04:00:00,MAITRI,-4.1,977.2,55.0,62.6,301.0,0.9007194244604316,REAL_AWS
2016-02-13 05:00:00,MAITRI,-3.7,976.8,53.0,61.9,301.0,0.8906474820143885,REAL_AWS
2016-02-13 06:00:00,MAITRI,-3.3,976.6,53.0,55.1,299.0,0.7928057553956834,REAL_AWS
2016-02-13 07:00:00,MAITRI,-1.7,976.1,55.0,61.6,296.0,0.8863309352517986,REAL_AWS
2016-02-13 08:00:00,MAITRI,-1.4,975.6,57.0,62.6,298.0,0.9007194244604316,REAL_AWS
2016-02-13 09:00:00,MAITRI,-2.0,975.2,54.0,62.6,298.0,0.9007194244604316,REAL_AWS
2016-02-13 10:00:00,MAITRI,0.3,974.3,53.0,62.6,298.0,0.9007194244604316,REAL_AWS
2016-02-13 11:00:00,MAITRI,0.3,973.5,46.0,62.9,298.0,0.9050359712230216,REAL_AWS
2016-02-13 12:00:00,MAITRI,1.6,972.6,46.0,63.3,298.0,0.9107913669064748,REAL_AWS
2016-02-13 13:00:00,MAITRI,1.5,971.3,40.0,63.0,298.0,0.9064748201438849,REAL_AWS
2016-02-13 14:00:00,MAITRI,3.1,970.1,39.0,63.3,298.0,0.9107913669064748,REAL_AWS
2016-02-13 15:00:00,MAITRI,2.1,969.2,42.0,63.6,298.0,0.9151079136690647,REAL_AWS
2016-02-13 16:00:00,MAITRI,0.2,968.6,53.0,62.6,298.0,0.9007194244604316,REAL_AWS
2016-02-13 17:00:00,MAITRI,-2.8,969.4,55.0,63.3,298.0,0.9107913669064748,REAL_AWS
2016-02-13 18:00:00,MAITRI,-4.1,969.3,58.0,62.7,298.0,0.902158273381295,REAL_AWS
2016-02-13 19:00:00,MAITRI,-4.6,969.1,59.0,63.9,298.0,0.9194244604316547,REAL_AWS
2016-02-13 20:00:00,MAITRI,-5.0,969.2,59.0,63.5,298.0,0.9136690647482014,REAL_AWS
2016-02-13 21:00:00,MAITRI,-5.2,969.2,53.0,63.3,301.0,0.9107913669064748,REAL_AWS
2016-02-13 22:00:00,MAITRI,-5.5,969.2,48.0,63.3,298.0,0.9107913669064748,REAL_AWS
2016-02-13 23:00:00,MAITRI,-6.0,969.0,56.0,61.9,298.0,0.8906474820143885,REAL_AWS
2016-02-14 00:00:00,MAITRI,-6.2,969.3,53.0,62.6,298.0,0.9007194244604316,REAL_AWS
2016-02-14 01:00:00,MAITRI,-6.1,969.6,52.0,61.9,298.0,0.8906474820143885,REAL_AWS
2016-02-14 02:00:00,MAITRI,-6.5,969.3,47.0,61.9,301.0,0.8906474820143885,REAL_AWS
2016-02-14 03:00:00,MAITRI,-5.9,969.0,42.0,62.6,298.0,0.9007194244604316,REAL_AWS
2016-02-14 04:00:00,MAITRI,-5.7,969.0,44.0,63.3,298.0,0.9107913669064748,REAL_AWS
2016-02-14 05:00:00,MAITRI,-6.3,969.7,46.0,61.9,298.0,0.8906474820143885,REAL_AWS
2016-02-14 06:00:00,MAITRI,-6.2,969.8,48.0,61.3,298.0,0.8820143884892085,REAL_AWS
2016-02-14 07:00:00,MAITRI,-6.2,969.4,51.0,62.2,299.0,0.8949640287769784,REAL_AWS
2016-02-14 08:00:00,MAITRI,-5.0,968.9,44.0,61.9,301.0,0.8906474820143885,REAL_AWS
2016-02-14 09:00:00,MAITRI,-4.5,969.6,43.0,62.6,301.0,0.9007194244604316,REAL_AWS
2016-02-14 10:00:00,MAITRI,-5.2,969.4,42.0,50.6,308.0,0.7280575539568346,REAL_AWS
2016-02-14 11:00:00,MAITRI,-5.3,969.8,38.0,35.4,318.0,0.5093525179856115,REAL_AWS
2016-02-14 12:00:00,MAITRI,-6.1,969.1,40.0,61.9,298.0,0.8906474820143885,REAL_AWS
2016-02-14 13:00:00,MAITRI,-5.0,968.2,34.0,61.7,299.0,0.887769784172662,REAL_AWS
2016-02-14 14:00:00,MAITRI,-4.4,967.7,33.0,62.5,298.0,0.8992805755395683,REAL_AWS
2016-02-14 15:00:00,MAITRI,-5.1,967.3,35.0,62.6,298.0,0.9007194244604316,REAL_AWS
2016-02-14 16:00:00,MAITRI,-5.0,967.0,39.0,62.5,298.0,0.8992805755395683,REAL_AWS
2016-02-14 17:00:00,MAITRI,-4.9,967.3,42.0,63.9,298.0,0.9194244604316547,REAL_AWS
2016-02-14 18:00:00,MAITRI,-5.6,967.4,48.0,63.9,298.0,0.9194244604316547,REAL_AWS
2016-02-14 19:00:00,MAITRI,-6.7,967.5,45.0,63.3,298.0,0.9107913669064748,REAL_AWS
2016-02-14 20:00:00,MAITRI,-7.8,967.5,46.0,63.3,298.0,0.9107913669064748,REAL_AWS
2016-02-14 21:00:00,MAITRI,-6.7,967.4,47.0,63.3,301.0,0.9107913669064748,REAL_AWS
2016-02-14 22:00:00,MAITRI,-7.6,967.3,50.0,63.3,298.0,0.9107913669064748,REAL_AWS
2016-02-14 23:00:00,MAITRI,-7.3,966.8,45.0,61.9,298.0,0.8906474820143885,REAL_AWS
2016-02-15 00:00:00,MAITRI,-7.3,966.8,45.0,62.4,298.0,0.897841726618705,REAL_AWS
2016-02-15 01:00:00,MAITRI,-7.7,966.9,47.0,61.3,298.0,0.8820143884892085,REAL_AWS
2016-02-15 02:00:00,MAITRI,-8.6,966.7,43.0,62.6,301.0,0.9007194244604316,REAL_AWS
2016-02-15 03:00:00,MAITRI,-8.6,966.4,38.0,62.6,298.0,0.9007194244604316,REAL_AWS
2016-02-15 04:00:00,MAITRI,-8.6,966.5,40.0,62.6,298.0,0.9007194244604316,REAL_AWS
2016-02-15 05:00:00,MAITRI,-8.3,966.4,40.0,63.3,298.0,0.9107913669064748,REAL_AWS
2016-02-15 06:00:00,MAITRI,-7.6,966.6,41.0,63.3,298.0,0.9107913669064748,REAL_AWS
2016-02-15 07:00:00,MAITRI,-7.1,966.5,42.0,62.6,301.0,0.9007194244604316,REAL_AWS
2016-02-15 08:00:00,MAITRI,-5.6,966.6,41.0,56.7,291.0,0.8158273381294965,REAL_AWS
2016-02-15 09:00:00,MAITRI,-4.5,966.2,39.0,63.3,298.0,0.9107913669064748,REAL_AWS
2016-02-15 10:00:00,MAITRI,-3.8,965.9,41.0,62.6,298.0,0.9007194244604316,REAL_AWS
2016-02-15 11:00:00,MAITRI,-3.3,965.4,38.0,63.3,298.0,0.9107913669064748,REAL_AWS
2016-02-15 12:00:00,MAITRI,-2.6,965.2,37.0,62.6,298.0,0.9007194244604316,REAL_AWS
2016-02-15 13:00:00,MAITRI,-1.6,964.6,37.0,60.6,298.0,0.8719424460431655,REAL_AWS
2016-02-15 14:00:00,MAITRI,-2.6,964.5,38.0,62.6,298.0,0.9007194244604316,REAL_AWS
2016-02-15 15:00:00,MAITRI,-3.5,964.2,40.0,61.3,298.0,0.8820143884892085,REAL_AWS
2016-02-15 16:00:00,MAITRI,-3.8,963.6,43.0,62.6,298.0,0.9007194244604316,REAL_AWS
2016-02-15 17:00:00,MAITRI,-4.6,963.0,46.0,61.3,298.0,0.8820143884892085,REAL_AWS
2016-02-15 18:00:00,MAITRI,-4.8,962.5,45.0,61.3,298.0,0.8820143884892085,REAL_AWS
2016-02-15 19:00:00,MAITRI,-4.9,962.3,40.0,61.3,298.0,0.8820143884892085,REAL_AWS
2016-02-15 20:00:00,MAITRI,-5.8,961.9,37.0,62.1,298.0,0.8935251798561151,REAL_AWS
2016-02-15 21:00:00,MAITRI,-6.8,961.6,39.0,61.7,302.0,0.887769784172662,REAL_AWS
2016-02-15 22:00:00,MAITRI,-7.7,961.3,40.0,62.6,298.0,0.9007194244604316,REAL_AWS
2016-02-15 23:00:00,MAITRI,-7.6,961.0,41.0,63.2,298.0,0.9093525179856116,REAL_AWS
2016-02-16 00:00:00,MAITRI,-7.2,961.1,36.0,61.3,298.0,0.8820143884892085,REAL_AWS
2016-02-16 01:00:00,MAITRI,-7.9,960.8,41.0,61.3,298.0,0.8820143884892085,REAL_AWS
2016-02-16 02:00:00,MAITRI,-8.4,960.4,44.0,61.9,301.0,0.8906474820143885,REAL_AWS
2016-02-16 03:00:00,MAITRI,-8.7,960.1,44.0,61.9,298.0,0.8906474820143885,REAL_AWS
2016-02-16 04:00:00,MAITRI,-7.8,960.1,40.0,62.6,298.0,0.9007194244604316,REAL_AWS
2016-02-16 05:00:00,MAITRI,-8.3,960.2,41.0,63.9,298.0,0.9194244604316547,REAL_AWS
2016-02-16 06:00:00,MAITRI,-7.0,960.1,37.0,63.9,298.0,0.9194244604316547,REAL_AWS
2016-02-16 07:00:00,MAITRI,-6.0,960.1,41.0,63.0,301.0,0.9064748201438849,REAL_AWS
2016-02-16 08:00:00,MAITRI,-5.0,960.3,41.0,62.6,301.0,0.9007194244604316,REAL_AWS
2016-02-16 09:00:00,MAITRI,-3.7,960.4,38.0,43.6,289.0,0.6273381294964029,REAL_AWS
2016-02-16 10:00:00,MAITRI,-2.9,960.0,35.0,62.2,298.0,0.8949640287769784,REAL_AWS
2016-02-16 11:00:00,MAITRI,-2.0,959.7,32.0,62.6,298.0,0.9007194244604316,REAL_AWS
2016-02-16 12:00:00,MAITRI,-1.6,959.4,31.0,62.6,298.0,0.9007194244604316,REAL_AWS
2016-02-16 13:00:00,MAITRI,-1.5,959.4,34.0,63.2,298.0,0.9093525179856116,REAL_AWS
2016-02-16 14:00:00,MAITRI,-1.4,959.6,38.0,61.3,298.0,0.8820143884892085,REAL_AWS
2016-02-16 15:00:00,MAITRI,-3.0,959.6,37.0,61.9,298.0,0.8906474820143885,REAL_AWS
2016-02-16 16:00:00,MAITRI,-2.8,959.5,40.0,61.9,298.0,0.8906474820143885,REAL_AWS
2016-02-16 17:00:00,MAITRI,-4.2,960.1,46.0,61.5,299.0,0.8848920863309353,REAL_AWS
2016-02-16 18:00:00,MAITRI,-5.0,960.5,51.0,61.3,298.0,0.8820143884892085,REAL_AWS
2016-02-16 19:00:00,MAITRI,-5.4,960.6,54.0,61.3,298.0,0.8820143884892085,REAL_AWS
2016-02-16 20:00:00,MAITRI,-6.1,960.8,50.0,67.5,299.0,0.9712230215827338,REAL_AWS
2016-02-16 21:00:00,MAITRI,-6.5,960.9,43.0,42.0,307.0,0.60431654676259,REAL_AWS
2016-02-16 22:00:00,MAITRI,-6.9,960.7,42.0,61.9,298.0,0.8906474820143885,REAL_AWS
2016-02-16 23:00:00,MAITRI,-7.3,960.9,41.0,63.9,298.0,0.9194244604316547,REAL_AWS
2016-02-17 00:00:00,MAITRI,-7.8,962.2,44.0,63.3,298.0,0.9107913669064748,REAL_AWS
2016-02-17 01:00:00,MAITRI,-8.1,962.5,43.0,55.9,299.0,0.8043165467625899,REAL_AWS
2016-02-17 02:00:00,MAITRI,-8.5,962.3,42.0,29.4,271.0,0.4230215827338129,REAL_AWS
2016-02-17 03:00:00,MAITRI,-8.5,962.1,45.0,62.6,298.0,0.9007194244604316,REAL_AWS
2016-02-17 04:00:00,MAITRI,-8.1,961.9,39.0,61.1,299.0,0.879136690647482,REAL_AWS
2016-02-17 05:00:00,MAITRI,-7.1,961.4,37.0,62.6,298.0,0.9007194244604316,REAL_AWS
2016-02-17 06:00:00,MAITRI,-6.3,961.3,33.0,61.9,301.0,0.8906474820143885,REAL_AWS
2016-02-17 07:00:00,MAITRI,-6.1,961.3,40.0,62.6,298.0,0.9007194244604316,REAL_AWS
2016-02-17 08:00:00,MAITRI,-6.1,961.4,48.0,61.9,298.0,0.8906474820143885,REAL_AWS
2016-02-17 09:00:00,MAITRI,-5.5,960.8,40.0,62.2,298.0,0.8949640287769784,REAL_AWS
2016-02-17 10:00:00,MAITRI,-5.0,960.1,46.0,62.1,298.0,0.8935251798561151,REAL_AWS
2016-02-17 11:00:00,MAITRI,-4.5,959.1,49.0,63.3,298.0,0.9107913669064748,REAL_AWS
2016-02-17 12:00:00,MAITRI,-4.1,958.3,46.0,63.3,298.0,0.9107913669064748,REAL_AWS
2016-02-17 13:00:00,MAITRI,-4.6,956.7,51.0,63.0,299.0,0.9064748201438849,REAL_AWS
2016-02-17 14:00:00,MAITRI,-4.6,954.9,54.0,63.9,298.0,0.9194244604316547,REAL_AWS
2016-02-17 15:00:00,MAITRI,-3.6,952.5,50.0,62.6,298.0,0.9007194244604316,REAL_AWS
2016-02-17 16:00:00,MAITRI,-3.9,950.7,49.0,63.3,298.0,0.9107913669064748,REAL_AWS
2016-02-17 17:00:00,MAITRI,-4.0,949.7,51.0,63.9,298.0,0.9194244604316547,REAL_AWS
2016-02-17 18:00:00,MAITRI,-4.4,949.0,56.0,62.7,300.0,0.902158273381295,REAL_AWS
2016-02-17 19:00:00,MAITRI,-4.7,948.8,57.0,62.2,296.0,0.8949640287769784,REAL_AWS
2016-02-17 20:00:00,MAITRI,-5.0,947.9,59.0,57.5,298.0,0.8273381294964028,REAL_AWS
2016-02-17 21:00:00,MAITRI,-4.9,946.8,56.0,61.9,298.0,0.8906474820143885,REAL_AWS
2016-02-17 22:00:00,MAITRI,-5.3,945.4,59.0,61.3,298.0,0.8820143884892085,REAL_AWS
2016-02-17 23:00:00,MAITRI,-5.8,945.0,68.0,61.3,300.0,0.8820143884892085,REAL_AWS
2016-02-18 00:00:00,MAITRI,-5.1,944.8,61.0,61.9,299.0,0.8906474820143885,REAL_AWS
2016-02-18 01:00:00,MAITRI,-4.6,944.0,56.0,59.9,295.0,0.8618705035971223,REAL_AWS
2016-02-18 02:00:00,MAITRI,-4.1,943.5,55.0,63.3,298.0,0.9107913669064748,REAL_AWS
2016-02-18 03:00:00,MAITRI,-4.3,943.0,65.0,63.9,298.0,0.9194244604316547,REAL_AWS
2016-02-18 04:00:00,MAITRI,-4.2,942.7,61.0,62.6,300.0,0.9007194244604316,REAL_AWS
2016-02-18 05:00:00,MAITRI,-3.8,942.4,50.0,63.2,299.0,0.9093525179856116,REAL_AWS
2016-02-18 06:00:00,MAITRI,-3.6,942.4,50.0,62.6,299.0,0.9007194244604316,REAL_AWS
2016-02-18 07:00:00,MAITRI,-3.3,942.0,50.0,62.8,299.0,0.9035971223021583,REAL_AWS
2016-02-18 08:00:00,MAITRI,-2.6,941.8,47.0,56.3,304.0,0.8100719424460431,REAL_AWS
2016-02-18 09:00:00,MAITRI,-2.1,942.1,50.0,61.9,298.0,0.8906474820143885,REAL_AWS
2016-02-18 10:00:00,MAITRI,-1.7,942.4,51.0,62.6,298.0,0.9007194244604316,REAL_AWS
2016-02-18 11:00:00,MAITRI,-1.5,942.4,51.0,61.4,298.0,0.8834532374100719,REAL_AWS
2016-02-18 12:00:00,MAITRI,-1.3,942.2,51.0,61.3,298.0,0.8820143884892085,REAL_AWS
2016-02-18 13:00:00,MAITRI,-0.8,942.0,49.0,61.9,298.0,0.8906474820143885,REAL_AWS
2016-02-18 14:00:00,MAITRI,-0.1,941.8,42.0,61.3,298.0,0.8820143884892085,REAL_AWS
2016-02-18 15:00:00,MAITRI,-0.3,941.8,46.0,61.8,299.0,0.8892086330935252,REAL_AWS
2016-02-18 16:00:00,MAITRI,-0.3,941.7,45.0,61.3,300.0,0.8820143884892085,REAL_AWS
2016-02-18 17:00:00,MAITRI,-0.3,941.9,43.0,61.9,300.0,0.8906474820143885,REAL_AWS
2016-02-18 18:00:00,MAITRI,-1.4,942.2,55.0,60.6,297.0,0.8719424460431655,REAL_AWS
2016-02-18 19:00:00,MAITRI,-1.1,942.4,46.0,74.9,299.0,1.0,REAL_AWS
2016-02-18 20:00:00,MAITRI,-1.7,942.5,46.0,62.4,298.0,0.897841726618705,REAL_AWS
2016-02-18 21:00:00,MAITRI,-1.7,943.0,48.0,61.9,299.0,0.8906474820143885,REAL_AWS
2016-02-18 22:00:00,MAITRI,-1.7,943.3,45.0,59.8,295.0,0.8604316546762589,REAL_AWS
2016-02-18 23:00:00,MAITRI,-1.8,943.3,46.0,62.6,298.0,0.9007194244604316,REAL_AWS
2016-02-19 00:00:00,MAITRI,-1.5,943.4,44.0,62.6,298.0,0.9007194244604316,REAL_AWS
2016-02-19 01:00:00,MAITRI,-2.0,943.6,45.0,62.3,298.0,0.8964028776978417,REAL_AWS
2016-02-19 02:00:00,MAITRI,-1.7,943.9,44.0,63.3,298.0,0.9107913669064748,REAL_AWS
2016-02-19 03:00:00,MAITRI,-1.5,944.5,44.0,63.3,298.0,0.9107913669064748,REAL_AWS
2016-02-19 04:00:00,MAITRI,-1.4,944.6,46.0,63.9,298.0,0.9194244604316547,REAL_AWS
2016-02-19 05:00:00,MAITRI,-1.3,945.0,47.0,63.3,298.0,0.9107913669064748,REAL_AWS
2016-02-19 06:00:00,MAITRI,-0.7,945.7,48.0,63.3,298.0,0.9107913669064748,REAL_AWS
2016-02-19 07:00:00,MAITRI,0.5,946.3,44.0,63.2,299.0,0.9093525179856116,REAL_AWS
2016-02-19 08:00:00,MAITRI,0.6,946.8,47.0,63.2,299.0,0.9093525179856116,REAL_AWS
2016-02-19 09:00:00,MAITRI,1.3,947.5,46.0,61.5,296.0,0.8848920863309353,REAL_AWS
2016-02-19 10:00:00,MAITRI,1.6,947.8,47.0,66.9,299.0,0.9625899280575541,REAL_AWS
2016-02-19 11:00:00,MAITRI,1.6,948.3,49.0,63.2,300.0,0.9093525179856116,REAL_AWS
2016-02-19 12:00:00,MAITRI,1.2,949.3,55.0,62.6,300.0,0.9007194244604316,REAL_AWS
2016-02-19 13:00:00,MAITRI,1.5,950.2,53.0,61.6,301.0,0.8863309352517986,REAL_AWS
2016-02-19 14:00:00,MAITRI,1.4,951.3,53.0,63.3,298.0,0.9107913669064748,REAL_AWS
2016-02-19 15:00:00,MAITRI,1.4,951.9,53.0,62.6,298.0,0.9007194244604316,REAL_AWS
2016-02-19 16:00:00,MAITRI,1.1,953.1,55.0,63.3,298.0,0.9107913669064748,REAL_AWS
2016-02-19 17:00:00,MAITRI,1.2,953.8,51.0,62.6,298.0,0.9007194244604316,REAL_AWS
2016-02-19 18:00:00,MAITRI,1.1,954.3,48.0,61.9,298.0,0.8906474820143885,REAL_AWS
2016-02-19 19:00:00,MAITRI,1.0,954.6,45.0,61.3,298.0,0.8820143884892085,REAL_AWS
2016-02-19 20:00:00,MAITRI,1.1,954.8,44.0,61.9,298.0,0.8906474820143885,REAL_AWS
2016-02-19 21:00:00,MAITRI,0.9,955.6,47.0,61.9,298.0,0.8906474820143885,REAL_AWS
2016-02-19 22:00:00,MAITRI,0.9,955.7,47.0,62.8,299.0,0.9035971223021583,REAL_AWS
2016-02-19 23:00:00,MAITRI,1.1,956.4,47.0,61.3,299.0,0.8820143884892085,REAL_AWS
2016-02-20 00:00:00,MAITRI,0.7,957.1,51.0,61.7,300.0,0.887769784172662,REAL_AWS
2016-02-20 01:00:00,MAITRI,0.2,958.2,54.0,57.7,306.0,0.8302158273381295,REAL_AWS
2016-02-20 02:00:00,MAITRI,0.1,959.6,52.0,60.2,299.0,0.8661870503597122,REAL_AWS
2016-02-20 03:00:00,MAITRI,0.1,960.4,52.0,61.9,300.0,0.8906474820143885,REAL_AWS
2016-02-20 04:00:00,MAITRI,0.0,961.5,53.0,62.6,300.0,0.9007194244604316,REAL_AWS
2016-02-20 05:00:00,MAITRI,-0.1,962.6,52.0,56.1,302.0,0.8071942446043165,REAL_AWS
2016-02-20 06:00:00,MAITRI,-0.1,963.6,52.0,62.4,298.0,0.897841726618705,REAL_AWS
2016-02-20 07:00:00,MAITRI,0.0,964.5,50.0,62.6,298.0,0.9007194244604316,REAL_AWS
2016-02-20 08:00:00,MAITRI,0.2,965.2,51.0,62.6,298.0,0.9007194244604316,REAL_AWS
2016-02-20 09:00:00,MAITRI,0.3,965.8,53.0,63.4,298.0,0.9122302158273381,REAL_AWS
2016-02-20 10:00:00,MAITRI,0.6,966.4,50.0,63.1,298.0,0.9079136690647482,REAL_AWS
2016-02-20 11:00:00,MAITRI,1.2,967.0,51.0,63.9,298.0,0.9194244604316547,REAL_AWS
2016-02-20 12:00:00,MAITRI,1.1,967.5,54.0,63.3,298.0,0.9107913669064748,REAL_AWS
2016-02-20 13:00:00,MAITRI,1.5,967.6,54.0,63.9,298.0,0.9194244604316547,REAL_AWS
2016-02-20 14:00:00,MAITRI,2.0,967.8,51.0,63.1,298.0,0.9079136690647482,REAL_AWS
2016-02-20 15:00:00,MAITRI,1.9,968.1,53.0,63.3,298.0,0.9107913669064748,REAL_AWS
2016-02-20 16:00:00,MAITRI,1.5,968.2,57.0,63.3,298.0,0.9107913669064748,REAL_AWS
2016-02-20 17:00:00,MAITRI,1.4,968.5,53.0,61.9,298.0,0.8906474820143885,REAL_AWS
2016-02-20 18:00:00,MAITRI,1.1,968.5,44.0,60.4,299.0,0.8690647482014389,REAL_AWS
2016-02-20 19:00:00,MAITRI,0.0,968.6,45.0,62.5,301.0,0.8992805755395683,REAL_AWS
2016-02-20 20:00:00,MAITRI,-0.6,968.6,37.0,62.6,301.0,0.9007194244604316,REAL_AWS
2016-02-20 21:00:00,MAITRI,-0.8,968.8,36.0,45.4,293.0,0.6532374100719425,REAL_AWS
2016-02-20 22:00:00,MAITRI,-1.8,968.9,37.0,57.9,292.0,0.8330935251798561,REAL_AWS
2016-02-20 23:00:00,MAITRI,-2.1,968.9,37.0,63.3,298.0,0.9107913669064748,REAL_AWS
2016-02-21 00:00:00,MAITRI,-2.8,968.6,36.0,63.3,298.0,0.9107913669064748,REAL_AWS
2016-02-21 01:00:00,MAITRI,-2.9,968.3,37.0,63.3,298.0,0.9107913669064748,REAL_AWS
2016-02-21 02:00:00,MAITRI,-4.0,968.0,37.0,61.3,298.0,0.8820143884892085,REAL_AWS
2016-02-21 03:00:00,MAITRI,-4.1,967.7,38.0,61.9,298.0,0.8906474820143885,REAL_AWS
2016-02-21 04:00:00,MAITRI,-3.6,967.5,36.0,61.3,298.0,0.8820143884892085,REAL_AWS
2016-02-21 05:00:00,MAITRI,-3.6,967.4,35.0,61.9,298.0,0.8906474820143885,REAL_AWS
2016-02-21 06:00:00,MAITRI,-3.5,967.2,37.0,61.9,299.0,0.8906474820143885,REAL_AWS
2016-02-21 07:00:00,MAITRI,-3.1,967.3,39.0,62.6,301.0,0.9007194244604316,REAL_AWS
2016-02-21 08:00:00,MAITRI,-2.0,967.4,36.0,62.6,301.0,0.9007194244604316,REAL_AWS
2016-02-21 09:00:00,MAITRI,-1.7,967.1,41.0,43.4,287.0,0.6244604316546762,REAL_AWS
2016-02-21 10:00:00,MAITRI,-1.0,966.7,38.0,51.2,288.0,0.7366906474820144,REAL_AWS
2016-02-21 11:00:00,MAITRI,-1.0,966.5,36.0,61.9,298.0,0.8906474820143885,REAL_AWS
2016-02-21 12:00:00,MAITRI,-0.9,966.1,36.0,62.6,298.0,0.9007194244604316,REAL_AWS
2016-02-21 13:00:00,MAITRI,-0.1,966.3,38.0,61.9,298.0,0.8906474820143885,REAL_AWS
2016-02-21 14:00:00,MAITRI,-1.4,966.0,37.0,63.9,298.0,0.9194244604316547,REAL_AWS
2016-02-21 15:00:00,MAITRI,-1.9,966.0,40.0,63.3,298.0,0.9107913669064748,REAL_AWS
2016-02-21 16:00:00,MAITRI,-1.7,965.5,38.0,63.3,298.0,0.9107913669064748,REAL_AWS
2016-02-21 17:00:00,MAITRI,-2.6,965.2,45.0,63.3,299.0,0.9107913669064748,REAL_AWS
2016-02-21 18:00:00,MAITRI,-2.6,965.0,46.0,63.9,298.0,0.9194244604316547,REAL_AWS
2016-02-21 19:00:00,MAITRI,-3.5,964.5,50.0,63.6,298.0,0.9151079136690647,REAL_AWS
2016-02-21 20:00:00,MAITRI,-4.6,963.7,47.0,63.9,298.0,0.9194244604316547,REAL_AWS
2016-02-21 21:00:00,MAITRI,-4.7,962.7,38.0,63.3,301.0,0.9107913669064748,REAL_AWS
2016-02-21 22:00:00,MAITRI,-5.8,961.9,37.0,63.3,298.0,0.9107913669064748,REAL_AWS
2016-02-21 23:00:00,MAITRI,-5.9,961.1,36.0,61.9,298.0,0.8906474820143885,REAL_AWS
2016-02-22 00:00:00,MAITRI,-6.1,960.2,34.0,61.3,298.0,0.8820143884892085,REAL_AWS
2016-02-22 01:00:00,MAITRI,-7.1,959.5,37.0,63.2,298.0,0.9093525179856116,REAL_AWS
2016-02-22 02:00:00,MAITRI,-7.2,958.6,33.0,53.3,305.0,0.7669064748201438,REAL_AWS
2016-02-22 03:00:00,MAITRI,-6.8,958.2,31.0,62.6,298.0,0.9007194244604316,REAL_AWS
2016-02-22 04:00:00,MAITRI,-7.6,957.6,37.0,63.9,298.0,0.9194244604316547,REAL_AWS
2016-02-22 05:00:00,MAITRI,-7.5,957.5,37.0,63.3,298.0,0.9107913669064748,REAL_AWS
2016-02-22 06:00:00,MAITRI,-7.2,957.6,40.0,63.9,298.0,0.9194244604316547,REAL_AWS
2016-02-22 07:00:00,MAITRI,-6.7,957.4,43.0,17.2,310.0,0.24748201438848919,REAL_AWS
2016-02-22 08:00:00,MAITRI,-6.4,957.9,45.0,63.3,298.0,0.9107913669064748,REAL_AWS
2016-02-22 09:00:00,MAITRI,-5.7,958.7,44.0,61.9,298.0,0.8906474820143885,REAL_AWS
2016-02-22 10:00:00,MAITRI,-5.1,959.4,38.0,61.9,298.0,0.8906474820143885,REAL_AWS
2016-02-22 11:00:00,MAITRI,-5.0,960.3,41.0,61.9,298.0,0.8906474820143885,REAL_AWS
2016-02-22 12:00:00,MAITRI,-4.5,960.6,45.0,62.6,298.0,0.9007194244604316,REAL_AWS
2016-02-22 13:00:00,MAITRI,-3.5,961.3,46.0,61.3,298.0,0.8820143884892085,REAL_AWS
2016-02-22 14:00:00,MAITRI,-3.6,961.9,47.0,61.3,298.0,0.8820143884892085,REAL_AWS
2016-02-22 15:00:00,MAITRI,-3.3,962.7,44.0,61.3,298.0,0.8820143884892085,REAL_AWS
2016-02-22 16:00:00,MAITRI,-3.8,963.2,48.0,62.2,298.0,0.8949640287769784,REAL_AWS
2016-02-22 17:00:00,MAITRI,-3.8,963.9,48.0,61.3,298.0,0.8820143884892085,REAL_AWS
2016-02-22 18:00:00,MAITRI,-3.8,964.7,43.0,62.7,301.0,0.902158273381295,REAL_AWS
2016-02-22 19:00:00,MAITRI,-3.7,967.0,46.0,61.9,301.0,0.8906474820143885,REAL_AWS
2016-02-22 20:00:00,MAITRI,-6.1,968.6,49.0,61.9,298.0,0.8906474820143885,REAL_AWS
2016-02-22 21:00:00,MAITRI,-6.4,969.3,58.0,63.3,298.0,0.9107913669064748,REAL_AWS
2016-02-22 22:00:00,MAITRI,-6.3,970.5,60.0,62.6,298.0,0.9007194244604316,REAL_AWS
2016-02-22 23:00:00,MAITRI,-6.0,972.0,64.0,65.0,298.0,0.935251798561151,REAL_AWS
2016-02-23 00:00:00,MAITRI,-4.8,972.2,68.0,45.8,301.0,0.6589928057553956,REAL_AWS
2016-02-23 01:00:00,MAITRI,-4.1,973.3,67.0,62.6,298.0,0.9007194244604316,REAL_AWS
2016-02-23 02:00:00,MAITRI,-4.0,974.0,68.0,61.9,298.0,0.8906474820143885,REAL_AWS
2016-02-23 03:00:00,MAITRI,-3.9,975.3,69.0,61.3,298.0,0.8820143884892085,REAL_AWS
2016-02-23 04:00:00,MAITRI,-3.4,975.9,61.0,61.3,298.0,0.8820143884892085,REAL_AWS
2016-02-23 05:00:00,MAITRI,-3.0,976.5,56.0,60.9,298.0,0.8762589928057554,REAL_AWS
2016-02-23 06:00:00,MAITRI,-2.7,977.0,52.0,62.6,301.0,0.9007194244604316,REAL_AWS
2016-02-23 07:00:00,MAITRI,-2.2,977.5,51.0,62.6,301.0,0.9007194244604316,REAL_AWS
2016-02-23 08:00:00,MAITRI,-1.6,977.3,49.0,60.9,303.0,0.8762589928057554,REAL_AWS
2016-02-23 09:00:00,MAITRI,-1.6,977.5,53.0,61.9,298.0,0.8906474820143885,REAL_AWS
2016-02-23 10:00:00,MAITRI,-1.0,977.3,52.0,62.6,298.0,0.9007194244604316,REAL_AWS
2016-02-23 11:00:00,MAITRI,-0.5,977.4,47.0,61.5,299.0,0.8848920863309353,REAL_AWS
2016-02-23 12:00:00,MAITRI,-0.4,976.8,46.0,62.6,298.0,0.9007194244604316,REAL_AWS
2016-02-23 13:00:00,MAITRI,0.1,976.2,44.0,63.9,298.0,0.9194244604316547,REAL_AWS
2016-02-23 14:00:00,MAITRI,0.6,975.6,38.0,63.9,298.0,0.9194244604316547,REAL_AWS
2016-02-23 15:00:00,MAITRI,0.7,975.1,39.0,63.9,298.0,0.9194244604316547,REAL_AWS
2016-02-23 16:00:00,MAITRI,0.8,973.8,38.0,63.9,298.0,0.9194244604316547,REAL_AWS
2016-02-23 17:00:00,MAITRI,-0.1,973.3,42.0,63.9,298.0,0.9194244604316547,REAL_AWS
2016-02-23 18:00:00,MAITRI,0.7,972.8,39.0,63.9,298.0,0.9194244604316547,REAL_AWS
2016-02-23 19:00:00,MAITRI,1.0,972.4,42.0,63.3,298.0,0.9107913669064748,REAL_AWS
2016-02-23 20:00:00,MAITRI,0.3,972.0,47.0,63.7,298.0,0.9165467625899281,REAL_AWS
2016-02-23 21:00:00,MAITRI,0.1,971.1,46.0,58.3,300.0,0.8388489208633093,REAL_AWS
2016-02-23 22:00:00,MAITRI,0.2,970.5,43.0,62.6,301.0,0.9007194244604316,REAL_AWS
2016-02-23 23:00:00,MAITRI,0.1,969.7,41.0,63.3,301.0,0.9107913669064748,REAL_AWS
2016-02-24 00:00:00,MAITRI,0.3,968.4,38.0,48.7,309.0,0.7007194244604317,REAL_AWS
2016-02-24 01:00:00,MAITRI,0.4,967.4,36.0,63.3,298.0,0.9107913669064748,REAL_AWS
2016-02-24 02:00:00,MAITRI,0.2,966.7,37.0,63.3,298.0,0.9107913669064748,REAL_AWS
2016-02-24 03:00:00,MAITRI,0.0,965.9,38.0,62.6,298.0,0.9007194244604316,REAL_AWS
2016-02-24 04:00:00,MAITRI,0.0,965.0,39.0,63.3,298.0,0.9107913669064748,REAL_AWS
2016-02-24 05:00:00,MAITRI,-1.0,964.8,49.0,62.6,298.0,0.9007194244604316,REAL_AWS
2016-02-24 06:00:00,MAITRI,-0.7,964.3,45.0,62.0,298.0,0.8920863309352518,REAL_AWS
2016-02-24 07:00:00,MAITRI,-0.8,963.7,47.0,61.3,298.0,0.8820143884892085,REAL_AWS
2016-02-24 08:00:00,MAITRI,-0.2,963.0,43.0,61.9,298.0,0.8906474820143885,REAL_AWS
2016-02-24 09:00:00,MAITRI,-0.1,962.6,45.0,61.3,298.0,0.8820143884892085,REAL_AWS
2016-02-24 10:00:00,MAITRI,0.1,962.0,45.0,61.9,298.0,0.8906474820143885,REAL_AWS
2016-02-24 11:00:00,MAITRI,0.2,961.6,46.0,61.9,298.0,0.8906474820143885,REAL_AWS
2016-02-24 12:00:00,MAITRI,0.1,961.7,46.0,62.6,298.0,0.9007194244604316,REAL_AWS
2016-02-24 13:00:00,MAITRI,0.0,961.9,51.0,61.9,298.0,0.8906474820143885,REAL_AWS
2016-02-24 14:00:00,MAITRI,-0.4,962.0,57.0,61.6,301.0,0.8863309352517986,REAL_AWS
2016-02-24 15:00:00,MAITRI,-0.1,961.5,57.0,61.9,301.0,0.8906474820143885,REAL_AWS
2016-02-24 16:00:00,MAITRI,-0.2,961.3,57.0,52.3,307.0,0.7525179856115107,REAL_AWS
2016-02-24 17:00:00,MAITRI,-0.9,962.0,66.0,44.3,321.0,0.637410071942446,REAL_AWS
2016-02-24 18:00:00,MAITRI,-2.0,962.8,81.0,12.9,273.0,0.18561151079136692,REAL_AWS
2016-02-24 19:00:00,MAITRI,-1.4,963.2,71.0,62.6,298.0,0.9007194244604316,REAL_AWS
2016-02-24 20:00:00,MAITRI,-1.0,963.4,63.0,62.6,298.0,0.9007194244604316,REAL_AWS
2016-02-24 21:00:00,MAITRI,-1.3,963.5,61.0,62.6,298.0,0.9007194244604316,REAL_AWS
2016-02-24 22:00:00,MAITRI,-1.2,963.6,56.0,63.7,298.0,0.9165467625899281,REAL_AWS
2016-02-24 23:00:00,MAITRI,-1.5,963.6,57.0,62.6,298.0,0.9007194244604316,REAL_AWS
2016-02-25 00:00:00,MAITRI,-1.5,963.8,53.0,63.8,298.0,0.9179856115107913,REAL_AWS
2016-02-25 01:00:00,MAITRI,-1.4,963.9,51.0,63.3,298.0,0.9107913669064748,REAL_AWS
2016-02-25 02:00:00,MAITRI,-1.5,963.4,51.0,62.6,298.0,0.9007194244604316,REAL_AWS
2016-02-25 03:00:00,MAITRI,-1.4,962.9,50.0,63.3,298.0,0.9107913669064748,REAL_AWS
2016-02-25 04:00:00,MAITRI,-1.3,962.8,49.0,63.3,298.0,0.9107913669064748,REAL_AWS
2016-02-25 05:00:00,MAITRI,-1.4,963.2,51.0,63.3,298.0,0.9107913669064748,REAL_AWS
2016-02-25 06:00:00,MAITRI,-1.5,964.0,53.0,57.4,299.0,0.8258992805755395,REAL_AWS
2016-02-25 07:00:00,MAITRI,-1.2,964.8,52.0,63.4,301.0,0.9122302158273381,REAL_AWS
2016-02-25 08:00:00,MAITRI,-0.7,965.6,53.0,63.3,301.0,0.9107913669064748,REAL_AWS
2016-02-25 09:00:00,MAITRI,-0.7,966.2,54.0,63.2,301.0,0.9093525179856116,REAL_AWS
2016-02-25 10:00:00,MAITRI,-0.8,966.9,61.0,40.9,289.0,0.5884892086330935,REAL_AWS
2016-02-25 11:00:00,MAITRI,-2.0,968.6,79.0,62.6,298.0,0.9007194244604316,REAL_AWS
2016-02-25 12:00:00,MAITRI,-1.8,969.1,79.0,62.6,298.0,0.9007194244604316,REAL_AWS
2016-02-25 13:00:00,MAITRI,-2.0,970.4,82.0,63.3,298.0,0.9107913669064748,REAL_AWS
2016-02-25 14:00:00,MAITRI,-2.4,971.5,86.0,61.9,298.0,0.8906474820143885,REAL_AWS
2016-02-25 15:00:00,MAITRI,-2.5,972.5,79.0,61.9,298.0,0.8906474820143885,REAL_AWS
2016-02-25 16:00:00,MAITRI,-2.5,973.8,76.0,61.3,298.0,0.8820143884892085,REAL_AWS
2016-02-25 17:00:00,MAITRI,-2.4,974.8,74.0,61.3,298.0,0.8820143884892085,REAL_AWS
2016-02-25 18:00:00,MAITRI,-2.6,975.9,73.0,61.3,298.0,0.8820143884892085,REAL_AWS
2016-02-25 19:00:00,MAITRI,-2.6,976.7,70.0,61.3,298.0,0.8820143884892085,REAL_AWS
2016-02-25 20:00:00,MAITRI,-2.8,977.7,71.0,61.3,298.0,0.8820143884892085,REAL_AWS
2016-02-25 21:00:00,MAITRI,-3.1,978.4,71.0,60.1,298.0,0.8647482014388489,REAL_AWS
2016-02-25 22:00:00,MAITRI,-3.1,979.0,67.0,61.4,300.0,0.8834532374100719,REAL_AWS
2016-02-25 23:00:00,MAITRI,-2.6,979.6,59.0,61.9,301.0,0.8906474820143885,REAL_AWS
2016-02-26 00:00:00,MAITRI,-3.1,980.1,64.0,40.9,306.0,0.5884892086330935,REAL_AWS
2016-02-26 01:00:00,MAITRI,-3.0,980.5,61.0,39.4,286.0,0.5669064748201439,REAL_AWS
2016-02-26 02:00:00,MAITRI,-3.9,980.5,75.0,62.6,298.0,0.9007194244604316,REAL_AWS
2016-02-26 03:00:00,MAITRI,-3.1,980.6,60.0,62.4,298.0,0.897841726618705,REAL_AWS
2016-02-26 04:00:00,MAITRI,-3.1,980.8,59.0,63.2,298.0,0.9093525179856116,REAL_AWS
2016-02-26 05:00:00,MAITRI,-2.7,980.9,58.0,63.9,298.0,0.9194244604316547,REAL_AWS
2016-02-26 06:00:00,MAITRI,-3.2,980.8,57.0,63.9,298.0,0.9194244604316547,REAL_AWS
2016-02-26 07:00:00,MAITRI,-3.1,980.3,43.0,63.9,298.0,0.9194244604316547,REAL_AWS
2016-02-26 08:00:00,MAITRI,-3.8,980.1,53.0,63.9,298.0,0.9194244604316547,REAL_AWS
2016-02-26 09:00:00,MAITRI,-3.7,980.1,49.0,63.9,298.0,0.9194244604316547,REAL_AWS
2016-02-26 10:00:00,MAITRI,-3.8,980.0,47.0,63.9,298.0,0.9194244604316547,REAL_AWS
2016-02-26 11:00:00,MAITRI,-3.6,979.8,53.0,63.9,298.0,0.9194244604316547,REAL_AWS
2016-02-26 12:00:00,MAITRI,-2.4,979.5,40.0,61.9,299.0,0.8906474820143885,REAL_AWS
2016-02-26 13:00:00,MAITRI,-2.5,979.3,48.0,61.9,301.0,0.8906474820143885,REAL_AWS
2016-02-26 14:00:00,MAITRI,-2.1,978.9,42.0,61.9,301.0,0.8906474820143885,REAL_AWS
2016-02-26 15:00:00,MAITRI,-2.0,978.6,45.0,58.0,308.0,0.8345323741007195,REAL_AWS
2016-02-26 16:00:00,MAITRI,-2.0,978.2,46.0,61.9,298.0,0.8906474820143885,REAL_AWS
2016-02-26 17:00:00,MAITRI,-2.4,977.8,47.0,62.6,298.0,0.9007194244604316,REAL_AWS
2016-02-26 18:00:00,MAITRI,-2.6,977.4,44.0,61.9,298.0,0.8906474820143885,REAL_AWS
2016-02-26 19:00:00,MAITRI,-2.9,977.1,51.0,63.0,298.0,0.9064748201438849,REAL_AWS
2016-02-26 20:00:00,MAITRI,-3.2,976.9,53.0,63.3,298.0,0.9107913669064748,REAL_AWS
2016-02-26 21:00:00,MAITRI,-4.1,976.6,47.0,63.9,298.0,0.9194244604316547,REAL_AWS
2016-02-26 22:00:00,MAITRI,-4.0,976.4,43.0,63.9,298.0,0.9194244604316547,REAL_AWS
2016-02-26 23:00:00,MAITRI,-4.3,976.2,42.0,62.6,301.0,0.9007194244604316,REAL_AWS
2016-02-27 00:00:00,MAITRI,-4.9,976.0,41.0,62.6,298.0,0.9007194244604316,REAL_AWS
2016-02-27 01:00:00,MAITRI,-5.2,975.9,40.0,61.3,298.0,0.8820143884892085,REAL_AWS
2016-02-27 02:00:00,MAITRI,-5.2,975.5,39.0,61.3,298.0,0.8820143884892085,REAL_AWS
2016-02-27 03:00:00,MAITRI,-5.2,975.2,41.0,61.3,298.0,0.8820143884892085,REAL_AWS
2016-02-27 04:00:00,MAITRI,-5.4,975.2,41.0,62.6,301.0,0.9007194244604316,REAL_AWS
2016-02-27 05:00:00,MAITRI,-5.2,974.8,44.0,61.9,298.0,0.8906474820143885,REAL_AWS
2016-02-27 06:00:00,MAITRI,-4.9,974.7,48.0,63.3,298.0,0.9107913669064748,REAL_AWS
2016-02-27 07:00:00,MAITRI,-4.4,974.4,46.0,63.9,298.0,0.9194244604316547,REAL_AWS
2016-02-27 08:00:00,MAITRI,-3.8,974.0,45.0,63.9,298.0,0.9194244604316547,REAL_AWS
2016-02-27 09:00:00,MAITRI,-3.6,973.9,45.0,63.3,298.0,0.9107913669064748,REAL_AWS
2016-02-27 10:00:00,MAITRI,-3.3,973.2,43.0,62.2,300.0,0.8949640287769784,REAL_AWS
2016-02-27 11:00:00,MAITRI,-2.1,972.5,42.0,63.3,301.0,0.9107913669064748,REAL_AWS
2016-02-27 12:00:00,MAITRI,-1.1,971.6,32.0,56.2,302.0,0.8086330935251799,REAL_AWS
2016-02-27 13:00:00,MAITRI,-0.8,970.8,41.0,40.7,284.0,0.585611510791367,REAL_AWS
2016-02-27 14:00:00,MAITRI,-1.0,970.1,40.0,63.0,298.0,0.9064748201438849,REAL_AWS
2016-02-27 15:00:00,MAITRI,-1.2,968.8,41.0,62.6,298.0,0.9007194244604316,REAL_AWS
2016-02-27 16:00:00,MAITRI,-1.7,968.2,42.0,62.6,298.0,0.9007194244604316,REAL_AWS
2016-02-27 17:00:00,MAITRI,-1.1,967.8,41.0,62.5,298.0,0.8992805755395683,REAL_AWS
2016-02-27 18:00:00,MAITRI,-1.4,967.0,41.0,61.4,298.0,0.8834532374100719,REAL_AWS
2016-02-27 19:00:00,MAITRI,-1.7,966.6,39.0,61.3,298.0,0.8820143884892085,REAL_AWS
2016-02-27 20:00:00,MAITRI,-2.1,966.1,39.0,60.9,298.0,0.8762589928057554,REAL_AWS
2016-02-27 21:00:00,MAITRI,-2.2,965.7,48.0,61.3,298.0,0.8820143884892085,REAL_AWS
2016-02-27 22:00:00,MAITRI,-2.5,964.5,54.0,61.9,298.0,0.8906474820143885,REAL_AWS
2016-02-27 23:00:00,MAITRI,-2.8,964.1,63.0,61.9,298.0,0.8906474820143885,REAL_AWS
2016-02-28 00:00:00,MAITRI,-2.1,963.0,53.0,61.9,298.0,0.8906474820143885,REAL_AWS
2016-02-28 01:00:00,MAITRI,-1.9,962.5,54.0,62.0,298.0,0.8920863309352518,REAL_AWS
2016-02-28 02:00:00,MAITRI,-2.1,962.1,52.0,62.5,299.0,0.8992805755395683,REAL_AWS
2016-02-28 03:00:00,MAITRI,-2.2,961.8,50.0,61.9,301.0,0.8906474820143885,REAL_AWS
2016-02-28 04:00:00,MAITRI,-2.4,961.6,54.0,62.6,301.0,0.9007194244604316,REAL_AWS
2016-02-28 05:00:00,MAITRI,-2.5,961.5,56.0,59.5,300.0,0.8561151079136691,REAL_AWS
2016-02-28 06:00:00,MAITRI,-2.6,961.5,57.0,61.9,298.0,0.8906474820143885,REAL_AWS
2016-02-28 07:00:00,MAITRI,-2.6,961.9,60.0,62.6,298.0,0.9007194244604316,REAL_AWS
2016-02-28 08:00:00,MAITRI,-2.3,962.1,54.0,62.2,298.0,0.8949640287769784,REAL_AWS
2016-02-28 09:00:00,MAITRI,-2.1,962.2,52.0,62.6,298.0,0.9007194244604316,REAL_AWS
2016-02-28 10:00:00,MAITRI,-2.0,962.1,53.0,63.3,299.0,0.9107913669064748,REAL_AWS
2016-02-28 11:00:00,MAITRI,-2.1,962.0,55.0,63.3,298.0,0.9107913669064748,REAL_AWS
2016-02-28 12:00:00,MAITRI,-1.8,962.2,52.0,63.3,298.0,0.9107913669064748,REAL_AWS
2016-02-28 13:00:00,MAITRI,-1.5,962.8,50.0,63.9,298.0,0.9194244604316547,REAL_AWS
2016-02-28 14:00:00,MAITRI,-1.5,963.4,51.0,63.9,298.0,0.9194244604316547,REAL_AWS
2016-02-28 15:00:00,MAITRI,-2.0,963.5,56.0,63.9,298.0,0.9194244604316547,REAL_AWS
2016-02-28 16:00:00,MAITRI,-1.8,963.6,54.0,63.3,298.0,0.9107913669064748,REAL_AWS
2016-02-28 17:00:00,MAITRI,-1.6,963.3,53.0,69.5,299.0,1.0,REAL_AWS
2016-02-28 18:00:00,MAITRI,-1.5,963.4,50.0,65.1,300.0,0.9366906474820144,REAL_AWS
2016-02-28 19:00:00,MAITRI,-1.8,963.8,52.0,63.3,301.0,0.9107913669064748,REAL_AWS
2016-02-28 20:00:00,MAITRI,-1.8,963.6,52.0,63.3,301.0,0.9107913669064748,REAL_AWS
2016-02-28 21:00:00,MAITRI,-1.6,963.9,52.0,29.2,298.0,0.4201438848920863,REAL_AWS
2016-02-28 22:00:00,MAITRI,-1.5,963.7,50.0,63.3,298.0,0.9107913669064748,REAL_AWS
2016-02-28 23:00:00,MAITRI,-1.4,963.4,50.0,63.3,298.0,0.9107913669064748,REAL_AWS
2016-02-29 00:00:00,MAITRI,-1.5,963.2,51.0,62.6,298.0,0.9007194244604316,REAL_AWS
2016-02-29 01:00:00,MAITRI,-1.4,963.5,50.0,62.6,298.0,0.9007194244604316,REAL_AWS
2016-02-29 02:00:00,MAITRI,-1.6,963.6,52.0,61.3,298.0,0.8820143884892085,REAL_AWS
2016-02-29 03:00:00,MAITRI,-1.8,964.0,55.0,61.9,298.0,0.8906474820143885,REAL_AWS
2016-02-29 04:00:00,MAITRI,-1.4,963.4,50.0,61.9,298.0,0.8906474820143885,REAL_AWS
2016-02-29 05:00:00,MAITRI,-1.5,963.3,52.0,61.9,298.0,0.8906474820143885,REAL_AWS
2016-02-29 06:00:00,MAITRI,-1.3,963.4,49.0,61.3,298.0,0.8820143884892085,REAL_AWS
2016-02-29 07:00:00,MAITRI,-1.1,964.0,50.0,61.3,298.0,0.8820143884892085,REAL_AWS
2016-02-29 08:00:00,MAITRI,-1.1,964.6,53.0,61.3,298.0,0.8820143884892085,REAL_AWS
2016-02-29 09:00:00,MAITRI,-0.8,964.6,50.0,58.9,298.0,0.8474820143884891,REAL_AWS
2016-02-29 10:00:00,MAITRI,-0.3,964.1,47.0,63.2,300.0,0.9093525179856116,REAL_AWS
2016-02-29 11:00:00,MAITRI,0.4,963.8,43.0,61.9,301.0,0.8906474820143885,REAL_AWS
2016-02-29 12:00:00,MAITRI,0.4,964.0,43.0,60.8,300.0,0.874820143884892,REAL_AWS
2016-02-29 13:00:00,MAITRI,0.7,963.8,46.0,24.7,290.0,0.3553956834532374,REAL_AWS
2016-02-29 14:00:00,MAITRI,1.0,963.8,48.0,63.1,298.0,0.9079136690647482,REAL_AWS
2016-02-29 15:00:00,MAITRI,0.3,963.5,51.0,62.6,298.0,0.9007194244604316,REAL_AWS
2016-02-29 16:00:00,MAITRI,0.0,963.7,50.0,62.6,299.0,0.9007194244604316,REAL_AWS
2016-02-29 17:00:00,MAITRI,-0.4,963.9,53.0,54.0,303.0,0.7769784172661871,REAL_AWS
2016-02-29 18:00:00,MAITRI,-0.1,963.8,44.0,63.3,298.0,0.9107913669064748,REAL_AWS
2016-02-29 19:00:00,MAITRI,-0.4,964.4,49.0,63.9,298.0,0.9194244604316547,REAL_AWS
2016-02-29 20:00:00,MAITRI,-0.5,964.0,46.0,63.9,298.0,0.9194244604316547,REAL_AWS
2016-02-29 21:00:00,MAITRI,-0.8,964.0,51.0,63.9,298.0,0.9194244604316547,REAL_AWS
2016-02-29 22:00:00,MAITRI,-0.7,963.9,49.0,63.9,298.0,0.9194244604316547,REAL_AWS
2016-02-29 23:00:00,MAITRI,-0.5,963.9,47.0,63.9,298.0,0.9194244604316547,REAL_AWS
2016-03-01 00:00:00,MAITRI,-0.5,963.7,47.0,63.9,298.0,0.9194244604316547,REAL_AWS
2016-03-01 01:00:00,MAITRI,-0.6,963.7,51.0,60.4,299.0,0.8690647482014389,REAL_AWS
2016-03-01 02:00:00,MAITRI,-0.4,963.9,49.0,63.0,300.0,0.9064748201438849,REAL_AWS
2016-03-01 03:00:00,MAITRI,-0.4,963.9,46.0,63.2,300.0,0.9093525179856116,REAL_AWS
2016-03-01 04:00:00,MAITRI,-0.8,964.4,50.0,62.3,299.0,0.8964028776978417,REAL_AWS
2016-03-01 05:00:00,MAITRI,-0.7,964.6,47.0,62.5,293.0,0.8992805755395683,REAL_AWS
2016-03-01 06:00:00,MAITRI,-0.4,964.9,44.0,62.4,299.0,0.897841726618705,REAL_AWS
2016-03-01 07:00:00,MAITRI,-0.3,965.0,44.0,63.2,299.0,0.9093525179856116,REAL_AWS
2016-03-01 08:00:00,MAITRI,0.0,965.3,44.0,54.9,304.0,0.7899280575539568,REAL_AWS
2016-03-01 09:00:00,MAITRI,0.0,965.3,45.0,61.6,295.0,0.8863309352517986,REAL_AWS
2016-03-01 10:00:00,MAITRI,0.6,965.4,45.0,61.9,298.0,0.8906474820143885,REAL_AWS
2016-03-01 11:00:00,MAITRI,0.8,965.0,45.0,62.6,298.0,0.9007194244604316,REAL_AWS
2016-03-01 12:00:00,MAITRI,1.2,965.2,46.0,62.6,298.0,0.9007194244604316,REAL_AWS
2016-03-01 13:00:00,MAITRI,1.3,965.5,46.0,61.9,298.0,0.8906474820143885,REAL_AWS
2016-03-01 14:00:00,MAITRI,1.5,965.5,48.0,61.3,298.0,0.8820143884892085,REAL_AWS
2016-03-01 15:00:00,MAITRI,0.9,965.7,50.0,63.3,298.0,0.9107913669064748,REAL_AWS
2016-03-01 16:00:00,MAITRI,0.4,965.9,47.0,63.3,298.0,0.9107913669064748,REAL_AWS
2016-03-01 17:00:00,MAITRI,-0.3,965.7,52.0,61.8,299.0,0.8892086330935252,REAL_AWS
2016-03-01 18:00:00,MAITRI,-0.8,966.1,55.0,63.2,300.0,0.9093525179856116,REAL_AWS
2016-03-01 19:00:00,MAITRI,-0.8,965.8,45.0,61.8,300.0,0.8892086330935252,REAL_AWS
2016-03-01 20:00:00,MAITRI,-1.3,965.7,48.0,57.7,302.0,0.8302158273381295,REAL_AWS
2016-03-01 21:00:00,MAITRI,-2.4,965.2,59.0,63.7,299.0,0.9165467625899281,REAL_AWS
2016-03-01 22:00:00,MAITRI,-2.2,964.6,52.0,63.2,299.0,0.9093525179856116,REAL_AWS
2016-03-01 23:00:00,MAITRI,-2.6,964.1,53.0,63.2,299.0,0.9093525179856116,REAL_AWS
2016-03-02 00:00:00,MAITRI,-3.1,963.5,54.0,59.5,301.0,0.8561151079136691,REAL_AWS
2016-03-02 01:00:00,MAITRI,-2.4,963.3,46.0,61.9,298.0,0.8906474820143885,REAL_AWS
2016-03-02 02:00:00,MAITRI,-2.4,963.1,47.0,61.9,298.0,0.8906474820143885,REAL_AWS
2016-03-02 03:00:00,MAITRI,-1.8,962.8,50.0,61.9,298.0,0.8906474820143885,REAL_AWS
2016-03-02 04:00:00,MAITRI,-2.1,962.6,53.0,62.5,298.0,0.8992805755395683,REAL_AWS
2016-03-02 05:00:00,MAITRI,-2.3,962.2,52.0,61.9,298.0,0.8906474820143885,REAL_AWS
2016-03-02 06:00:00,MAITRI,-2.4,961.7,51.0,62.6,298.0,0.9007194244604316,REAL_AWS
2016-03-02 07:00:00,MAITRI,-2.5,961.5,48.0,61.9,298.0,0.8906474820143885,REAL_AWS
2016-03-02 08:00:00,MAITRI,-2.4,960.8,46.0,61.6,298.0,0.8863309352517986,REAL_AWS
2016-03-02 09:00:00,MAITRI,-3.0,960.3,50.0,62.4,299.0,0.897841726618705,REAL_AWS
2016-03-02 10:00:00,MAITRI,-1.9,959.8,49.0,61.9,299.0,0.8906474820143885,REAL_AWS
2016-03-02 11:00:00,MAITRI,-1.7,959.0,36.0,61.9,299.0,0.8906474820143885,REAL_AWS
2016-03-02 12:00:00,MAITRI,-1.4,958.6,45.0,61.7,300.0,0.887769784172662,REAL_AWS
2016-03-02 13:00:00,MAITRI,-1.2,958.1,46.0,51.9,297.0,0.7467625899280576,REAL_AWS
2016-03-02 14:00:00,MAITRI,-1.4,957.5,44.0,62.1,297.0,0.8935251798561151,REAL_AWS
2016-03-02 15:00:00,MAITRI,-1.5,956.8,46.0,61.9,300.0,0.8906474820143885,REAL_AWS
2016-03-02 16:00:00,MAITRI,-1.6,956.1,50.0,59.1,303.0,0.8503597122302159,REAL_AWS
2016-03-02 17:00:00,MAITRI,-2.4,955.7,55.0,36.7,294.0,0.5280575539568346,REAL_AWS
2016-03-02 18:00:00,MAITRI,-5.3,955.2,55.0,62.6,298.0,0.9007194244604316,REAL_AWS
2016-03-02 19:00:00,MAITRI,-5.5,955.0,55.0,63.5,298.0,0.9136690647482014,REAL_AWS
2016-03-02 20:00:00,MAITRI,-5.8,954.7,54.0,63.9,298.0,0.9194244604316547,REAL_AWS
2016-03-02 21:00:00,MAITRI,-6.1,954.7,53.0,50.2,297.0,0.7223021582733813,REAL_AWS
2016-03-02 22:00:00,MAITRI,-6.2,954.4,49.0,62.6,300.0,0.9007194244604316,REAL_AWS
2016-03-02 23:00:00,MAITRI,-7.0,954.2,47.0,62.6,298.0,0.9007194244604316,REAL_AWS
2016-03-03 00:00:00,MAITRI,-6.4,954.5,52.0,62.9,298.0,0.9050359712230216,REAL_AWS
2016-03-03 01:00:00,MAITRI,-8.1,954.6,52.0,58.5,298.0,0.841726618705036,REAL_AWS
2016-03-03 02:00:00,MAITRI,-8.3,954.9,62.0,61.9,298.0,0.8906474820143885,REAL_AWS
2016-03-03 03:00:00,MAITRI,-8.6,954.8,66.0,62.6,300.0,0.9007194244604316,REAL_AWS
2016-03-03 04:00:00,MAITRI,-8.0,954.5,55.0,62.6,298.0,0.9007194244604316,REAL_AWS
2016-03-03 05:00:00,MAITRI,-8.0,954.3,47.0,62.6,298.0,0.9007194244604316,REAL_AWS
2016-03-03 06:00:00,MAITRI,-7.5,954.9,53.0,62.6,298.0,0.9007194244604316,REAL_AWS
2016-03-03 07:00:00,MAITRI,-8.0,955.3,52.0,57.9,292.0,0.8330935251798561,REAL_AWS
2016-03-03 08:00:00,MAITRI,-7.6,955.7,51.0,62.6,300.0,0.9007194244604316,REAL_AWS
2016-03-03 09:00:00,MAITRI,-5.4,956.0,47.0,56.9,293.0,0.818705035971223,REAL_AWS
2016-03-03 10:00:00,MAITRI,-3.4,956.3,44.0,29.7,276.0,0.4273381294964029,REAL_AWS
2016-03-03 11:00:00,MAITRI,-3.2,956.7,47.0,62.6,298.0,0.9007194244604316,REAL_AWS
2016-03-03 12:00:00,MAITRI,-4.2,957.3,54.0,62.6,298.0,0.9007194244604316,REAL_AWS
2016-03-03 13:00:00,MAITRI,-2.6,957.6,34.0,62.6,298.0,0.9007194244604316,REAL_AWS
2016-03-03 14:00:00,MAITRI,-2.3,958.1,30.0,62.7,298.0,0.902158273381295,REAL_AWS
2016-03-03 15:00:00,MAITRI,-3.0,958.4,35.0,61.3,298.0,0.8820143884892085,REAL_AWS
2016-03-03 16:00:00,MAITRI,-3.6,958.6,38.0,61.9,298.0,0.8906474820143885,REAL_AWS
2016-03-03 17:00:00,MAITRI,-4.0,959.0,34.0,61.7,298.0,0.887769784172662,REAL_AWS
2016-03-03 18:00:00,MAITRI,-5.7,959.6,46.0,62.6,298.0,0.9007194244604316,REAL_AWS
2016-03-03 19:00:00,MAITRI,-6.7,960.1,49.0,61.3,298.0,0.8820143884892085,REAL_AWS
2016-03-03 20:00:00,MAITRI,-7.6,960.3,49.0,62.6,301.0,0.9007194244604316,REAL_AWS
2016-03-03 21:00:00,MAITRI,-8.1,960.3,47.0,61.9,298.0,0.8906474820143885,REAL_AWS
2016-03-03 22:00:00,MAITRI,-8.7,960.4,47.0,63.2,298.0,0.9093525179856116,REAL_AWS
2016-03-03 23:00:00,MAITRI,-9.1,960.5,47.0,63.2,298.0,0.9093525179856116,REAL_AWS
2016-03-04 00:00:00,MAITRI,-9.2,960.8,47.0,63.2,298.0,0.9093525179856116,REAL_AWS
2016-03-04 01:00:00,MAITRI,-9.3,961.3,47.0,63.2,301.0,0.9093525179856116,REAL_AWS
2016-03-04 02:00:00,MAITRI,-9.7,961.6,50.0,63.2,298.0,0.9093525179856116,REAL_AWS
2016-03-04 03:00:00,MAITRI,-8.7,961.8,43.0,61.8,298.0,0.8892086330935252,REAL_AWS
2016-03-04 04:00:00,MAITRI,-8.8,961.9,43.0,61.9,298.0,0.8906474820143885,REAL_AWS
2016-03-04 05:00:00,MAITRI,-8.3,962.8,48.0,61.8,298.0,0.8892086330935252,REAL_AWS
2016-03-04 06:00:00,MAITRI,-10.0,963.6,56.0,50.8,299.0,0.7309352517985611,REAL_AWS
2016-03-04 07:00:00,MAITRI,-7.4,963.9,36.0,61.9,298.0,0.8906474820143885,REAL_AWS
2016-03-04 08:00:00,MAITRI,-6.6,964.5,35.0,63.9,298.0,0.9194244604316547,REAL_AWS
2016-03-04 09:00:00,MAITRI,-5.8,964.7,27.0,63.9,298.0,0.9194244604316547,REAL_AWS
2016-03-04 10:00:00,MAITRI,-5.4,964.7,31.0,63.3,298.0,0.9107913669064748,REAL_AWS
2016-03-04 11:00:00,MAITRI,-4.7,965.0,32.0,62.6,298.0,0.9007194244604316,REAL_AWS
2016-03-04 12:00:00,MAITRI,-4.1,965.3,32.0,63.3,298.0,0.9107913669064748,REAL_AWS
2016-03-04 13:00:00,MAITRI,-4.3,965.4,32.0,63.9,298.0,0.9194244604316547,REAL_AWS
2016-03-04 14:00:00,MAITRI,-3.2,964.9,31.0,64.7,298.0,0.9309352517985612,REAL_AWS
2016-03-04 15:00:00,MAITRI,-3.9,965.0,41.0,62.1,300.0,0.8935251798561151,REAL_AWS
2016-03-04 16:00:00,MAITRI,-5.4,965.4,48.0,62.7,300.0,0.902158273381295,REAL_AWS
2016-03-04 17:00:00,MAITRI,-5.3,965.4,37.0,63.3,301.0,0.9107913669064748,REAL_AWS
2016-03-04 18:00:00,MAITRI,-6.9,965.7,50.0,27.7,282.0,0.3985611510791367,REAL_AWS
2016-03-04 19:00:00,MAITRI,-7.1,965.9,38.0,63.3,298.0,0.9107913669064748,REAL_AWS
2016-03-04 20:00:00,MAITRI,-6.8,966.5,38.0,62.3,298.0,0.8964028776978417,REAL_AWS
2016-03-04 21:00:00,MAITRI,-6.7,966.4,35.0,62.6,298.0,0.9007194244604316,REAL_AWS
2016-03-04 22:00:00,MAITRI,-7.0,967.0,35.0,61.9,301.0,0.8906474820143885,REAL_AWS
2016-03-04 23:00:00,MAITRI,-6.9,967.2,31.0,61.9,298.0,0.8906474820143885,REAL_AWS
2016-03-05 00:00:00,MAITRI,-7.1,967.4,32.0,62.6,298.0,0.9007194244604316,REAL_AWS
2016-03-05 01:00:00,MAITRI,-7.5,967.3,32.0,63.9,298.0,0.9194244604316547,REAL_AWS
2016-03-05 02:00:00,MAITRI,-7.7,967.3,33.0,63.3,298.0,0.9107913669064748,REAL_AWS
2016-03-05 03:00:00,MAITRI,-7.8,967.5,30.0,62.6,301.0,0.9007194244604316,REAL_AWS
2016-03-05 04:00:00,MAITRI,-8.2,967.5,31.0,62.8,298.0,0.9035971223021583,REAL_AWS
2016-03-05 05:00:00,MAITRI,-8.2,967.6,29.0,61.9,298.0,0.8906474820143885,REAL_AWS
2016-03-05 06:00:00,MAITRI,-7.8,967.7,28.0,61.3,298.0,0.8820143884892085,REAL_AWS
2016-03-05 07:00:00,MAITRI,-8.5,967.6,41.0,63.4,298.0,0.9122302158273381,REAL_AWS
2016-03-05 08:00:00,MAITRI,-5.8,967.8,27.0,62.6,301.0,0.9007194244604316,REAL_AWS
2016-03-05 09:00:00,MAITRI,-6.6,967.9,35.0,29.9,283.0,0.43021582733812946,REAL_AWS
2016-03-05 10:00:00,MAITRI,-5.4,968.0,32.0,62.6,298.0,0.9007194244604316,REAL_AWS
2016-03-05 11:00:00,MAITRI,-5.7,967.7,36.0,61.9,298.0,0.8906474820143885,REAL_AWS
2016-03-05 12:00:00,MAITRI,-4.4,968.1,31.0,62.6,298.0,0.9007194244604316,REAL_AWS
2016-03-05 13:00:00,MAITRI,-4.7,967.7,31.0,63.2,298.0,0.9093525179856116,REAL_AWS
2016-03-05 14:00:00,MAITRI,-4.6,967.3,25.0,62.6,298.0,0.9007194244604316,REAL_AWS
2016-03-05 15:00:00,MAITRI,-6.0,967.0,41.0,62.6,298.0,0.9007194244604316,REAL_AWS
2016-03-05 16:00:00,MAITRI,-6.2,966.8,36.0,63.3,298.0,0.9107913669064748,REAL_AWS
2016-03-05 17:00:00,MAITRI,-6.7,966.8,41.0,63.3,298.0,0.9107913669064748,REAL_AWS
2016-03-05 18:00:00,MAITRI,-7.5,967.0,43.0,63.3,298.0,0.9107913669064748,REAL_AWS
2016-03-05 19:00:00,MAITRI,-9.7,966.8,47.0,73.1,299.0,1.0,REAL_AWS
2016-03-05 20:00:00,MAITRI,-10.8,966.6,44.0,33.0,298.0,0.4748201438848921,REAL_AWS
2016-03-05 21:00:00,MAITRI,-8.6,966.7,38.0,63.2,298.0,0.9093525179856116,REAL_AWS
2016-03-05 22:00:00,MAITRI,-9.4,966.5,38.0,61.9,298.0,0.8906474820143885,REAL_AWS
2016-03-05 23:00:00,MAITRI,-8.6,966.2,33.0,61.9,298.0,0.8906474820143885,REAL_AWS
2016-03-06 00:00:00,MAITRI,-10.0,965.9,39.0,58.7,300.0,0.8446043165467626,REAL_AWS
2016-03-06 01:00:00,MAITRI,-11.0,965.5,39.0,13.9,304.0,0.2,REAL_AWS
2016-03-06 02:00:00,MAITRI,-9.3,965.4,36.0,62.6,298.0,0.9007194244604316,REAL_AWS
2016-03-06 03:00:00,MAITRI,-11.8,964.8,44.0,63.2,298.0,0.9093525179856116,REAL_AWS
2016-03-06 04:00:00,MAITRI,-12.2,965.0,53.0,63.2,298.0,0.9093525179856116,REAL_AWS
2016-03-06 05:00:00,MAITRI,-11.7,964.6,46.0,62.6,301.0,0.9007194244604316,REAL_AWS
2016-03-06 06:00:00,MAITRI,-11.1,964.3,50.0,62.6,298.0,0.9007194244604316,REAL_AWS
2016-03-06 07:00:00,MAITRI,-9.6,963.9,39.0,62.5,298.0,0.8992805755395683,REAL_AWS
2016-03-06 08:00:00,MAITRI,-9.0,963.1,42.0,61.9,298.0,0.8906474820143885,REAL_AWS
2016-03-06 09:00:00,MAITRI,-9.6,963.0,50.0,62.6,298.0,0.9007194244604316,REAL_AWS
2016-03-06 10:00:00,MAITRI,-8.9,962.8,40.0,60.4,299.0,0.8690647482014389,REAL_AWS
2016-03-06 11:00:00,MAITRI,-8.7,962.5,41.0,62.6,301.0,0.9007194244604316,REAL_AWS
2016-03-06 12:00:00,MAITRI,-6.1,962.0,32.0,62.2,301.0,0.8949640287769784,REAL_AWS
2016-03-06 13:00:00,MAITRI,-6.4,961.3,32.0,49.4,295.0,0.7107913669064748,REAL_AWS
2016-03-06 14:00:00,MAITRI,-6.2,960.9,34.0,61.1,295.0,0.879136690647482,REAL_AWS
2016-03-06 15:00:00,MAITRI,-6.7,960.2,41.0,62.6,298.0,0.9007194244604316,REAL_AWS
2016-03-06 16:00:00,MAITRI,-6.3,960.0,27.0,61.9,298.0,0.8906474820143885,REAL_AWS
2016-03-06 17:00:00,MAITRI,-6.6,959.8,24.0,62.6,298.0,0.9007194244604316,REAL_AWS
2016-03-06 18:00:00,MAITRI,-7.7,959.7,44.0,62.6,298.0,0.9007194244604316,REAL_AWS
2016-03-06 19:00:00,MAITRI,-9.7,959.7,46.0,63.2,298.0,0.9093525179856116,REAL_AWS
2016-03-06 20:00:00,MAITRI,-11.0,959.5,46.0,62.6,298.0,0.9007194244604316,REAL_AWS
2016-03-06 21:00:00,MAITRI,-12.0,959.6,46.0,63.2,301.0,0.9093525179856116,REAL_AWS
2016-03-06 22:00:00,MAITRI,-11.6,959.9,55.0,62.6,298.0,0.9007194244604316,REAL_AWS
2016-03-06 23:00:00,MAITRI,-10.4,959.8,39.0,62.6,298.0,0.9007194244604316,REAL_AWS
2016-03-07 00:00:00,MAITRI,-10.8,959.7,42.0,61.3,298.0,0.8820143884892085,REAL_AWS
2016-03-07 01:00:00,MAITRI,-10.0,959.8,38.0,61.9,298.0,0.8906474820143885,REAL_AWS
2016-03-07 02:00:00,MAITRI,-11.5,959.8,48.0,62.6,301.0,0.9007194244604316,REAL_AWS
2016-03-07 03:00:00,MAITRI,-9.9,959.5,34.0,62.6,298.0,0.9007194244604316,REAL_AWS
2016-03-07 04:00:00,MAITRI,-9.7,959.3,30.0,63.9,298.0,0.9194244604316547,REAL_AWS
2016-03-07 05:00:00,MAITRI,-9.8,959.3,34.0,63.2,298.0,0.9093525179856116,REAL_AWS
2016-03-07 06:00:00,MAITRI,-9.4,959.5,33.0,65.8,298.0,0.9467625899280575,REAL_AWS
2016-03-07 07:00:00,MAITRI,-9.0,960.2,33.0,49.9,308.0,0.7179856115107913,REAL_AWS
2016-03-07 08:00:00,MAITRI,-9.1,960.7,37.0,62.6,298.0,0.9007194244604316,REAL_AWS
2016-03-07 09:00:00,MAITRI,-8.4,961.2,34.0,62.6,298.0,0.9007194244604316,REAL_AWS
2016-03-07 10:00:00,MAITRI,-8.2,961.0,38.0,61.9,298.0,0.8906474820143885,REAL_AWS
2016-03-07 11:00:00,MAITRI,-7.5,960.7,40.0,56.2,299.0,0.8086330935251799,REAL_AWS
2016-03-07 12:00:00,MAITRI,-7.2,960.9,42.0,40.7,307.0,0.585611510791367,REAL_AWS
2016-03-07 13:00:00,MAITRI,-8.2,961.6,40.0,62.6,298.0,0.9007194244604316,REAL_AWS
2016-03-07 14:00:00,MAITRI,-7.8,961.9,40.0,63.2,298.0,0.9093525179856116,REAL_AWS
2016-03-07 15:00:00,MAITRI,-7.4,961.5,38.0,63.3,298.0,0.9107913669064748,REAL_AWS
2016-03-07 16:00:00,MAITRI,-7.2,961.1,37.0,63.2,301.0,0.9093525179856116,REAL_AWS
2016-03-07 17:00:00,MAITRI,-7.5,961.0,40.0,62.6,298.0,0.9007194244604316,REAL_AWS
2016-03-07 18:00:00,MAITRI,-7.7,961.2,36.0,62.6,298.0,0.9007194244604316,REAL_AWS
2016-03-07 19:00:00,MAITRI,-8.0,961.9,44.0,61.9,298.0,0.8906474820143885,REAL_AWS
2016-03-07 20:00:00,MAITRI,-8.0,962.2,41.0,61.9,298.0,0.8906474820143885,REAL_AWS
2016-03-07 21:00:00,MAITRI,-8.6,962.0,41.0,61.9,301.0,0.8906474820143885,REAL_AWS
2016-03-07 22:00:00,MAITRI,-7.7,961.7,32.0,51.3,287.0,0.7381294964028776,REAL_AWS
2016-03-07 23:00:00,MAITRI,-7.8,962.6,32.0,62.6,298.0,0.9007194244604316,REAL_AWS
2016-03-08 00:00:00,MAITRI,-8.9,963.0,35.0,63.2,298.0,0.9093525179856116,REAL_AWS
2016-03-08 01:00:00,MAITRI,-8.8,963.8,34.0,63.9,298.0,0.9194244604316547,REAL_AWS
2016-03-08 02:00:00,MAITRI,-9.4,964.1,36.0,63.2,301.0,0.9093525179856116,REAL_AWS
2016-03-08 03:00:00,MAITRI,-9.3,964.4,32.0,63.2,298.0,0.9093525179856116,REAL_AWS
2016-03-08 04:00:00,MAITRI,-9.8,964.4,34.0,61.9,298.0,0.8906474820143885,REAL_AWS
2016-03-08 05:00:00,MAITRI,-9.3,965.3,31.0,61.9,298.0,0.8906474820143885,REAL_AWS
2016-03-08 06:00:00,MAITRI,-8.6,965.9,30.0,61.3,298.0,0.8820143884892085,REAL_AWS
2016-03-08 07:00:00,MAITRI,-8.6,966.6,34.0,39.2,295.0,0.5640287769784174,REAL_AWS
2016-03-08 08:00:00,MAITRI,-7.1,967.1,37.0,62.0,299.0,0.8920863309352518,REAL_AWS
2016-03-08 09:00:00,MAITRI,-6.3,967.8,33.0,63.3,298.0,0.9107913669064748,REAL_AWS
2016-03-08 10:00:00,MAITRI,-5.9,967.9,37.0,63.3,298.0,0.9107913669064748,REAL_AWS
2016-03-08 11:00:00,MAITRI,-5.2,968.4,33.0,62.8,299.0,0.9035971223021583,REAL_AWS
2016-03-08 12:00:00,MAITRI,-4.0,968.8,33.0,62.6,298.0,0.9007194244604316,REAL_AWS
2016-03-08 13:00:00,MAITRI,-4.4,969.0,32.0,63.3,298.0,0.9107913669064748,REAL_AWS
2016-03-08 14:00:00,MAITRI,-5.0,969.2,35.0,63.3,298.0,0.9107913669064748,REAL_AWS
2016-03-08 15:00:00,MAITRI,-5.4,969.7,40.0,63.9,298.0,0.9194244604316547,REAL_AWS
2016-03-08 16:00:00,MAITRI,-5.8,969.8,43.0,63.3,298.0,0.9107913669064748,REAL_AWS
2016-03-08 17:00:00,MAITRI,-6.4,969.7,44.0,62.6,301.0,0.9007194244604316,REAL_AWS
2016-03-08 18:00:00,MAITRI,-6.9,970.1,44.0,63.2,298.0,0.9093525179856116,REAL_AWS
2016-03-08 19:00:00,MAITRI,-7.2,970.2,40.0,61.9,298.0,0.8906474820143885,REAL_AWS
2016-03-08 20:00:00,MAITRI,-8.2,970.2,45.0,61.3,298.0,0.8820143884892085,REAL_AWS
2016-03-08 21:00:00,MAITRI,-8.5,970.0,42.0,62.0,298.0,0.8920863309352518,REAL_AWS
2016-03-08 22:00:00,MAITRI,-8.0,969.8,36.0,61.0,303.0,0.8776978417266187,REAL_AWS
2016-03-08 23:00:00,MAITRI,-8.3,969.8,37.0,62.6,298.0,0.9007194244604316,REAL_AWS
2016-03-09 00:00:00,MAITRI,-8.3,969.1,34.0,63.2,298.0,0.9093525179856116,REAL_AWS
2016-03-09 01:00:00,MAITRI,-8.0,968.7,33.0,63.9,298.0,0.9194244604316547,REAL_AWS
2016-03-09 02:00:00,MAITRI,-7.9,968.2,34.0,58.2,299.0,0.8374100719424461,REAL_AWS
2016-03-09 03:00:00,MAITRI,-7.2,967.7,30.0,26.4,327.0,0.37985611510791367,REAL_AWS
2016-03-09 04:00:00,MAITRI,-7.5,967.4,35.0,63.3,298.0,0.9107913669064748,REAL_AWS
2016-03-09 05:00:00,MAITRI,-7.3,967.2,34.0,61.3,298.0,0.8820143884892085,REAL_AWS
2016-03-09 06:00:00,MAITRI,-6.8,966.8,33.0,61.3,298.0,0.8820143884892085,REAL_AWS
2016-03-09 07:00:00,MAITRI,-6.3,966.6,32.0,61.9,301.0,0.8906474820143885,REAL_AWS
2016-03-09 08:00:00,MAITRI,-5.4,965.8,31.0,35.9,307.0,0.516546762589928,REAL_AWS
2016-03-09 09:00:00,MAITRI,-5.3,965.2,34.0,63.2,298.0,0.9093525179856116,REAL_AWS
2016-03-09 10:00:00,MAITRI,-5.1,964.6,33.0,63.9,298.0,0.9194244604316547,REAL_AWS
2016-03-09 11:00:00,MAITRI,-5.0,963.9,36.0,63.9,298.0,0.9194244604316547,REAL_AWS
2016-03-09 12:00:00,MAITRI,-4.6,963.1,34.0,63.3,301.0,0.9107913669064748,REAL_AWS
2016-03-09 13:00:00,MAITRI,-4.5,962.3,37.0,61.9,298.0,0.8906474820143885,REAL_AWS
2016-03-09 14:00:00,MAITRI,-4.4,962.0,40.0,63.9,298.0,0.9194244604316547,REAL_AWS
2016-03-09 15:00:00,MAITRI,-6.6,962.3,85.0,63.3,298.0,0.9107913669064748,REAL_AWS
2016-03-09 16:00:00,MAITRI,-6.9,961.2,93.0,73.3,299.0,1.0,REAL_AWS
2016-03-09 17:00:00,MAITRI,-6.9,960.5,93.0,33.3,317.0,0.479136690647482,REAL_AWS
2016-03-09 18:00:00,MAITRI,-6.9,960.4,93.0,63.2,298.0,0.9093525179856116,REAL_AWS
2016-03-09 19:00:00,MAITRI,-6.8,960.1,93.0,61.2,298.0,0.8805755395683453,REAL_AWS
2016-03-09 20:00:00,MAITRI,-6.7,959.3,94.0,61.3,298.0,0.8820143884892085,REAL_AWS
2016-03-09 21:00:00,MAITRI,-6.6,958.8,94.0,61.9,301.0,0.8906474820143885,REAL_AWS
2016-03-09 22:00:00,MAITRI,-6.5,958.8,94.0,61.9,298.0,0.8906474820143885,REAL_AWS
2016-03-09 23:00:00,MAITRI,-6.2,959.1,94.0,63.3,298.0,0.9107913669064748,REAL_AWS
2016-03-10 00:00:00,MAITRI,-6.0,958.7,94.0,63.3,298.0,0.9107913669064748,REAL_AWS
2016-03-10 01:00:00,MAITRI,-5.9,958.9,94.0,63.4,299.0,0.9122302158273381,REAL_AWS
2016-03-10 02:00:00,MAITRI,-5.7,958.9,94.0,58.7,295.0,0.8446043165467626,REAL_AWS
2016-03-10 03:00:00,MAITRI,-5.7,958.8,94.0,63.3,298.0,0.9107913669064748,REAL_AWS
2016-03-10 04:00:00,MAITRI,-5.7,958.9,94.0,62.6,298.0,0.9007194244604316,REAL_AWS
2016-03-10 05:00:00,MAITRI,-5.8,959.2,95.0,61.3,298.0,0.8820143884892085,REAL_AWS
2016-03-10 06:00:00,MAITRI,-5.8,959.5,94.0,61.9,301.0,0.8906474820143885,REAL_AWS
2016-03-10 07:00:00,MAITRI,-5.7,959.4,95.0,62.6,298.0,0.9007194244604316,REAL_AWS
2016-03-10 08:00:00,MAITRI,-5.6,959.6,95.0,63.3,298.0,0.9107913669064748,REAL_AWS
2016-03-10 09:00:00,MAITRI,-5.4,959.4,95.0,63.3,298.0,0.9107913669064748,REAL_AWS
2016-03-10 10:00:00,MAITRI,-5.4,959.5,95.0,60.2,298.0,0.8661870503597122,REAL_AWS
2016-03-10 11:00:00,MAITRI,-5.4,959.9,95.0,62.6,301.0,0.9007194244604316,REAL_AWS
2016-03-10 12:00:00,MAITRI,-5.4,959.9,95.0,62.6,298.0,0.9007194244604316,REAL_AWS
2016-03-10 13:00:00,MAITRI,-5.2,960.0,95.0,61.9,298.0,0.8906474820143885,REAL_AWS
2016-03-10 14:00:00,MAITRI,-5.1,959.9,95.0,61.3,298.0,0.8820143884892085,REAL_AWS
2016-03-10 15:00:00,MAITRI,-4.9,959.8,95.0,63.3,299.0,0.9107913669064748,REAL_AWS
2016-03-10 16:00:00,MAITRI,-4.8,959.7,95.0,62.0,298.0,0.8920863309352518,REAL_AWS
2016-03-10 17:00:00,MAITRI,-4.7,959.8,96.0,63.3,298.0,0.9107913669064748,REAL_AWS
2016-03-10 18:00:00,MAITRI,-4.7,959.9,96.0,63.9,298.0,0.9194244604316547,REAL_AWS
2016-03-10 19:00:00,MAITRI,-4.6,959.8,96.0,63.9,298.0,0.9194244604316547,REAL_AWS
2016-03-10 20:00:00,MAITRI,-4.5,960.1,96.0,55.2,305.0,0.7942446043165468,REAL_AWS
2016-03-10 21:00:00,MAITRI,-4.4,960.4,96.0,62.6,298.0,0.9007194244604316,REAL_AWS
2016-03-10 22:00:00,MAITRI,-4.4,960.7,96.0,62.6,298.0,0.9007194244604316,REAL_AWS
2016-03-10 23:00:00,MAITRI,-4.4,961.0,96.0,62.6,298.0,0.9007194244604316,REAL_AWS
2016-03-11 00:00:00,MAITRI,-4.5,961.7,96.0,61.7,300.0,0.887769784172662,REAL_AWS
2016-03-11 01:00:00,MAITRI,-4.5,961.9,96.0,61.4,296.0,0.8834532374100719,REAL_AWS
2016-03-11 02:00:00,MAITRI,-4.5,962.5,96.0,62.6,298.0,0.9007194244604316,REAL_AWS
2016-03-11 03:00:00,MAITRI,-4.4,962.8,96.0,62.9,298.0,0.9050359712230216,REAL_AWS
2016-03-11 04:00:00,MAITRI,-4.5,963.3,96.0,62.6,298.0,0.9007194244604316,REAL_AWS
2016-03-11 05:00:00,MAITRI,-4.3,964.5,96.0,63.9,298.0,0.9194244604316547,REAL_AWS
2016-03-11 06:00:00,MAITRI,-4.1,964.0,96.0,63.2,298.0,0.9093525179856116,REAL_AWS
2016-03-11 07:00:00,MAITRI,-4.1,964.3,96.0,63.3,298.0,0.9107913669064748,REAL_AWS
2016-03-11 08:00:00,MAITRI,-4.1,965.3,96.0,63.9,298.0,0.9194244604316547,REAL_AWS
2016-03-11 09:00:00,MAITRI,-3.9,966.0,96.0,63.3,298.0,0.9107913669064748,REAL_AWS
2016-03-11 10:00:00,MAITRI,-3.6,966.4,96.0,63.9,298.0,0.9194244604316547,REAL_AWS
2016-03-11 11:00:00,MAITRI,-3.2,966.9,97.0,54.7,299.0,0.7870503597122303,REAL_AWS
2016-03-11 12:00:00,MAITRI,-2.9,967.1,97.0,62.7,301.0,0.902158273381295,REAL_AWS
2016-03-11 13:00:00,MAITRI,-2.7,967.0,97.0,62.6,301.0,0.9007194244604316,REAL_AWS
2016-03-11 14:00:00,MAITRI,-2.6,966.8,97.0,63.3,301.0,0.9107913669064748,REAL_AWS
2016-03-11 15:00:00,MAITRI,-2.6,966.3,97.0,40.4,279.0,0.581294964028777,REAL_AWS
2016-03-11 16:00:00,MAITRI,-2.8,966.2,97.0,63.3,298.0,0.9107913669064748,REAL_AWS
2016-03-11 17:00:00,MAITRI,-3.3,965.7,96.0,63.3,298.0,0.9107913669064748,REAL_AWS
2016-03-11 18:00:00,MAITRI,-3.3,965.4,96.0,62.6,298.0,0.9007194244604316,REAL_AWS
2016-03-11 19:00:00,MAITRI,-3.6,964.6,96.0,61.9,298.0,0.8906474820143885,REAL_AWS
2016-03-11 20:00:00,MAITRI,-3.6,964.4,96.0,61.3,298.0,0.8820143884892085,REAL_AWS
2016-03-11 21:00:00,MAITRI,-3.5,964.0,95.0,61.9,298.0,0.8906474820143885,REAL_AWS
2016-03-11 22:00:00,MAITRI,-3.5,963.9,95.0,61.9,298.0,0.8906474820143885,REAL_AWS
2016-03-11 23:00:00,MAITRI,-3.7,963.9,95.0,61.3,298.0,0.8820143884892085,REAL_AWS
2016-03-12 00:00:00,MAITRI,-3.6,963.3,95.0,61.9,298.0,0.8906474820143885,REAL_AWS
2016-03-12 01:00:00,MAITRI,-3.3,962.5,95.0,61.3,298.0,0.8820143884892085,REAL_AWS
2016-03-12 02:00:00,MAITRI,-3.2,962.2,95.0,61.9,298.0,0.8906474820143885,REAL_AWS
2016-03-12 03:00:00,MAITRI,-3.3,961.8,95.0,66.8,299.0,0.9611510791366906,REAL_AWS
2016-03-12 04:00:00,MAITRI,-3.9,961.5,94.0,61.9,300.0,0.8906474820143885,REAL_AWS
2016-03-12 05:00:00,MAITRI,-3.5,960.9,94.0,61.3,300.0,0.8820143884892085,REAL_AWS
2016-03-12 06:00:00,MAITRI,-3.8,961.2,94.0,52.1,300.0,0.7496402877697842,REAL_AWS
2016-03-12 07:00:00,MAITRI,-3.9,961.3,93.0,60.9,302.0,0.8762589928057554,REAL_AWS
2016-03-12 08:00:00,MAITRI,-3.7,960.6,93.0,62.4,299.0,0.897841726618705,REAL_AWS
2016-03-12 09:00:00,MAITRI,-3.5,961.5,92.0,62.6,299.0,0.9007194244604316,REAL_AWS
2016-03-12 10:00:00,MAITRI,-3.3,962.2,91.0,59.3,301.0,0.8532374100719424,REAL_AWS
2016-03-12 11:00:00,MAITRI,-3.6,962.4,92.0,62.8,295.0,0.9035971223021583,REAL_AWS
2016-03-12 12:00:00,MAITRI,-3.5,962.0,92.0,62.6,298.0,0.9007194244604316,REAL_AWS
2016-03-12 13:00:00,MAITRI,-3.3,962.5,91.0,63.3,298.0,0.9107913669064748,REAL_AWS
2016-03-12 14:00:00,MAITRI,-3.6,962.3,89.0,63.9,298.0,0.9194244604316547,REAL_AWS
2016-03-12 15:00:00,MAITRI,-3.9,962.6,89.0,63.3,298.0,0.9107913669064748,REAL_AWS
2016-03-12 16:00:00,MAITRI,-4.1,962.7,88.0,63.9,298.0,0.9194244604316547,REAL_AWS
2016-03-12 17:00:00,MAITRI,-4.1,962.6,87.0,62.6,298.0,0.9007194244604316,REAL_AWS
2016-03-12 18:00:00,MAITRI,-4.3,962.8,87.0,64.4,298.0,0.9266187050359713,REAL_AWS
2016-03-12 19:00:00,MAITRI,-4.4,962.7,83.0,64.2,299.0,0.9237410071942447,REAL_AWS
2016-03-12 20:00:00,MAITRI,-4.5,962.8,82.0,62.6,300.0,0.9007194244604316,REAL_AWS
2016-03-12 21:00:00,MAITRI,-4.1,962.5,77.0,51.4,305.0,0.7395683453237409,REAL_AWS
2016-03-12 22:00:00,MAITRI,-4.1,962.7,76.0,30.4,296.0,0.437410071942446,REAL_AWS
2016-03-12 23:00:00,MAITRI,-4.0,962.4,72.0,61.2,299.0,0.8805755395683453,REAL_AWS
2016-03-13 00:00:00,MAITRI,-3.6,962.4,67.0,62.6,299.0,0.9007194244604316,REAL_AWS
2016-03-13 01:00:00,MAITRI,-3.8,961.9,64.0,62.6,299.0,0.9007194244604316,REAL_AWS
2016-03-13 02:00:00,MAITRI,-3.9,961.3,61.0,43.2,303.0,0.6215827338129497,REAL_AWS
2016-03-13 03:00:00,MAITRI,-3.2,961.5,56.0,61.9,298.0,0.8906474820143885,REAL_AWS
2016-03-13 04:00:00,MAITRI,-3.4,961.6,54.0,62.6,298.0,0.9007194244604316,REAL_AWS
2016-03-13 05:00:00,MAITRI,-3.7,961.7,52.0,62.6,298.0,0.9007194244604316,REAL_AWS
2016-03-13 06:00:00,MAITRI,-3.6,962.0,49.0,61.3,298.0,0.8820143884892085,REAL_AWS
2016-03-13 07:00:00,MAITRI,-3.6,962.1,47.0,61.9,298.0,0.8906474820143885,REAL_AWS
2016-03-13 08:00:00,MAITRI,-3.4,962.0,47.0,61.3,298.0,0.8820143884892085,REAL_AWS
2016-03-13 09:00:00,MAITRI,-3.0,962.0,49.0,61.3,298.0,0.8820143884892085,REAL_AWS
2016-03-13 10:00:00,MAITRI,-3.0,962.0,47.0,60.7,299.0,0.8733812949640288,REAL_AWS
2016-03-13 11:00:00,MAITRI,-2.8,961.8,42.0,61.7,300.0,0.887769784172662,REAL_AWS
2016-03-13 12:00:00,MAITRI,-3.0,961.7,44.0,61.9,300.0,0.8906474820143885,REAL_AWS
2016-03-13 13:00:00,MAITRI,-2.4,961.5,39.0,52.8,304.0,0.7597122302158273,REAL_AWS
2016-03-13 14:00:00,MAITRI,-2.3,961.5,41.0,62.4,299.0,0.897841726618705,REAL_AWS
2016-03-13 15:00:00,MAITRI,-2.8,961.3,43.0,61.9,299.0,0.8906474820143885,REAL_AWS
2016-03-13 16:00:00,MAITRI,-3.6,961.2,50.0,61.9,300.0,0.8906474820143885,REAL_AWS
2016-03-13 17:00:00,MAITRI,-4.3,961.1,54.0,41.6,309.0,0.5985611510791368,REAL_AWS
2016-03-13 18:00:00,MAITRI,-4.8,960.8,58.0,63.3,298.0,0.9107913669064748,REAL_AWS
2016-03-13 19:00:00,MAITRI,-5.6,961.2,58.0,63.9,298.0,0.9194244604316547,REAL_AWS
2016-03-13 20:00:00,MAITRI,-6.1,960.8,58.0,62.6,299.0,0.9007194244604316,REAL_AWS
2016-03-13 21:00:00,MAITRI,-6.2,960.7,59.0,65.6,299.0,0.9438848920863309,REAL_AWS
2016-03-13 22:00:00,MAITRI,-3.6,960.6,40.0,63.2,300.0,0.9093525179856116,REAL_AWS
2016-03-13 23:00:00,MAITRI,-4.0,960.5,40.0,56.3,289.0,0.8100719424460431,REAL_AWS
2016-03-14 00:00:00,MAITRI,-4.1,960.7,36.0,61.9,298.0,0.8906474820143885,REAL_AWS
2016-03-14 01:00:00,MAITRI,-4.6,960.3,39.0,61.2,298.0,0.8805755395683453,REAL_AWS
2016-03-14 02:00:00,MAITRI,-5.4,960.6,38.0,54.0,292.0,0.7769784172661871,REAL_AWS
2016-03-14 03:00:00,MAITRI,-5.4,959.9,38.0,62.6,300.0,0.9007194244604316,REAL_AWS
2016-03-14 04:00:00,MAITRI,-5.5,959.7,37.0,62.6,298.0,0.9007194244604316,REAL_AWS
2016-03-14 05:00:00,MAITRI,-5.2,960.1,37.0,63.3,298.0,0.9107913669064748,REAL_AWS
2016-03-14 06:00:00,MAITRI,-4.8,959.8,34.0,63.1,299.0,0.9079136690647482,REAL_AWS
2016-03-14 07:00:00,MAITRI,-4.1,959.6,37.0,63.2,299.0,0.9093525179856116,REAL_AWS
2016-03-14 08:00:00,MAITRI,-4.0,960.4,38.0,62.6,299.0,0.9007194244604316,REAL_AWS
2016-03-14 09:00:00,MAITRI,-3.2,960.1,35.0,63.1,297.0,0.9079136690647482,REAL_AWS
2016-03-14 10:00:00,MAITRI,-3.1,960.8,37.0,61.5,300.0,0.8848920863309353,REAL_AWS
2016-03-14 11:00:00,MAITRI,-2.9,960.7,34.0,62.6,300.0,0.9007194244604316,REAL_AWS
2016-03-14 12:00:00,MAITRI,-1.8,960.8,33.0,45.5,306.0,0.6546762589928058,REAL_AWS
2016-03-14 13:00:00,MAITRI,-1.8,960.7,36.0,42.0,285.0,0.60431654676259,REAL_AWS
2016-03-14 14:00:00,MAITRI,-1.5,960.6,35.0,62.6,298.0,0.9007194244604316,REAL_AWS
2016-03-14 15:00:00,MAITRI,-2.8,960.4,40.0,62.6,298.0,0.9007194244604316,REAL_AWS
2016-03-14 16:00:00,MAITRI,-4.0,960.3,48.0,62.6,298.0,0.9007194244604316,REAL_AWS
2016-03-14 17:00:00,MAITRI,-4.4,960.4,52.0,61.9,298.0,0.8906474820143885,REAL_AWS
2016-03-14 18:00:00,MAITRI,-4.6,960.4,49.0,61.3,298.0,0.8820143884892085,REAL_AWS
2016-03-14 19:00:00,MAITRI,-5.0,960.3,41.0,61.2,298.0,0.8805755395683453,REAL_AWS
2016-03-14 20:00:00,MAITRI,-5.4,960.3,44.0,57.8,299.0,0.8316546762589928,REAL_AWS
2016-03-14 21:00:00,MAITRI,-6.8,960.6,51.0,21.1,305.0,0.3035971223021583,REAL_AWS
2016-03-14 22:00:00,MAITRI,-6.6,960.8,49.0,62.6,298.0,0.9007194244604316,REAL_AWS
2016-03-14 23:00:00,MAITRI,-6.2,960.8,41.0,63.1,298.0,0.9079136690647482,REAL_AWS
2016-03-15 00:00:00,MAITRI,-7.7,961.2,49.0,62.6,298.0,0.9007194244604316,REAL_AWS
2016-03-15 01:00:00,MAITRI,-7.5,961.0,45.0,63.2,300.0,0.9093525179856116,REAL_AWS
2016-03-15 02:00:00,MAITRI,-6.8,961.0,42.0,63.3,298.0,0.9107913669064748,REAL_AWS
2016-03-15 03:00:00,MAITRI,-7.8,961.0,46.0,61.9,298.0,0.8906474820143885,REAL_AWS
2016-03-15 04:00:00,MAITRI,-6.4,960.8,40.0,61.2,298.0,0.8805755395683453,REAL_AWS
2016-03-15 05:00:00,MAITRI,-6.5,960.6,40.0,62.5,298.0,0.8992805755395683,REAL_AWS
2016-03-15 06:00:00,MAITRI,-6.1,960.6,39.0,62.5,301.0,0.8992805755395683,REAL_AWS
2016-03-15 07:00:00,MAITRI,-5.8,960.7,44.0,61.9,298.0,0.8906474820143885,REAL_AWS
2016-03-15 08:00:00,MAITRI,-4.7,960.4,41.0,62.6,298.0,0.9007194244604316,REAL_AWS
2016-03-15 09:00:00,MAITRI,-4.2,960.2,42.0,61.9,298.0,0.8906474820143885,REAL_AWS
2016-03-15 10:00:00,MAITRI,-3.5,959.7,43.0,61.3,298.0,0.8820143884892085,REAL_AWS
2016-03-15 11:00:00,MAITRI,-2.1,959.8,38.0,61.8,298.0,0.8892086330935252,REAL_AWS
2016-03-15 12:00:00,MAITRI,-2.5,958.9,39.0,61.9,298.0,0.8906474820143885,REAL_AWS
2016-03-15 13:00:00,MAITRI,-2.4,958.8,44.0,61.3,298.0,0.8820143884892085,REAL_AWS
2016-03-15 14:00:00,MAITRI,-1.9,958.7,37.0,62.6,298.0,0.9007194244604316,REAL_AWS
2016-03-15 15:00:00,MAITRI,-1.9,958.7,38.0,61.9,298.0,0.8906474820143885,REAL_AWS
2016-03-15 16:00:00,MAITRI,-4.0,958.6,46.0,61.9,298.0,0.8906474820143885,REAL_AWS
2016-03-15 17:00:00,MAITRI,-5.4,958.7,48.0,60.7,298.0,0.8733812949640288,REAL_AWS
2016-03-15 18:00:00,MAITRI,-6.0,958.3,48.0,62.6,301.0,0.9007194244604316,REAL_AWS
2016-03-15 19:00:00,MAITRI,-5.3,958.2,36.0,62.6,298.0,0.9007194244604316,REAL_AWS
2016-03-15 20:00:00,MAITRI,-5.9,957.8,39.0,63.3,298.0,0.9107913669064748,REAL_AWS
2016-03-15 21:00:00,MAITRI,-5.8,958.0,37.0,63.3,298.0,0.9107913669064748,REAL_AWS
2016-03-15 22:00:00,MAITRI,-5.6,957.9,36.0,63.9,298.0,0.9194244604316547,REAL_AWS
2016-03-15 23:00:00,MAITRI,-5.9,957.7,38.0,63.3,301.0,0.9107913669064748,REAL_AWS
2016-03-16 00:00:00,MAITRI,-6.1,957.6,39.0,62.6,298.0,0.9007194244604316,REAL_AWS
2016-03-16 01:00:00,MAITRI,-6.4,957.8,37.0,62.6,298.0,0.9007194244604316,REAL_AWS
2016-03-16 02:00:00,MAITRI,-6.1,958.3,33.0,61.9,298.0,0.8906474820143885,REAL_AWS
2016-03-16 03:00:00,MAITRI,-6.4,958.4,34.0,61.3,298.0,0.8820143884892085,REAL_AWS
2016-03-16 04:00:00,MAITRI,-6.9,958.8,35.0,58.8,298.0,0.8460431654676258,REAL_AWS
2016-03-16 05:00:00,MAITRI,-7.6,959.1,39.0,61.9,298.0,0.8906474820143885,REAL_AWS
2016-03-16 06:00:00,MAITRI,-6.8,959.5,37.0,63.9,298.0,0.9194244604316547,REAL_AWS
2016-03-16 07:00:00,MAITRI,-6.2,959.9,36.0,63.9,298.0,0.9194244604316547,REAL_AWS
2016-03-16 08:00:00,MAITRI,-4.6,960.5,37.0,55.0,298.0,0.7913669064748201,REAL_AWS
2016-03-16 09:00:00,MAITRI,-3.8,961.1,25.0,63.9,300.0,0.9194244604316547,REAL_AWS
2016-03-16 10:00:00,MAITRI,-3.9,961.5,26.0,62.6,301.0,0.9007194244604316,REAL_AWS
2016-03-16 11:00:00,MAITRI,-3.0,962.1,28.0,33.6,323.0,0.48345323741007196,REAL_AWS
2016-03-16 12:00:00,MAITRI,-3.0,962.4,29.0,63.2,301.0,0.9093525179856116,REAL_AWS
2016-03-16 13:00:00,MAITRI,-3.0,962.7,32.0,62.6,298.0,0.9007194244604316,REAL_AWS
2016-03-16 14:00:00,MAITRI,-4.0,963.2,35.0,63.3,298.0,0.9107913669064748,REAL_AWS
2016-03-16 15:00:00,MAITRI,-5.5,963.4,37.0,62.6,298.0,0.9007194244604316,REAL_AWS
2016-03-16 16:00:00,MAITRI,-6.0,963.9,39.0,62.4,298.0,0.897841726618705,REAL_AWS
2016-03-16 17:00:00,MAITRI,-6.4,965.0,37.0,61.3,298.0,0.8820143884892085,REAL_AWS
2016-03-16 18:00:00,MAITRI,-7.6,965.6,46.0,61.3,298.0,0.8820143884892085,REAL_AWS
2016-03-16 19:00:00,MAITRI,-7.0,966.0,36.0,62.6,301.0,0.9007194244604316,REAL_AWS
2016-03-16 20:00:00,MAITRI,-7.3,966.3,33.0,62.6,298.0,0.9007194244604316,REAL_AWS
2016-03-16 21:00:00,MAITRI,-7.7,966.7,37.0,63.9,298.0,0.9194244604316547,REAL_AWS
2016-03-16 22:00:00,MAITRI,-7.5,967.6,33.0,63.9,298.0,0.9194244604316547,REAL_AWS
2016-03-16 23:00:00,MAITRI,-7.7,967.7,30.0,64.2,298.0,0.9237410071942447,REAL_AWS
2016-03-17 00:00:00,MAITRI,-7.8,967.7,32.0,53.9,308.0,0.7755395683453237,REAL_AWS
2016-03-17 01:00:00,MAITRI,-7.9,968.0,31.0,63.3,298.0,0.9107913669064748,REAL_AWS
2016-03-17 02:00:00,MAITRI,-8.6,968.1,34.0,61.9,298.0,0.8906474820143885,REAL_AWS
2016-03-17 03:00:00,MAITRI,-9.3,968.0,37.0,61.3,298.0,0.8820143884892085,REAL_AWS
2016-03-17 04:00:00,MAITRI,-9.6,968.3,37.0,60.3,300.0,0.8676258992805755,REAL_AWS
2016-03-17 05:00:00,MAITRI,-9.9,968.6,38.0,46.6,285.0,0.6705035971223022,REAL_AWS
2016-03-17 06:00:00,MAITRI,-10.0,968.5,40.0,62.6,298.0,0.9007194244604316,REAL_AWS
2016-03-17 07:00:00,MAITRI,-9.7,968.6,43.0,62.6,298.0,0.9007194244604316,REAL_AWS
2016-03-17 08:00:00,MAITRI,-8.6,968.2,38.0,63.9,298.0,0.9194244604316547,REAL_AWS
2016-03-17 09:00:00,MAITRI,-7.8,968.9,32.0,63.3,301.0,0.9107913669064748,REAL_AWS
2016-03-17 10:00:00,MAITRI,-4.9,968.8,26.0,58.3,304.0,0.8388489208633093,REAL_AWS
2016-03-17 11:00:00,MAITRI,-5.8,968.7,31.0,31.6,279.0,0.4546762589928058,REAL_AWS
2016-03-17 12:00:00,MAITRI,-5.1,968.7,27.0,62.6,298.0,0.9007194244604316,REAL_AWS
2016-03-17 13:00:00,MAITRI,-4.1,968.5,26.0,62.6,298.0,0.9007194244604316,REAL_AWS
2016-03-17 14:00:00,MAITRI,-5.3,968.4,31.0,63.3,298.0,0.9107913669064748,REAL_AWS
2016-03-17 15:00:00,MAITRI,-5.6,968.2,26.0,61.3,298.0,0.8820143884892085,REAL_AWS
2016-03-17 16:00:00,MAITRI,-6.0,968.2,26.0,61.9,298.0,0.8906474820143885,REAL_AWS
2016-03-17 17:00:00,MAITRI,-8.9,968.0,44.0,61.3,298.0,0.8820143884892085,REAL_AWS
2016-03-17 18:00:00,MAITRI,-9.1,967.7,41.0,61.3,298.0,0.8820143884892085,REAL_AWS
2016-03-17 19:00:00,MAITRI,-8.9,967.8,40.0,61.9,301.0,0.8906474820143885,REAL_AWS
2016-03-17 20:00:00,MAITRI,-10.5,967.9,47.0,61.9,298.0,0.8906474820143885,REAL_AWS
2016-03-17 21:00:00,MAITRI,-10.3,968.0,42.0,62.6,298.0,0.9007194244604316,REAL_AWS
2016-03-17 22:00:00,MAITRI,-11.2,967.9,46.0,62.6,298.0,0.9007194244604316,REAL_AWS
2016-03-17 23:00:00,MAITRI,-10.7,967.7,41.0,63.0,298.0,0.9064748201438849,REAL_AWS
2016-03-18 00:00:00,MAITRI,-9.8,967.6,37.0,61.6,305.0,0.8863309352517986,REAL_AWS
2016-03-18 01:00:00,MAITRI,-10.0,967.4,37.0,63.2,298.0,0.9093525179856116,REAL_AWS
2016-03-18 02:00:00,MAITRI,-10.2,967.3,37.0,61.9,298.0,0.8906474820143885,REAL_AWS
2016-03-18 03:00:00,MAITRI,-10.3,967.2,37.0,61.3,298.0,0.8820143884892085,REAL_AWS
2016-03-18 04:00:00,MAITRI,-10.1,967.3,38.0,66.8,299.0,0.9611510791366906,REAL_AWS
2016-03-18 05:00:00,MAITRI,-11.9,967.4,41.0,21.9,311.99999999999994,0.3151079136690647,REAL_AWS
2016-03-18 06:00:00,MAITRI,-12.8,968.0,44.0,61.9,298.0,0.8906474820143885,REAL_AWS
2016-03-18 07:00:00,MAITRI,-8.9,968.2,33.0,63.2,298.0,0.9093525179856116,REAL_AWS
2016-03-18 08:00:00,MAITRI,-8.4,968.4,31.0,63.3,298.0,0.9107913669064748,REAL_AWS
2016-03-18 09:00:00,MAITRI,-7.2,968.6,30.0,62.6,301.0,0.9007194244604316,REAL_AWS
2016-03-18 10:00:00,MAITRI,-7.6,969.1,29.0,35.5,313.0,0.5107913669064749,REAL_AWS
2016-03-18 11:00:00,MAITRI,-5.6,969.6,28.0,63.3,298.0,0.9107913669064748,REAL_AWS
2016-03-18 12:00:00,MAITRI,-6.1,969.8,32.0,63.3,298.0,0.9107913669064748,REAL_AWS
2016-03-18 13:00:00,MAITRI,-7.0,970.6,35.0,61.3,298.0,0.8820143884892085,REAL_AWS
2016-03-18 14:00:00,MAITRI,-8.1,970.3,47.0,61.3,298.0,0.8820143884892085,REAL_AWS
2016-03-18 15:00:00,MAITRI,-7.8,970.3,43.0,61.9,298.0,0.8906474820143885,REAL_AWS
2016-03-18 16:00:00,MAITRI,-7.4,970.4,43.0,62.0,298.0,0.8920863309352518,REAL_AWS
2016-03-18 17:00:00,MAITRI,-8.0,970.7,48.0,61.8,303.0,0.8892086330935252,REAL_AWS
2016-03-18 18:00:00,MAITRI,-8.8,971.1,51.0,62.6,298.0,0.9007194244604316,REAL_AWS
2016-03-18 19:00:00,MAITRI,-9.2,971.3,53.0,61.9,298.0,0.8906474820143885,REAL_AWS
2016-03-18 20:00:00,MAITRI,-10.0,971.4,52.0,61.9,298.0,0.8906474820143885,REAL_AWS
2016-03-18 21:00:00,MAITRI,-10.3,971.6,49.0,67.4,299.0,0.9697841726618706,REAL_AWS
2016-03-18 22:00:00,MAITRI,-9.9,971.9,45.0,58.8,298.0,0.8460431654676258,REAL_AWS
2016-03-18 23:00:00,MAITRI,-9.8,972.1,43.0,61.9,298.0,0.8906474820143885,REAL_AWS
2016-03-19 00:00:00,MAITRI,-10.3,972.4,42.0,63.9,298.0,0.9194244604316547,REAL_AWS
2016-03-19 01:00:00,MAITRI,-10.4,972.5,41.0,62.6,298.0,0.9007194244604316,REAL_AWS
2016-03-19 02:00:00,MAITRI,-10.5,972.6,41.0,58.8,300.0,0.8460431654676258,REAL_AWS
2016-03-19 03:00:00,MAITRI,-10.6,972.8,41.0,35.6,284.0,0.5122302158273382,REAL_AWS
2016-03-19 04:00:00,MAITRI,-10.5,973.1,39.0,63.2,298.0,0.9093525179856116,REAL_AWS
2016-03-19 05:00:00,MAITRI,-10.7,973.5,40.0,61.2,298.0,0.8805755395683453,REAL_AWS
2016-03-19 06:00:00,MAITRI,-10.8,973.8,41.0,61.3,298.0,0.8820143884892085,REAL_AWS
2016-03-19 07:00:00,MAITRI,-10.4,973.9,40.0,61.9,301.0,0.8906474820143885,REAL_AWS
2016-03-19 08:00:00,MAITRI,-9.8,974.1,40.0,62.6,298.0,0.9007194244604316,REAL_AWS
2016-03-19 09:00:00,MAITRI,-9.2,974.7,39.0,62.8,298.0,0.9035971223021583,REAL_AWS
2016-03-19 10:00:00,MAITRI,-9.7,975.3,42.0,63.0,299.0,0.9064748201438849,REAL_AWS
2016-03-19 11:00:00,MAITRI,-9.0,975.6,37.0,63.3,298.0,0.9107913669064748,REAL_AWS
2016-03-19 12:00:00,MAITRI,-9.1,976.1,42.0,62.6,301.0,0.9007194244604316,REAL_AWS
2016-03-19 13:00:00,MAITRI,-9.1,975.8,41.0,63.3,298.0,0.9107913669064748,REAL_AWS
2016-03-19 14:00:00,MAITRI,-9.0,975.7,42.0,61.3,298.0,0.8820143884892085,REAL_AWS
2016-03-19 15:00:00,MAITRI,-9.2,975.7,44.0,61.3,298.0,0.8820143884892085,REAL_AWS
2016-03-19 16:00:00,MAITRI,-9.4,975.6,44.0,61.9,298.0,0.8906474820143885,REAL_AWS
2016-03-19 17:00:00,MAITRI,-9.7,975.8,47.0,62.6,301.0,0.9007194244604316,REAL_AWS
2016-03-19 18:00:00,MAITRI,-9.7,975.8,43.0,61.9,298.0,0.8906474820143885,REAL_AWS
2016-03-19 19:00:00,MAITRI,-9.9,975.5,47.0,62.6,298.0,0.9007194244604316,REAL_AWS
2016-03-19 20:00:00,MAITRI,-10.1,974.7,47.0,63.9,298.0,0.9194244604316547,REAL_AWS
2016-03-19 21:00:00,MAITRI,-10.1,974.5,46.0,60.5,298.0,0.8705035971223022,REAL_AWS
2016-03-19 22:00:00,MAITRI,-10.3,974.0,46.0,47.5,299.0,0.6834532374100719,REAL_AWS
2016-03-19 23:00:00,MAITRI,-10.2,972.9,47.0,62.5,298.0,0.8992805755395683,REAL_AWS
2016-03-20 00:00:00,MAITRI,-10.3,971.6,55.0,61.3,298.0,0.8820143884892085,REAL_AWS
2016-03-20 01:00:00,MAITRI,-11.3,970.8,87.0,61.3,298.0,0.8820143884892085,REAL_AWS
2016-03-20 02:00:00,MAITRI,-11.3,969.1,89.0,62.9,300.0,0.9050359712230216,REAL_AWS
2016-03-20 03:00:00,MAITRI,-10.8,967.9,90.0,46.9,283.0,0.6748201438848921,REAL_AWS
2016-03-20 04:00:00,MAITRI,-10.6,966.4,90.0,62.4,298.0,0.897841726618705,REAL_AWS
2016-03-20 05:00:00,MAITRI,-10.6,965.5,90.0,62.0,298.0,0.8920863309352518,REAL_AWS
2016-03-20 06:00:00,MAITRI,-10.3,964.7,90.0,63.9,298.0,0.9194244604316547,REAL_AWS
2016-03-20 07:00:00,MAITRI,-10.0,963.6,91.0,63.2,301.0,0.9093525179856116,REAL_AWS
2016-03-20 08:00:00,MAITRI,-10.0,962.5,91.0,63.2,298.0,0.9093525179856116,REAL_AWS
2016-03-20 09:00:00,MAITRI,-9.7,960.8,91.0,61.3,298.0,0.8820143884892085,REAL_AWS
2016-03-20 10:00:00,MAITRI,-9.4,960.6,91.0,61.9,298.0,0.8906474820143885,REAL_AWS
2016-03-20 11:00:00,MAITRI,-8.9,960.1,92.0,75.3,299.0,1.0,REAL_AWS
2016-03-20 12:00:00,MAITRI,-8.4,959.5,92.0,28.9,284.0,0.4158273381294964,REAL_AWS
2016-03-20 13:00:00,MAITRI,-8.1,958.9,92.0,62.6,298.0,0.9007194244604316,REAL_AWS
2016-03-20 14:00:00,MAITRI,-7.9,957.9,93.0,63.4,298.0,0.9122302158273381,REAL_AWS
2016-03-20 15:00:00,MAITRI,-7.6,957.7,93.0,63.3,298.0,0.9107913669064748,REAL_AWS
2016-03-20 16:00:00,MAITRI,-7.4,957.8,93.0,62.6,301.0,0.9007194244604316,REAL_AWS
2016-03-20 17:00:00,MAITRI,-7.5,958.1,93.0,62.6,298.0,0.9007194244604316,REAL_AWS
2016-03-20 18:00:00,MAITRI,-7.4,958.0,93.0,62.0,298.0,0.8920863309352518,REAL_AWS
2016-03-20 19:00:00,MAITRI,-7.6,958.0,93.0,61.9,298.0,0.8906474820143885,REAL_AWS
2016-03-20 20:00:00,MAITRI,-7.6,958.1,93.0,61.9,298.0,0.8906474820143885,REAL_AWS
2016-03-20 21:00:00,MAITRI,-7.5,958.2,93.0,52.6,314.0,0.7568345323741007,REAL_AWS
2016-03-20 22:00:00,MAITRI,-7.4,958.1,93.0,62.6,298.0,0.9007194244604316,REAL_AWS
2016-03-20 23:00:00,MAITRI,-7.3,958.7,93.0,62.8,298.0,0.9035971223021583,REAL_AWS
2016-03-21 00:00:00,MAITRI,-7.2,958.6,93.0,62.6,298.0,0.9007194244604316,REAL_AWS
2016-03-21 01:00:00,MAITRI,-7.4,958.2,93.0,62.5,300.0,0.8992805755395683,REAL_AWS
2016-03-21 02:00:00,MAITRI,-7.5,957.3,93.0,62.6,298.0,0.9007194244604316,REAL_AWS
2016-03-21 03:00:00,MAITRI,-7.5,956.9,93.0,61.9,298.0,0.8906474820143885,REAL_AWS
2016-03-21 04:00:00,MAITRI,-7.3,956.3,93.0,61.3,298.0,0.8820143884892085,REAL_AWS
2016-03-21 05:00:00,MAITRI,-7.2,956.1,93.0,62.2,298.0,0.8949640287769784,REAL_AWS
2016-03-21 06:00:00,MAITRI,-7.2,955.9,93.0,43.3,293.0,0.6230215827338129,REAL_AWS
2016-03-21 07:00:00,MAITRI,-7.1,955.3,93.0,61.9,298.0,0.8906474820143885,REAL_AWS
2016-03-21 08:00:00,MAITRI,-6.9,954.7,94.0,63.9,298.0,0.9194244604316547,REAL_AWS
2016-03-21 09:00:00,MAITRI,-6.8,954.2,94.0,63.3,298.0,0.9107913669064748,REAL_AWS
2016-03-21 10:00:00,MAITRI,-6.8,953.8,94.0,63.3,301.0,0.9107913669064748,REAL_AWS
2016-03-21 11:00:00,MAITRI,-6.6,953.7,94.0,63.3,298.0,0.9107913669064748,REAL_AWS
2016-03-21 12:00:00,MAITRI,-6.6,953.9,94.0,61.3,298.0,0.8820143884892085,REAL_AWS
2016-03-21 13:00:00,MAITRI,-6.6,953.5,94.0,61.9,298.0,0.8906474820143885,REAL_AWS
2016-03-21 14:00:00,MAITRI,-6.6,953.4,94.0,62.8,298.0,0.9035971223021583,REAL_AWS
2016-03-21 15:00:00,MAITRI,-6.5,953.5,94.0,60.7,304.0,0.8733812949640288,REAL_AWS
2016-03-21 16:00:00,MAITRI,-6.6,953.2,94.0,61.9,298.0,0.8906474820143885,REAL_AWS
2016-03-21 17:00:00,MAITRI,-6.6,953.0,94.0,63.3,298.0,0.9107913669064748,REAL_AWS
2016-03-21 18:00:00,MAITRI,-6.4,952.9,94.0,63.9,298.0,0.9194244604316547,REAL_AWS
2016-03-21 19:00:00,MAITRI,-6.4,952.5,94.0,61.1,299.0,0.879136690647482,REAL_AWS
2016-03-21 20:00:00,MAITRI,-6.3,952.3,94.0,34.6,283.0,0.49784172661870507,REAL_AWS
2016-03-21 21:00:00,MAITRI,-6.8,952.1,92.0,62.6,298.0,0.9007194244604316,REAL_AWS
2016-03-21 22:00:00,MAITRI,-7.9,952.0,91.0,61.3,298.0,0.8820143884892085,REAL_AWS
2016-03-21 23:00:00,MAITRI,-8.9,951.5,91.0,61.3,298.0,0.8820143884892085,REAL_AWS
2016-03-22 00:00:00,MAITRI,-9.1,951.0,90.0,61.9,301.0,0.8906474820143885,REAL_AWS
2016-03-22 01:00:00,MAITRI,-8.7,950.5,90.0,62.6,298.0,0.9007194244604316,REAL_AWS
2016-03-22 02:00:00,MAITRI,-9.0,949.9,90.0,63.9,298.0,0.9194244604316547,REAL_AWS
2016-03-22 03:00:00,MAITRI,-9.3,949.2,89.0,63.3,298.0,0.9107913669064748,REAL_AWS
2016-03-22 04:00:00,MAITRI,-11.0,948.9,88.0,63.2,298.0,0.9093525179856116,REAL_AWS
2016-03-22 05:00:00,MAITRI,-12.1,949.1,87.0,63.2,301.0,0.9093525179856116,REAL_AWS
2016-03-22 06:00:00,MAITRI,-13.1,949.2,86.0,62.6,298.0,0.9007194244604316,REAL_AWS
2016-03-22 07:00:00,MAITRI,-12.8,949.5,86.0,61.9,298.0,0.8906474820143885,REAL_AWS
2016-03-22 08:00:00,MAITRI,-12.3,949.5,86.0,61.9,298.0,0.8906474820143885,REAL_AWS
2016-03-22 09:00:00,MAITRI,-11.8,949.4,86.0,62.1,301.0,0.8935251798561151,REAL_AWS
2016-03-22 10:00:00,MAITRI,-11.5,949.7,88.0,61.9,298.0,0.8906474820143885,REAL_AWS
2016-03-22 11:00:00,MAITRI,-11.5,949.6,87.0,61.9,298.0,0.8906474820143885,REAL_AWS
2016-03-22 12:00:00,MAITRI,-11.5,949.9,87.0,63.9,298.0,0.9194244604316547,REAL_AWS
2016-03-22 13:00:00,MAITRI,-9.8,950.1,88.0,63.3,298.0,0.9107913669064748,REAL_AWS
2016-03-22 14:00:00,MAITRI,-8.1,950.4,93.0,63.3,298.0,0.9107913669064748,REAL_AWS
2016-03-22 15:00:00,MAITRI,-7.5,950.7,93.0,64.4,298.0,0.9266187050359713,REAL_AWS
2016-03-22 16:00:00,MAITRI,-9.7,951.1,91.0,42.2,295.0,0.6071942446043166,REAL_AWS
2016-03-22 17:00:00,MAITRI,-10.5,951.6,90.0,63.2,298.0,0.9093525179856116,REAL_AWS
2016-03-22 18:00:00,MAITRI,-11.0,952.3,89.0,61.3,298.0,0.8820143884892085,REAL_AWS
2016-03-22 19:00:00,MAITRI,-11.3,953.0,89.0,61.9,298.0,0.8906474820143885,REAL_AWS
2016-03-22 20:00:00,MAITRI,-10.5,953.5,84.0,61.1,300.0,0.879136690647482,REAL_AWS
2016-03-22 21:00:00,MAITRI,-10.6,953.8,85.0,61.6,297.0,0.8863309352517986,REAL_AWS
2016-03-22 22:00:00,MAITRI,-10.6,954.0,86.0,62.8,298.0,0.9035971223021583,REAL_AWS
2016-03-22 23:00:00,MAITRI,-10.5,954.6,88.0,62.4,297.0,0.897841726618705,REAL_AWS
2016-03-23 00:00:00,MAITRI,-9.8,955.0,85.0,62.6,298.0,0.9007194244604316,REAL_AWS
2016-03-23 01:00:00,MAITRI,-10.1,955.2,88.0,63.2,301.0,0.9093525179856116,REAL_AWS
2016-03-23 02:00:00,MAITRI,-9.6,955.8,87.0,63.3,298.0,0.9107913669064748,REAL_AWS
2016-03-23 03:00:00,MAITRI,-9.1,956.2,88.0,61.9,298.0,0.8906474820143885,REAL_AWS
2016-03-23 04:00:00,MAITRI,-8.7,956.5,88.0,61.9,298.0,0.8906474820143885,REAL_AWS
2016-03-23 05:00:00,MAITRI,-9.3,957.2,89.0,61.5,298.0,0.8848920863309353,REAL_AWS
2016-03-23 06:00:00,MAITRI,-9.1,957.4,90.0,57.1,302.0,0.8215827338129497,REAL_AWS
2016-03-23 07:00:00,MAITRI,-8.7,957.8,91.0,61.9,298.0,0.8906474820143885,REAL_AWS
2016-03-23 08:00:00,MAITRI,-8.8,958.3,91.0,63.3,298.0,0.9107913669064748,REAL_AWS
2016-03-23 09:00:00,MAITRI,-8.8,958.7,91.0,63.3,298.0,0.9107913669064748,REAL_AWS
2016-03-23 10:00:00,MAITRI,-8.4,959.0,92.0,63.0,298.0,0.9064748201438849,REAL_AWS
2016-03-23 11:00:00,MAITRI,-7.5,959.5,93.0,62.8,300.0,0.9035971223021583,REAL_AWS
2016-03-23 12:00:00,MAITRI,-7.3,960.2,93.0,38.4,283.0,0.5525179856115108,REAL_AWS
2016-03-23 13:00:00,MAITRI,-7.5,961.2,92.0,63.2,298.0,0.9093525179856116,REAL_AWS
2016-03-23 14:00:00,MAITRI,-8.0,962.3,91.0,61.2,298.0,0.8805755395683453,REAL_AWS
2016-03-23 15:00:00,MAITRI,-8.3,962.4,90.0,61.3,298.0,0.8820143884892085,REAL_AWS
2016-03-23 16:00:00,MAITRI,-8.0,962.7,89.0,61.9,300.0,0.8906474820143885,REAL_AWS
2016-03-23 17:00:00,MAITRI,-7.6,963.0,89.0,62.5,298.0,0.8992805755395683,REAL_AWS
2016-03-23 18:00:00,MAITRI,-7.4,963.5,91.0,61.3,298.0,0.8820143884892085,REAL_AWS
2016-03-23 19:00:00,MAITRI,-7.6,964.0,90.0,62.6,298.0,0.9007194244604316,REAL_AWS
2016-03-23 20:00:00,MAITRI,-7.8,963.6,90.0,61.9,298.0,0.8906474820143885,REAL_AWS
2016-03-23 21:00:00,MAITRI,-7.9,963.5,91.0,50.9,298.0,0.7323741007194244,REAL_AWS
2016-03-23 22:00:00,MAITRI,-7.9,963.5,91.0,62.6,299.0,0.9007194244604316,REAL_AWS
2016-03-23 23:00:00,MAITRI,-8.0,963.5,91.0,63.3,298.0,0.9107913669064748,REAL_AWS
2016-03-24 00:00:00,MAITRI,-7.9,963.4,91.0,62.6,298.0,0.9007194244604316,REAL_AWS
2016-03-24 01:00:00,MAITRI,-7.9,963.7,90.0,63.2,300.0,0.9093525179856116,REAL_AWS
2016-03-24 02:00:00,MAITRI,-7.7,963.6,89.0,62.1,298.0,0.8935251798561151,REAL_AWS
2016-03-24 03:00:00,MAITRI,-7.5,963.6,87.0,57.0,302.0,0.8201438848920863,REAL_AWS
2016-03-24 04:00:00,MAITRI,-8.1,963.3,87.0,61.9,298.0,0.8906474820143885,REAL_AWS
2016-03-24 05:00:00,MAITRI,-8.3,963.3,85.0,61.9,298.0,0.8906474820143885,REAL_AWS
2016-03-24 06:00:00,MAITRI,-8.6,963.1,84.0,61.2,301.0,0.8805755395683453,REAL_AWS
2016-03-24 07:00:00,MAITRI,-9.0,963.1,80.0,62.6,299.0,0.9007194244604316,REAL_AWS
2016-03-24 08:00:00,MAITRI,-9.3,963.2,79.0,63.2,298.0,0.9093525179856116,REAL_AWS
2016-03-24 09:00:00,MAITRI,-8.8,963.0,78.0,62.6,298.0,0.9007194244604316,REAL_AWS
2016-03-24 10:00:00,MAITRI,-8.4,962.5,76.0,64.2,299.0,0.9237410071942447,REAL_AWS
2016-03-24 11:00:00,MAITRI,-8.6,961.9,75.0,63.3,298.0,0.9107913669064748,REAL_AWS
2016-03-24 12:00:00,MAITRI,-8.4,961.5,75.0,61.0,295.0,0.8776978417266187,REAL_AWS
2016-03-24 13:00:00,MAITRI,-8.5,961.0,69.0,61.9,298.0,0.8906474820143885,REAL_AWS
2016-03-24 14:00:00,MAITRI,-9.0,960.6,66.0,61.3,298.0,0.8820143884892085,REAL_AWS
2016-03-24 15:00:00,MAITRI,-10.2,960.4,66.0,61.9,300.0,0.8906474820143885,REAL_AWS
2016-03-24 16:00:00,MAITRI,-11.2,960.0,65.0,62.6,299.0,0.9007194244604316,REAL_AWS
2016-03-24 17:00:00,MAITRI,-12.1,960.3,66.0,63.2,298.0,0.9093525179856116,REAL_AWS
2016-03-24 18:00:00,MAITRI,-12.8,959.5,61.0,63.9,298.0,0.9194244604316547,REAL_AWS
2016-03-24 19:00:00,MAITRI,-13.0,959.2,60.0,61.5,299.0,0.8848920863309353,REAL_AWS
2016-03-24 20:00:00,MAITRI,-12.3,958.8,52.0,54.9,293.0,0.7899280575539568,REAL_AWS
2016-03-24 21:00:00,MAITRI,-13.3,958.8,55.0,55.4,298.0,0.7971223021582734,REAL_AWS
2016-03-24 22:00:00,MAITRI,-12.1,959.1,52.0,62.6,298.0,0.9007194244604316,REAL_AWS
2016-03-24 23:00:00,MAITRI,-14.8,958.9,64.0,62.6,298.0,0.9007194244604316,REAL_AWS
2016-03-25 00:00:00,MAITRI,-13.9,958.8,53.0,61.3,299.0,0.8820143884892085,REAL_AWS
2016-03-25 01:00:00,MAITRI,-14.3,958.6,50.0,62.6,300.0,0.9007194244604316,REAL_AWS
2016-03-25 02:00:00,MAITRI,-13.0,958.1,44.0,41.4,303.0,0.59568345323741,REAL_AWS
2016-03-25 03:00:00,MAITRI,-12.2,957.9,39.0,62.6,298.0,0.9007194244604316,REAL_AWS
2016-03-25 04:00:00,MAITRI,-13.2,957.4,47.0,66.1,299.0,0.9510791366906474,REAL_AWS
2016-03-25 05:00:00,MAITRI,-13.1,957.7,47.0,39.7,304.0,0.5712230215827339,REAL_AWS
2016-03-25 06:00:00,MAITRI,-13.2,957.9,42.0,62.6,300.0,0.9007194244604316,REAL_AWS
2016-03-25 07:00:00,MAITRI,-14.0,958.2,48.0,62.5,298.0,0.8992805755395683,REAL_AWS
2016-03-25 08:00:00,MAITRI,-13.7,958.7,53.0,61.3,298.0,0.8820143884892085,REAL_AWS
2016-03-25 09:00:00,MAITRI,-11.5,959.4,49.0,61.3,299.0,0.8820143884892085,REAL_AWS
2016-03-25 10:00:00,MAITRI,-11.9,959.8,46.0,61.9,300.0,0.8906474820143885,REAL_AWS
2016-03-25 11:00:00,MAITRI,-12.8,959.6,50.0,57.4,293.0,0.8258992805755395,REAL_AWS
2016-03-25 12:00:00,MAITRI,-11.5,959.9,45.0,63.9,298.0,0.9194244604316547,REAL_AWS
2016-03-25 13:00:00,MAITRI,-10.9,960.0,42.0,56.6,298.0,0.8143884892086332,REAL_AWS
2016-03-25 14:00:00,MAITRI,-11.9,960.4,44.0,62.6,299.0,0.9007194244604316,REAL_AWS
2016-03-25 15:00:00,MAITRI,-11.4,960.7,42.0,63.2,300.0,0.9093525179856116,REAL_AWS
2016-03-25 16:00:00,MAITRI,-13.6,961.1,50.0,63.2,298.0,0.9093525179856116,REAL_AWS
2016-03-25 17:00:00,MAITRI,-16.1,961.2,51.0,61.9,298.0,0.8906474820143885,REAL_AWS
2016-03-25 18:00:00,MAITRI,-15.8,961.7,52.0,61.3,299.0,0.8820143884892085,REAL_AWS
2016-03-25 19:00:00,MAITRI,-16.3,962.4,56.0,57.8,299.0,0.8316546762589928,REAL_AWS
2016-03-25 20:00:00,MAITRI,-16.9,962.8,58.0,55.3,293.0,0.7956834532374101,REAL_AWS
2016-03-25 21:00:00,MAITRI,-16.0,963.3,53.0,62.3,298.0,0.8964028776978417,REAL_AWS
2016-03-25 22:00:00,MAITRI,-16.7,963.7,55.0,62.9,298.0,0.9050359712230216,REAL_AWS
2016-03-25 23:00:00,MAITRI,-17.6,964.3,58.0,62.1,300.0,0.8935251798561151,REAL_AWS
2016-03-26 00:00:00,MAITRI,-17.6,964.4,52.0,63.2,300.0,0.9093525179856116,REAL_AWS
2016-03-26 01:00:00,MAITRI,-17.1,964.3,51.0,63.2,298.0,0.9093525179856116,REAL_AWS
2016-03-26 02:00:00,MAITRI,-17.8,964.5,53.0,62.6,298.0,0.9007194244604316,REAL_AWS
2016-03-26 03:00:00,MAITRI,-16.2,964.7,47.0,54.1,294.0,0.7784172661870504,REAL_AWS
2016-03-26 04:00:00,MAITRI,-16.2,964.3,46.0,53.6,296.0,0.7712230215827338,REAL_AWS
2016-03-26 05:00:00,MAITRI,-15.7,964.5,42.0,62.6,298.0,0.9007194244604316,REAL_AWS
2016-03-26 06:00:00,MAITRI,-15.6,964.5,44.0,62.6,298.0,0.9007194244604316,REAL_AWS
2016-03-26 07:00:00,MAITRI,-15.9,964.4,48.0,62.6,298.0,0.9007194244604316,REAL_AWS
2016-03-26 08:00:00,MAITRI,-13.9,964.5,38.0,62.4,300.0,0.897841726618705,REAL_AWS
2016-03-26 09:00:00,MAITRI,-14.4,965.0,52.0,62.4,297.0,0.897841726618705,REAL_AWS
2016-03-26 10:00:00,MAITRI,-14.7,964.9,55.0,61.9,298.0,0.8906474820143885,REAL_AWS
2016-03-26 11:00:00,MAITRI,-14.6,964.8,55.0,64.3,298.0,0.9251798561151079,REAL_AWS
2016-03-26 12:00:00,MAITRI,-14.3,964.9,54.0,59.9,298.0,0.8618705035971223,REAL_AWS
2016-03-26 13:00:00,MAITRI,-13.6,964.5,47.0,62.6,301.0,0.9007194244604316,REAL_AWS
2016-03-26 14:00:00,MAITRI,-13.9,964.9,55.0,62.6,298.0,0.9007194244604316,REAL_AWS
2016-03-26 15:00:00,MAITRI,-14.1,964.6,56.0,63.9,298.0,0.9194244604316547,REAL_AWS
2016-03-26 16:00:00,MAITRI,-14.1,964.5,55.0,62.6,298.0,0.9007194244604316,REAL_AWS
2016-03-26 17:00:00,MAITRI,-14.4,964.1,52.0,58.1,300.0,0.8359712230215828,REAL_AWS
2016-03-26 18:00:00,MAITRI,-14.5,964.3,53.0,35.9,276.0,0.516546762589928,REAL_AWS
2016-03-26 19:00:00,MAITRI,-14.4,964.5,48.0,61.3,298.0,0.8820143884892085,REAL_AWS
2016-03-26 20:00:00,MAITRI,-14.1,964.1,50.0,61.3,298.0,0.8820143884892085,REAL_AWS
2016-03-26 21:00:00,MAITRI,-13.7,964.4,51.0,61.3,298.0,0.8820143884892085,REAL_AWS
2016-03-26 22:00:00,MAITRI,-13.6,964.4,55.0,61.9,301.0,0.8906474820143885,REAL_AWS
2016-03-26 23:00:00,MAITRI,-13.9,964.4,58.0,61.9,298.0,0.8906474820143885,REAL_AWS
2016-03-27 00:00:00,MAITRI,-13.8,964.6,59.0,62.6,298.0,0.9007194244604316,REAL_AWS
2016-03-27 01:00:00,MAITRI,-13.5,964.5,58.0,63.9,298.0,0.9194244604316547,REAL_AWS
2016-03-27 02:00:00,MAITRI,-12.8,965.0,57.0,63.9,298.0,0.9194244604316547,REAL_AWS
2016-03-27 03:00:00,MAITRI,-12.8,965.3,51.0,28.3,292.0,0.4071942446043166,REAL_AWS
2016-03-27 04:00:00,MAITRI,-13.0,965.2,57.0,62.5,298.0,0.8992805755395683,REAL_AWS
2016-03-27 05:00:00,MAITRI,-12.3,965.4,53.0,62.5,298.0,0.8992805755395683,REAL_AWS
2016-03-27 06:00:00,MAITRI,-12.1,965.9,55.0,61.3,298.0,0.8820143884892085,REAL_AWS
2016-03-27 07:00:00,MAITRI,-11.5,966.5,53.0,61.9,301.0,0.8906474820143885,REAL_AWS
2016-03-27 08:00:00,MAITRI,-12.0,967.1,56.0,61.9,298.0,0.8906474820143885,REAL_AWS
2016-03-27 09:00:00,MAITRI,-11.3,967.4,55.0,63.9,298.0,0.9194244604316547,REAL_AWS
2016-03-27 10:00:00,MAITRI,-10.8,967.4,52.0,63.9,298.0,0.9194244604316547,REAL_AWS
2016-03-27 11:00:00,MAITRI,-10.9,967.6,49.0,65.2,299.0,0.9381294964028778,REAL_AWS
2016-03-27 12:00:00,MAITRI,-10.3,968.2,42.0,23.1,319.0,0.33237410071942447,REAL_AWS
2016-03-27 13:00:00,MAITRI,-10.2,968.3,43.0,63.2,298.0,0.9093525179856116,REAL_AWS
2016-03-27 14:00:00,MAITRI,-10.8,967.8,54.0,61.3,298.0,0.8820143884892085,REAL_AWS
2016-03-27 15:00:00,MAITRI,-10.3,968.0,54.0,61.9,298.0,0.8906474820143885,REAL_AWS
2016-03-27 16:00:00,MAITRI,-9.8,967.6,51.0,61.9,301.0,0.8906474820143885,REAL_AWS
2016-03-27 17:00:00,MAITRI,-9.5,967.7,44.0,61.9,298.0,0.8906474820143885,REAL_AWS
2016-03-27 18:00:00,MAITRI,-9.2,967.5,48.0,63.2,298.0,0.9093525179856116,REAL_AWS
2016-03-27 19:00:00,MAITRI,-9.3,967.3,48.0,62.6,298.0,0.9007194244604316,REAL_AWS
2016-03-27 20:00:00,MAITRI,-8.8,967.4,44.0,63.9,298.0,0.9194244604316547,REAL_AWS
2016-03-27 21:00:00,MAITRI,-8.8,967.1,43.0,23.5,308.0,0.3381294964028777,REAL_AWS
2016-03-27 22:00:00,MAITRI,-9.0,966.3,50.0,62.5,298.0,0.8992805755395683,REAL_AWS
2016-03-27 23:00:00,MAITRI,-9.3,965.6,58.0,61.9,298.0,0.8906474820143885,REAL_AWS
2016-03-28 00:00:00,MAITRI,-9.5,965.4,65.0,61.3,298.0,0.8820143884892085,REAL_AWS
2016-03-28 01:00:00,MAITRI,-9.9,964.8,85.0,62.6,301.0,0.9007194244604316,REAL_AWS
2016-03-28 02:00:00,MAITRI,-10.1,964.0,90.0,61.9,298.0,0.8906474820143885,REAL_AWS
2016-03-28 03:00:00,MAITRI,-10.0,963.2,90.0,62.6,298.0,0.9007194244604316,REAL_AWS
2016-03-28 04:00:00,MAITRI,-10.0,962.5,91.0,63.2,298.0,0.9093525179856116,REAL_AWS
2016-03-28 05:00:00,MAITRI,-9.6,962.7,91.0,72.6,299.0,1.0,REAL_AWS
2016-03-28 06:00:00,MAITRI,-9.5,962.6,91.0,25.7,297.0,0.36978417266187047,REAL_AWS
2016-03-28 07:00:00,MAITRI,-9.3,962.5,91.0,62.6,298.0,0.9007194244604316,REAL_AWS
2016-03-28 08:00:00,MAITRI,-9.2,962.6,91.0,61.2,298.0,0.8805755395683453,REAL_AWS
2016-03-28 09:00:00,MAITRI,-9.2,962.9,91.0,61.9,298.0,0.8906474820143885,REAL_AWS
2016-03-28 10:00:00,MAITRI,-9.1,963.3,91.0,61.9,301.0,0.8906474820143885,REAL_AWS
2016-03-28 11:00:00,MAITRI,-9.3,963.3,91.0,61.9,298.0,0.8906474820143885,REAL_AWS
2016-03-28 12:00:00,MAITRI,-9.2,963.9,91.0,63.9,298.0,0.9194244604316547,REAL_AWS
2016-03-28 13:00:00,MAITRI,-9.2,963.9,91.0,63.3,298.0,0.9107913669064748,REAL_AWS
2016-03-28 14:00:00,MAITRI,-9.2,963.6,91.0,56.1,299.0,0.8071942446043165,REAL_AWS
2016-03-28 15:00:00,MAITRI,-9.1,963.9,91.0,32.1,282.0,0.46187050359712234,REAL_AWS
2016-03-28 16:00:00,MAITRI,-9.0,964.6,92.0,63.0,298.0,0.9064748201438849,REAL_AWS
2016-03-28 17:00:00,MAITRI,-8.9,964.9,92.0,61.2,298.0,0.8805755395683453,REAL_AWS
2016-03-28 18:00:00,MAITRI,-8.9,965.4,92.0,61.9,298.0,0.8906474820143885,REAL_AWS
2016-03-28 19:00:00,MAITRI,-9.0,965.5,92.0,61.9,301.0,0.8906474820143885,REAL_AWS
2016-03-28 20:00:00,MAITRI,-9.0,965.6,92.0,61.9,298.0,0.8906474820143885,REAL_AWS
2016-03-28 21:00:00,MAITRI,-9.0,965.6,92.0,63.2,298.0,0.9093525179856116,REAL_AWS
2016-03-28 22:00:00,MAITRI,-8.8,965.3,92.0,63.3,298.0,0.9107913669064748,REAL_AWS
2016-03-28 23:00:00,MAITRI,-8.7,964.8,92.0,65.6,299.0,0.9438848920863309,REAL_AWS
2016-03-29 00:00:00,MAITRI,-8.8,964.3,92.0,25.9,275.0,0.3726618705035971,REAL_AWS
2016-03-29 01:00:00,MAITRI,-8.6,963.1,92.0,62.6,298.0,0.9007194244604316,REAL_AWS
2016-03-29 02:00:00,MAITRI,-8.5,961.7,92.0,61.2,298.0,0.8805755395683453,REAL_AWS
2016-03-29 03:00:00,MAITRI,-8.2,960.0,92.0,61.9,298.0,0.8906474820143885,REAL_AWS
2016-03-29 04:00:00,MAITRI,-8.0,958.6,92.0,62.6,301.0,0.9007194244604316,REAL_AWS
2016-03-29 05:00:00,MAITRI,-7.6,956.4,93.0,62.6,298.0,0.9007194244604316,REAL_AWS
2016-03-29 06:00:00,MAITRI,-7.3,954.5,93.0,63.9,298.0,0.9194244604316547,REAL_AWS
2016-03-29 07:00:00,MAITRI,-7.0,953.0,93.0,63.3,298.0,0.9107913669064748,REAL_AWS
2016-03-29 08:00:00,MAITRI,-6.7,950.6,94.0,64.8,299.0,0.9323741007194244,REAL_AWS
2016-03-29 09:00:00,MAITRI,-6.4,947.4,94.0,26.7,309.0,0.3841726618705036,REAL_AWS
2016-03-29 10:00:00,MAITRI,-6.0,944.5,94.0,62.5,298.0,0.8992805755395683,REAL_AWS
2016-03-29 11:00:00,MAITRI,-6.4,943.2,94.0,61.9,299.0,0.8906474820143885,REAL_AWS
2016-03-29 12:00:00,MAITRI,-6.5,942.5,94.0,61.3,298.0,0.8820143884892085,REAL_AWS
2016-03-29 13:00:00,MAITRI,-6.6,941.4,94.0,61.9,301.0,0.8906474820143885,REAL_AWS
2016-03-29 14:00:00,MAITRI,-6.6,941.0,94.0,61.9,298.0,0.8906474820143885,REAL_AWS
2016-03-29 15:00:00,MAITRI,-6.6,939.9,94.0,63.3,298.0,0.9107913669064748,REAL_AWS
2016-03-29 16:00:00,MAITRI,-6.4,940.0,94.0,63.3,298.0,0.9107913669064748,REAL_AWS
2016-03-29 17:00:00,MAITRI,-6.3,939.3,94.0,64.5,299.0,0.9280575539568345,REAL_AWS
2016-03-29 18:00:00,MAITRI,-6.3,938.8,94.0,28.9,308.0,0.4158273381294964,REAL_AWS
2016-03-29 19:00:00,MAITRI,-6.1,938.4,94.0,63.3,298.0,0.9107913669064748,REAL_AWS
2016-03-29 20:00:00,MAITRI,-6.0,937.4,94.0,62.6,298.0,0.9007194244604316,REAL_AWS
2016-03-29 21:00:00,MAITRI,-5.8,937.3,94.0,61.9,298.0,0.8906474820143885,REAL_AWS
2016-03-29 22:00:00,MAITRI,-5.6,936.9,95.0,61.9,301.0,0.8906474820143885,REAL_AWS
2016-03-29 23:00:00,MAITRI,-5.6,937.2,95.0,61.9,298.0,0.8906474820143885,REAL_AWS
2016-03-30 00:00:00,MAITRI,-5.2,937.5,95.0,63.3,298.0,0.9107913669064748,REAL_AWS
2016-03-30 01:00:00,MAITRI,-5.0,937.9,95.0,63.9,298.0,0.9194244604316547,REAL_AWS
2016-03-30 02:00:00,MAITRI,-4.7,938.0,95.0,63.3,298.0,0.9107913669064748,REAL_AWS
2016-03-30 03:00:00,MAITRI,-4.5,937.9,95.0,63.9,298.0,0.9194244604316547,REAL_AWS
2016-03-30 04:00:00,MAITRI,-4.2,938.1,95.0,63.8,298.0,0.9179856115107913,REAL_AWS
2016-03-30 05:00:00,MAITRI,-3.8,937.6,95.0,62.6,301.0,0.9007194244604316,REAL_AWS
2016-03-30 06:00:00,MAITRI,-3.8,937.8,96.0,61.6,303.0,0.8863309352517986,REAL_AWS
2016-03-30 07:00:00,MAITRI,-3.0,938.1,96.0,28.1,316.0,0.40431654676258993,REAL_AWS
2016-03-30 08:00:00,MAITRI,-2.4,937.7,97.0,62.6,298.0,0.9007194244604316,REAL_AWS
2016-03-30 09:00:00,MAITRI,-2.2,939.2,97.0,63.3,298.0,0.9107913669064748,REAL_AWS
2016-03-30 10:00:00,MAITRI,-2.1,941.3,98.0,63.3,298.0,0.9107913669064748,REAL_AWS
2016-03-30 11:00:00,MAITRI,-2.2,943.6,99.0,61.3,298.0,0.8820143884892085,REAL_AWS
2016-03-30 12:00:00,MAITRI,-2.1,946.0,99.0,61.3,298.0,0.8820143884892085,REAL_AWS
2016-03-30 13:00:00,MAITRI,-2.1,948.3,99.0,61.3,298.0,0.8820143884892085,REAL_AWS
2016-03-30 14:00:00,MAITRI,-2.6,950.6,99.0,61.9,298.0,0.8906474820143885,REAL_AWS
2016-03-30 15:00:00,MAITRI,-3.2,952.8,98.0,61.3,298.0,0.8820143884892085,REAL_AWS
2016-03-30 16:00:00,MAITRI,-3.4,953.9,97.0,61.9,298.0,0.8906474820143885,REAL_AWS
2016-03-30 17:00:00,MAITRI,-3.3,955.0,97.0,61.3,298.0,0.8820143884892085,REAL_AWS
2016-03-30 18:00:00,MAITRI,-2.9,956.0,98.0,66.3,300.0,0.953956834532374,REAL_AWS
2016-03-30 19:00:00,MAITRI,-2.6,957.1,98.0,61.9,301.0,0.8906474820143885,REAL_AWS
2016-03-30 20:00:00,MAITRI,-2.5,958.4,98.0,62.6,301.0,0.9007194244604316,REAL_AWS
2016-03-30 21:00:00,MAITRI,-2.7,959.7,98.0,55.0,297.0,0.7913669064748201,REAL_AWS
2016-03-30 22:00:00,MAITRI,-2.7,960.7,98.0,61.9,298.0,0.8906474820143885,REAL_AWS
2016-03-30 23:00:00,MAITRI,-2.5,961.7,98.0,61.9,298.0,0.8906474820143885,REAL_AWS
2016-03-31 00:00:00,MAITRI,-2.5,962.6,99.0,62.6,298.0,0.9007194244604316,REAL_AWS
2016-03-31 01:00:00,MAITRI,-2.3,963.6,99.0,62.6,298.0,0.9007194244604316,REAL_AWS
2016-03-31 02:00:00,MAITRI,-2.3,964.7,99.0,63.3,298.0,0.9107913669064748,REAL_AWS
2016-03-31 03:00:00,MAITRI,-2.5,965.5,99.0,63.9,298.0,0.9194244604316547,REAL_AWS
2016-03-31 04:00:00,MAITRI,-2.6,966.1,99.0,63.6,299.0,0.9151079136690647,REAL_AWS
2016-03-31 05:00:00,MAITRI,-2.6,966.5,98.0,62.6,298.0,0.9007194244604316,REAL_AWS
2016-03-31 06:00:00,MAITRI,-2.7,967.8,98.0,63.3,298.0,0.9107913669064748,REAL_AWS
2016-03-31 07:00:00,MAITRI,-2.9,968.7,98.0,63.3,298.0,0.9107913669064748,REAL_AWS
2016-03-31 08:00:00,MAITRI,-3.0,969.5,98.0,64.3,298.0,0.9251798561151079,REAL_AWS
2016-03-31 09:00:00,MAITRI,-3.0,970.2,98.0,61.0,300.0,0.8776978417266187,REAL_AWS
2016-03-31 10:00:00,MAITRI,-3.2,971.4,98.0,62.6,301.0,0.9007194244604316,REAL_AWS
2016-03-31 11:00:00,MAITRI,-3.3,972.6,98.0,53.2,310.0,0.7654676258992806,REAL_AWS
2016-03-31 12:00:00,MAITRI,-3.7,972.7,97.0,35.5,280.0,0.5107913669064749,REAL_AWS
2016-03-31 13:00:00,MAITRI,-4.0,972.7,97.0,62.6,298.0,0.9007194244604316,REAL_AWS
2016-03-31 14:00:00,MAITRI,-4.2,972.9,97.0,63.3,298.0,0.9107913669064748,REAL_AWS
2016-03-31 15:00:00,MAITRI,-4.4,973.7,97.0,61.9,298.0,0.8906474820143885,REAL_AWS
2016-03-31 16:00:00,MAITRI,-4.5,973.8,96.0,61.3,298.0,0.8820143884892085,REAL_AWS
2016-03-31 17:00:00,MAITRI,-4.7,974.4,96.0,61.3,298.0,0.8820143884892085,REAL_AWS
2016-03-31 18:00:00,MAITRI,-4.9,974.4,96.0,61.9,301.0,0.8906474820143885,REAL_AWS
2016-03-31 19:00:00,MAITRI,-5.0,974.3,96.0,62.6,298.0,0.9007194244604316,REAL_AWS
2016-03-31 20:00:00,MAITRI,-5.1,974.1,96.0,63.3,298.0,0.9107913669064748,REAL_AWS
2016-03-31 21:00:00,MAITRI,-5.1,973.9,96.0,63.9,298.0,0.9194244604316547,REAL_AWS
2016-03-31 22:00:00,MAITRI,-5.1,973.7,96.0,62.9,300.0,0.9050359712230216,REAL_AWS
2016-03-31 23:00:00,MAITRI,-5.2,973.6,96.0,59.6,293.0,0.8575539568345324,REAL_AWS
2016-04-01 00:00:00,MAITRI,,,,,,,REAL_AWS_WITH_MISSING
2016-04-01 01:00:00,MAITRI,,,,,,,REAL_AWS_WITH_MISSING
2016-04-01 02:00:00,MAITRI,,,,,,,REAL_AWS_WITH_MISSING
2016-04-01 03:00:00,MAITRI,,,,,,,REAL_AWS_WITH_MISSING
2016-04-01 04:00:00,MAITRI,,,,,,,REAL_AWS_WITH_MISSING
2016-04-01 05:00:00,MAITRI,,,,,,,REAL_AWS_WITH_MISSING
2016-04-01 06:00:00,MAITRI,,,,,,,REAL_AWS_WITH_MISSING
2016-04-01 07:00:00,MAITRI,,,,,,,REAL_AWS_WITH_MISSING
2016-04-01 08:00:00,MAITRI,,,,,,,REAL_AWS_WITH_MISSING
2016-04-01 09:00:00,MAITRI,,,,,,,REAL_AWS_WITH_MISSING
2016-04-01 10:00:00,MAITRI,,,,,,,REAL_AWS_WITH_MISSING
2016-04-01 11:00:00,MAITRI,,,,,,,REAL_AWS_WITH_MISSING
2016-04-01 12:00:00,MAITRI,,,,,,,REAL_AWS_WITH_MISSING
2016-04-01 13:00:00,MAITRI,,,,,,,REAL_AWS_WITH_MISSING
2016-04-01 14:00:00,MAITRI,,,,,,,REAL_AWS_WITH_MISSING
2016-04-01 15:00:00,MAITRI,,,,,,,REAL_AWS_WITH_MISSING
2016-04-01 16:00:00,MAITRI,,,,,,,REAL_AWS_WITH_MISSING
2016-04-01 17:00:00,MAITRI,,,,,,,REAL_AWS_WITH_MISSING
2016-04-01 18:00:00,MAITRI,,,,,,,REAL_AWS_WITH_MISSING
2016-04-01 19:00:00,MAITRI,,,,,,,REAL_AWS_WITH_MISSING
2016-04-01 20:00:00,MAITRI,,,,,,,REAL_AWS_WITH_MISSING
2016-04-01 21:00:00,MAITRI,-6.4,960.8,94.0,61.9,298.0,0.8906474820143885,REAL_AWS
2016-04-01 22:00:00,MAITRI,-6.4,960.2,94.0,62.6,301.0,0.9007194244604316,REAL_AWS
2016-04-01 23:00:00,MAITRI,-6.3,959.8,94.0,62.6,298.0,0.9007194244604316,REAL_AWS
2016-04-02 00:00:00,MAITRI,-6.5,959.7,94.0,63.3,298.0,0.9107913669064748,REAL_AWS
2016-04-02 01:00:00,MAITRI,-6.6,959.4,94.0,63.3,298.0,0.9107913669064748,REAL_AWS
2016-04-02 02:00:00,MAITRI,-6.8,959.0,93.0,60.3,298.0,0.8676258992805755,REAL_AWS
2016-04-02 03:00:00,MAITRI,-6.9,958.7,94.0,60.4,301.0,0.8690647482014389,REAL_AWS
2016-04-02 04:00:00,MAITRI,-6.9,958.6,93.0,63.2,298.0,0.9093525179856116,REAL_AWS
2016-04-02 05:00:00,MAITRI,-7.0,958.7,93.0,61.2,298.0,0.8805755395683453,REAL_AWS
2016-04-02 06:00:00,MAITRI,-7.1,958.6,93.0,61.9,298.0,0.8906474820143885,REAL_AWS
2016-04-02 07:00:00,MAITRI,-7.2,958.6,93.0,62.6,301.0,0.9007194244604316,REAL_AWS
2016-04-02 08:00:00,MAITRI,-7.1,958.9,93.0,62.6,298.0,0.9007194244604316,REAL_AWS
2016-04-02 09:00:00,MAITRI,-7.0,959.0,93.0,63.3,298.0,0.9107913669064748,REAL_AWS
2016-04-02 10:00:00,MAITRI,-6.8,959.1,93.0,63.3,298.0,0.9107913669064748,REAL_AWS
2016-04-02 11:00:00,MAITRI,-6.6,959.2,93.0,63.0,298.0,0.9064748201438849,REAL_AWS
2016-04-02 12:00:00,MAITRI,-6.6,959.1,93.0,62.6,301.0,0.9007194244604316,REAL_AWS
2016-04-02 13:00:00,MAITRI,-6.5,959.5,93.0,62.6,298.0,0.9007194244604316,REAL_AWS
2016-04-02 14:00:00,MAITRI,-6.6,959.8,93.0,61.9,298.0,0.8906474820143885,REAL_AWS
2016-04-02 15:00:00,MAITRI,-6.7,960.0,93.0,62.6,298.0,0.9007194244604316,REAL_AWS
2016-04-02 16:00:00,MAITRI,-6.7,960.2,93.0,62.1,301.0,0.8935251798561151,REAL_AWS
2016-04-02 17:00:00,MAITRI,-6.9,960.8,93.0,62.6,298.0,0.9007194244604316,REAL_AWS
2016-04-02 18:00:00,MAITRI,-6.8,961.1,93.0,63.2,298.0,0.9093525179856116,REAL_AWS
2016-04-02 19:00:00,MAITRI,-6.9,961.7,93.0,63.3,298.0,0.9107913669064748,REAL_AWS
2016-04-02 20:00:00,MAITRI,-7.1,962.3,93.0,63.9,298.0,0.9194244604316547,REAL_AWS
2016-04-02 21:00:00,MAITRI,-7.3,962.4,93.0,63.2,301.0,0.9093525179856116,REAL_AWS
2016-04-02 22:00:00,MAITRI,-7.3,962.7,93.0,62.6,298.0,0.9007194244604316,REAL_AWS
2016-04-02 23:00:00,MAITRI,-7.5,963.4,93.0,61.9,298.0,0.8906474820143885,REAL_AWS
2016-04-03 00:00:00,MAITRI,-7.5,963.4,93.0,61.9,298.0,0.8906474820143885,REAL_AWS
2016-04-03 01:00:00,MAITRI,-7.3,963.5,93.0,64.7,300.0,0.9309352517985612,REAL_AWS
2016-04-03 02:00:00,MAITRI,-7.0,963.5,93.0,23.7,272.0,0.3410071942446043,REAL_AWS
2016-04-03 03:00:00,MAITRI,-6.9,963.3,93.0,62.8,298.0,0.9035971223021583,REAL_AWS
2016-04-03 04:00:00,MAITRI,-6.7,962.8,94.0,62.7,298.0,0.902158273381295,REAL_AWS
2016-04-03 05:00:00,MAITRI,-6.2,962.5,94.0,63.3,298.0,0.9107913669064748,REAL_AWS
2016-04-03 06:00:00,MAITRI,-5.8,962.3,94.0,63.3,301.0,0.9107913669064748,REAL_AWS
2016-04-03 07:00:00,MAITRI,-5.7,962.5,95.0,62.6,298.0,0.9007194244604316,REAL_AWS
2016-04-03 08:00:00,MAITRI,-5.4,962.3,95.0,61.3,298.0,0.8820143884892085,REAL_AWS
2016-04-03 09:00:00,MAITRI,-5.2,963.1,95.0,61.9,298.0,0.8906474820143885,REAL_AWS
2016-04-03 10:00:00,MAITRI,-5.0,963.7,95.0,60.0,299.0,0.8633093525179856,REAL_AWS
2016-04-03 11:00:00,MAITRI,-5.0,963.9,96.0,36.4,303.0,0.5237410071942445,REAL_AWS
2016-04-03 12:00:00,MAITRI,-4.7,964.3,96.0,62.6,298.0,0.9007194244604316,REAL_AWS
2016-04-03 13:00:00,MAITRI,-4.8,964.6,96.0,63.9,298.0,0.9194244604316547,REAL_AWS
2016-04-03 14:00:00,MAITRI,-5.0,964.4,95.0,61.9,298.0,0.8906474820143885,REAL_AWS
2016-04-03 15:00:00,MAITRI,-5.2,965.0,95.0,62.6,301.0,0.9007194244604316,REAL_AWS
2016-04-03 16:00:00,MAITRI,-5.4,964.9,95.0,62.6,298.0,0.9007194244604316,REAL_AWS
2016-04-03 17:00:00,MAITRI,-5.6,965.1,95.0,61.9,298.0,0.8906474820143885,REAL_AWS
2016-04-03 18:00:00,MAITRI,-5.9,965.4,94.0,61.9,298.0,0.8906474820143885,REAL_AWS
2016-04-03 19:00:00,MAITRI,-5.5,964.7,94.0,63.9,298.0,0.9194244604316547,REAL_AWS
2016-04-03 20:00:00,MAITRI,-5.7,964.6,94.0,50.3,300.0,0.7237410071942446,REAL_AWS
2016-04-03 21:00:00,MAITRI,-6.0,964.4,93.0,61.9,298.0,0.8906474820143885,REAL_AWS
2016-04-03 22:00:00,MAITRI,-6.3,964.7,93.0,63.9,298.0,0.9194244604316547,REAL_AWS
2016-04-03 23:00:00,MAITRI,-6.6,965.0,92.0,63.3,298.0,0.9107913669064748,REAL_AWS
2016-04-04 00:00:00,MAITRI,-6.7,965.0,92.0,63.2,300.0,0.9093525179856116,REAL_AWS
2016-04-04 01:00:00,MAITRI,-5.9,964.9,92.0,66.1,298.0,0.9510791366906474,REAL_AWS
2016-04-04 02:00:00,MAITRI,-7.2,965.5,92.0,62.5,299.0,0.8992805755395683,REAL_AWS
2016-04-04 03:00:00,MAITRI,-7.6,965.2,91.0,61.9,298.0,0.8906474820143885,REAL_AWS
2016-04-04 04:00:00,MAITRI,-7.8,965.4,91.0,61.9,298.0,0.8906474820143885,REAL_AWS
2016-04-04 05:00:00,MAITRI,-7.4,965.5,91.0,61.5,300.0,0.8848920863309353,REAL_AWS
2016-04-04 06:00:00,MAITRI,-7.6,966.2,91.0,61.3,298.0,0.8820143884892085,REAL_AWS
2016-04-04 07:00:00,MAITRI,-7.7,966.8,91.0,63.9,298.0,0.9194244604316547,REAL_AWS
2016-04-04 08:00:00,MAITRI,-7.8,967.2,90.0,63.3,298.0,0.9107913669064748,REAL_AWS
2016-04-04 09:00:00,MAITRI,-7.9,967.5,90.0,63.3,298.0,0.9107913669064748,REAL_AWS
2016-04-04 10:00:00,MAITRI,-7.5,967.7,90.0,63.0,298.0,0.9064748201438849,REAL_AWS
2016-04-04 11:00:00,MAITRI,-7.6,967.8,90.0,61.6,297.0,0.8863309352517986,REAL_AWS
2016-04-04 12:00:00,MAITRI,-7.6,968.1,90.0,61.3,298.0,0.8820143884892085,REAL_AWS
2016-04-04 13:00:00,MAITRI,-7.2,968.5,90.0,61.9,298.0,0.8906474820143885,REAL_AWS
2016-04-04 14:00:00,MAITRI,-7.6,968.8,90.0,61.3,300.0,0.8820143884892085,REAL_AWS
2016-04-04 15:00:00,MAITRI,-7.7,969.0,90.0,62.6,299.0,0.9007194244604316,REAL_AWS
2016-04-04 16:00:00,MAITRI,-7.8,969.3,89.0,63.3,298.0,0.9107913669064748,REAL_AWS
2016-04-04 17:00:00,MAITRI,-8.1,969.7,89.0,63.9,298.0,0.9194244604316547,REAL_AWS
2016-04-04 18:00:00,MAITRI,-8.4,970.0,88.0,64.5,299.0,0.9280575539568345,REAL_AWS
2016-04-04 19:00:00,MAITRI,-9.0,970.4,88.0,57.7,292.0,0.8302158273381295,REAL_AWS
2016-04-04 20:00:00,MAITRI,-8.7,970.7,87.0,50.1,303.0,0.720863309352518,REAL_AWS
2016-04-04 21:00:00,MAITRI,-8.2,970.9,86.0,61.9,298.0,0.8906474820143885,REAL_AWS
2016-04-04 22:00:00,MAITRI,-8.2,971.3,89.0,61.3,298.0,0.8820143884892085,REAL_AWS
2016-04-04 23:00:00,MAITRI,-10.2,971.7,90.0,61.9,300.0,0.8906474820143885,REAL_AWS
2016-04-05 00:00:00,MAITRI,-11.2,971.9,87.0,61.8,299.0,0.8892086330935252,REAL_AWS
2016-04-05 01:00:00,MAITRI,-11.4,971.8,85.0,62.6,298.0,0.9007194244604316,REAL_AWS
2016-04-05 02:00:00,MAITRI,-11.4,972.0,86.0,63.2,298.0,0.9093525179856116,REAL_AWS
2016-04-05 03:00:00,MAITRI,-11.7,971.8,85.0,67.0,299.0,0.9640287769784173,REAL_AWS
2016-04-05 04:00:00,MAITRI,-12.7,971.7,84.0,61.6,301.0,0.8863309352517986,REAL_AWS
2016-04-05 05:00:00,MAITRI,-12.4,971.7,84.0,63.2,299.0,0.9093525179856116,REAL_AWS
2016-04-05 06:00:00,MAITRI,-11.3,971.6,85.0,63.2,298.0,0.9093525179856116,REAL_AWS
2016-04-05 07:00:00,MAITRI,-11.4,971.8,85.0,61.9,298.0,0.8906474820143885,REAL_AWS
2016-04-05 08:00:00,MAITRI,-10.9,971.9,85.0,61.2,299.0,0.8805755395683453,REAL_AWS
2016-04-05 09:00:00,MAITRI,-9.0,972.0,90.0,61.5,299.0,0.8848920863309353,REAL_AWS
2016-04-05 10:00:00,MAITRI,-9.6,971.7,85.0,62.6,300.0,0.9007194244604316,REAL_AWS
2016-04-05 11:00:00,MAITRI,-11.0,971.3,84.0,62.6,298.0,0.9007194244604316,REAL_AWS
2016-04-05 12:00:00,MAITRI,-11.0,970.6,84.0,62.6,298.0,0.9007194244604316,REAL_AWS
2016-04-05 13:00:00,MAITRI,-8.7,969.8,84.0,62.6,299.0,0.9007194244604316,REAL_AWS
2016-04-05 14:00:00,MAITRI,-9.5,969.4,82.0,64.6,299.0,0.9294964028776977,REAL_AWS
2016-04-05 15:00:00,MAITRI,-8.8,968.5,81.0,58.2,296.0,0.8374100719424461,REAL_AWS
2016-04-05 16:00:00,MAITRI,-9.8,967.9,83.0,61.9,298.0,0.8906474820143885,REAL_AWS
2016-04-05 17:00:00,MAITRI,-10.8,967.2,83.0,61.3,298.0,0.8820143884892085,REAL_AWS
2016-04-05 18:00:00,MAITRI,-10.5,966.1,81.0,61.2,299.0,0.8805755395683453,REAL_AWS
2016-04-05 19:00:00,MAITRI,-9.6,964.7,80.0,62.0,300.0,0.8920863309352518,REAL_AWS
2016-04-05 20:00:00,MAITRI,-9.1,963.0,80.0,63.2,298.0,0.9093525179856116,REAL_AWS
2016-04-05 21:00:00,MAITRI,-8.4,960.8,79.0,63.1,298.0,0.9079136690647482,REAL_AWS
2016-04-05 22:00:00,MAITRI,-8.6,960.0,77.0,63.7,298.0,0.9165467625899281,REAL_AWS
2016-04-05 23:00:00,MAITRI,-8.7,958.6,76.0,63.0,298.0,0.9064748201438849,REAL_AWS
2016-04-06 00:00:00,MAITRI,-8.8,957.2,80.0,62.6,300.0,0.9007194244604316,REAL_AWS
2016-04-06 01:00:00,MAITRI,-9.3,955.9,83.0,62.6,298.0,0.9007194244604316,REAL_AWS
2016-04-06 02:00:00,MAITRI,-9.7,953.4,88.0,63.2,298.0,0.9093525179856116,REAL_AWS
2016-04-06 03:00:00,MAITRI,-10.5,952.5,90.0,63.5,298.0,0.9136690647482014,REAL_AWS
2016-04-06 04:00:00,MAITRI,-10.3,952.0,90.0,63.2,298.0,0.9093525179856116,REAL_AWS
2016-04-06 05:00:00,MAITRI,-10.1,951.2,91.0,36.1,311.0,0.5194244604316547,REAL_AWS
2016-04-06 06:00:00,MAITRI,-10.1,949.5,91.0,63.2,298.0,0.9093525179856116,REAL_AWS
2016-04-06 07:00:00,MAITRI,-10.5,949.5,90.0,61.2,298.0,0.8805755395683453,REAL_AWS
2016-04-06 08:00:00,MAITRI,-10.6,948.4,90.0,59.2,299.0,0.8517985611510792,REAL_AWS
2016-04-06 09:00:00,MAITRI,-10.4,947.9,90.0,62.6,300.0,0.9007194244604316,REAL_AWS
2016-04-06 10:00:00,MAITRI,-10.0,948.2,91.0,62.6,298.0,0.9007194244604316,REAL_AWS
2016-04-06 11:00:00,MAITRI,-9.6,948.5,91.0,63.2,298.0,0.9093525179856116,REAL_AWS
2016-04-06 12:00:00,MAITRI,-9.4,949.6,91.0,63.2,299.0,0.9093525179856116,REAL_AWS
2016-04-06 13:00:00,MAITRI,-9.1,950.8,92.0,63.5,298.0,0.9136690647482014,REAL_AWS
2016-04-06 14:00:00,MAITRI,-9.1,951.1,91.0,34.3,304.0,0.49352517985611505,REAL_AWS
2016-04-06 15:00:00,MAITRI,-9.3,951.8,91.0,62.6,298.0,0.9007194244604316,REAL_AWS
2016-04-06 16:00:00,MAITRI,-9.5,952.8,91.0,61.2,298.0,0.8805755395683453,REAL_AWS
2016-04-06 17:00:00,MAITRI,-9.5,952.9,91.0,61.1,296.0,0.879136690647482,REAL_AWS
2016-04-06 18:00:00,MAITRI,-9.5,953.9,91.0,61.9,300.0,0.8906474820143885,REAL_AWS
2016-04-06 19:00:00,MAITRI,-9.6,954.4,91.0,61.9,298.0,0.8906474820143885,REAL_AWS
2016-04-06 20:00:00,MAITRI,-9.0,955.8,91.0,63.2,298.0,0.9093525179856116,REAL_AWS
2016-04-06 21:00:00,MAITRI,-8.6,956.0,91.0,62.6,298.0,0.9007194244604316,REAL_AWS
2016-04-06 22:00:00,MAITRI,-8.1,957.0,91.0,63.8,299.0,0.9179856115107913,REAL_AWS
2016-04-06 23:00:00,MAITRI,-7.4,957.7,92.0,43.6,284.0,0.6273381294964029,REAL_AWS
2016-04-07 00:00:00,MAITRI,-7.5,958.1,92.0,62.5,298.0,0.8992805755395683,REAL_AWS
2016-04-07 01:00:00,MAITRI,-7.6,958.5,92.0,61.2,298.0,0.8805755395683453,REAL_AWS
2016-04-07 02:00:00,MAITRI,-7.6,960.3,91.0,62.6,298.0,0.9007194244604316,REAL_AWS
2016-04-07 03:00:00,MAITRI,-6.9,961.0,91.0,61.9,301.0,0.8906474820143885,REAL_AWS
2016-04-07 04:00:00,MAITRI,-7.1,961.6,91.0,61.9,298.0,0.8906474820143885,REAL_AWS
2016-04-07 05:00:00,MAITRI,-7.4,962.0,91.0,63.3,298.0,0.9107913669064748,REAL_AWS
2016-04-07 06:00:00,MAITRI,-7.2,963.3,90.0,63.3,298.0,0.9107913669064748,REAL_AWS
2016-04-07 07:00:00,MAITRI,-8.3,964.1,89.0,72.3,299.0,1.0,REAL_AWS
2016-04-07 08:00:00,MAITRI,-7.3,964.4,90.0,31.1,295.0,0.4474820143884892,REAL_AWS
2016-04-07 09:00:00,MAITRI,-7.1,965.0,90.0,62.3,298.0,0.8964028776978417,REAL_AWS
2016-04-07 10:00:00,MAITRI,-6.9,966.0,92.0,61.9,298.0,0.8906474820143885,REAL_AWS
2016-04-07 11:00:00,MAITRI,-6.6,966.7,93.0,61.9,298.0,0.8906474820143885,REAL_AWS
2016-04-07 12:00:00,MAITRI,-8.3,966.9,90.0,62.6,298.0,0.9007194244604316,REAL_AWS
2016-04-07 13:00:00,MAITRI,-7.6,967.8,88.0,61.2,300.0,0.8805755395683453,REAL_AWS
2016-04-07 14:00:00,MAITRI,-8.2,967.2,89.0,62.6,301.0,0.9007194244604316,REAL_AWS
2016-04-07 15:00:00,MAITRI,-9.7,967.3,84.0,61.9,298.0,0.8906474820143885,REAL_AWS
2016-04-07 16:00:00,MAITRI,-10.1,966.9,82.0,63.2,298.0,0.9093525179856116,REAL_AWS
2016-04-07 17:00:00,MAITRI,-11.7,967.4,77.0,63.2,298.0,0.9093525179856116,REAL_AWS
2016-04-07 18:00:00,MAITRI,-10.8,967.2,75.0,64.0,299.0,0.920863309352518,REAL_AWS
2016-04-07 19:00:00,MAITRI,-11.5,967.1,68.0,28.3,306.0,0.4071942446043166,REAL_AWS
2016-04-07 20:00:00,MAITRI,-12.2,966.9,69.0,63.2,298.0,0.9093525179856116,REAL_AWS
2016-04-07 21:00:00,MAITRI,-11.9,966.0,67.0,61.3,298.0,0.8820143884892085,REAL_AWS
2016-04-07 22:00:00,MAITRI,-11.7,964.9,62.0,61.3,298.0,0.8820143884892085,REAL_AWS
2016-04-07 23:00:00,MAITRI,-10.7,964.4,63.0,63.3,300.0,0.9107913669064748,REAL_AWS
2016-04-08 00:00:00,MAITRI,-11.6,963.3,55.0,62.6,298.0,0.9007194244604316,REAL_AWS
2016-04-08 01:00:00,MAITRI,-10.2,962.4,46.0,63.9,298.0,0.9194244604316547,REAL_AWS
2016-04-08 02:00:00,MAITRI,-9.9,961.1,39.0,63.9,298.0,0.9194244604316547,REAL_AWS
2016-04-08 03:00:00,MAITRI,-9.9,960.2,46.0,63.9,298.0,0.9194244604316547,REAL_AWS
2016-04-08 04:00:00,MAITRI,-10.1,959.4,38.0,63.0,301.0,0.9064748201438849,REAL_AWS
2016-04-08 05:00:00,MAITRI,-10.1,959.0,43.0,62.6,298.0,0.9007194244604316,REAL_AWS
2016-04-08 06:00:00,MAITRI,-10.3,958.9,43.0,61.9,298.0,0.8906474820143885,REAL_AWS
2016-04-08 07:00:00,MAITRI,-11.3,958.6,54.0,61.3,298.0,0.8820143884892085,REAL_AWS
2016-04-08 08:00:00,MAITRI,-10.8,958.4,48.0,61.9,301.0,0.8906474820143885,REAL_AWS
2016-04-08 09:00:00,MAITRI,-11.4,958.5,49.0,62.6,298.0,0.9007194244604316,REAL_AWS
2016-04-08 10:00:00,MAITRI,-11.0,958.3,49.0,63.3,298.0,0.9107913669064748,REAL_AWS
2016-04-08 11:00:00,MAITRI,-10.0,958.3,45.0,63.9,298.0,0.9194244604316547,REAL_AWS
2016-04-08 12:00:00,MAITRI,-9.5,958.4,50.0,63.9,298.0,0.9194244604316547,REAL_AWS
2016-04-08 13:00:00,MAITRI,-9.3,958.7,57.0,62.6,301.0,0.9007194244604316,REAL_AWS
2016-04-08 14:00:00,MAITRI,-8.5,958.4,55.0,62.5,298.0,0.8992805755395683,REAL_AWS
2016-04-08 15:00:00,MAITRI,-9.2,958.3,50.0,61.9,298.0,0.8906474820143885,REAL_AWS
2016-04-08 16:00:00,MAITRI,-11.2,958.1,53.0,61.3,298.0,0.8820143884892085,REAL_AWS
2016-04-08 17:00:00,MAITRI,-13.8,958.2,62.0,60.8,298.0,0.874820143884892,REAL_AWS
2016-04-08 18:00:00,MAITRI,-14.7,958.2,64.0,14.4,265.0,0.20719424460431654,REAL_AWS
2016-04-08 19:00:00,MAITRI,-14.5,958.2,60.0,61.9,298.0,0.8906474820143885,REAL_AWS
2016-04-08 20:00:00,MAITRI,-15.3,958.3,60.0,61.6,298.0,0.8863309352517986,REAL_AWS
2016-04-08 21:00:00,MAITRI,-16.0,958.0,63.0,63.9,298.0,0.9194244604316547,REAL_AWS
2016-04-08 22:00:00,MAITRI,-15.4,957.7,61.0,63.2,301.0,0.9093525179856116,REAL_AWS
2016-04-08 23:00:00,MAITRI,-16.1,957.3,61.0,63.2,298.0,0.9093525179856116,REAL_AWS
2016-04-09 00:00:00,MAITRI,-17.7,957.1,66.0,61.9,298.0,0.8906474820143885,REAL_AWS
2016-04-09 01:00:00,MAITRI,-17.2,956.3,64.0,61.9,298.0,0.8906474820143885,REAL_AWS
2016-04-09 02:00:00,MAITRI,-17.3,955.8,63.0,63.4,299.0,0.9122302158273381,REAL_AWS
2016-04-09 03:00:00,MAITRI,-13.5,955.3,42.0,25.6,315.0,0.3683453237410072,REAL_AWS
2016-04-09 04:00:00,MAITRI,-12.9,954.9,39.0,62.6,298.0,0.9007194244604316,REAL_AWS
2016-04-09 05:00:00,MAITRI,-13.3,955.1,43.0,62.3,298.0,0.8964028776978417,REAL_AWS
2016-04-09 06:00:00,MAITRI,-14.4,955.1,48.0,63.9,298.0,0.9194244604316547,REAL_AWS
2016-04-09 07:00:00,MAITRI,-16.2,955.3,56.0,62.6,301.0,0.9007194244604316,REAL_AWS
2016-04-09 08:00:00,MAITRI,-14.5,955.1,51.0,62.6,298.0,0.9007194244604316,REAL_AWS
2016-04-09 09:00:00,MAITRI,-16.4,955.2,58.0,61.9,298.0,0.8906474820143885,REAL_AWS
2016-04-09 10:00:00,MAITRI,-15.3,955.7,61.0,61.9,298.0,0.8906474820143885,REAL_AWS
2016-04-09 11:00:00,MAITRI,-12.9,955.3,47.0,58.9,299.0,0.8474820143884891,REAL_AWS
2016-04-09 12:00:00,MAITRI,-13.1,955.5,49.0,59.2,306.0,0.8517985611510792,REAL_AWS
2016-04-09 13:00:00,MAITRI,-13.2,955.5,53.0,61.9,298.0,0.8906474820143885,REAL_AWS
2016-04-09 14:00:00,MAITRI,-12.1,955.3,45.0,63.2,298.0,0.9093525179856116,REAL_AWS
2016-04-09 15:00:00,MAITRI,-12.2,954.9,49.0,63.2,298.0,0.9093525179856116,REAL_AWS
2016-04-09 16:00:00,MAITRI,-12.6,954.8,50.0,63.2,301.0,0.9093525179856116,REAL_AWS
2016-04-09 17:00:00,MAITRI,-12.7,955.1,44.0,63.2,298.0,0.9093525179856116,REAL_AWS
2016-04-09 18:00:00,MAITRI,-12.8,955.3,38.0,61.9,298.0,0.8906474820143885,REAL_AWS
2016-04-09 19:00:00,MAITRI,-13.8,955.5,40.0,61.9,298.0,0.8906474820143885,REAL_AWS
2016-04-09 20:00:00,MAITRI,-13.2,956.1,39.0,61.3,298.0,0.8820143884892085,REAL_AWS
2016-04-09 21:00:00,MAITRI,-13.5,955.8,38.0,61.9,301.0,0.8906474820143885,REAL_AWS
2016-04-09 22:00:00,MAITRI,-12.6,955.9,34.0,61.9,298.0,0.8906474820143885,REAL_AWS
2016-04-09 23:00:00,MAITRI,-13.4,956.2,39.0,63.9,298.0,0.9194244604316547,REAL_AWS
2016-04-10 00:00:00,MAITRI,-12.9,956.4,34.0,63.9,298.0,0.9194244604316547,REAL_AWS
2016-04-10 01:00:00,MAITRI,-13.9,956.5,35.0,63.2,301.0,0.9093525179856116,REAL_AWS
2016-04-10 02:00:00,MAITRI,-14.1,956.5,36.0,63.2,298.0,0.9093525179856116,REAL_AWS
2016-04-10 03:00:00,MAITRI,-14.6,956.6,40.0,61.9,298.0,0.8906474820143885,REAL_AWS
2016-04-10 04:00:00,MAITRI,-15.6,956.2,44.0,62.6,298.0,0.9007194244604316,REAL_AWS
2016-04-10 05:00:00,MAITRI,-15.7,956.1,46.0,61.2,298.0,0.8805755395683453,REAL_AWS
2016-04-10 06:00:00,MAITRI,-15.7,956.1,46.0,41.6,305.0,0.5985611510791368,REAL_AWS
2016-04-10 07:00:00,MAITRI,-15.5,955.5,41.0,62.6,298.0,0.9007194244604316,REAL_AWS
2016-04-10 08:00:00,MAITRI,-15.6,955.2,45.0,63.2,298.0,0.9093525179856116,REAL_AWS
2016-04-10 09:00:00,MAITRI,-15.7,954.8,46.0,63.9,298.0,0.9194244604316547,REAL_AWS
2016-04-10 10:00:00,MAITRI,-16.0,954.5,47.0,62.6,301.0,0.9007194244604316,REAL_AWS
2016-04-10 11:00:00,MAITRI,-15.8,954.0,49.0,43.2,286.0,0.6215827338129497,REAL_AWS
2016-04-10 12:00:00,MAITRI,-15.5,953.8,51.0,61.3,298.0,0.8820143884892085,REAL_AWS
2016-04-10 13:00:00,MAITRI,-15.3,953.6,51.0,62.6,298.0,0.9007194244604316,REAL_AWS
2016-04-10 14:00:00,MAITRI,-15.4,953.5,52.0,61.6,299.0,0.8863309352517986,REAL_AWS
2016-04-10 15:00:00,MAITRI,-15.7,953.5,56.0,57.5,302.0,0.8273381294964028,REAL_AWS
2016-04-10 16:00:00,MAITRI,-15.8,953.6,56.0,61.9,298.0,0.8906474820143885,REAL_AWS
2016-04-10 17:00:00,MAITRI,-15.6,953.4,56.0,62.0,299.0,0.8920863309352518,REAL_AWS
2016-04-10 18:00:00,MAITRI,-15.5,953.4,56.0,63.9,298.0,0.9194244604316547,REAL_AWS
2016-04-10 19:00:00,MAITRI,-15.3,953.3,56.0,63.2,301.0,0.9093525179856116,REAL_AWS
2016-04-10 20:00:00,MAITRI,-15.2,953.1,54.0,63.2,298.0,0.9093525179856116,REAL_AWS
2016-04-10 21:00:00,MAITRI,-15.3,953.1,56.0,61.3,298.0,0.8820143884892085,REAL_AWS
2016-04-10 22:00:00,MAITRI,-14.9,953.2,49.0,61.3,298.0,0.8820143884892085,REAL_AWS
2016-04-10 23:00:00,MAITRI,-14.6,953.4,45.0,60.5,299.0,0.8705035971223022,REAL_AWS
2016-04-11 00:00:00,MAITRI,-15.1,953.6,51.0,46.6,285.0,0.6705035971223022,REAL_AWS
2016-04-11 01:00:00,MAITRI,-14.6,953.6,48.0,62.1,298.0,0.8935251798561151,REAL_AWS
2016-04-11 02:00:00,MAITRI,-14.2,953.8,46.0,62.6,298.0,0.9007194244604316,REAL_AWS
2016-04-11 03:00:00,MAITRI,-14.0,953.6,47.0,62.6,298.0,0.9007194244604316,REAL_AWS
2016-04-11 04:00:00,MAITRI,-13.8,953.4,40.0,63.2,301.0,0.9093525179856116,REAL_AWS
2016-04-11 05:00:00,MAITRI,-14.1,953.3,46.0,63.2,298.0,0.9093525179856116,REAL_AWS
2016-04-11 06:00:00,MAITRI,-13.8,953.5,43.0,61.3,298.0,0.8820143884892085,REAL_AWS
2016-04-11 07:00:00,MAITRI,-14.0,953.7,46.0,61.9,298.0,0.8906474820143885,REAL_AWS
2016-04-11 08:00:00,MAITRI,-13.7,953.8,40.0,58.0,300.0,0.8345323741007195,REAL_AWS
2016-04-11 09:00:00,MAITRI,-13.3,954.0,40.0,54.6,289.0,0.7856115107913669,REAL_AWS
2016-04-11 10:00:00,MAITRI,-13.3,954.0,40.0,62.9,298.0,0.9050359712230216,REAL_AWS
2016-04-11 11:00:00,MAITRI,-12.9,954.3,41.0,63.9,298.0,0.9194244604316547,REAL_AWS
2016-04-11 12:00:00,MAITRI,-13.2,954.6,38.0,63.2,298.0,0.9093525179856116,REAL_AWS
2016-04-11 13:00:00,MAITRI,-12.8,955.2,35.0,63.2,301.0,0.9093525179856116,REAL_AWS
2016-04-11 14:00:00,MAITRI,-13.3,955.7,39.0,63.2,298.0,0.9093525179856116,REAL_AWS
2016-04-11 15:00:00,MAITRI,-14.2,955.9,36.0,61.9,298.0,0.8906474820143885,REAL_AWS
2016-04-11 16:00:00,MAITRI,-14.8,956.2,37.0,61.3,298.0,0.8820143884892085,REAL_AWS
2016-04-11 17:00:00,MAITRI,-15.5,956.6,36.0,43.1,299.0,0.6201438848920864,REAL_AWS
2016-04-11 18:00:00,MAITRI,-15.3,957.1,34.0,20.8,307.0,0.2992805755395684,REAL_AWS
2016-04-11 19:00:00,MAITRI,-16.5,958.0,37.0,62.1,298.0,0.8935251798561151,REAL_AWS
2016-04-11 20:00:00,MAITRI,-16.9,958.9,41.0,63.2,298.0,0.9093525179856116,REAL_AWS
2016-04-11 21:00:00,MAITRI,-16.3,959.1,37.0,63.2,298.0,0.9093525179856116,REAL_AWS
2016-04-11 22:00:00,MAITRI,-17.1,960.0,45.0,62.2,300.0,0.8949640287769784,REAL_AWS
2016-04-11 23:00:00,MAITRI,-16.9,960.5,42.0,62.6,298.0,0.9007194244604316,REAL_AWS
2016-04-12 00:00:00,MAITRI,-18.4,961.0,48.0,61.3,298.0,0.8820143884892085,REAL_AWS
2016-04-12 01:00:00,MAITRI,-18.3,961.5,48.0,61.9,301.0,0.8906474820143885,REAL_AWS
2016-04-12 02:00:00,MAITRI,-18.6,962.1,46.0,62.6,298.0,0.9007194244604316,REAL_AWS
2016-04-12 03:00:00,MAITRI,-17.9,962.5,44.0,63.9,298.0,0.9194244604316547,REAL_AWS
2016-04-12 04:00:00,MAITRI,-18.4,963.5,45.0,62.9,298.0,0.9050359712230216,REAL_AWS
2016-04-12 05:00:00,MAITRI,-18.8,964.1,45.0,63.2,298.0,0.9093525179856116,REAL_AWS
2016-04-12 06:00:00,MAITRI,-19.1,964.8,46.0,61.9,298.0,0.8906474820143885,REAL_AWS
2016-04-12 07:00:00,MAITRI,-20.6,965.9,53.0,62.6,301.0,0.9007194244604316,REAL_AWS
2016-04-12 08:00:00,MAITRI,-19.0,966.7,49.0,61.9,298.0,0.8906474820143885,REAL_AWS
2016-04-12 09:00:00,MAITRI,-18.2,967.5,48.0,62.6,298.0,0.9007194244604316,REAL_AWS
2016-04-12 10:00:00,MAITRI,-17.1,968.0,45.0,63.9,298.0,0.9194244604316547,REAL_AWS
2016-04-12 11:00:00,MAITRI,-16.3,968.6,43.0,63.9,298.0,0.9194244604316547,REAL_AWS
2016-04-12 12:00:00,MAITRI,-17.0,969.2,46.0,43.2,304.0,0.6215827338129497,REAL_AWS
2016-04-12 13:00:00,MAITRI,-16.2,969.7,44.0,62.6,298.0,0.9007194244604316,REAL_AWS
2016-04-12 14:00:00,MAITRI,-15.9,970.0,46.0,61.9,298.0,0.8906474820143885,REAL_AWS
2016-04-12 15:00:00,MAITRI,-17.3,970.4,48.0,61.9,298.0,0.8906474820143885,REAL_AWS
2016-04-12 16:00:00,MAITRI,-18.9,970.7,53.0,61.9,301.0,0.8906474820143885,REAL_AWS
2016-04-12 17:00:00,MAITRI,-19.4,970.8,51.0,63.2,298.0,0.9093525179856116,REAL_AWS
2016-04-12 18:00:00,MAITRI,-19.5,971.5,50.0,62.9,298.0,0.9050359712230216,REAL_AWS
2016-04-12 19:00:00,MAITRI,-19.4,971.7,52.0,57.2,294.0,0.823021582733813,REAL_AWS
2016-04-12 20:00:00,MAITRI,-18.1,972.1,50.0,61.9,298.0,0.8906474820143885,REAL_AWS
2016-04-12 21:00:00,MAITRI,-21.0,972.9,56.0,61.9,298.0,0.8906474820143885,REAL_AWS
2016-04-12 22:00:00,MAITRI,-20.3,972.7,55.0,62.6,298.0,0.9007194244604316,REAL_AWS
2016-04-12 23:00:00,MAITRI,-20.2,972.4,56.0,63.2,298.0,0.9093525179856116,REAL_AWS
2016-04-13 00:00:00,MAITRI,-20.4,972.6,56.0,62.6,301.0,0.9007194244604316,REAL_AWS
2016-04-13 01:00:00,MAITRI,-20.7,972.4,58.0,62.6,298.0,0.9007194244604316,REAL_AWS
2016-04-13 02:00:00,MAITRI,-21.0,972.4,60.0,62.6,298.0,0.9007194244604316,REAL_AWS
2016-04-13 03:00:00,MAITRI,-20.9,972.4,59.0,57.9,301.0,0.8330935251798561,REAL_AWS
2016-04-13 04:00:00,MAITRI,-20.6,972.4,59.0,63.2,298.0,0.9093525179856116,REAL_AWS
2016-04-13 05:00:00,MAITRI,-20.1,972.4,59.0,63.6,298.0,0.9151079136690647,REAL_AWS
2016-04-13 06:00:00,MAITRI,-19.8,972.5,58.0,63.2,298.0,0.9093525179856116,REAL_AWS
2016-04-13 07:00:00,MAITRI,-20.1,973.0,58.0,61.9,298.0,0.8906474820143885,REAL_AWS
2016-04-13 08:00:00,MAITRI,-18.7,973.3,55.0,61.9,298.0,0.8906474820143885,REAL_AWS
2016-04-13 09:00:00,MAITRI,-17.3,973.8,53.0,61.4,302.0,0.8834532374100719,REAL_AWS
2016-04-13 10:00:00,MAITRI,-14.9,973.8,50.0,61.9,298.0,0.8906474820143885,REAL_AWS
2016-04-13 11:00:00,MAITRI,-13.3,973.6,48.0,62.6,298.0,0.9007194244604316,REAL_AWS
2016-04-13 12:00:00,MAITRI,-11.3,973.6,43.0,63.3,298.0,0.9107913669064748,REAL_AWS
2016-04-13 13:00:00,MAITRI,-9.4,973.4,36.0,55.2,299.0,0.7942446043165468,REAL_AWS
2016-04-13 14:00:00,MAITRI,-9.4,973.4,35.0,19.0,326.0,0.2733812949640288,REAL_AWS
2016-04-13 15:00:00,MAITRI,-9.4,973.1,35.0,62.6,298.0,0.9007194244604316,REAL_AWS
2016-04-13 16:00:00,MAITRI,-9.0,972.6,31.0,61.9,298.0,0.8906474820143885,REAL_AWS
2016-04-13 17:00:00,MAITRI,-9.4,972.5,34.0,61.3,298.0,0.8820143884892085,REAL_AWS
2016-04-13 18:00:00,MAITRI,-10.6,972.0,34.0,61.9,301.0,0.8906474820143885,REAL_AWS
2016-04-13 19:00:00,MAITRI,-10.3,972.2,34.0,61.9,298.0,0.8906474820143885,REAL_AWS
2016-04-13 20:00:00,MAITRI,-13.1,972.3,41.0,63.2,298.0,0.9093525179856116,REAL_AWS
2016-04-13 21:00:00,MAITRI,-14.1,971.9,42.0,63.2,298.0,0.9093525179856116,REAL_AWS
2016-04-13 22:00:00,MAITRI,-13.8,971.7,42.0,63.0,298.0,0.9064748201438849,REAL_AWS
2016-04-13 23:00:00,MAITRI,-12.1,971.1,42.0,45.5,303.0,0.6546762589928058,REAL_AWS
2016-04-14 00:00:00,MAITRI,-11.3,970.6,38.0,62.6,298.0,0.9007194244604316,REAL_AWS
2016-04-14 01:00:00,MAITRI,-9.7,970.2,31.0,61.9,298.0,0.8906474820143885,REAL_AWS
2016-04-14 02:00:00,MAITRI,-11.9,969.9,40.0,61.3,298.0,0.8820143884892085,REAL_AWS
2016-04-14 03:00:00,MAITRI,-14.2,969.5,45.0,61.8,301.0,0.8892086330935252,REAL_AWS
2016-04-14 04:00:00,MAITRI,-13.9,968.7,46.0,61.8,298.0,0.8892086330935252,REAL_AWS
2016-04-14 05:00:00,MAITRI,-13.0,968.5,43.0,63.2,298.0,0.9093525179856116,REAL_AWS
2016-04-14 06:00:00,MAITRI,-14.3,968.3,45.0,63.2,298.0,0.9093525179856116,REAL_AWS
2016-04-14 07:00:00,MAITRI,-9.3,967.8,34.0,63.2,298.0,0.9093525179856116,REAL_AWS
2016-04-14 08:00:00,MAITRI,-12.2,967.5,40.0,63.1,302.0,0.9079136690647482,REAL_AWS
2016-04-14 09:00:00,MAITRI,-7.3,966.1,33.0,63.3,298.0,0.9107913669064748,REAL_AWS
2016-04-14 10:00:00,MAITRI,-5.6,966.0,30.0,61.3,298.0,0.8820143884892085,REAL_AWS
2016-04-14 11:00:00,MAITRI,-6.0,966.2,35.0,61.3,298.0,0.8820143884892085,REAL_AWS
2016-04-14 12:00:00,MAITRI,-5.2,966.5,30.0,62.2,300.0,0.8949640287769784,REAL_AWS
2016-04-14 13:00:00,MAITRI,-5.9,966.2,33.0,41.5,280.0,0.5971223021582733,REAL_AWS
2016-04-14 14:00:00,MAITRI,-6.1,965.8,34.0,61.9,298.0,0.8906474820143885,REAL_AWS
2016-04-14 15:00:00,MAITRI,-7.4,966.3,38.0,63.8,298.0,0.9179856115107913,REAL_AWS
2016-04-14 16:00:00,MAITRI,-8.2,966.7,40.0,63.3,298.0,0.9107913669064748,REAL_AWS
2016-04-14 17:00:00,MAITRI,-8.2,967.2,39.0,62.6,301.0,0.9007194244604316,REAL_AWS
2016-04-14 18:00:00,MAITRI,-9.5,968.0,44.0,62.6,298.0,0.9007194244604316,REAL_AWS
2016-04-14 19:00:00,MAITRI,-9.5,967.5,44.0,63.2,298.0,0.9093525179856116,REAL_AWS
2016-04-14 20:00:00,MAITRI,-9.3,967.6,42.0,61.8,299.0,0.8892086330935252,REAL_AWS
2016-04-14 21:00:00,MAITRI,-9.0,967.7,37.0,61.3,298.0,0.8820143884892085,REAL_AWS
2016-04-14 22:00:00,MAITRI,-8.3,967.8,36.0,60.6,301.0,0.8719424460431655,REAL_AWS
2016-04-14 23:00:00,MAITRI,-8.5,967.6,34.0,61.9,298.0,0.8906474820143885,REAL_AWS
2016-04-15 00:00:00,MAITRI,-8.4,967.4,37.0,63.9,298.0,0.9194244604316547,REAL_AWS
2016-04-15 01:00:00,MAITRI,-7.6,967.5,35.0,63.9,298.0,0.9194244604316547,REAL_AWS
2016-04-15 02:00:00,MAITRI,-8.4,967.5,41.0,62.9,300.0,0.9050359712230216,REAL_AWS
2016-04-15 03:00:00,MAITRI,-8.8,966.9,39.0,62.9,298.0,0.9050359712230216,REAL_AWS
2016-04-15 04:00:00,MAITRI,-8.6,966.5,33.0,59.1,296.0,0.8503597122302159,REAL_AWS
2016-04-15 05:00:00,MAITRI,-8.8,966.6,34.0,61.3,298.0,0.8820143884892085,REAL_AWS
2016-04-15 06:00:00,MAITRI,-9.6,966.5,37.0,62.3,298.0,0.8964028776978417,REAL_AWS
2016-04-15 07:00:00,MAITRI,-9.7,966.2,38.0,42.8,294.0,0.6158273381294964,REAL_AWS
2016-04-15 08:00:00,MAITRI,-10.0,966.3,39.0,61.9,299.0,0.8906474820143885,REAL_AWS
2016-04-15 09:00:00,MAITRI,-9.5,966.2,37.0,63.2,298.0,0.9093525179856116,REAL_AWS
2016-04-15 10:00:00,MAITRI,-9.4,966.0,39.0,63.3,298.0,0.9107913669064748,REAL_AWS
2016-04-15 11:00:00,MAITRI,-9.4,965.7,39.0,62.6,300.0,0.9007194244604316,REAL_AWS
2016-04-15 12:00:00,MAITRI,-9.0,965.3,38.0,60.9,298.0,0.8762589928057554,REAL_AWS
2016-04-15 13:00:00,MAITRI,-8.7,965.1,33.0,59.1,300.0,0.8503597122302159,REAL_AWS
2016-04-15 14:00:00,MAITRI,-9.5,964.8,38.0,61.9,298.0,0.8906474820143885,REAL_AWS
2016-04-15 15:00:00,MAITRI,-10.2,964.4,38.0,61.9,298.0,0.8906474820143885,REAL_AWS
2016-04-15 16:00:00,MAITRI,-11.2,964.2,38.0,61.3,300.0,0.8820143884892085,REAL_AWS
2016-04-15 17:00:00,MAITRI,-11.3,963.8,37.0,61.9,299.0,0.8906474820143885,REAL_AWS
2016-04-15 18:00:00,MAITRI,-11.7,963.4,36.0,63.2,298.0,0.9093525179856116,REAL_AWS
2016-04-15 19:00:00,MAITRI,-12.0,963.3,34.0,63.2,298.0,0.9093525179856116,REAL_AWS
2016-04-15 20:00:00,MAITRI,-13.1,963.0,36.0,62.0,299.0,0.8920863309352518,REAL_AWS
2016-04-15 21:00:00,MAITRI,-12.1,962.4,35.0,54.8,288.0,0.7884892086330935,REAL_AWS
2016-04-15 22:00:00,MAITRI,-12.4,962.1,33.0,57.9,298.0,0.8330935251798561,REAL_AWS
2016-04-15 23:00:00,MAITRI,-13.6,962.0,34.0,62.6,298.0,0.9007194244604316,REAL_AWS
2016-04-16 00:00:00,MAITRI,-14.1,961.7,36.0,62.0,298.0,0.8920863309352518,REAL_AWS
2016-04-16 01:00:00,MAITRI,-13.9,961.5,35.0,61.9,300.0,0.8906474820143885,REAL_AWS
2016-04-16 02:00:00,MAITRI,-13.0,961.0,30.0,61.9,299.0,0.8906474820143885,REAL_AWS
2016-04-16 03:00:00,MAITRI,-13.6,960.9,32.0,63.2,298.0,0.9093525179856116,REAL_AWS
2016-04-16 04:00:00,MAITRI,-14.1,960.7,34.0,62.6,298.0,0.9007194244604316,REAL_AWS
2016-04-16 05:00:00,MAITRI,-13.9,960.5,31.0,62.6,299.0,0.9007194244604316,REAL_AWS
2016-04-16 06:00:00,MAITRI,-14.1,960.4,32.0,62.6,300.0,0.9007194244604316,REAL_AWS
2016-04-16 07:00:00,MAITRI,-14.2,960.2,31.0,51.0,300.0,0.7338129496402878,REAL_AWS
2016-04-16 08:00:00,MAITRI,-14.0,960.0,31.0,62.6,298.0,0.9007194244604316,REAL_AWS
2016-04-16 09:00:00,MAITRI,-14.2,959.9,32.0,61.9,298.0,0.8906474820143885,REAL_AWS
2016-04-16 10:00:00,MAITRI,-14.2,959.5,34.0,61.3,300.0,0.8820143884892085,REAL_AWS
2016-04-16 11:00:00,MAITRI,-14.2,959.3,35.0,62.6,299.0,0.9007194244604316,REAL_AWS
2016-04-16 12:00:00,MAITRI,-14.6,959.0,36.0,62.6,298.0,0.9007194244604316,REAL_AWS
2016-04-16 13:00:00,MAITRI,-14.5,958.8,34.0,63.2,298.0,0.9093525179856116,REAL_AWS
2016-04-16 14:00:00,MAITRI,-14.7,958.5,35.0,63.8,298.0,0.9179856115107913,REAL_AWS
2016-04-16 15:00:00,MAITRI,-15.0,958.4,35.0,58.8,292.0,0.8460431654676258,REAL_AWS
2016-04-16 16:00:00,MAITRI,-15.6,958.2,35.0,49.6,299.0,0.7136690647482015,REAL_AWS
2016-04-16 17:00:00,MAITRI,-16.3,958.1,36.0,63.2,298.0,0.9093525179856116,REAL_AWS
2016-04-16 18:00:00,MAITRI,-16.4,958.3,36.0,61.9,298.0,0.8906474820143885,REAL_AWS
2016-04-16 19:00:00,MAITRI,-15.8,958.6,36.0,61.3,299.0,0.8820143884892085,REAL_AWS
2016-04-16 20:00:00,MAITRI,-16.7,958.7,36.0,61.9,300.0,0.8906474820143885,REAL_AWS
2016-04-16 21:00:00,MAITRI,-16.1,958.8,36.0,62.6,298.0,0.9007194244604316,REAL_AWS
2016-04-16 22:00:00,MAITRI,-17.4,959.2,40.0,63.2,298.0,0.9093525179856116,REAL_AWS
2016-04-16 23:00:00,MAITRI,-17.6,959.8,40.0,63.1,298.0,0.9079136690647482,REAL_AWS
2016-04-17 00:00:00,MAITRI,-16.4,960.9,38.0,62.3,299.0,0.8964028776978417,REAL_AWS
2016-04-17 01:00:00,MAITRI,-17.3,961.8,39.0,59.7,294.0,0.8589928057553957,REAL_AWS
2016-04-17 02:00:00,MAITRI,-17.8,962.1,42.0,62.6,298.0,0.9007194244604316,REAL_AWS
2016-04-17 03:00:00,MAITRI,-18.7,962.6,41.0,62.6,298.0,0.9007194244604316,REAL_AWS
2016-04-17 04:00:00,MAITRI,-19.0,962.9,43.0,61.4,298.0,0.8834532374100719,REAL_AWS
2016-04-17 05:00:00,MAITRI,-18.5,963.6,42.0,62.6,298.0,0.9007194244604316,REAL_AWS
2016-04-17 06:00:00,MAITRI,-19.1,964.0,45.0,63.8,298.0,0.9179856115107913,REAL_AWS
2016-04-17 07:00:00,MAITRI,-18.9,964.8,43.0,65.5,299.0,0.9424460431654677,REAL_AWS
2016-04-17 08:00:00,MAITRI,-18.1,965.9,39.0,62.6,298.0,0.9007194244604316,REAL_AWS
2016-04-17 09:00:00,MAITRI,-17.3,966.7,43.0,61.3,298.0,0.8820143884892085,REAL_AWS
2016-04-17 10:00:00,MAITRI,-18.1,967.0,45.0,62.2,299.0,0.8949640287769784,REAL_AWS
2016-04-17 11:00:00,MAITRI,-16.5,967.8,38.0,55.5,299.0,0.7985611510791367,REAL_AWS
2016-04-17 12:00:00,MAITRI,-15.3,968.4,36.0,48.2,305.0,0.6935251798561152,REAL_AWS
2016-04-17 13:00:00,MAITRI,-15.6,969.0,39.0,61.9,298.0,0.8906474820143885,REAL_AWS
2016-04-17 14:00:00,MAITRI,-17.0,969.7,40.0,63.2,298.0,0.9093525179856116,REAL_AWS
2016-04-17 15:00:00,MAITRI,-16.1,970.8,36.0,62.6,299.0,0.9007194244604316,REAL_AWS
2016-04-17 16:00:00,MAITRI,-16.3,971.5,37.0,62.3,300.0,0.8964028776978417,REAL_AWS
2016-04-17 17:00:00,MAITRI,-16.6,972.1,36.0,62.6,298.0,0.9007194244604316,REAL_AWS
2016-04-17 18:00:00,MAITRI,-16.1,973.8,36.0,61.9,298.0,0.8906474820143885,REAL_AWS
2016-04-17 19:00:00,MAITRI,-17.0,974.3,41.0,61.9,298.0,0.8906474820143885,REAL_AWS
2016-04-17 20:00:00,MAITRI,-17.3,974.5,36.0,62.5,298.0,0.8992805755395683,REAL_AWS
2016-04-17 21:00:00,MAITRI,-16.2,975.4,33.0,60.9,302.0,0.8762589928057554,REAL_AWS
2016-04-17 22:00:00,MAITRI,-15.9,976.8,33.0,62.6,298.0,0.9007194244604316,REAL_AWS
2016-04-17 23:00:00,MAITRI,-14.4,977.5,29.0,63.2,298.0,0.9093525179856116,REAL_AWS
2016-04-18 00:00:00,MAITRI,-15.6,977.8,33.0,63.1,298.0,0.9079136690647482,REAL_AWS
2016-04-18 01:00:00,MAITRI,-17.1,978.8,37.0,60.6,300.0,0.8719424460431655,REAL_AWS
2016-04-18 02:00:00,MAITRI,-16.9,979.8,38.0,62.5,297.0,0.8992805755395683,REAL_AWS
2016-04-18 03:00:00,MAITRI,-16.2,980.1,35.0,62.9,298.0,0.9050359712230216,REAL_AWS
2016-04-18 04:00:00,MAITRI,-16.0,980.8,36.0,61.9,298.0,0.8906474820143885,REAL_AWS
2016-04-18 05:00:00,MAITRI,-15.8,981.4,36.0,61.3,298.0,0.8820143884892085,REAL_AWS
2016-04-18 06:00:00,MAITRI,-13.1,981.7,32.0,62.6,301.0,0.9007194244604316,REAL_AWS
2016-04-18 07:00:00,MAITRI,-11.9,982.2,28.0,62.6,298.0,0.9007194244604316,REAL_AWS
2016-04-18 08:00:00,MAITRI,-12.1,982.8,31.0,62.6,298.0,0.9007194244604316,REAL_AWS
2016-04-18 09:00:00,MAITRI,-11.8,983.3,36.0,62.6,298.0,0.9007194244604316,REAL_AWS
2016-04-18 10:00:00,MAITRI,-11.1,984.0,37.0,58.9,300.0,0.8474820143884891,REAL_AWS
2016-04-18 11:00:00,MAITRI,-10.7,984.5,37.0,61.9,301.0,0.8906474820143885,REAL_AWS
2016-04-18 12:00:00,MAITRI,-10.4,985.0,37.0,62.1,298.0,0.8935251798561151,REAL_AWS
2016-04-18 13:00:00,MAITRI,-10.1,985.7,36.0,62.5,299.0,0.8992805755395683,REAL_AWS
2016-04-18 14:00:00,MAITRI,-10.0,986.1,38.0,61.3,298.0,0.8820143884892085,REAL_AWS
2016-04-18 15:00:00,MAITRI,-10.1,986.7,37.0,61.9,301.0,0.8906474820143885,REAL_AWS
2016-04-18 16:00:00,MAITRI,-9.9,987.2,37.0,61.9,298.0,0.8906474820143885,REAL_AWS
2016-04-18 17:00:00,MAITRI,-9.6,987.6,37.0,63.2,298.0,0.9093525179856116,REAL_AWS
2016-04-18 18:00:00,MAITRI,-9.7,987.6,38.0,63.5,298.0,0.9136690647482014,REAL_AWS
2016-04-18 19:00:00,MAITRI,-9.5,987.9,38.0,67.6,299.0,0.9726618705035971,REAL_AWS
2016-04-18 20:00:00,MAITRI,-9.1,988.4,38.0,27.5,308.0,0.39568345323741005,REAL_AWS
2016-04-18 21:00:00,MAITRI,-8.6,988.9,34.0,62.6,298.0,0.9007194244604316,REAL_AWS
2016-04-18 22:00:00,MAITRI,-8.9,988.7,39.0,61.9,298.0,0.8906474820143885,REAL_AWS
2016-04-18 23:00:00,MAITRI,-8.5,988.9,37.0,61.9,298.0,0.8906474820143885,REAL_AWS
2016-04-19 00:00:00,MAITRI,-8.5,989.1,37.0,61.9,301.0,0.8906474820143885,REAL_AWS
2016-04-19 01:00:00,MAITRI,-8.3,989.0,36.0,62.6,298.0,0.9007194244604316,REAL_AWS
2016-04-19 02:00:00,MAITRI,-7.8,989.1,34.0,62.6,298.0,0.9007194244604316,REAL_AWS
2016-04-19 03:00:00,MAITRI,-8.0,989.1,37.0,63.9,298.0,0.9194244604316547,REAL_AWS
2016-04-19 04:00:00,MAITRI,-8.2,989.6,36.0,64.9,298.0,0.9338129496402878,REAL_AWS
2016-04-19 05:00:00,MAITRI,-9.6,990.4,45.0,53.7,298.0,0.7726618705035971,REAL_AWS
2016-04-19 06:00:00,MAITRI,-10.3,990.6,40.0,62.6,298.0,0.9007194244604316,REAL_AWS
2016-04-19 07:00:00,MAITRI,-9.7,990.2,36.0,61.3,298.0,0.8820143884892085,REAL_AWS
2016-04-19 08:00:00,MAITRI,-8.9,989.4,41.0,61.3,298.0,0.8820143884892085,REAL_AWS
2016-04-19 09:00:00,MAITRI,-8.8,990.1,46.0,62.3,301.0,0.8964028776978417,REAL_AWS
2016-04-19 10:00:00,MAITRI,-8.4,990.3,44.0,61.0,296.0,0.8776978417266187,REAL_AWS
2016-04-19 11:00:00,MAITRI,-7.8,989.7,43.0,62.6,298.0,0.9007194244604316,REAL_AWS
2016-04-19 12:00:00,MAITRI,-7.1,989.4,42.0,63.9,298.0,0.9194244604316547,REAL_AWS
2016-04-19 13:00:00,MAITRI,-6.5,989.4,38.0,63.3,298.0,0.9107913669064748,REAL_AWS
2016-04-19 14:00:00,MAITRI,-6.2,988.7,40.0,63.3,301.0,0.9107913669064748,REAL_AWS
2016-04-19 15:00:00,MAITRI,-5.8,989.2,40.0,62.6,298.0,0.9007194244604316,REAL_AWS
2016-04-19 16:00:00,MAITRI,-5.8,989.3,42.0,61.9,298.0,0.8906474820143885,REAL_AWS
2016-04-19 17:00:00,MAITRI,-5.6,989.2,41.0,61.9,298.0,0.8906474820143885,REAL_AWS
2016-04-19 18:00:00,MAITRI,-5.2,989.1,37.0,61.6,299.0,0.8863309352517986,REAL_AWS
2016-04-19 19:00:00,MAITRI,-4.9,989.0,37.0,33.4,324.0,0.4805755395683453,REAL_AWS
2016-04-19 20:00:00,MAITRI,-4.8,989.9,38.0,62.6,298.0,0.9007194244604316,REAL_AWS
2016-04-19 21:00:00,MAITRI,-4.9,989.6,41.0,62.5,299.0,0.8992805755395683,REAL_AWS
2016-04-19 22:00:00,MAITRI,-4.6,989.6,38.0,63.9,298.0,0.9194244604316547,REAL_AWS
2016-04-19 23:00:00,MAITRI,-5.3,990.0,43.0,63.3,301.0,0.9107913669064748,REAL_AWS
2016-04-20 00:00:00,MAITRI,-5.4,989.7,46.0,63.3,298.0,0.9107913669064748,REAL_AWS
2016-04-20 01:00:00,MAITRI,-5.1,989.8,45.0,61.3,298.0,0.8820143884892085,REAL_AWS
2016-04-20 02:00:00,MAITRI,-4.8,989.3,36.0,61.9,298.0,0.8906474820143885,REAL_AWS
2016-04-20 03:00:00,MAITRI,-5.0,989.3,35.0,62.9,298.0,0.9050359712230216,REAL_AWS
2016-04-20 04:00:00,MAITRI,-5.7,988.6,43.0,41.4,301.0,0.59568345323741,REAL_AWS
2016-04-20 05:00:00,MAITRI,-6.3,987.8,53.0,62.5,298.0,0.8992805755395683,REAL_AWS
2016-04-20 06:00:00,MAITRI,-5.0,987.7,40.0,63.9,298.0,0.9194244604316547,REAL_AWS
2016-04-20 07:00:00,MAITRI,-5.2,987.2,45.0,63.3,298.0,0.9107913669064748,REAL_AWS
2016-04-20 08:00:00,MAITRI,-4.6,986.8,39.0,63.2,300.0,0.9093525179856116,REAL_AWS
2016-04-20 09:00:00,MAITRI,-4.9,986.6,32.0,62.6,298.0,0.9007194244604316,REAL_AWS
2016-04-20 10:00:00,MAITRI,-4.5,985.9,33.0,61.5,298.0,0.8848920863309353,REAL_AWS
2016-04-20 11:00:00,MAITRI,-3.0,985.0,27.0,62.6,298.0,0.9007194244604316,REAL_AWS
2016-04-20 12:00:00,MAITRI,-3.7,984.3,34.0,61.3,298.0,0.8820143884892085,REAL_AWS
2016-04-20 13:00:00,MAITRI,-4.0,983.8,35.0,61.2,298.0,0.8805755395683453,REAL_AWS
2016-04-20 14:00:00,MAITRI,-4.4,984.1,36.0,61.3,298.0,0.8820143884892085,REAL_AWS
2016-04-20 15:00:00,MAITRI,-4.9,983.3,37.0,50.2,299.0,0.7223021582733813,REAL_AWS
2016-04-20 16:00:00,MAITRI,-4.6,982.6,40.0,59.5,303.0,0.8561151079136691,REAL_AWS
2016-04-20 17:00:00,MAITRI,-4.9,982.8,40.0,62.6,298.0,0.9007194244604316,REAL_AWS
2016-04-20 18:00:00,MAITRI,-8.9,983.1,58.0,63.2,298.0,0.9093525179856116,REAL_AWS
2016-04-20 19:00:00,MAITRI,-8.4,983.1,52.0,63.3,298.0,0.9107913669064748,REAL_AWS
2016-04-20 20:00:00,MAITRI,-7.5,983.2,37.0,62.6,301.0,0.9007194244604316,REAL_AWS
2016-04-20 21:00:00,MAITRI,-7.0,983.5,36.0,63.3,298.0,0.9107913669064748,REAL_AWS
2016-04-20 22:00:00,MAITRI,-6.4,982.7,37.0,61.3,298.0,0.8820143884892085,REAL_AWS
2016-04-20 23:00:00,MAITRI,-5.2,982.2,33.0,62.6,298.0,0.9007194244604316,REAL_AWS
2016-04-21 00:00:00,MAITRI,-5.3,982.8,37.0,61.3,298.0,0.8820143884892085,REAL_AWS
2016-04-21 01:00:00,MAITRI,-6.2,982.2,37.0,61.9,301.0,0.8906474820143885,REAL_AWS
2016-04-21 02:00:00,MAITRI,-5.8,982.4,41.0,61.9,298.0,0.8906474820143885,REAL_AWS
2016-04-21 03:00:00,MAITRI,-7.2,982.4,43.0,63.3,298.0,0.9107913669064748,REAL_AWS
2016-04-21 04:00:00,MAITRI,-6.5,981.8,43.0,63.3,298.0,0.9107913669064748,REAL_AWS
2016-04-21 05:00:00,MAITRI,-5.8,981.5,37.0,68.8,299.0,0.9899280575539567,REAL_AWS
2016-04-21 06:00:00,MAITRI,-7.0,981.6,39.0,27.4,300.0,0.39424460431654673,REAL_AWS
2016-04-21 07:00:00,MAITRI,-8.0,981.3,49.0,63.2,298.0,0.9093525179856116,REAL_AWS
2016-04-21 08:00:00,MAITRI,-6.7,982.4,39.0,60.6,299.0,0.8719424460431655,REAL_AWS
2016-04-21 09:00:00,MAITRI,-6.8,982.1,35.0,61.3,298.0,0.8820143884892085,REAL_AWS
2016-04-21 10:00:00,MAITRI,-7.5,981.1,46.0,61.9,301.0,0.8906474820143885,REAL_AWS
2016-04-21 11:00:00,MAITRI,-6.2,982.7,41.0,62.4,298.0,0.897841726618705,REAL_AWS
2016-04-21 12:00:00,MAITRI,-6.3,982.5,33.0,63.3,298.0,0.9107913669064748,REAL_AWS
2016-04-21 13:00:00,MAITRI,-6.1,980.9,41.0,63.3,298.0,0.9107913669064748,REAL_AWS
2016-04-21 14:00:00,MAITRI,-5.1,980.9,37.0,62.6,298.0,0.9007194244604316,REAL_AWS
2016-04-21 15:00:00,MAITRI,-7.3,981.5,43.0,46.4,306.0,0.6676258992805755,REAL_AWS
2016-04-21 16:00:00,MAITRI,-6.3,981.6,37.0,63.3,298.0,0.9107913669064748,REAL_AWS
2016-04-21 17:00:00,MAITRI,-7.2,982.4,43.0,61.9,298.0,0.8906474820143885,REAL_AWS
2016-04-21 18:00:00,MAITRI,-7.4,982.6,39.0,61.9,298.0,0.8906474820143885,REAL_AWS
2016-04-21 19:00:00,MAITRI,-6.4,981.4,30.0,62.5,301.0,0.8992805755395683,REAL_AWS
2016-04-21 20:00:00,MAITRI,-7.5,982.1,36.0,62.3,298.0,0.8964028776978417,REAL_AWS
2016-04-21 21:00:00,MAITRI,-7.4,981.7,36.0,62.8,298.0,0.9035971223021583,REAL_AWS
2016-04-21 22:00:00,MAITRI,-8.0,981.9,38.0,63.9,298.0,0.9194244604316547,REAL_AWS
2016-04-21 23:00:00,MAITRI,-9.0,981.9,41.0,63.2,298.0,0.9093525179856116,REAL_AWS
2016-04-22 00:00:00,MAITRI,-9.2,981.4,40.0,62.6,301.0,0.9007194244604316,REAL_AWS
2016-04-22 01:00:00,MAITRI,-8.8,980.9,38.0,63.2,298.0,0.9093525179856116,REAL_AWS
2016-04-22 02:00:00,MAITRI,-8.8,980.7,38.0,61.9,298.0,0.8906474820143885,REAL_AWS
2016-04-22 03:00:00,MAITRI,-10.7,980.4,42.0,61.3,298.0,0.8820143884892085,REAL_AWS
2016-04-22 04:00:00,MAITRI,-11.2,980.5,41.0,56.7,299.0,0.8158273381294965,REAL_AWS
2016-04-22 05:00:00,MAITRI,-14.5,980.7,53.0,58.1,297.0,0.8359712230215828,REAL_AWS
2016-04-22 06:00:00,MAITRI,-15.4,980.3,56.0,62.3,298.0,0.8964028776978417,REAL_AWS
2016-04-22 07:00:00,MAITRI,-15.9,979.9,56.0,62.8,299.0,0.9035971223021583,REAL_AWS
2016-04-22 08:00:00,MAITRI,-16.0,980.0,56.0,62.6,298.0,0.9007194244604316,REAL_AWS
2016-04-22 09:00:00,MAITRI,-15.0,979.5,54.0,63.2,301.0,0.9093525179856116,REAL_AWS
2016-04-22 10:00:00,MAITRI,-14.1,978.8,51.0,62.6,298.0,0.9007194244604316,REAL_AWS
2016-04-22 11:00:00,MAITRI,-11.8,977.5,47.0,61.3,298.0,0.8820143884892085,REAL_AWS
2016-04-22 12:00:00,MAITRI,-9.6,976.8,37.0,61.3,298.0,0.8820143884892085,REAL_AWS
2016-04-22 13:00:00,MAITRI,-9.9,975.8,45.0,62.5,299.0,0.8992805755395683,REAL_AWS
2016-04-22 14:00:00,MAITRI,-10.0,975.7,40.0,56.9,310.0,0.818705035971223,REAL_AWS
2016-04-22 15:00:00,MAITRI,-10.8,974.8,38.0,61.9,298.0,0.8906474820143885,REAL_AWS
2016-04-22 16:00:00,MAITRI,-10.2,974.3,37.0,63.9,298.0,0.9194244604316547,REAL_AWS
2016-04-22 17:00:00,MAITRI,-10.7,973.8,37.0,62.6,298.0,0.9007194244604316,REAL_AWS
2016-04-22 18:00:00,MAITRI,-10.6,973.3,35.0,62.6,301.0,0.9007194244604316,REAL_AWS
2016-04-22 19:00:00,MAITRI,-12.1,972.3,40.0,63.2,298.0,0.9093525179856116,REAL_AWS
2016-04-22 20:00:00,MAITRI,-12.2,970.7,46.0,61.9,298.0,0.8906474820143885,REAL_AWS
2016-04-22 21:00:00,MAITRI,-12.2,969.7,47.0,61.9,298.0,0.8906474820143885,REAL_AWS
2016-04-22 22:00:00,MAITRI,-12.2,969.3,47.0,60.9,298.0,0.8762589928057554,REAL_AWS
2016-04-22 23:00:00,MAITRI,-11.7,969.5,47.0,43.1,291.0,0.6201438848920864,REAL_AWS
2016-04-23 00:00:00,MAITRI,-9.6,968.4,39.0,62.5,299.0,0.8992805755395683,REAL_AWS
2016-04-23 01:00:00,MAITRI,-8.8,967.9,40.0,63.2,298.0,0.9093525179856116,REAL_AWS
2016-04-23 02:00:00,MAITRI,-8.2,967.6,39.0,63.9,298.0,0.9194244604316547,REAL_AWS
2016-04-23 03:00:00,MAITRI,-7.7,967.5,39.0,63.3,301.0,0.9107913669064748,REAL_AWS
2016-04-23 04:00:00,MAITRI,-7.6,967.4,41.0,63.2,298.0,0.9093525179856116,REAL_AWS
2016-04-23 05:00:00,MAITRI,-7.8,967.0,37.0,62.1,298.0,0.8935251798561151,REAL_AWS
2016-04-23 06:00:00,MAITRI,-8.4,967.3,39.0,61.3,298.0,0.8820143884892085,REAL_AWS
2016-04-23 07:00:00,MAITRI,-7.5,967.4,31.0,61.9,298.0,0.8906474820143885,REAL_AWS
2016-04-23 08:00:00,MAITRI,-7.2,967.6,30.0,60.1,304.0,0.8647482014388489,REAL_AWS
2016-04-23 09:00:00,MAITRI,-7.4,967.8,29.0,62.6,298.0,0.9007194244604316,REAL_AWS
2016-04-23 10:00:00,MAITRI,-7.4,968.0,32.0,62.6,298.0,0.9007194244604316,REAL_AWS
2016-04-23 11:00:00,MAITRI,-7.5,968.0,30.0,63.3,298.0,0.9107913669064748,REAL_AWS
2016-04-23 12:00:00,MAITRI,-7.9,968.5,31.0,63.1,300.0,0.9079136690647482,REAL_AWS
2016-04-23 13:00:00,MAITRI,-8.2,968.4,31.0,55.8,291.0,0.8028776978417266,REAL_AWS
2016-04-23 14:00:00,MAITRI,-8.7,968.7,35.0,62.6,298.0,0.9007194244604316,REAL_AWS
2016-04-23 15:00:00,MAITRI,-8.9,968.5,36.0,61.9,298.0,0.8906474820143885,REAL_AWS
2016-04-23 16:00:00,MAITRI,-8.6,968.6,36.0,61.9,298.0,0.8906474820143885,REAL_AWS
2016-04-23 17:00:00,MAITRI,-8.1,968.4,40.0,61.9,301.0,0.8906474820143885,REAL_AWS
2016-04-23 18:00:00,MAITRI,-8.0,968.3,44.0,61.9,298.0,0.8906474820143885,REAL_AWS
2016-04-23 19:00:00,MAITRI,-7.4,968.3,44.0,63.3,298.0,0.9107913669064748,REAL_AWS
2016-04-23 20:00:00,MAITRI,-7.1,968.6,47.0,63.3,298.0,0.9107913669064748,REAL_AWS
2016-04-23 21:00:00,MAITRI,-6.7,968.8,47.0,63.9,298.0,0.9194244604316547,REAL_AWS
2016-04-23 22:00:00,MAITRI,-6.9,969.1,54.0,61.6,295.0,0.8863309352517986,REAL_AWS
2016-04-23 23:00:00,MAITRI,-6.6,968.5,53.0,62.1,298.0,0.8935251798561151,REAL_AWS
2016-04-24 00:00:00,MAITRI,-6.1,968.8,50.0,61.9,298.0,0.8906474820143885,REAL_AWS
2016-04-24 01:00:00,MAITRI,-5.7,969.1,46.0,61.3,298.0,0.8820143884892085,REAL_AWS
2016-04-24 02:00:00,MAITRI,-5.5,968.9,47.0,62.6,301.0,0.9007194244604316,REAL_AWS
2016-04-24 03:00:00,MAITRI,-5.3,968.4,50.0,62.6,298.0,0.9007194244604316,REAL_AWS
2016-04-24 04:00:00,MAITRI,-4.8,968.0,48.0,62.6,298.0,0.9007194244604316,REAL_AWS
2016-04-24 05:00:00,MAITRI,-4.8,967.8,55.0,63.3,298.0,0.9107913669064748,REAL_AWS
2016-04-24 06:00:00,MAITRI,-4.8,968.0,57.0,63.5,298.0,0.9136690647482014,REAL_AWS
2016-04-24 07:00:00,MAITRI,-5.5,968.8,66.0,50.3,285.0,0.7237410071942446,REAL_AWS
2016-04-24 08:00:00,MAITRI,-6.3,970.8,88.0,62.6,298.0,0.9007194244604316,REAL_AWS
2016-04-24 09:00:00,MAITRI,-6.6,972.5,93.0,61.9,298.0,0.8906474820143885,REAL_AWS
2016-04-24 10:00:00,MAITRI,-6.6,974.2,93.0,61.5,298.0,0.8848920863309353,REAL_AWS
2016-04-24 11:00:00,MAITRI,-6.7,975.4,92.0,62.6,301.0,0.9007194244604316,REAL_AWS
2016-04-24 12:00:00,MAITRI,-6.8,975.9,91.0,61.9,298.0,0.8906474820143885,REAL_AWS
2016-04-24 13:00:00,MAITRI,-6.7,976.5,90.0,63.3,298.0,0.9107913669064748,REAL_AWS
2016-04-24 14:00:00,MAITRI,-6.7,976.6,84.0,63.3,298.0,0.9107913669064748,REAL_AWS
2016-04-24 15:00:00,MAITRI,-6.2,976.6,71.0,68.7,300.0,0.9884892086330935,REAL_AWS
2016-04-24 16:00:00,MAITRI,-5.8,976.1,63.0,48.5,281.0,0.697841726618705,REAL_AWS
2016-04-24 17:00:00,MAITRI,-5.4,976.1,56.0,62.9,298.0,0.9050359712230216,REAL_AWS
2016-04-24 18:00:00,MAITRI,-5.1,975.6,55.0,61.3,298.0,0.8820143884892085,REAL_AWS
2016-04-24 19:00:00,MAITRI,-4.8,975.6,54.0,61.3,298.0,0.8820143884892085,REAL_AWS
2016-04-24 20:00:00,MAITRI,-4.5,976.0,54.0,61.9,301.0,0.8906474820143885,REAL_AWS
2016-04-24 21:00:00,MAITRI,-4.4,975.9,57.0,62.6,298.0,0.9007194244604316,REAL_AWS
2016-04-24 22:00:00,MAITRI,-4.1,975.1,52.0,63.3,298.0,0.9107913669064748,REAL_AWS
2016-04-24 23:00:00,MAITRI,,,,,,,REAL_AWS_WITH_MISSING
2016-04-25 00:00:00,MAITRI,,,,,,,REAL_AWS_WITH_MISSING
2016-04-25 01:00:00,MAITRI,,,,,,,REAL_AWS_WITH_MISSING
2016-04-25 02:00:00,MAITRI,,,,,,,REAL_AWS_WITH_MISSING
2016-04-25 03:00:00,MAITRI,,,,,,,REAL_AWS_WITH_MISSING
2016-04-25 04:00:00,MAITRI,,,,,,,REAL_AWS_WITH_MISSING
2016-04-25 05:00:00,MAITRI,,,,,,,REAL_AWS_WITH_MISSING
2016-04-25 06:00:00,MAITRI,,,,,,,REAL_AWS_WITH_MISSING
2016-04-25 07:00:00,MAITRI,,,,,,,REAL_AWS_WITH_MISSING
2016-04-25 08:00:00,MAITRI,,,,,,,REAL_AWS_WITH_MISSING
2016-04-25 09:00:00,MAITRI,,,,,,,REAL_AWS_WITH_MISSING
2016-04-25 10:00:00,MAITRI,,,,,,,REAL_AWS_WITH_MISSING
2016-04-25 11:00:00,MAITRI,,,,,,,REAL_AWS_WITH_MISSING
2016-04-25 12:00:00,MAITRI,,,,,,,REAL_AWS_WITH_MISSING
2016-04-25 13:00:00,MAITRI,,,,,,,REAL_AWS_WITH_MISSING
2016-04-25 14:00:00,MAITRI,,,,,,,REAL_AWS_WITH_MISSING
2016-04-25 15:00:00,MAITRI,,,,,,,REAL_AWS_WITH_MISSING
2016-04-25 16:00:00,MAITRI,,,,,,,REAL_AWS_WITH_MISSING
2016-04-25 17:00:00,MAITRI,,,,,,,REAL_AWS_WITH_MISSING
2016-04-25 18:00:00,MAITRI,,,,,,,REAL_AWS_WITH_MISSING
2016-04-25 19:00:00,MAITRI,,,,,,,REAL_AWS_WITH_MISSING
2016-04-25 20:00:00,MAITRI,,,,,,,REAL_AWS_WITH_MISSING
2016-04-25 21:00:00,MAITRI,,,,,,,REAL_AWS_WITH_MISSING
2016-04-25 22:00:00,MAITRI,,,,,,,REAL_AWS_WITH_MISSING
2016-04-25 23:00:00,MAITRI,,,,,,,REAL_AWS_WITH_MISSING
2016-04-26 00:00:00,MAITRI,,,,,,,REAL_AWS_WITH_MISSING
2016-04-26 01:00:00,MAITRI,,,,,,,REAL_AWS_WITH_MISSING
2016-04-26 02:00:00,MAITRI,,,,,,,REAL_AWS_WITH_MISSING
2016-04-26 03:00:00,MAITRI,,,,,,,REAL_AWS_WITH_MISSING
2016-04-26 04:00:00,MAITRI,,,,,,,REAL_AWS_WITH_MISSING
2016-04-26 05:00:00,MAITRI,,,,,,,REAL_AWS_WITH_MISSING
2016-04-26 06:00:00,MAITRI,,,,,,,REAL_AWS_WITH_MISSING
2016-04-26 07:00:00,MAITRI,,,,,,,REAL_AWS_WITH_MISSING
2016-04-26 08:00:00,MAITRI,,,,,,,REAL_AWS_WITH_MISSING
2016-04-26 09:00:00,MAITRI,,,,,,,REAL_AWS_WITH_MISSING
2016-04-26 10:00:00,MAITRI,,,,,,,REAL_AWS_WITH_MISSING
2016-04-26 11:00:00,MAITRI,,,,,,,REAL_AWS_WITH_MISSING
2016-04-26 12:00:00,MAITRI,,,,,,,REAL_AWS_WITH_MISSING
2016-04-26 13:00:00,MAITRI,,,,,,,REAL_AWS_WITH_MISSING
2016-04-26 14:00:00,MAITRI,,,,,,,REAL_AWS_WITH_MISSING
2016-04-26 15:00:00,MAITRI,,,,,,,REAL_AWS_WITH_MISSING
2016-04-26 16:00:00,MAITRI,,,,,,,REAL_AWS_WITH_MISSING
2016-04-26 17:00:00,MAITRI,,,,,,,REAL_AWS_WITH_MISSING
2016-04-26 18:00:00,MAITRI,,,,,,,REAL_AWS_WITH_MISSING
2016-04-26 19:00:00,MAITRI,,,,,,,REAL_AWS_WITH_MISSING
2016-04-26 20:00:00,MAITRI,,,,,,,REAL_AWS_WITH_MISSING
2016-04-26 21:00:00,MAITRI,,,,,,,REAL_AWS_WITH_MISSING
2016-04-26 22:00:00,MAITRI,,,,,,,REAL_AWS_WITH_MISSING
2016-04-26 23:00:00,MAITRI,,,,,,,REAL_AWS_WITH_MISSING
2016-04-27 00:00:00,MAITRI,,,,,,,REAL_AWS_WITH_MISSING
2016-04-27 01:00:00,MAITRI,,,,,,,REAL_AWS_WITH_MISSING
2016-04-27 02:00:00,MAITRI,,,,,,,REAL_AWS_WITH_MISSING
2016-04-27 03:00:00,MAITRI,,,,,,,REAL_AWS_WITH_MISSING
2016-04-27 04:00:00,MAITRI,,,,,,,REAL_AWS_WITH_MISSING
2016-04-27 05:00:00,MAITRI,,,,,,,REAL_AWS_WITH_MISSING
2016-04-27 06:00:00,MAITRI,,,,,,,REAL_AWS_WITH_MISSING
2016-04-27 07:00:00,MAITRI,,,,,,,REAL_AWS_WITH_MISSING
2016-04-27 08:00:00,MAITRI,,,,,,,REAL_AWS_WITH_MISSING
2016-04-27 09:00:00,MAITRI,,,,,,,REAL_AWS_WITH_MISSING
2016-04-27 10:00:00,MAITRI,,,,,,,REAL_AWS_WITH_MISSING
2016-04-27 11:00:00,MAITRI,,,,,,,REAL_AWS_WITH_MISSING
2016-04-27 12:00:00,MAITRI,,,,,,,REAL_AWS_WITH_MISSING
2016-04-27 13:00:00,MAITRI,,,,,,,REAL_AWS_WITH_MISSING
2016-04-27 14:00:00,MAITRI,,,,,,,REAL_AWS_WITH_MISSING
2016-04-27 15:00:00,MAITRI,,,,,,,REAL_AWS_WITH_MISSING
2016-04-27 16:00:00,MAITRI,,,,,,,REAL_AWS_WITH_MISSING
2016-04-27 17:00:00,MAITRI,,,,,,,REAL_AWS_WITH_MISSING
2016-04-27 18:00:00,MAITRI,,,,,,,REAL_AWS_WITH_MISSING
2016-04-27 19:00:00,MAITRI,,,,,,,REAL_AWS_WITH_MISSING
2016-04-27 20:00:00,MAITRI,,,,,,,REAL_AWS_WITH_MISSING
2016-04-27 21:00:00,MAITRI,,,,,,,REAL_AWS_WITH_MISSING
2016-04-27 22:00:00,MAITRI,,,,,,,REAL_AWS_WITH_MISSING
2016-04-27 23:00:00,MAITRI,,,,,,,REAL_AWS_WITH_MISSING
2016-04-28 00:00:00,MAITRI,,,,,,,REAL_AWS_WITH_MISSING
2016-04-28 01:00:00,MAITRI,,,,,,,REAL_AWS_WITH_MISSING
2016-04-28 02:00:00,MAITRI,,,,,,,REAL_AWS_WITH_MISSING
2016-04-28 03:00:00,MAITRI,,,,,,,REAL_AWS_WITH_MISSING
2016-04-28 04:00:00,MAITRI,,,,,,,REAL_AWS_WITH_MISSING
2016-04-28 05:00:00,MAITRI,,,,,,,REAL_AWS_WITH_MISSING
2016-04-28 06:00:00,MAITRI,,,,,,,REAL_AWS_WITH_MISSING
2016-04-28 07:00:00,MAITRI,,,,,,,REAL_AWS_WITH_MISSING
2016-04-28 08:00:00,MAITRI,,,,,,,REAL_AWS_WITH_MISSING
2016-04-28 09:00:00,MAITRI,,,,,,,REAL_AWS_WITH_MISSING
2016-04-28 10:00:00,MAITRI,,,,,,,REAL_AWS_WITH_MISSING
2016-04-28 11:00:00,MAITRI,,,,,,,REAL_AWS_WITH_MISSING
2016-04-28 12:00:00,MAITRI,,,,,,,REAL_AWS_WITH_MISSING
2016-04-28 13:00:00,MAITRI,,,,,,,REAL_AWS_WITH_MISSING
2016-04-28 14:00:00,MAITRI,,,,,,,REAL_AWS_WITH_MISSING
2016-04-28 15:00:00,MAITRI,,,,,,,REAL_AWS_WITH_MISSING
2016-04-28 16:00:00,MAITRI,,,,,,,REAL_AWS_WITH_MISSING
2016-04-28 17:00:00,MAITRI,,,,,,,REAL_AWS_WITH_MISSING
2016-04-28 18:00:00,MAITRI,,,,,,,REAL_AWS_WITH_MISSING
2016-04-28 19:00:00,MAITRI,,,,,,,REAL_AWS_WITH_MISSING
2016-04-28 20:00:00,MAITRI,,,,,,,REAL_AWS_WITH_MISSING
2016-04-28 21:00:00,MAITRI,,,,,,,REAL_AWS_WITH_MISSING
2016-04-28 22:00:00,MAITRI,,,,,,,REAL_AWS_WITH_MISSING
2016-04-28 23:00:00,MAITRI,,,,,,,REAL_AWS_WITH_MISSING
2016-04-29 00:00:00,MAITRI,,,,,,,REAL_AWS_WITH_MISSING
2016-04-29 01:00:00,MAITRI,,,,,,,REAL_AWS_WITH_MISSING
2016-04-29 02:00:00,MAITRI,,,,,,,REAL_AWS_WITH_MISSING
2016-04-29 03:00:00,MAITRI,,,,,,,REAL_AWS_WITH_MISSING
2016-04-29 04:00:00,MAITRI,,,,,,,REAL_AWS_WITH_MISSING
2016-04-29 05:00:00,MAITRI,,,,,,,REAL_AWS_WITH_MISSING
2016-04-29 06:00:00,MAITRI,,,,,,,REAL_AWS_WITH_MISSING
2016-04-29 07:00:00,MAITRI,,,,,,,REAL_AWS_WITH_MISSING
2016-04-29 08:00:00,MAITRI,,,,,,,REAL_AWS_WITH_MISSING
2016-04-29 09:00:00,MAITRI,,,,,,,REAL_AWS_WITH_MISSING
2016-04-29 10:00:00,MAITRI,,,,,,,REAL_AWS_WITH_MISSING
2016-04-29 11:00:00,MAITRI,,,,,,,REAL_AWS_WITH_MISSING
2016-04-29 12:00:00,MAITRI,,,,,,,REAL_AWS_WITH_MISSING
2016-04-29 13:00:00,MAITRI,,,,,,,REAL_AWS_WITH_MISSING
2016-04-29 14:00:00,MAITRI,,,,,,,REAL_AWS_WITH_MISSING
2016-04-29 15:00:00,MAITRI,,,,,,,REAL_AWS_WITH_MISSING
2016-04-29 16:00:00,MAITRI,,,,,,,REAL_AWS_WITH_MISSING
2016-04-29 17:00:00,MAITRI,,,,,,,REAL_AWS_WITH_MISSING
2016-04-29 18:00:00,MAITRI,,,,,,,REAL_AWS_WITH_MISSING
2016-04-29 19:00:00,MAITRI,,,,,,,REAL_AWS_WITH_MISSING
2016-04-29 20:00:00,MAITRI,,,,,,,REAL_AWS_WITH_MISSING
2016-04-29 21:00:00,MAITRI,,,,,,,REAL_AWS_WITH_MISSING
2016-04-29 22:00:00,MAITRI,,,,,,,REAL_AWS_WITH_MISSING
2016-04-29 23:00:00,MAITRI,,,,,,,REAL_AWS_WITH_MISSING
2016-04-30 00:00:00,MAITRI,,,,,,,REAL_AWS_WITH_MISSING
2016-04-30 01:00:00,MAITRI,,,,,,,REAL_AWS_WITH_MISSING
2016-04-30 02:00:00,MAITRI,,,,,,,REAL_AWS_WITH_MISSING
2016-04-30 03:00:00,MAITRI,,,,,,,REAL_AWS_WITH_MISSING
2016-04-30 04:00:00,MAITRI,,,,,,,REAL_AWS_WITH_MISSING
2016-04-30 05:00:00,MAITRI,,,,,,,REAL_AWS_WITH_MISSING
2016-04-30 06:00:00,MAITRI,,,,,,,REAL_AWS_WITH_MISSING
2016-04-30 07:00:00,MAITRI,,,,,,,REAL_AWS_WITH_MISSING
2016-04-30 08:00:00,MAITRI,,,,,,,REAL_AWS_WITH_MISSING
2016-04-30 09:00:00,MAITRI,,,,,,,REAL_AWS_WITH_MISSING
2016-04-30 10:00:00,MAITRI,,,,,,,REAL_AWS_WITH_MISSING
2016-04-30 11:00:00,MAITRI,,,,,,,REAL_AWS_WITH_MISSING
2016-04-30 12:00:00,MAITRI,,,,,,,REAL_AWS_WITH_MISSING
2016-04-30 13:00:00,MAITRI,,,,,,,REAL_AWS_WITH_MISSING
2016-04-30 14:00:00,MAITRI,,,,,,,REAL_AWS_WITH_MISSING
2016-04-30 15:00:00,MAITRI,,,,,,,REAL_AWS_WITH_MISSING
2016-04-30 16:00:00,MAITRI,,,,,,,REAL_AWS_WITH_MISSING
2016-04-30 17:00:00,MAITRI,,,,,,,REAL_AWS_WITH_MISSING
2016-04-30 18:00:00,MAITRI,,,,,,,REAL_AWS_WITH_MISSING
2016-04-30 19:00:00,MAITRI,,,,,,,REAL_AWS_WITH_MISSING
2016-04-30 20:00:00,MAITRI,,,,,,,REAL_AWS_WITH_MISSING
2016-04-30 21:00:00,MAITRI,,,,,,,REAL_AWS_WITH_MISSING
2016-04-30 22:00:00,MAITRI,,,,,,,REAL_AWS_WITH_MISSING
2016-04-30 23:00:00,MAITRI,,,,,,,REAL_AWS_WITH_MISSING
2016-05-01 00:00:00,MAITRI,,,,,,,REAL_AWS_WITH_MISSING
2016-05-01 01:00:00,MAITRI,,,,,,,REAL_AWS_WITH_MISSING
2016-05-01 02:00:00,MAITRI,,,,,,,REAL_AWS_WITH_MISSING
2016-05-01 03:00:00,MAITRI,,,,,,,REAL_AWS_WITH_MISSING
2016-05-01 04:00:00,MAITRI,,,,,,,REAL_AWS_WITH_MISSING
2016-05-01 05:00:00,MAITRI,,,,,,,REAL_AWS_WITH_MISSING
2016-05-01 06:00:00,MAITRI,,,,,,,REAL_AWS_WITH_MISSING
2016-05-01 07:00:00,MAITRI,,,,,,,REAL_AWS_WITH_MISSING
2016-05-01 08:00:00,MAITRI,,,,,,,REAL_AWS_WITH_MISSING
2016-05-01 09:00:00,MAITRI,,,,,,,REAL_AWS_WITH_MISSING
2016-05-01 10:00:00,MAITRI,,,,,,,REAL_AWS_WITH_MISSING
2016-05-01 11:00:00,MAITRI,,,,,,,REAL_AWS_WITH_MISSING
2016-05-01 12:00:00,MAITRI,,,,,,,REAL_AWS_WITH_MISSING
2016-05-01 13:00:00,MAITRI,,,,,,,REAL_AWS_WITH_MISSING
2016-05-01 14:00:00,MAITRI,,,,,,,REAL_AWS_WITH_MISSING
2016-05-01 15:00:00,MAITRI,,,,,,,REAL_AWS_WITH_MISSING
2016-05-01 16:00:00,MAITRI,,,,,,,REAL_AWS_WITH_MISSING
2016-05-01 17:00:00,MAITRI,,,,,,,REAL_AWS_WITH_MISSING
2016-05-01 18:00:00,MAITRI,,,,,,,REAL_AWS_WITH_MISSING
2016-05-01 19:00:00,MAITRI,,,,,,,REAL_AWS_WITH_MISSING
2016-05-01 20:00:00,MAITRI,,,,,,,REAL_AWS_WITH_MISSING
2016-05-01 21:00:00,MAITRI,,,,,,,REAL_AWS_WITH_MISSING
2016-05-01 22:00:00,MAITRI,,,,,,,REAL_AWS_WITH_MISSING
2016-05-01 23:00:00,MAITRI,,,,,,,REAL_AWS_WITH_MISSING
2016-05-02 00:00:00,MAITRI,,,,,,,REAL_AWS_WITH_MISSING
2016-05-02 01:00:00,MAITRI,,,,,,,REAL_AWS_WITH_MISSING
2016-05-02 02:00:00,MAITRI,,,,,,,REAL_AWS_WITH_MISSING
2016-05-02 03:00:00,MAITRI,,,,,,,REAL_AWS_WITH_MISSING
2016-05-02 04:00:00,MAITRI,,,,,,,REAL_AWS_WITH_MISSING
2016-05-02 05:00:00,MAITRI,,,,,,,REAL_AWS_WITH_MISSING
2016-05-02 06:00:00,MAITRI,,,,,,,REAL_AWS_WITH_MISSING
2016-05-02 07:00:00,MAITRI,-15.6,974.6,30.0,62.6,298.0,0.9007194244604316,REAL_AWS
2016-05-02 08:00:00,MAITRI,-15.5,974.5,30.0,62.6,298.0,0.9007194244604316,REAL_AWS
2016-05-02 09:00:00,MAITRI,-15.2,974.4,29.0,55.8,304.0,0.8028776978417266,REAL_AWS
2016-05-02 10:00:00,MAITRI,-15.4,974.9,33.0,63.2,298.0,0.9093525179856116,REAL_AWS
2016-05-02 11:00:00,MAITRI,-15.3,975.0,33.0,61.3,298.0,0.8820143884892085,REAL_AWS
2016-05-02 12:00:00,MAITRI,-15.3,975.3,36.0,61.3,298.0,0.8820143884892085,REAL_AWS
2016-05-02 13:00:00,MAITRI,-15.0,974.9,35.0,62.6,301.0,0.9007194244604316,REAL_AWS
2016-05-02 14:00:00,MAITRI,-15.0,975.0,34.0,62.6,298.0,0.9007194244604316,REAL_AWS
2016-05-02 15:00:00,MAITRI,-14.3,974.6,32.0,63.2,298.0,0.9093525179856116,REAL_AWS
2016-05-02 16:00:00,MAITRI,-13.8,974.9,33.0,63.9,298.0,0.9194244604316547,REAL_AWS
2016-05-02 17:00:00,MAITRI,-13.9,975.2,33.0,63.4,299.0,0.9122302158273381,REAL_AWS
2016-05-02 18:00:00,MAITRI,-13.5,975.1,32.0,58.6,302.0,0.8431654676258993,REAL_AWS
2016-05-02 19:00:00,MAITRI,-13.2,975.2,31.0,62.5,298.0,0.8992805755395683,REAL_AWS
2016-05-02 20:00:00,MAITRI,-13.1,975.0,34.0,60.6,298.0,0.8719424460431655,REAL_AWS
2016-05-02 21:00:00,MAITRI,-12.6,975.2,33.0,61.3,298.0,0.8820143884892085,REAL_AWS
2016-05-02 22:00:00,MAITRI,-12.3,975.5,35.0,61.9,301.0,0.8906474820143885,REAL_AWS
2016-05-02 23:00:00,MAITRI,-12.1,975.7,34.0,62.6,298.0,0.9007194244604316,REAL_AWS
2016-05-03 00:00:00,MAITRI,-11.7,975.5,33.0,63.9,298.0,0.9194244604316547,REAL_AWS
2016-05-03 01:00:00,MAITRI,-11.6,975.5,32.0,63.9,298.0,0.9194244604316547,REAL_AWS
2016-05-03 02:00:00,MAITRI,-11.4,975.7,34.0,71.6,299.0,1.0,REAL_AWS
2016-05-03 03:00:00,MAITRI,-11.0,975.5,33.0,63.2,301.0,0.9093525179856116,REAL_AWS
2016-05-03 04:00:00,MAITRI,-10.8,975.6,36.0,63.2,298.0,0.9093525179856116,REAL_AWS
2016-05-03 05:00:00,MAITRI,-10.9,975.7,43.0,61.3,298.0,0.8820143884892085,REAL_AWS
2016-05-03 06:00:00,MAITRI,-10.6,975.9,42.0,61.9,298.0,0.8906474820143885,REAL_AWS
2016-05-03 07:00:00,MAITRI,-10.4,976.3,45.0,62.0,301.0,0.8920863309352518,REAL_AWS
2016-05-03 08:00:00,MAITRI,-10.3,976.7,52.0,61.9,298.0,0.8906474820143885,REAL_AWS
2016-05-03 09:00:00,MAITRI,-10.3,977.7,58.0,63.9,298.0,0.9194244604316547,REAL_AWS
2016-05-03 10:00:00,MAITRI,-10.4,978.5,70.0,63.2,298.0,0.9093525179856116,REAL_AWS
2016-05-03 11:00:00,MAITRI,-10.6,978.9,84.0,63.6,298.0,0.9151079136690647,REAL_AWS
2016-05-03 12:00:00,MAITRI,-10.4,979.1,88.0,26.1,315.0,0.37553956834532376,REAL_AWS
2016-05-03 13:00:00,MAITRI,-10.4,979.5,89.0,63.2,298.0,0.9093525179856116,REAL_AWS
2016-05-03 14:00:00,MAITRI,-10.5,980.0,88.0,61.2,298.0,0.8805755395683453,REAL_AWS
2016-05-03 15:00:00,MAITRI,-10.5,980.2,88.0,61.3,298.0,0.8820143884892085,REAL_AWS
2016-05-03 16:00:00,MAITRI,-10.3,980.3,87.0,61.9,301.0,0.8906474820143885,REAL_AWS
2016-05-03 17:00:00,MAITRI,-10.3,980.8,83.0,61.9,298.0,0.8906474820143885,REAL_AWS
2016-05-03 18:00:00,MAITRI,-10.8,981.0,86.0,63.9,298.0,0.9194244604316547,REAL_AWS
2016-05-03 19:00:00,MAITRI,-10.6,980.5,87.0,63.9,298.0,0.9194244604316547,REAL_AWS
2016-05-03 20:00:00,MAITRI,-10.5,981.0,82.0,62.4,300.0,0.897841726618705,REAL_AWS
2016-05-03 21:00:00,MAITRI,-11.1,981.7,82.0,26.5,272.0,0.381294964028777,REAL_AWS
2016-05-03 22:00:00,MAITRI,-11.0,981.3,78.0,62.0,298.0,0.8920863309352518,REAL_AWS
2016-05-03 23:00:00,MAITRI,-10.8,981.6,76.0,61.9,298.0,0.8906474820143885,REAL_AWS
2016-05-04 00:00:00,MAITRI,-10.9,981.6,76.0,62.6,298.0,0.9007194244604316,REAL_AWS
2016-05-04 01:00:00,MAITRI,-10.4,980.5,75.0,61.9,301.0,0.8906474820143885,REAL_AWS
2016-05-04 02:00:00,MAITRI,-10.4,980.3,73.0,61.9,298.0,0.8906474820143885,REAL_AWS
2016-05-04 03:00:00,MAITRI,-10.5,979.8,73.0,63.9,298.0,0.9194244604316547,REAL_AWS
2016-05-04 04:00:00,MAITRI,-10.4,979.7,77.0,63.9,298.0,0.9194244604316547,REAL_AWS
2016-05-04 05:00:00,MAITRI,-10.1,978.9,84.0,69.7,299.0,1.0,REAL_AWS
2016-05-04 06:00:00,MAITRI,-10.3,978.7,86.0,15.1,290.0,0.21726618705035972,REAL_AWS
2016-05-04 07:00:00,MAITRI,-10.4,978.4,87.0,62.8,298.0,0.9035971223021583,REAL_AWS
2016-05-04 08:00:00,MAITRI,-10.5,977.5,88.0,61.3,298.0,0.8820143884892085,REAL_AWS
2016-05-04 09:00:00,MAITRI,-10.9,977.2,89.0,61.3,298.0,0.8820143884892085,REAL_AWS
2016-05-04 10:00:00,MAITRI,-10.8,975.9,89.0,61.9,301.0,0.8906474820143885,REAL_AWS
2016-05-04 11:00:00,MAITRI,-10.5,974.9,90.0,61.9,298.0,0.8906474820143885,REAL_AWS
2016-05-04 12:00:00,MAITRI,-10.3,974.3,90.0,63.2,298.0,0.9093525179856116,REAL_AWS
2016-05-04 13:00:00,MAITRI,-10.2,972.6,90.0,63.2,298.0,0.9093525179856116,REAL_AWS
2016-05-04 14:00:00,MAITRI,-9.9,971.1,91.0,66.8,299.0,0.9611510791366906,REAL_AWS
2016-05-04 15:00:00,MAITRI,-9.7,969.5,91.0,51.0,311.99999999999994,0.7338129496402878,REAL_AWS
2016-05-04 16:00:00,MAITRI,-9.7,968.5,91.0,62.6,298.0,0.9007194244604316,REAL_AWS
2016-05-04 17:00:00,MAITRI,-9.6,967.7,91.0,60.6,298.0,0.8719424460431655,REAL_AWS
2016-05-04 18:00:00,MAITRI,-9.6,967.3,91.0,61.3,298.0,0.8820143884892085,REAL_AWS
2016-05-04 19:00:00,MAITRI,-10.0,966.2,91.0,62.4,300.0,0.897841726618705,REAL_AWS
2016-05-04 20:00:00,MAITRI,-10.2,965.6,90.0,62.6,298.0,0.9007194244604316,REAL_AWS
2016-05-04 21:00:00,MAITRI,-10.4,964.9,90.0,62.6,298.0,0.9007194244604316,REAL_AWS
2016-05-04 22:00:00,MAITRI,-10.8,964.6,90.0,62.6,298.0,0.9007194244604316,REAL_AWS
2016-05-04 23:00:00,MAITRI,-10.5,964.4,90.0,63.9,298.0,0.9194244604316547,REAL_AWS
2016-05-05 00:00:00,MAITRI,-10.9,964.6,90.0,25.9,296.0,0.3726618705035971,REAL_AWS
2016-05-05 01:00:00,MAITRI,-11.0,965.4,90.0,62.6,298.0,0.9007194244604316,REAL_AWS
2016-05-05 02:00:00,MAITRI,-10.7,966.5,90.0,61.9,298.0,0.8906474820143885,REAL_AWS
2016-05-05 03:00:00,MAITRI,-10.8,966.8,90.0,61.9,298.0,0.8906474820143885,REAL_AWS
2016-05-05 04:00:00,MAITRI,-10.8,966.8,90.0,61.9,301.0,0.8906474820143885,REAL_AWS
2016-05-05 05:00:00,MAITRI,-10.7,966.6,90.0,62.6,298.0,0.9007194244604316,REAL_AWS
2016-05-05 06:00:00,MAITRI,-10.6,967.8,90.0,63.2,298.0,0.9093525179856116,REAL_AWS
2016-05-05 07:00:00,MAITRI,-10.3,967.6,90.0,63.9,298.0,0.9194244604316547,REAL_AWS
2016-05-05 08:00:00,MAITRI,-10.0,968.4,91.0,60.9,299.0,0.8762589928057554,REAL_AWS
2016-05-05 09:00:00,MAITRI,-9.8,968.4,91.0,31.4,289.0,0.45179856115107914,REAL_AWS
2016-05-05 10:00:00,MAITRI,-9.7,968.6,91.0,62.6,298.0,0.9007194244604316,REAL_AWS
2016-05-05 11:00:00,MAITRI,-9.4,968.8,91.0,61.3,299.0,0.8820143884892085,REAL_AWS
2016-05-05 12:00:00,MAITRI,-9.2,969.0,91.0,61.9,298.0,0.8906474820143885,REAL_AWS
2016-05-05 13:00:00,MAITRI,-9.1,969.5,92.0,61.9,301.0,0.8906474820143885,REAL_AWS
2016-05-05 14:00:00,MAITRI,-8.9,970.4,92.0,62.6,298.0,0.9007194244604316,REAL_AWS
2016-05-05 15:00:00,MAITRI,-9.0,970.4,92.0,62.6,298.0,0.9007194244604316,REAL_AWS
2016-05-05 16:00:00,MAITRI,-8.9,970.5,92.0,63.3,298.0,0.9107913669064748,REAL_AWS
2016-05-05 17:00:00,MAITRI,-8.9,970.9,92.0,56.5,299.0,0.8129496402877698,REAL_AWS
2016-05-05 18:00:00,MAITRI,-8.9,971.2,92.0,44.7,283.0,0.6431654676258993,REAL_AWS
2016-05-05 19:00:00,MAITRI,-8.9,972.0,92.0,62.4,298.0,0.897841726618705,REAL_AWS
2016-05-05 20:00:00,MAITRI,-8.9,972.4,92.0,61.9,298.0,0.8906474820143885,REAL_AWS
2016-05-05 21:00:00,MAITRI,-8.8,972.8,92.0,61.9,298.0,0.8906474820143885,REAL_AWS
2016-05-05 22:00:00,MAITRI,-8.7,973.3,92.0,61.9,301.0,0.8906474820143885,REAL_AWS
2016-05-05 23:00:00,MAITRI,-8.6,974.0,92.0,62.6,298.0,0.9007194244604316,REAL_AWS
2016-05-06 00:00:00,MAITRI,-8.8,974.1,92.0,63.9,298.0,0.9194244604316547,REAL_AWS
2016-05-06 01:00:00,MAITRI,-8.6,974.7,92.0,63.9,298.0,0.9194244604316547,REAL_AWS
2016-05-06 02:00:00,MAITRI,-8.4,974.9,92.0,62.1,299.0,0.8935251798561151,REAL_AWS
2016-05-06 03:00:00,MAITRI,-8.4,974.9,92.0,27.1,280.0,0.3899280575539569,REAL_AWS
2016-05-06 04:00:00,MAITRI,-8.3,976.1,92.0,62.6,298.0,0.9007194244604316,REAL_AWS
2016-05-06 05:00:00,MAITRI,-8.2,976.0,92.0,61.9,298.0,0.8906474820143885,REAL_AWS
2016-05-06 06:00:00,MAITRI,-8.0,976.1,93.0,61.9,298.0,0.8906474820143885,REAL_AWS
2016-05-06 07:00:00,MAITRI,-8.0,976.7,92.0,61.9,301.0,0.8906474820143885,REAL_AWS
2016-05-06 08:00:00,MAITRI,-8.0,976.7,93.0,61.9,298.0,0.8906474820143885,REAL_AWS
2016-05-06 09:00:00,MAITRI,-8.1,976.8,92.0,62.6,298.0,0.9007194244604316,REAL_AWS
2016-05-06 10:00:00,MAITRI,-8.1,977.4,92.0,63.9,298.0,0.9194244604316547,REAL_AWS
2016-05-06 11:00:00,MAITRI,-8.1,977.6,92.0,60.2,299.0,0.8661870503597122,REAL_AWS
2016-05-06 12:00:00,MAITRI,-8.2,977.6,92.0,57.4,306.0,0.8258992805755395,REAL_AWS
2016-05-06 13:00:00,MAITRI,-8.2,978.2,92.0,63.3,298.0,0.9107913669064748,REAL_AWS
2016-05-06 14:00:00,MAITRI,-7.9,978.1,93.0,61.3,298.0,0.8820143884892085,REAL_AWS
2016-05-06 15:00:00,MAITRI,-7.7,977.9,93.0,61.9,298.0,0.8906474820143885,REAL_AWS
2016-05-06 16:00:00,MAITRI,-7.6,977.7,93.0,61.9,301.0,0.8906474820143885,REAL_AWS
2016-05-06 17:00:00,MAITRI,-7.6,978.1,93.0,62.6,298.0,0.9007194244604316,REAL_AWS
2016-05-06 18:00:00,MAITRI,-7.7,978.4,93.0,62.6,298.0,0.9007194244604316,REAL_AWS
2016-05-06 19:00:00,MAITRI,-7.7,978.8,93.0,63.9,298.0,0.9194244604316547,REAL_AWS
2016-05-06 20:00:00,MAITRI,-7.8,978.7,93.0,68.2,299.0,0.981294964028777,REAL_AWS
2016-05-06 21:00:00,MAITRI,-7.8,978.0,93.0,62.6,301.0,0.9007194244604316,REAL_AWS
2016-05-06 22:00:00,MAITRI,-7.6,978.0,93.0,63.3,298.0,0.9107913669064748,REAL_AWS
2016-05-06 23:00:00,MAITRI,-7.6,977.2,93.0,61.9,298.0,0.8906474820143885,REAL_AWS
2016-05-07 00:00:00,MAITRI,-7.5,976.9,93.0,61.3,298.0,0.8820143884892085,REAL_AWS
2016-05-07 01:00:00,MAITRI,-7.6,976.5,93.0,61.9,301.0,0.8906474820143885,REAL_AWS
2016-05-07 02:00:00,MAITRI,-7.9,975.9,93.0,61.9,298.0,0.8906474820143885,REAL_AWS
2016-05-07 03:00:00,MAITRI,-8.3,975.5,92.0,63.3,298.0,0.9107913669064748,REAL_AWS
2016-05-07 04:00:00,MAITRI,-8.5,974.4,92.0,63.9,298.0,0.9194244604316547,REAL_AWS
2016-05-07 05:00:00,MAITRI,-8.5,972.9,92.0,63.3,298.0,0.9107913669064748,REAL_AWS
2016-05-07 06:00:00,MAITRI,-8.5,972.0,92.0,63.2,301.0,0.9093525179856116,REAL_AWS
2016-05-07 07:00:00,MAITRI,-8.2,971.2,92.0,63.3,298.0,0.9107913669064748,REAL_AWS
2016-05-07 08:00:00,MAITRI,-8.3,970.6,92.0,61.9,298.0,0.8906474820143885,REAL_AWS
2016-05-07 09:00:00,MAITRI,-8.4,969.9,92.0,61.9,298.0,0.8906474820143885,REAL_AWS
2016-05-07 10:00:00,MAITRI,-8.6,969.1,92.0,68.5,299.0,0.9856115107913669,REAL_AWS
2016-05-07 11:00:00,MAITRI,-8.9,968.0,92.0,54.6,309.0,0.7856115107913669,REAL_AWS
2016-05-07 12:00:00,MAITRI,-9.3,966.8,91.0,61.9,298.0,0.8906474820143885,REAL_AWS
2016-05-07 13:00:00,MAITRI,-9.2,965.3,91.0,63.2,298.0,0.9093525179856116,REAL_AWS
2016-05-07 14:00:00,MAITRI,-9.5,963.7,91.0,61.3,298.0,0.8820143884892085,REAL_AWS
2016-05-07 15:00:00,MAITRI,-9.2,962.3,91.0,61.3,300.0,0.8820143884892085,REAL_AWS
2016-05-07 16:00:00,MAITRI,-9.3,961.8,91.0,62.5,298.0,0.8992805755395683,REAL_AWS
2016-05-07 17:00:00,MAITRI,-9.7,960.8,90.0,60.3,300.0,0.8676258992805755,REAL_AWS
2016-05-07 18:00:00,MAITRI,-9.8,960.1,90.0,63.9,298.0,0.9194244604316547,REAL_AWS
2016-05-07 19:00:00,MAITRI,-10.0,959.7,90.0,62.7,298.0,0.902158273381295,REAL_AWS
2016-05-07 20:00:00,MAITRI,-10.1,959.2,90.0,63.2,300.0,0.9093525179856116,REAL_AWS
2016-05-07 21:00:00,MAITRI,-9.9,958.1,90.0,62.6,299.0,0.9007194244604316,REAL_AWS
2016-05-07 22:00:00,MAITRI,-9.6,957.8,90.0,61.9,298.0,0.8906474820143885,REAL_AWS
2016-05-07 23:00:00,MAITRI,-9.2,958.2,90.0,61.9,298.0,0.8906474820143885,REAL_AWS
2016-05-08 00:00:00,MAITRI,-8.8,957.7,91.0,60.4,300.0,0.8690647482014389,REAL_AWS
2016-05-08 01:00:00,MAITRI,-8.4,957.6,91.0,61.4,298.0,0.8834532374100719,REAL_AWS
2016-05-08 02:00:00,MAITRI,-8.0,957.5,91.0,60.5,299.0,0.8705035971223022,REAL_AWS
2016-05-08 03:00:00,MAITRI,-8.0,957.2,90.0,63.3,298.0,0.9107913669064748,REAL_AWS
2016-05-08 04:00:00,MAITRI,-8.1,956.7,90.0,63.9,298.0,0.9194244604316547,REAL_AWS
2016-05-08 05:00:00,MAITRI,-8.0,958.1,91.0,63.2,300.0,0.9093525179856116,REAL_AWS
2016-05-08 06:00:00,MAITRI,-8.1,959.3,90.0,61.9,299.0,0.8906474820143885,REAL_AWS
2016-05-08 07:00:00,MAITRI,-8.0,959.8,90.0,61.9,298.0,0.8906474820143885,REAL_AWS
2016-05-08 08:00:00,MAITRI,-8.2,960.4,90.0,61.9,298.0,0.8906474820143885,REAL_AWS
2016-05-08 09:00:00,MAITRI,-8.1,960.0,90.0,61.3,298.0,0.8820143884892085,REAL_AWS
2016-05-08 10:00:00,MAITRI,-8.1,960.4,90.0,27.9,310.0,0.4014388489208633,REAL_AWS
2016-05-08 11:00:00,MAITRI,-8.1,961.2,90.0,61.9,299.0,0.8906474820143885,REAL_AWS
2016-05-08 12:00:00,MAITRI,-8.4,961.7,90.0,62.5,298.0,0.8992805755395683,REAL_AWS
2016-05-08 13:00:00,MAITRI,-8.8,961.9,90.0,63.2,298.0,0.9093525179856116,REAL_AWS
2016-05-08 14:00:00,MAITRI,-9.0,960.4,90.0,63.2,300.0,0.9093525179856116,REAL_AWS
2016-05-08 15:00:00,MAITRI,-9.2,961.0,90.0,63.3,299.0,0.9107913669064748,REAL_AWS
2016-05-08 16:00:00,MAITRI,-9.3,961.8,90.0,61.8,295.0,0.8892086330935252,REAL_AWS
2016-05-08 17:00:00,MAITRI,-9.7,961.1,89.0,61.3,298.0,0.8820143884892085,REAL_AWS
2016-05-08 18:00:00,MAITRI,-9.9,960.3,89.0,64.0,299.0,0.920863309352518,REAL_AWS
2016-05-08 19:00:00,MAITRI,-9.8,959.9,89.0,31.1,317.0,0.4474820143884892,REAL_AWS
2016-05-08 20:00:00,MAITRI,-9.6,959.7,89.0,62.6,299.0,0.9007194244604316,REAL_AWS
2016-05-08 21:00:00,MAITRI,-9.7,959.4,89.0,63.2,298.0,0.9093525179856116,REAL_AWS
2016-05-08 22:00:00,MAITRI,-9.5,959.2,89.0,63.9,298.0,0.9194244604316547,REAL_AWS
2016-05-08 23:00:00,MAITRI,-9.9,959.0,89.0,62.7,299.0,0.902158273381295,REAL_AWS
2016-05-09 00:00:00,MAITRI,-10.1,958.8,88.0,63.2,299.0,0.9093525179856116,REAL_AWS
2016-05-09 01:00:00,MAITRI,-10.4,958.7,88.0,62.6,298.0,0.9007194244604316,REAL_AWS
2016-05-09 02:00:00,MAITRI,-10.5,958.2,88.0,62.3,298.0,0.8964028776978417,REAL_AWS
2016-05-09 03:00:00,MAITRI,-10.4,957.9,87.0,64.1,299.0,0.9223021582733812,REAL_AWS
2016-05-09 04:00:00,MAITRI,-10.2,957.9,87.0,61.9,299.0,0.8906474820143885,REAL_AWS
2016-05-09 05:00:00,MAITRI,-10.4,957.8,87.0,62.6,300.0,0.9007194244604316,REAL_AWS
2016-05-09 06:00:00,MAITRI,-10.7,958.1,86.0,63.2,298.0,0.9093525179856116,REAL_AWS
2016-05-09 07:00:00,MAITRI,-11.4,957.8,86.0,63.9,298.0,0.9194244604316547,REAL_AWS
2016-05-09 08:00:00,MAITRI,-11.7,958.2,85.0,63.1,299.0,0.9079136690647482,REAL_AWS
2016-05-09 09:00:00,MAITRI,-12.3,958.1,85.0,60.6,299.0,0.8719424460431655,REAL_AWS
2016-05-09 10:00:00,MAITRI,-12.3,958.0,84.0,61.2,297.0,0.8805755395683453,REAL_AWS
2016-05-09 11:00:00,MAITRI,-13.1,959.3,84.0,62.0,298.0,0.8920863309352518,REAL_AWS
2016-05-09 12:00:00,MAITRI,-13.6,960.2,84.0,62.0,298.0,0.8920863309352518,REAL_AWS
2016-05-09 13:00:00,MAITRI,-14.3,960.5,83.0,57.0,297.0,0.8201438848920863,REAL_AWS
2016-05-09 14:00:00,MAITRI,-14.1,960.4,82.0,62.6,300.0,0.9007194244604316,REAL_AWS
2016-05-09 15:00:00,MAITRI,-14.5,960.9,82.0,61.9,298.0,0.8906474820143885,REAL_AWS
2016-05-09 16:00:00,MAITRI,-14.9,962.0,83.0,63.2,298.0,0.9093525179856116,REAL_AWS
2016-05-09 17:00:00,MAITRI,-14.5,962.1,82.0,62.6,299.0,0.9007194244604316,REAL_AWS
2016-05-09 18:00:00,MAITRI,-14.2,962.6,82.0,63.1,300.0,0.9079136690647482,REAL_AWS
2016-05-09 19:00:00,MAITRI,-13.8,962.9,82.0,63.2,298.0,0.9093525179856116,REAL_AWS
2016-05-09 20:00:00,MAITRI,-13.3,963.0,81.0,62.6,298.0,0.9007194244604316,REAL_AWS
2016-05-09 21:00:00,MAITRI,-12.9,963.8,81.0,61.9,298.0,0.8906474820143885,REAL_AWS
2016-05-09 22:00:00,MAITRI,-12.7,962.6,82.0,44.9,294.0,0.6460431654676259,REAL_AWS
2016-05-09 23:00:00,MAITRI,-12.3,962.6,82.0,59.7,301.0,0.8589928057553957,REAL_AWS
2016-05-10 00:00:00,MAITRI,-12.1,963.0,81.0,62.6,298.0,0.9007194244604316,REAL_AWS
2016-05-10 01:00:00,MAITRI,-11.9,963.1,81.0,63.2,298.0,0.9093525179856116,REAL_AWS
2016-05-10 02:00:00,MAITRI,-11.6,963.5,80.0,63.2,299.0,0.9093525179856116,REAL_AWS
2016-05-10 03:00:00,MAITRI,-11.4,963.4,80.0,63.2,300.0,0.9093525179856116,REAL_AWS
2016-05-10 04:00:00,MAITRI,-11.2,963.2,80.0,62.6,298.0,0.9007194244604316,REAL_AWS
2016-05-10 05:00:00,MAITRI,-11.3,963.1,79.0,61.3,298.0,0.8820143884892085,REAL_AWS
2016-05-10 06:00:00,MAITRI,-10.6,963.3,79.0,61.0,298.0,0.8776978417266187,REAL_AWS
2016-05-10 07:00:00,MAITRI,-10.7,963.4,79.0,55.5,298.0,0.7985611510791367,REAL_AWS
2016-05-10 08:00:00,MAITRI,-10.4,963.3,76.0,48.8,305.0,0.7021582733812949,REAL_AWS
2016-05-10 09:00:00,MAITRI,-10.3,963.6,76.0,62.6,298.0,0.9007194244604316,REAL_AWS
2016-05-10 10:00:00,MAITRI,-11.7,963.3,75.0,63.9,298.0,0.9194244604316547,REAL_AWS
2016-05-10 11:00:00,MAITRI,-11.9,963.7,73.0,63.2,298.0,0.9093525179856116,REAL_AWS
2016-05-10 12:00:00,MAITRI,-12.0,964.1,73.0,63.3,300.0,0.9107913669064748,REAL_AWS
2016-05-10 13:00:00,MAITRI,-11.6,963.9,71.0,62.6,298.0,0.9007194244604316,REAL_AWS
2016-05-10 14:00:00,MAITRI,-11.2,964.2,70.0,61.3,298.0,0.8820143884892085,REAL_AWS
2016-05-10 15:00:00,MAITRI,-10.8,963.9,68.0,62.0,298.0,0.8920863309352518,REAL_AWS
2016-05-10 16:00:00,MAITRI,-10.2,964.5,68.0,61.8,298.0,0.8892086330935252,REAL_AWS
2016-05-10 17:00:00,MAITRI,-9.9,964.8,65.0,45.8,299.0,0.6589928057553956,REAL_AWS
2016-05-10 18:00:00,MAITRI,-9.5,965.0,61.0,61.9,298.0,0.8906474820143885,REAL_AWS
2016-05-10 19:00:00,MAITRI,-9.6,965.6,61.0,63.9,298.0,0.9194244604316547,REAL_AWS
2016-05-10 20:00:00,MAITRI,-10.2,966.2,63.0,63.9,298.0,0.9194244604316547,REAL_AWS
2016-05-10 21:00:00,MAITRI,-9.9,966.1,57.0,62.6,301.0,0.9007194244604316,REAL_AWS
2016-05-10 22:00:00,MAITRI,-9.4,966.4,54.0,63.2,298.0,0.9093525179856116,REAL_AWS
2016-05-10 23:00:00,MAITRI,-9.6,966.8,56.0,61.9,298.0,0.8906474820143885,REAL_AWS
2016-05-11 00:00:00,MAITRI,-9.7,967.2,54.0,61.9,298.0,0.8906474820143885,REAL_AWS
2016-05-11 01:00:00,MAITRI,-9.6,967.3,50.0,62.6,298.0,0.9007194244604316,REAL_AWS
2016-05-11 02:00:00,MAITRI,-10.1,967.4,51.0,61.9,301.0,0.8906474820143885,REAL_AWS
2016-05-11 03:00:00,MAITRI,-10.4,967.8,42.0,62.6,298.0,0.9007194244604316,REAL_AWS
2016-05-11 04:00:00,MAITRI,-10.4,967.8,46.0,63.9,298.0,0.9194244604316547,REAL_AWS
2016-05-11 05:00:00,MAITRI,-10.6,968.2,45.0,63.2,298.0,0.9093525179856116,REAL_AWS
2016-05-11 06:00:00,MAITRI,-11.5,968.4,47.0,63.9,298.0,0.9194244604316547,REAL_AWS
2016-05-11 07:00:00,MAITRI,-11.5,968.6,42.0,62.0,301.0,0.8920863309352518,REAL_AWS
2016-05-11 08:00:00,MAITRI,-11.8,968.9,43.0,62.6,298.0,0.9007194244604316,REAL_AWS
2016-05-11 09:00:00,MAITRI,-11.7,969.5,42.0,61.9,298.0,0.8906474820143885,REAL_AWS
2016-05-11 10:00:00,MAITRI,-12.1,970.0,42.0,61.9,298.0,0.8906474820143885,REAL_AWS
2016-05-11 11:00:00,MAITRI,-12.7,970.1,47.0,61.9,301.0,0.8906474820143885,REAL_AWS
2016-05-11 12:00:00,MAITRI,-12.9,970.3,46.0,61.9,298.0,0.8906474820143885,REAL_AWS
2016-05-11 13:00:00,MAITRI,-12.5,970.5,40.0,63.2,298.0,0.9093525179856116,REAL_AWS
2016-05-11 14:00:00,MAITRI,-12.7,970.8,43.0,63.2,298.0,0.9093525179856116,REAL_AWS
2016-05-11 15:00:00,MAITRI,-12.5,971.1,43.0,63.9,298.0,0.9194244604316547,REAL_AWS
2016-05-11 16:00:00,MAITRI,-12.5,971.3,40.0,41.5,313.0,0.5971223021582733,REAL_AWS
2016-05-11 17:00:00,MAITRI,-12.1,971.6,38.0,62.6,298.0,0.9007194244604316,REAL_AWS
2016-05-11 18:00:00,MAITRI,-12.0,971.9,39.0,61.9,298.0,0.8906474820143885,REAL_AWS
2016-05-11 19:00:00,MAITRI,-11.8,972.3,40.0,61.9,298.0,0.8906474820143885,REAL_AWS
2016-05-11 20:00:00,MAITRI,-12.6,972.5,43.0,64.3,300.0,0.9251798561151079,REAL_AWS
2016-05-11 21:00:00,MAITRI,-12.4,972.7,42.0,62.1,302.0,0.8935251798561151,REAL_AWS
2016-05-11 22:00:00,MAITRI,-11.9,973.1,40.0,63.0,298.0,0.9064748201438849,REAL_AWS
2016-05-11 23:00:00,MAITRI,-12.0,973.1,42.0,63.0,298.0,0.9064748201438849,REAL_AWS
2016-05-12 00:00:00,MAITRI,-11.8,973.6,37.0,63.9,298.0,0.9194244604316547,REAL_AWS
2016-05-12 01:00:00,MAITRI,-11.8,973.7,39.0,62.6,301.0,0.9007194244604316,REAL_AWS
2016-05-12 02:00:00,MAITRI,-12.4,973.7,42.0,62.6,298.0,0.9007194244604316,REAL_AWS
2016-05-12 03:00:00,MAITRI,-12.8,973.5,44.0,61.9,298.0,0.8906474820143885,REAL_AWS
2016-05-12 04:00:00,MAITRI,-12.3,973.5,40.0,61.3,298.0,0.8820143884892085,REAL_AWS
2016-05-12 05:00:00,MAITRI,-11.6,973.6,41.0,61.7,298.0,0.887769784172662,REAL_AWS
2016-05-12 06:00:00,MAITRI,-11.2,973.8,48.0,30.3,296.0,0.43597122302158275,REAL_AWS
2016-05-12 07:00:00,MAITRI,-11.5,974.2,64.0,61.9,298.0,0.8906474820143885,REAL_AWS
2016-05-12 08:00:00,MAITRI,-11.0,974.3,53.0,63.2,298.0,0.9093525179856116,REAL_AWS
2016-05-12 09:00:00,MAITRI,-11.0,974.8,56.0,63.2,298.0,0.9093525179856116,REAL_AWS
2016-05-12 10:00:00,MAITRI,-10.5,974.7,53.0,63.2,301.0,0.9093525179856116,REAL_AWS
2016-05-12 11:00:00,MAITRI,-10.7,975.1,56.0,63.2,298.0,0.9093525179856116,REAL_AWS
2016-05-12 12:00:00,MAITRI,-10.9,975.1,56.0,61.9,298.0,0.8906474820143885,REAL_AWS
2016-05-12 13:00:00,MAITRI,-11.0,975.2,57.0,61.3,298.0,0.8820143884892085,REAL_AWS
2016-05-12 14:00:00,MAITRI,-11.1,975.0,55.0,63.9,299.0,0.9194244604316547,REAL_AWS
2016-05-12 15:00:00,MAITRI,-11.1,975.2,55.0,46.4,305.0,0.6676258992805755,REAL_AWS
2016-05-12 16:00:00,MAITRI,-11.3,974.9,54.0,61.9,298.0,0.8906474820143885,REAL_AWS
2016-05-12 17:00:00,MAITRI,-11.7,974.7,54.0,62.9,299.0,0.9050359712230216,REAL_AWS
2016-05-12 18:00:00,MAITRI,-11.7,974.6,59.0,63.2,298.0,0.9093525179856116,REAL_AWS
2016-05-12 19:00:00,MAITRI,-11.8,974.5,65.0,63.2,301.0,0.9093525179856116,REAL_AWS
2016-05-12 20:00:00,MAITRI,-11.6,973.9,70.0,63.2,298.0,0.9093525179856116,REAL_AWS
2016-05-12 21:00:00,MAITRI,-11.7,973.8,65.0,61.3,298.0,0.8820143884892085,REAL_AWS
2016-05-12 22:00:00,MAITRI,-12.4,973.4,63.0,61.3,298.0,0.8820143884892085,REAL_AWS
2016-05-12 23:00:00,MAITRI,-12.2,973.2,64.0,62.0,298.0,0.8920863309352518,REAL_AWS
2016-05-13 00:00:00,MAITRI,-12.0,972.9,68.0,55.0,307.0,0.7913669064748201,REAL_AWS
2016-05-13 01:00:00,MAITRI,-12.2,972.6,67.0,62.6,298.0,0.9007194244604316,REAL_AWS
2016-05-13 02:00:00,MAITRI,-12.2,972.0,67.0,62.6,298.0,0.9007194244604316,REAL_AWS
2016-05-13 03:00:00,MAITRI,-12.3,971.9,68.0,63.2,298.0,0.9093525179856116,REAL_AWS
2016-05-13 04:00:00,MAITRI,-12.6,971.6,73.0,62.7,300.0,0.902158273381295,REAL_AWS
2016-05-13 05:00:00,MAITRI,-12.5,971.2,67.0,62.6,298.0,0.9007194244604316,REAL_AWS
2016-05-13 06:00:00,MAITRI,-13.3,971.0,67.0,62.1,298.0,0.8935251798561151,REAL_AWS
2016-05-13 07:00:00,MAITRI,-13.1,970.6,60.0,61.3,298.0,0.8820143884892085,REAL_AWS
2016-05-13 08:00:00,MAITRI,-13.4,970.4,56.0,62.6,298.0,0.9007194244604316,REAL_AWS
2016-05-13 09:00:00,MAITRI,-14.1,970.5,57.0,62.6,301.0,0.9007194244604316,REAL_AWS
2016-05-13 10:00:00,MAITRI,-14.7,970.2,59.0,61.9,298.0,0.8906474820143885,REAL_AWS
2016-05-13 11:00:00,MAITRI,-14.9,970.4,60.0,63.2,298.0,0.9093525179856116,REAL_AWS
2016-05-13 12:00:00,MAITRI,-15.3,970.5,61.0,63.9,298.0,0.9194244604316547,REAL_AWS
2016-05-13 13:00:00,MAITRI,-14.9,970.1,58.0,65.2,300.0,0.9381294964028778,REAL_AWS
2016-05-13 14:00:00,MAITRI,-15.0,969.9,60.0,35.9,285.0,0.516546762589928,REAL_AWS
2016-05-13 15:00:00,MAITRI,-15.1,969.6,58.0,63.2,298.0,0.9093525179856116,REAL_AWS
2016-05-13 16:00:00,MAITRI,-14.8,969.2,52.0,61.9,298.0,0.8906474820143885,REAL_AWS
2016-05-13 17:00:00,MAITRI,-15.1,969.0,50.0,61.3,298.0,0.8820143884892085,REAL_AWS
2016-05-13 18:00:00,MAITRI,-14.8,968.9,49.0,61.9,301.0,0.8906474820143885,REAL_AWS
2016-05-13 19:00:00,MAITRI,-14.7,968.6,46.0,61.9,298.0,0.8906474820143885,REAL_AWS
2016-05-13 20:00:00,MAITRI,-14.4,968.9,42.0,63.2,298.0,0.9093525179856116,REAL_AWS
2016-05-13 21:00:00,MAITRI,-14.6,968.7,44.0,63.9,298.0,0.9194244604316547,REAL_AWS
2016-05-13 22:00:00,MAITRI,-14.5,968.4,45.0,63.2,298.0,0.9093525179856116,REAL_AWS
2016-05-13 23:00:00,MAITRI,-14.4,968.5,42.0,18.5,331.0,0.26618705035971224,REAL_AWS
2016-05-14 00:00:00,MAITRI,-13.6,967.9,38.0,63.2,298.0,0.9093525179856116,REAL_AWS
2016-05-14 01:00:00,MAITRI,-13.9,968.2,39.0,61.3,298.0,0.8820143884892085,REAL_AWS
2016-05-14 02:00:00,MAITRI,-13.1,968.1,34.0,61.3,298.0,0.8820143884892085,REAL_AWS
2016-05-14 03:00:00,MAITRI,-13.1,967.6,34.0,62.5,301.0,0.8992805755395683,REAL_AWS
2016-05-14 04:00:00,MAITRI,-12.8,967.3,30.0,61.9,298.0,0.8906474820143885,REAL_AWS
2016-05-14 05:00:00,MAITRI,-12.8,967.4,36.0,63.2,298.0,0.9093525179856116,REAL_AWS
2016-05-14 06:00:00,MAITRI,-12.5,967.2,31.0,63.9,298.0,0.9194244604316547,REAL_AWS
2016-05-14 07:00:00,MAITRI,-12.0,967.8,33.0,63.7,298.0,0.9165467625899281,REAL_AWS
2016-05-14 08:00:00,MAITRI,-12.3,968.1,35.0,59.5,304.0,0.8561151079136691,REAL_AWS
2016-05-14 09:00:00,MAITRI,-12.0,967.9,37.0,63.2,298.0,0.9093525179856116,REAL_AWS
2016-05-14 10:00:00,MAITRI,-11.8,967.9,46.0,62.6,298.0,0.9007194244604316,REAL_AWS
2016-05-14 11:00:00,MAITRI,-11.3,968.5,40.0,61.9,298.0,0.8906474820143885,REAL_AWS
2016-05-14 12:00:00,MAITRI,-11.2,968.7,41.0,62.6,301.0,0.9007194244604316,REAL_AWS
2016-05-14 13:00:00,MAITRI,-10.6,969.1,37.0,62.6,298.0,0.9007194244604316,REAL_AWS
2016-05-14 14:00:00,MAITRI,-10.7,969.4,38.0,63.9,298.0,0.9194244604316547,REAL_AWS
2016-05-14 15:00:00,MAITRI,-11.0,969.8,41.0,63.9,298.0,0.9194244604316547,REAL_AWS
2016-05-14 16:00:00,MAITRI,-11.1,970.1,42.0,63.1,298.0,0.9079136690647482,REAL_AWS
2016-05-14 17:00:00,MAITRI,-11.0,970.6,40.0,47.7,301.0,0.6863309352517986,REAL_AWS
2016-05-14 18:00:00,MAITRI,-10.9,970.4,38.0,62.6,298.0,0.9007194244604316,REAL_AWS
2016-05-14 19:00:00,MAITRI,-10.4,970.5,37.0,62.6,298.0,0.9007194244604316,REAL_AWS
2016-05-14 20:00:00,MAITRI,-10.1,970.8,35.0,61.9,298.0,0.8906474820143885,REAL_AWS
2016-05-14 21:00:00,MAITRI,-10.3,971.2,35.0,62.0,301.0,0.8920863309352518,REAL_AWS
2016-05-14 22:00:00,MAITRI,-10.3,971.8,36.0,62.6,298.0,0.9007194244604316,REAL_AWS
2016-05-14 23:00:00,MAITRI,-10.9,971.9,39.0,63.2,298.0,0.9093525179856116,REAL_AWS
2016-05-15 00:00:00,MAITRI,-10.4,971.9,40.0,62.6,298.0,0.9007194244604316,REAL_AWS
2016-05-15 01:00:00,MAITRI,-10.7,971.8,44.0,63.9,298.0,0.9194244604316547,REAL_AWS
2016-05-15 02:00:00,MAITRI,-10.0,971.5,33.0,63.2,301.0,0.9093525179856116,REAL_AWS
2016-05-15 03:00:00,MAITRI,-10.4,971.5,39.0,63.2,298.0,0.9093525179856116,REAL_AWS
2016-05-15 04:00:00,MAITRI,-11.2,971.2,42.0,62.6,298.0,0.9007194244604316,REAL_AWS
2016-05-15 05:00:00,MAITRI,-10.6,971.3,35.0,61.9,298.0,0.8906474820143885,REAL_AWS
2016-05-15 06:00:00,MAITRI,-11.8,971.4,40.0,53.4,299.0,0.7683453237410072,REAL_AWS
2016-05-15 07:00:00,MAITRI,-12.8,971.8,45.0,46.7,309.0,0.6719424460431656,REAL_AWS
2016-05-15 08:00:00,MAITRI,-14.0,971.7,50.0,62.6,298.0,0.9007194244604316,REAL_AWS
2016-05-15 09:00:00,MAITRI,-15.3,971.9,57.0,63.2,298.0,0.9093525179856116,REAL_AWS
2016-05-15 10:00:00,MAITRI,-16.0,971.8,58.0,63.2,298.0,0.9093525179856116,REAL_AWS
2016-05-15 11:00:00,MAITRI,-16.5,971.8,58.0,62.6,301.0,0.9007194244604316,REAL_AWS
2016-05-15 12:00:00,MAITRI,-17.1,971.9,61.0,63.2,298.0,0.9093525179856116,REAL_AWS
2016-05-15 13:00:00,MAITRI,-17.8,971.9,59.0,61.9,298.0,0.8906474820143885,REAL_AWS
2016-05-15 14:00:00,MAITRI,-18.2,971.7,59.0,61.3,298.0,0.8820143884892085,REAL_AWS
2016-05-15 15:00:00,MAITRI,-18.7,972.1,59.0,57.3,305.0,0.8244604316546762,REAL_AWS
2016-05-15 16:00:00,MAITRI,-19.3,971.9,60.0,63.9,298.0,0.9194244604316547,REAL_AWS
2016-05-15 17:00:00,MAITRI,-19.6,972.4,59.0,63.2,298.0,0.9093525179856116,REAL_AWS
2016-05-15 18:00:00,MAITRI,-19.9,972.4,58.0,63.2,298.0,0.9093525179856116,REAL_AWS
2016-05-15 19:00:00,MAITRI,-18.9,972.1,51.0,61.3,298.0,0.8820143884892085,REAL_AWS
2016-05-15 20:00:00,MAITRI,-19.4,972.7,49.0,59.8,300.0,0.8604316546762589,REAL_AWS
2016-05-15 21:00:00,MAITRI,-18.7,972.8,40.0,61.9,298.0,0.8906474820143885,REAL_AWS
2016-05-15 22:00:00,MAITRI,-19.1,973.1,42.0,62.6,298.0,0.9007194244604316,REAL_AWS
2016-05-15 23:00:00,MAITRI,-20.2,972.8,46.0,63.3,298.0,0.9107913669064748,REAL_AWS
2016-05-16 00:00:00,MAITRI,-19.1,972.7,39.0,63.2,298.0,0.9093525179856116,REAL_AWS
2016-05-16 01:00:00,MAITRI,-19.1,972.5,41.0,61.9,298.0,0.8906474820143885,REAL_AWS
2016-05-16 02:00:00,MAITRI,-19.0,972.4,40.0,61.9,301.0,0.8906474820143885,REAL_AWS
2016-05-16 03:00:00,MAITRI,-18.8,972.4,38.0,63.0,298.0,0.9064748201438849,REAL_AWS
2016-05-16 04:00:00,MAITRI,-19.1,972.6,42.0,63.2,298.0,0.9093525179856116,REAL_AWS
2016-05-16 05:00:00,MAITRI,-19.2,972.6,41.0,47.0,311.99999999999994,0.6762589928057554,REAL_AWS
2016-05-16 06:00:00,MAITRI,-19.2,972.9,39.0,61.9,298.0,0.8906474820143885,REAL_AWS
2016-05-16 07:00:00,MAITRI,-19.3,972.6,42.0,61.9,298.0,0.8906474820143885,REAL_AWS
2016-05-16 08:00:00,MAITRI,-18.4,973.3,36.0,61.6,297.0,0.8863309352517986,REAL_AWS
2016-05-16 09:00:00,MAITRI,-19.2,973.5,38.0,63.9,298.0,0.9194244604316547,REAL_AWS
2016-05-16 10:00:00,MAITRI,-19.1,973.5,36.0,65.4,299.0,0.9410071942446044,REAL_AWS
2016-05-16 11:00:00,MAITRI,-18.8,973.6,37.0,62.6,298.0,0.9007194244604316,REAL_AWS
2016-05-16 12:00:00,MAITRI,-18.6,973.7,35.0,62.6,298.0,0.9007194244604316,REAL_AWS
2016-05-16 13:00:00,MAITRI,-18.8,974.0,35.0,61.9,298.0,0.8906474820143885,REAL_AWS
2016-05-16 14:00:00,MAITRI,-18.9,974.0,36.0,62.6,301.0,0.9007194244604316,REAL_AWS
2016-05-16 15:00:00,MAITRI,-18.7,973.5,35.0,62.6,298.0,0.9007194244604316,REAL_AWS
2016-05-16 16:00:00,MAITRI,-18.1,973.6,34.0,63.9,298.0,0.9194244604316547,REAL_AWS
2016-05-16 17:00:00,MAITRI,-17.8,973.2,34.0,63.9,298.0,0.9194244604316547,REAL_AWS
2016-05-16 18:00:00,MAITRI,-18.3,973.1,37.0,61.9,298.0,0.8906474820143885,REAL_AWS
2016-05-16 19:00:00,MAITRI,-18.6,972.8,36.0,61.9,298.0,0.8906474820143885,REAL_AWS
2016-05-16 20:00:00,MAITRI,-18.0,972.3,34.0,63.0,298.0,0.9064748201438849,REAL_AWS
2016-05-16 21:00:00,MAITRI,-17.4,971.8,32.0,63.7,299.0,0.9165467625899281,REAL_AWS
2016-05-16 22:00:00,MAITRI,-17.3,971.6,32.0,63.2,298.0,0.9093525179856116,REAL_AWS
2016-05-16 23:00:00,MAITRI,-17.0,971.0,33.0,38.0,307.0,0.5467625899280576,REAL_AWS
2016-05-17 00:00:00,MAITRI,-16.9,970.1,32.0,62.6,298.0,0.9007194244604316,REAL_AWS
2016-05-17 01:00:00,MAITRI,-15.9,969.0,30.0,61.9,298.0,0.8906474820143885,REAL_AWS
2016-05-17 02:00:00,MAITRI,-15.5,968.8,31.0,62.0,298.0,0.8920863309352518,REAL_AWS
2016-05-17 03:00:00,MAITRI,-15.6,968.1,31.0,61.9,301.0,0.8906474820143885,REAL_AWS
2016-05-17 04:00:00,MAITRI,-15.2,967.2,30.0,61.9,298.0,0.8906474820143885,REAL_AWS
2016-05-17 05:00:00,MAITRI,-14.9,966.6,30.0,63.8,298.0,0.9179856115107913,REAL_AWS
2016-05-17 06:00:00,MAITRI,-14.7,967.1,30.0,63.9,298.0,0.9194244604316547,REAL_AWS
2016-05-17 07:00:00,MAITRI,-14.6,966.4,29.0,63.9,298.0,0.9194244604316547,REAL_AWS
2016-05-17 08:00:00,MAITRI,-14.3,965.8,30.0,63.0,301.0,0.9064748201438849,REAL_AWS
2016-05-17 09:00:00,MAITRI,-14.4,966.2,28.0,62.6,298.0,0.9007194244604316,REAL_AWS
2016-05-17 10:00:00,MAITRI,-13.9,966.3,30.0,62.6,298.0,0.9007194244604316,REAL_AWS
2016-05-17 11:00:00,MAITRI,-13.7,966.0,30.0,62.6,298.0,0.9007194244604316,REAL_AWS
2016-05-17 12:00:00,MAITRI,-12.9,965.4,24.0,61.4,301.0,0.8834532374100719,REAL_AWS
2016-05-17 13:00:00,MAITRI,-12.8,965.2,26.0,62.3,299.0,0.8964028776978417,REAL_AWS
2016-05-17 14:00:00,MAITRI,-12.9,964.9,31.0,63.2,298.0,0.9093525179856116,REAL_AWS
2016-05-17 15:00:00,MAITRI,-12.6,964.9,34.0,62.6,298.0,0.9007194244604316,REAL_AWS
2016-05-17 16:00:00,MAITRI,-12.5,964.8,33.0,63.9,298.0,0.9194244604316547,REAL_AWS
2016-05-17 17:00:00,MAITRI,-11.5,965.0,28.0,49.5,303.0,0.7122302158273381,REAL_AWS
2016-05-17 18:00:00,MAITRI,-11.7,965.3,40.0,63.1,298.0,0.9079136690647482,REAL_AWS
2016-05-17 19:00:00,MAITRI,-12.0,965.0,57.0,61.2,298.0,0.8805755395683453,REAL_AWS
2016-05-17 20:00:00,MAITRI,-11.3,965.6,48.0,61.3,298.0,0.8820143884892085,REAL_AWS
2016-05-17 21:00:00,MAITRI,-11.0,965.3,39.0,61.9,301.0,0.8906474820143885,REAL_AWS
2016-05-17 22:00:00,MAITRI,-11.0,965.6,39.0,61.9,298.0,0.8906474820143885,REAL_AWS
2016-05-17 23:00:00,MAITRI,-10.6,965.3,37.0,62.6,298.0,0.9007194244604316,REAL_AWS
2016-05-18 00:00:00,MAITRI,-10.1,964.9,37.0,63.9,298.0,0.9194244604316547,REAL_AWS
2016-05-18 01:00:00,MAITRI,-9.3,965.2,37.0,62.5,299.0,0.8992805755395683,REAL_AWS
2016-05-18 02:00:00,MAITRI,-8.7,964.8,38.0,37.7,309.0,0.5424460431654676,REAL_AWS
2016-05-18 03:00:00,MAITRI,-8.4,964.7,41.0,61.5,298.0,0.8848920863309353,REAL_AWS
2016-05-18 04:00:00,MAITRI,-8.2,964.1,40.0,61.3,298.0,0.8820143884892085,REAL_AWS
2016-05-18 05:00:00,MAITRI,-8.2,964.4,39.0,61.9,298.0,0.8906474820143885,REAL_AWS
2016-05-18 06:00:00,MAITRI,-7.9,964.9,39.0,61.9,301.0,0.8906474820143885,REAL_AWS
2016-05-18 07:00:00,MAITRI,-8.2,965.2,42.0,62.6,298.0,0.9007194244604316,REAL_AWS
2016-05-18 08:00:00,MAITRI,-8.8,965.6,46.0,63.2,298.0,0.9093525179856116,REAL_AWS
2016-05-18 09:00:00,MAITRI,-8.8,966.0,44.0,63.9,298.0,0.9194244604316547,REAL_AWS
2016-05-18 10:00:00,MAITRI,-8.4,966.4,41.0,57.0,300.0,0.8201438848920863,REAL_AWS
2016-05-18 11:00:00,MAITRI,-8.1,965.8,38.0,56.6,287.0,0.8143884892086332,REAL_AWS
2016-05-18 12:00:00,MAITRI,-7.9,966.4,40.0,62.2,298.0,0.8949640287769784,REAL_AWS
2016-05-18 13:00:00,MAITRI,-7.7,966.0,38.0,61.9,298.0,0.8906474820143885,REAL_AWS
2016-05-18 14:00:00,MAITRI,-7.8,965.7,41.0,61.9,298.0,0.8906474820143885,REAL_AWS
2016-05-18 15:00:00,MAITRI,-7.9,965.7,42.0,61.9,301.0,0.8906474820143885,REAL_AWS
2016-05-18 16:00:00,MAITRI,-7.5,965.8,40.0,61.9,298.0,0.8906474820143885,REAL_AWS
2016-05-18 17:00:00,MAITRI,-7.5,966.0,40.0,63.3,298.0,0.9107913669064748,REAL_AWS
2016-05-18 18:00:00,MAITRI,-7.2,965.3,37.0,63.3,298.0,0.9107913669064748,REAL_AWS
2016-05-18 19:00:00,MAITRI,-7.3,965.5,34.0,67.4,300.0,0.9697841726618706,REAL_AWS
2016-05-18 20:00:00,MAITRI,-7.8,965.9,38.0,54.7,307.0,0.7870503597122303,REAL_AWS
2016-05-18 21:00:00,MAITRI,-7.5,965.8,38.0,61.8,298.0,0.8892086330935252,REAL_AWS
2016-05-18 22:00:00,MAITRI,-7.3,965.5,38.0,61.9,298.0,0.8906474820143885,REAL_AWS
2016-05-18 23:00:00,MAITRI,-6.8,964.5,37.0,61.3,298.0,0.8820143884892085,REAL_AWS
2016-05-19 00:00:00,MAITRI,-6.2,964.2,36.0,61.3,300.0,0.8820143884892085,REAL_AWS
2016-05-19 01:00:00,MAITRI,-6.8,964.0,36.0,62.6,299.0,0.9007194244604316,REAL_AWS
2016-05-19 02:00:00,MAITRI,-6.8,963.5,38.0,62.6,298.0,0.9007194244604316,REAL_AWS
2016-05-19 03:00:00,MAITRI,-6.9,962.9,40.0,62.6,298.0,0.9007194244604316,REAL_AWS
2016-05-19 04:00:00,MAITRI,-6.8,962.5,40.0,64.9,300.0,0.9338129496402878,REAL_AWS
2016-05-19 05:00:00,MAITRI,-6.5,962.2,38.0,58.9,294.0,0.8474820143884891,REAL_AWS
2016-05-19 06:00:00,MAITRI,-6.2,962.1,40.0,53.7,290.0,0.7726618705035971,REAL_AWS
2016-05-19 07:00:00,MAITRI,-6.3,962.5,41.0,61.2,298.0,0.8805755395683453,REAL_AWS
2016-05-19 08:00:00,MAITRI,-6.4,962.4,43.0,61.3,298.0,0.8820143884892085,REAL_AWS
2016-05-19 09:00:00,MAITRI,-6.8,962.7,49.0,61.9,300.0,0.8906474820143885,REAL_AWS
2016-05-19 10:00:00,MAITRI,-7.0,962.7,53.0,62.6,299.0,0.9007194244604316,REAL_AWS
2016-05-19 11:00:00,MAITRI,-6.7,962.9,49.0,63.3,298.0,0.9107913669064748,REAL_AWS
2016-05-19 12:00:00,MAITRI,-6.8,963.2,50.0,63.3,298.0,0.9107913669064748,REAL_AWS
2016-05-19 13:00:00,MAITRI,-7.1,963.3,52.0,62.4,298.0,0.897841726618705,REAL_AWS
2016-05-19 14:00:00,MAITRI,-7.7,963.6,63.0,41.7,298.0,0.6000000000000001,REAL_AWS
2016-05-19 15:00:00,MAITRI,-7.7,963.9,60.0,49.0,305.0,0.7050359712230215,REAL_AWS
2016-05-19 16:00:00,MAITRI,-7.5,964.2,44.0,63.3,298.0,0.9107913669064748,REAL_AWS
2016-05-19 17:00:00,MAITRI,-7.9,964.6,44.0,61.9,298.0,0.8906474820143885,REAL_AWS
2016-05-19 18:00:00,MAITRI,-8.5,965.0,46.0,61.9,300.0,0.8906474820143885,REAL_AWS
2016-05-19 19:00:00,MAITRI,-8.6,965.0,37.0,62.6,299.0,0.9007194244604316,REAL_AWS
2016-05-19 20:00:00,MAITRI,-8.6,964.7,34.0,62.6,298.0,0.9007194244604316,REAL_AWS
2016-05-19 21:00:00,MAITRI,-8.9,964.9,34.0,63.9,298.0,0.9194244604316547,REAL_AWS
2016-05-19 22:00:00,MAITRI,-9.3,965.3,36.0,62.4,299.0,0.897841726618705,REAL_AWS
2016-05-19 23:00:00,MAITRI,-9.5,965.5,35.0,36.7,292.0,0.5280575539568346,REAL_AWS
2016-05-20 00:00:00,MAITRI,-9.5,965.5,34.0,62.4,299.0,0.897841726618705,REAL_AWS
2016-05-20 01:00:00,MAITRI,-10.4,965.4,38.0,63.2,298.0,0.9093525179856116,REAL_AWS
2016-05-20 02:00:00,MAITRI,-11.3,965.2,38.0,61.9,298.0,0.8906474820143885,REAL_AWS
2016-05-20 03:00:00,MAITRI,-11.4,965.2,37.0,61.3,300.0,0.8820143884892085,REAL_AWS
2016-05-20 04:00:00,MAITRI,-11.5,965.4,37.0,62.5,299.0,0.8992805755395683,REAL_AWS
2016-05-20 05:00:00,MAITRI,-11.5,965.0,39.0,58.0,294.0,0.8345323741007195,REAL_AWS
2016-05-20 06:00:00,MAITRI,-12.2,964.9,39.0,63.9,298.0,0.9194244604316547,REAL_AWS
2016-05-20 07:00:00,MAITRI,-12.4,965.0,41.0,64.0,299.0,0.920863309352518,REAL_AWS
2016-05-20 08:00:00,MAITRI,-12.2,964.5,36.0,62.2,300.0,0.8949640287769784,REAL_AWS
2016-05-20 09:00:00,MAITRI,-13.0,964.5,41.0,62.6,300.0,0.9007194244604316,REAL_AWS
2016-05-20 10:00:00,MAITRI,-12.9,964.2,41.0,61.9,298.0,0.8906474820143885,REAL_AWS
2016-05-20 11:00:00,MAITRI,-11.4,963.9,37.0,61.9,298.0,0.8906474820143885,REAL_AWS
2016-05-20 12:00:00,MAITRI,-11.2,963.8,37.0,61.3,299.0,0.8820143884892085,REAL_AWS
2016-05-20 13:00:00,MAITRI,-10.7,963.2,36.0,66.2,299.0,0.9525179856115108,REAL_AWS
2016-05-20 14:00:00,MAITRI,-10.4,962.3,36.0,56.4,307.0,0.8115107913669064,REAL_AWS
2016-05-20 15:00:00,MAITRI,-10.5,960.9,37.0,63.3,298.0,0.9107913669064748,REAL_AWS
2016-05-20 16:00:00,MAITRI,-10.6,959.3,38.0,63.6,298.0,0.9151079136690647,REAL_AWS
2016-05-20 17:00:00,MAITRI,-10.5,957.8,38.0,63.2,299.0,0.9093525179856116,REAL_AWS
2016-05-20 18:00:00,MAITRI,-10.5,958.0,38.0,63.2,300.0,0.9093525179856116,REAL_AWS
2016-05-20 19:00:00,MAITRI,-10.9,957.2,39.0,62.8,298.0,0.9035971223021583,REAL_AWS
2016-05-20 20:00:00,MAITRI,-11.0,956.2,39.0,61.3,298.0,0.8820143884892085,REAL_AWS
2016-05-20 21:00:00,MAITRI,-11.2,955.3,43.0,61.9,299.0,0.8906474820143885,REAL_AWS
2016-05-20 22:00:00,MAITRI,-10.6,954.3,48.0,61.5,299.0,0.8848920863309353,REAL_AWS
2016-05-20 23:00:00,MAITRI,-10.0,953.8,48.0,42.8,310.0,0.6158273381294964,REAL_AWS
2016-05-21 00:00:00,MAITRI,-10.0,952.1,51.0,62.0,298.0,0.8920863309352518,REAL_AWS
2016-05-21 01:00:00,MAITRI,-10.0,951.6,48.0,62.5,298.0,0.8992805755395683,REAL_AWS
2016-05-21 02:00:00,MAITRI,-9.7,949.9,46.0,62.3,297.0,0.8964028776978417,REAL_AWS
2016-05-21 03:00:00,MAITRI,-9.5,947.7,52.0,62.6,300.0,0.9007194244604316,REAL_AWS
2016-05-21 04:00:00,MAITRI,-9.0,946.2,56.0,62.6,298.0,0.9007194244604316,REAL_AWS
2016-05-21 05:00:00,MAITRI,-8.1,943.8,48.0,61.9,298.0,0.8906474820143885,REAL_AWS
2016-05-21 06:00:00,MAITRI,-8.5,942.7,64.0,61.3,299.0,0.8820143884892085,REAL_AWS
2016-05-21 07:00:00,MAITRI,-7.9,940.3,54.0,69.8,299.0,1.0,REAL_AWS
2016-05-21 08:00:00,MAITRI,-7.7,938.9,55.0,30.1,311.0,0.4330935251798561,REAL_AWS
2016-05-21 09:00:00,MAITRI,-8.1,938.5,64.0,62.1,298.0,0.8935251798561151,REAL_AWS
2016-05-21 10:00:00,MAITRI,-7.0,936.8,52.0,62.6,298.0,0.9007194244604316,REAL_AWS
2016-05-21 11:00:00,MAITRI,-6.3,934.8,47.0,63.2,299.0,0.9093525179856116,REAL_AWS
2016-05-21 12:00:00,MAITRI,-5.8,932.6,45.0,63.2,300.0,0.9093525179856116,REAL_AWS
2016-05-21 13:00:00,MAITRI,-5.7,932.3,52.0,62.6,298.0,0.9007194244604316,REAL_AWS
2016-05-21 14:00:00,MAITRI,-6.8,932.0,77.0,61.3,298.0,0.8820143884892085,REAL_AWS
2016-05-21 15:00:00,MAITRI,-7.2,931.4,93.0,61.9,298.0,0.8906474820143885,REAL_AWS
2016-05-21 16:00:00,MAITRI,-7.2,930.2,93.0,61.8,299.0,0.8892086330935252,REAL_AWS
2016-05-21 17:00:00,MAITRI,-7.2,929.4,93.0,38.0,278.0,0.5467625899280576,REAL_AWS
2016-05-21 18:00:00,MAITRI,-7.5,928.2,93.0,63.3,298.0,0.9107913669064748,REAL_AWS
2016-05-21 19:00:00,MAITRI,-7.3,927.9,93.0,63.9,298.0,0.9194244604316547,REAL_AWS
2016-05-21 20:00:00,MAITRI,-7.2,928.1,93.0,62.6,298.0,0.9007194244604316,REAL_AWS
2016-05-21 21:00:00,MAITRI,-7.0,929.2,93.0,62.6,301.0,0.9007194244604316,REAL_AWS
2016-05-21 22:00:00,MAITRI,-6.9,929.0,94.0,62.6,298.0,0.9007194244604316,REAL_AWS
2016-05-21 23:00:00,MAITRI,-6.7,928.9,94.0,61.9,298.0,0.8906474820143885,REAL_AWS
2016-05-22 00:00:00,MAITRI,-6.7,929.5,94.0,61.3,298.0,0.8820143884892085,REAL_AWS
2016-05-22 01:00:00,MAITRI,-6.6,929.3,94.0,63.6,301.0,0.9151079136690647,REAL_AWS
2016-05-22 02:00:00,MAITRI,-6.4,929.8,94.0,62.4,298.0,0.897841726618705,REAL_AWS
2016-05-22 03:00:00,MAITRI,-6.3,929.9,94.0,63.2,298.0,0.9093525179856116,REAL_AWS
2016-05-22 04:00:00,MAITRI,-6.4,930.5,94.0,63.9,298.0,0.9194244604316547,REAL_AWS
2016-05-22 05:00:00,MAITRI,-6.4,931.0,94.0,63.3,298.0,0.9107913669064748,REAL_AWS
2016-05-22 06:00:00,MAITRI,-6.4,931.3,94.0,63.3,301.0,0.9107913669064748,REAL_AWS
2016-05-22 07:00:00,MAITRI,-6.5,931.6,93.0,62.6,298.0,0.9007194244604316,REAL_AWS
2016-05-22 08:00:00,MAITRI,-6.5,932.4,93.0,62.6,298.0,0.9007194244604316,REAL_AWS
2016-05-22 09:00:00,MAITRI,-6.5,933.5,93.0,61.3,298.0,0.8820143884892085,REAL_AWS
2016-05-22 10:00:00,MAITRI,-6.6,935.9,93.0,61.6,298.0,0.8863309352517986,REAL_AWS
2016-05-22 11:00:00,MAITRI,-6.5,939.1,93.0,57.1,307.0,0.8215827338129497,REAL_AWS
2016-05-22 12:00:00,MAITRI,-6.3,941.0,94.0,63.1,298.0,0.9079136690647482,REAL_AWS
2016-05-22 13:00:00,MAITRI,-6.3,942.8,94.0,62.6,298.0,0.9007194244604316,REAL_AWS
2016-05-22 14:00:00,MAITRI,-6.2,943.5,94.0,62.6,298.0,0.9007194244604316,REAL_AWS
2016-05-22 15:00:00,MAITRI,-6.4,943.8,94.0,63.3,301.0,0.9107913669064748,REAL_AWS
2016-05-22 16:00:00,MAITRI,-6.7,944.4,93.0,63.3,298.0,0.9107913669064748,REAL_AWS
2016-05-22 17:00:00,MAITRI,-6.8,945.5,92.0,62.6,298.0,0.9007194244604316,REAL_AWS
2016-05-22 18:00:00,MAITRI,-7.4,946.8,92.0,61.9,298.0,0.8906474820143885,REAL_AWS
2016-05-22 19:00:00,MAITRI,-7.2,947.8,92.0,62.7,299.0,0.902158273381295,REAL_AWS
2016-05-22 20:00:00,MAITRI,-7.0,948.8,90.0,42.6,277.0,0.6129496402877698,REAL_AWS
2016-05-22 21:00:00,MAITRI,-6.7,950.1,87.0,63.3,298.0,0.9107913669064748,REAL_AWS
2016-05-22 22:00:00,MAITRI,-6.1,951.2,81.0,63.9,298.0,0.9194244604316547,REAL_AWS
2016-05-22 23:00:00,MAITRI,-6.1,951.6,78.0,62.6,298.0,0.9007194244604316,REAL_AWS
2016-05-23 00:00:00,MAITRI,-6.5,952.6,73.0,63.3,301.0,0.9107913669064748,REAL_AWS
2016-05-23 01:00:00,MAITRI,-6.7,952.8,68.0,62.6,298.0,0.9007194244604316,REAL_AWS
2016-05-23 02:00:00,MAITRI,-8.1,953.9,64.0,62.6,298.0,0.9007194244604316,REAL_AWS
2016-05-23 03:00:00,MAITRI,-8.6,954.2,59.0,61.2,298.0,0.8805755395683453,REAL_AWS
2016-05-23 04:00:00,MAITRI,-8.6,954.2,52.0,65.7,299.0,0.9453237410071943,REAL_AWS
2016-05-23 05:00:00,MAITRI,-8.8,954.3,41.0,32.1,318.0,0.46187050359712234,REAL_AWS
2016-05-23 06:00:00,MAITRI,-8.7,954.6,38.0,62.0,298.0,0.8920863309352518,REAL_AWS
2016-05-23 07:00:00,MAITRI,-8.5,955.2,38.0,62.6,298.0,0.9007194244604316,REAL_AWS
2016-05-23 08:00:00,MAITRI,-9.5,955.7,41.0,63.9,298.0,0.9194244604316547,REAL_AWS
2016-05-23 09:00:00,MAITRI,-7.7,955.8,40.0,63.2,301.0,0.9093525179856116,REAL_AWS
2016-05-23 10:00:00,MAITRI,-7.4,956.3,43.0,63.3,298.0,0.9107913669064748,REAL_AWS
2016-05-23 11:00:00,MAITRI,-7.4,956.6,50.0,61.9,298.0,0.8906474820143885,REAL_AWS
2016-05-23 12:00:00,MAITRI,-8.1,956.5,62.0,61.3,298.0,0.8820143884892085,REAL_AWS
2016-05-23 13:00:00,MAITRI,-7.9,956.4,53.0,61.9,298.0,0.8906474820143885,REAL_AWS
2016-05-23 14:00:00,MAITRI,-7.4,956.5,45.0,36.6,297.0,0.5266187050359712,REAL_AWS
2016-05-23 15:00:00,MAITRI,-7.5,956.6,43.0,61.9,298.0,0.8906474820143885,REAL_AWS
2016-05-23 16:00:00,MAITRI,-7.7,955.9,43.0,63.9,298.0,0.9194244604316547,REAL_AWS
2016-05-23 17:00:00,MAITRI,-7.9,956.1,41.0,62.6,298.0,0.9007194244604316,REAL_AWS
2016-05-23 18:00:00,MAITRI,-8.0,956.2,40.0,62.7,301.0,0.902158273381295,REAL_AWS
2016-05-23 19:00:00,MAITRI,-8.2,956.0,34.0,62.5,298.0,0.8992805755395683,REAL_AWS
2016-05-23 20:00:00,MAITRI,-9.2,955.9,37.0,62.7,298.0,0.902158273381295,REAL_AWS
2016-05-23 21:00:00,MAITRI,-9.6,956.0,34.0,61.3,298.0,0.8820143884892085,REAL_AWS
2016-05-23 22:00:00,MAITRI,-9.9,956.0,35.0,61.3,298.0,0.8820143884892085,REAL_AWS
2016-05-23 23:00:00,MAITRI,-10.2,956.1,37.0,62.0,301.0,0.8920863309352518,REAL_AWS
2016-05-24 00:00:00,MAITRI,-11.1,956.8,37.0,61.9,298.0,0.8906474820143885,REAL_AWS
2016-05-24 01:00:00,MAITRI,-11.1,957.0,37.0,63.2,298.0,0.9093525179856116,REAL_AWS
2016-05-24 02:00:00,MAITRI,-11.0,956.8,39.0,62.6,298.0,0.9007194244604316,REAL_AWS
2016-05-24 03:00:00,MAITRI,-11.3,957.5,37.0,59.0,299.0,0.8489208633093526,REAL_AWS
2016-05-24 04:00:00,MAITRI,-11.5,957.6,38.0,36.8,288.0,0.5294964028776978,REAL_AWS
2016-05-24 05:00:00,MAITRI,-11.7,958.1,37.0,63.2,298.0,0.9093525179856116,REAL_AWS
2016-05-24 06:00:00,MAITRI,-11.9,958.4,36.0,61.0,298.0,0.8776978417266187,REAL_AWS
2016-05-24 07:00:00,MAITRI,-11.9,958.8,36.0,61.3,298.0,0.8820143884892085,REAL_AWS
2016-05-24 08:00:00,MAITRI,-11.6,958.6,36.0,61.9,301.0,0.8906474820143885,REAL_AWS
2016-05-24 09:00:00,MAITRI,-11.6,959.9,35.0,61.9,298.0,0.8906474820143885,REAL_AWS
2016-05-24 10:00:00,MAITRI,-12.0,960.6,36.0,63.9,298.0,0.9194244604316547,REAL_AWS
2016-05-24 11:00:00,MAITRI,-12.2,960.4,34.0,63.9,298.0,0.9194244604316547,REAL_AWS
2016-05-24 12:00:00,MAITRI,-12.5,961.0,38.0,61.7,299.0,0.887769784172662,REAL_AWS
2016-05-24 13:00:00,MAITRI,-12.4,961.1,40.0,51.2,311.0,0.7366906474820144,REAL_AWS
2016-05-24 14:00:00,MAITRI,-12.1,961.5,42.0,62.6,298.0,0.9007194244604316,REAL_AWS
2016-05-24 15:00:00,MAITRI,-11.7,962.1,44.0,61.3,298.0,0.8820143884892085,REAL_AWS
2016-05-24 16:00:00,MAITRI,-11.6,961.8,53.0,61.9,298.0,0.8906474820143885,REAL_AWS
2016-05-24 17:00:00,MAITRI,-11.1,961.6,53.0,61.9,301.0,0.8906474820143885,REAL_AWS
2016-05-24 18:00:00,MAITRI,-10.7,961.6,47.0,62.6,298.0,0.9007194244604316,REAL_AWS
2016-05-24 19:00:00,MAITRI,-10.6,961.6,47.0,63.9,298.0,0.9194244604316547,REAL_AWS
2016-05-24 20:00:00,MAITRI,-10.3,961.8,44.0,63.2,298.0,0.9093525179856116,REAL_AWS
2016-05-24 21:00:00,MAITRI,-10.0,961.8,45.0,63.3,298.0,0.9107913669064748,REAL_AWS
2016-05-24 22:00:00,MAITRI,-9.9,962.0,54.0,61.3,300.0,0.8820143884892085,REAL_AWS
2016-05-24 23:00:00,MAITRI,-9.4,962.3,44.0,63.2,298.0,0.9093525179856116,REAL_AWS
2016-05-25 00:00:00,MAITRI,-9.4,962.5,44.0,61.2,298.0,0.8805755395683453,REAL_AWS
2016-05-25 01:00:00,MAITRI,-9.1,963.0,41.0,61.3,298.0,0.8820143884892085,REAL_AWS
2016-05-25 02:00:00,MAITRI,-8.6,962.6,38.0,61.9,301.0,0.8906474820143885,REAL_AWS
2016-05-25 03:00:00,MAITRI,-8.1,962.6,36.0,62.6,298.0,0.9007194244604316,REAL_AWS
2016-05-25 04:00:00,MAITRI,-8.5,962.2,35.0,63.9,298.0,0.9194244604316547,REAL_AWS
2016-05-25 05:00:00,MAITRI,-10.1,962.2,38.0,63.9,298.0,0.9194244604316547,REAL_AWS
2016-05-25 06:00:00,MAITRI,-9.5,962.1,34.0,63.6,298.0,0.9151079136690647,REAL_AWS
2016-05-25 07:00:00,MAITRI,-10.1,962.3,35.0,56.7,292.0,0.8158273381294965,REAL_AWS
2016-05-25 08:00:00,MAITRI,-10.0,962.5,38.0,63.2,298.0,0.9093525179856116,REAL_AWS
2016-05-25 09:00:00,MAITRI,-10.7,962.3,36.0,61.3,298.0,0.8820143884892085,REAL_AWS
2016-05-25 10:00:00,MAITRI,-10.5,961.4,31.0,61.3,298.0,0.8820143884892085,REAL_AWS
2016-05-25 11:00:00,MAITRI,-10.6,961.1,32.0,62.6,301.0,0.9007194244604316,REAL_AWS
2016-05-25 12:00:00,MAITRI,-10.4,961.1,31.0,62.6,298.0,0.9007194244604316,REAL_AWS
2016-05-25 13:00:00,MAITRI,-10.8,961.1,33.0,63.9,298.0,0.9194244604316547,REAL_AWS
2016-05-25 14:00:00,MAITRI,-10.8,961.5,33.0,63.2,298.0,0.9093525179856116,REAL_AWS
2016-05-25 15:00:00,MAITRI,-10.3,961.6,34.0,68.0,299.0,0.9784172661870504,REAL_AWS
2016-05-25 16:00:00,MAITRI,-10.7,961.6,35.0,61.7,302.0,0.887769784172662,REAL_AWS
2016-05-25 17:00:00,MAITRI,-10.1,961.4,35.0,63.2,298.0,0.9093525179856116,REAL_AWS
2016-05-25 18:00:00,MAITRI,-10.1,961.7,36.0,61.9,298.0,0.8906474820143885,REAL_AWS
2016-05-25 19:00:00,MAITRI,-9.7,961.9,36.0,61.3,298.0,0.8820143884892085,REAL_AWS
2016-05-25 20:00:00,MAITRI,-8.9,961.9,36.0,61.9,301.0,0.8906474820143885,REAL_AWS
2016-05-25 21:00:00,MAITRI,-8.9,962.0,37.0,62.6,298.0,0.9007194244604316,REAL_AWS
2016-05-25 22:00:00,MAITRI,-8.4,961.9,38.0,62.6,298.0,0.9007194244604316,REAL_AWS
2016-05-25 23:00:00,MAITRI,-8.4,961.9,38.0,63.3,298.0,0.9107913669064748,REAL_AWS
2016-05-26 00:00:00,MAITRI,-8.2,961.6,40.0,63.7,298.0,0.9165467625899281,REAL_AWS
2016-05-26 01:00:00,MAITRI,-8.7,961.4,43.0,63.2,301.0,0.9093525179856116,REAL_AWS
2016-05-26 02:00:00,MAITRI,-8.3,961.1,44.0,62.6,298.0,0.9007194244604316,REAL_AWS
2016-05-26 03:00:00,MAITRI,-8.4,961.4,44.0,61.9,298.0,0.8906474820143885,REAL_AWS
2016-05-26 04:00:00,MAITRI,-9.4,961.0,52.0,61.3,298.0,0.8820143884892085,REAL_AWS
2016-05-26 05:00:00,MAITRI,-11.1,960.8,63.0,62.0,300.0,0.8920863309352518,REAL_AWS
2016-05-26 06:00:00,MAITRI,-11.3,960.4,61.0,62.6,298.0,0.9007194244604316,REAL_AWS
2016-05-26 07:00:00,MAITRI,-11.0,960.3,60.0,63.1,298.0,0.9079136690647482,REAL_AWS
2016-05-26 08:00:00,MAITRI,-11.7,960.0,64.0,63.9,298.0,0.9194244604316547,REAL_AWS
2016-05-26 09:00:00,MAITRI,-12.0,959.6,55.0,63.9,298.0,0.9194244604316547,REAL_AWS
2016-05-26 10:00:00,MAITRI,-12.7,959.3,59.0,63.2,301.0,0.9093525179856116,REAL_AWS
2016-05-26 11:00:00,MAITRI,-14.2,958.8,67.0,62.8,298.0,0.9035971223021583,REAL_AWS
2016-05-26 12:00:00,MAITRI,-13.8,958.4,56.0,62.6,298.0,0.9007194244604316,REAL_AWS
2016-05-26 13:00:00,MAITRI,-14.2,957.5,54.0,61.9,298.0,0.8906474820143885,REAL_AWS
2016-05-26 14:00:00,MAITRI,-14.0,957.2,55.0,62.2,299.0,0.8949640287769784,REAL_AWS
2016-05-26 15:00:00,MAITRI,-14.7,957.1,54.0,39.6,288.0,0.5697841726618705,REAL_AWS
2016-05-26 16:00:00,MAITRI,-14.8,956.8,52.0,63.8,298.0,0.9179856115107913,REAL_AWS
2016-05-26 17:00:00,MAITRI,-15.2,956.8,52.0,63.9,298.0,0.9194244604316547,REAL_AWS
2016-05-26 18:00:00,MAITRI,-16.1,956.7,60.0,63.2,298.0,0.9093525179856116,REAL_AWS
2016-05-26 19:00:00,MAITRI,-15.8,956.3,54.0,63.2,301.0,0.9093525179856116,REAL_AWS
2016-05-26 20:00:00,MAITRI,-16.1,956.0,54.0,62.6,298.0,0.9007194244604316,REAL_AWS
2016-05-26 21:00:00,MAITRI,-17.7,956.2,60.0,61.9,298.0,0.8906474820143885,REAL_AWS
2016-05-26 22:00:00,MAITRI,-16.0,955.9,51.0,61.3,298.0,0.8820143884892085,REAL_AWS
2016-05-26 23:00:00,MAITRI,-16.8,955.8,52.0,61.0,298.0,0.8776978417266187,REAL_AWS
2016-05-27 00:00:00,MAITRI,-17.1,955.8,52.0,44.1,314.0,0.6345323741007195,REAL_AWS
2016-05-27 01:00:00,MAITRI,-16.0,955.4,45.0,61.9,298.0,0.8906474820143885,REAL_AWS
2016-05-27 02:00:00,MAITRI,-16.5,955.4,47.0,63.2,299.0,0.9093525179856116,REAL_AWS
2016-05-27 03:00:00,MAITRI,-17.3,955.3,48.0,63.2,298.0,0.9093525179856116,REAL_AWS
2016-05-27 04:00:00,MAITRI,-17.9,955.5,52.0,63.2,301.0,0.9093525179856116,REAL_AWS
2016-05-27 05:00:00,MAITRI,-17.4,955.3,49.0,63.2,298.0,0.9093525179856116,REAL_AWS
2016-05-27 06:00:00,MAITRI,-16.4,955.6,38.0,62.6,298.0,0.9007194244604316,REAL_AWS
2016-05-27 07:00:00,MAITRI,-16.2,956.4,40.0,61.9,298.0,0.8906474820143885,REAL_AWS
2016-05-27 08:00:00,MAITRI,-15.9,956.5,38.0,61.9,298.0,0.8906474820143885,REAL_AWS
2016-05-27 09:00:00,MAITRI,-15.8,956.4,40.0,57.6,301.0,0.8287769784172662,REAL_AWS
2016-05-27 10:00:00,MAITRI,-15.8,956.6,41.0,62.6,298.0,0.9007194244604316,REAL_AWS
2016-05-27 11:00:00,MAITRI,-14.9,956.6,40.0,63.2,298.0,0.9093525179856116,REAL_AWS
2016-05-27 12:00:00,MAITRI,-14.7,957.2,41.0,61.9,298.0,0.8906474820143885,REAL_AWS
2016-05-27 13:00:00,MAITRI,-14.4,957.7,45.0,63.2,301.0,0.9093525179856116,REAL_AWS
2016-05-27 14:00:00,MAITRI,-13.4,957.3,50.0,62.6,298.0,0.9007194244604316,REAL_AWS
2016-05-27 15:00:00,MAITRI,-12.7,957.8,50.0,61.3,298.0,0.8820143884892085,REAL_AWS
2016-05-27 16:00:00,MAITRI,-12.1,958.2,51.0,61.2,298.0,0.8805755395683453,REAL_AWS
2016-05-27 17:00:00,MAITRI,-12.9,958.7,48.0,62.1,298.0,0.8935251798561151,REAL_AWS
2016-05-27 18:00:00,MAITRI,-13.9,959.4,51.0,53.2,311.0,0.7654676258992806,REAL_AWS
2016-05-27 19:00:00,MAITRI,-14.3,960.3,66.0,62.6,298.0,0.9007194244604316,REAL_AWS
2016-05-27 20:00:00,MAITRI,-14.9,960.8,83.0,63.2,298.0,0.9093525179856116,REAL_AWS
2016-05-27 21:00:00,MAITRI,-15.0,961.7,86.0,63.9,298.0,0.9194244604316547,REAL_AWS
2016-05-27 22:00:00,MAITRI,-14.8,962.1,86.0,62.6,301.0,0.9007194244604316,REAL_AWS
2016-05-27 23:00:00,MAITRI,-14.4,962.3,86.0,62.6,298.0,0.9007194244604316,REAL_AWS
2016-05-28 00:00:00,MAITRI,-13.6,962.9,84.0,62.1,298.0,0.8935251798561151,REAL_AWS
2016-05-28 01:00:00,MAITRI,-12.9,963.1,78.0,61.8,299.0,0.8892086330935252,REAL_AWS
2016-05-28 02:00:00,MAITRI,-12.7,963.3,68.0,61.3,298.0,0.8820143884892085,REAL_AWS
2016-05-28 03:00:00,MAITRI,-12.1,963.1,57.0,62.6,301.0,0.9007194244604316,REAL_AWS
2016-05-28 04:00:00,MAITRI,-11.5,963.5,52.0,62.6,298.0,0.9007194244604316,REAL_AWS
2016-05-28 05:00:00,MAITRI,-10.9,963.9,50.0,63.9,298.0,0.9194244604316547,REAL_AWS
2016-05-28 06:00:00,MAITRI,-10.2,964.1,48.0,63.2,298.0,0.9093525179856116,REAL_AWS
2016-05-28 07:00:00,MAITRI,-9.4,964.2,47.0,63.2,301.0,0.9093525179856116,REAL_AWS
2016-05-28 08:00:00,MAITRI,-9.1,964.6,47.0,63.2,298.0,0.9093525179856116,REAL_AWS
2016-05-28 09:00:00,MAITRI,-8.5,964.7,46.0,61.3,298.0,0.8820143884892085,REAL_AWS
2016-05-28 10:00:00,MAITRI,-8.3,964.7,47.0,61.3,298.0,0.8820143884892085,REAL_AWS
2016-05-28 11:00:00,MAITRI,-8.1,964.6,45.0,62.1,298.0,0.8935251798561151,REAL_AWS
2016-05-28 12:00:00,MAITRI,-7.9,965.5,46.0,61.9,301.0,0.8906474820143885,REAL_AWS
2016-05-28 13:00:00,MAITRI,-8.0,966.5,45.0,61.9,298.0,0.8906474820143885,REAL_AWS
2016-05-28 14:00:00,MAITRI,-8.0,967.1,44.0,63.2,298.0,0.9093525179856116,REAL_AWS
2016-05-28 15:00:00,MAITRI,-7.8,966.9,42.0,63.9,298.0,0.9194244604316547,REAL_AWS
2016-05-28 16:00:00,MAITRI,-7.4,967.2,38.0,63.2,301.0,0.9093525179856116,REAL_AWS
2016-05-28 17:00:00,MAITRI,-7.3,967.4,37.0,63.3,298.0,0.9107913669064748,REAL_AWS
2016-05-28 18:00:00,MAITRI,-7.8,968.2,36.0,61.4,298.0,0.8834532374100719,REAL_AWS
2016-05-28 19:00:00,MAITRI,-7.0,967.3,31.0,61.9,298.0,0.8906474820143885,REAL_AWS
2016-05-28 20:00:00,MAITRI,-7.1,968.6,35.0,61.8,298.0,0.8892086330935252,REAL_AWS
2016-05-28 21:00:00,MAITRI,-7.2,968.2,35.0,49.6,297.0,0.7136690647482015,REAL_AWS
2016-05-28 22:00:00,MAITRI,-6.8,967.9,35.0,61.9,298.0,0.8906474820143885,REAL_AWS
2016-05-28 23:00:00,MAITRI,-6.5,967.8,34.0,63.3,298.0,0.9107913669064748,REAL_AWS
2016-05-29 00:00:00,MAITRI,-6.3,968.2,35.0,62.6,298.0,0.9007194244604316,REAL_AWS
2016-05-29 01:00:00,MAITRI,-6.6,968.8,34.0,63.2,301.0,0.9093525179856116,REAL_AWS
2016-05-29 02:00:00,MAITRI,-6.7,969.2,35.0,62.6,299.0,0.9007194244604316,REAL_AWS
2016-05-29 03:00:00,MAITRI,-7.6,969.1,37.0,62.6,298.0,0.9007194244604316,REAL_AWS
2016-05-29 04:00:00,MAITRI,-7.5,969.0,32.0,61.9,298.0,0.8906474820143885,REAL_AWS
2016-05-29 05:00:00,MAITRI,-8.8,968.8,41.0,61.3,298.0,0.8820143884892085,REAL_AWS
2016-05-29 06:00:00,MAITRI,-8.9,968.9,41.0,39.6,296.0,0.5697841726618705,REAL_AWS
2016-05-29 07:00:00,MAITRI,-8.8,968.9,36.0,62.6,298.0,0.9007194244604316,REAL_AWS
2016-05-29 08:00:00,MAITRI,-9.1,969.3,36.0,62.6,298.0,0.9007194244604316,REAL_AWS
2016-05-29 09:00:00,MAITRI,-9.0,969.0,33.0,63.2,298.0,0.9093525179856116,REAL_AWS
2016-05-29 10:00:00,MAITRI,-9.5,968.9,36.0,62.6,301.0,0.9007194244604316,REAL_AWS
2016-05-29 11:00:00,MAITRI,-10.3,968.0,38.0,60.2,295.0,0.8661870503597122,REAL_AWS
2016-05-29 12:00:00,MAITRI,-10.4,967.8,37.0,61.7,299.0,0.887769784172662,REAL_AWS
2016-05-29 13:00:00,MAITRI,-10.1,967.4,37.0,61.9,298.0,0.8906474820143885,REAL_AWS
2016-05-29 14:00:00,MAITRI,-10.2,966.9,35.0,62.6,298.0,0.9007194244604316,REAL_AWS
2016-05-29 15:00:00,MAITRI,-10.8,966.6,36.0,62.6,301.0,0.9007194244604316,REAL_AWS
2016-05-29 16:00:00,MAITRI,-10.8,966.5,35.0,61.9,298.0,0.8906474820143885,REAL_AWS
2016-05-29 17:00:00,MAITRI,-11.2,966.4,37.0,63.2,298.0,0.9093525179856116,REAL_AWS
2016-05-29 18:00:00,MAITRI,-11.4,966.0,35.0,63.9,298.0,0.9194244604316547,REAL_AWS
2016-05-29 19:00:00,MAITRI,-11.7,966.0,34.0,63.8,300.0,0.9179856115107913,REAL_AWS
2016-05-29 20:00:00,MAITRI,-12.3,966.1,40.0,47.5,286.0,0.6834532374100719,REAL_AWS
2016-05-29 21:00:00,MAITRI,-12.8,966.0,39.0,61.0,298.0,0.8776978417266187,REAL_AWS
2016-05-29 22:00:00,MAITRI,-12.8,965.9,36.0,60.8,299.0,0.874820143884892,REAL_AWS
2016-05-29 23:00:00,MAITRI,-13.8,965.5,40.0,61.3,298.0,0.8820143884892085,REAL_AWS
2016-05-30 00:00:00,MAITRI,-13.8,964.9,36.0,61.9,300.0,0.8906474820143885,REAL_AWS
2016-05-30 01:00:00,MAITRI,-14.0,964.9,36.0,62.5,298.0,0.8992805755395683,REAL_AWS
2016-05-30 02:00:00,MAITRI,-13.8,964.5,35.0,63.2,298.0,0.9093525179856116,REAL_AWS
2016-05-30 03:00:00,MAITRI,-13.8,963.6,34.0,63.2,298.0,0.9093525179856116,REAL_AWS
2016-05-30 04:00:00,MAITRI,-13.8,963.0,33.0,54.6,299.0,0.7856115107913669,REAL_AWS
2016-05-30 05:00:00,MAITRI,-13.9,962.6,36.0,54.4,307.0,0.7827338129496403,REAL_AWS
2016-05-30 06:00:00,MAITRI,-14.7,962.3,36.0,62.5,299.0,0.8992805755395683,REAL_AWS
2016-05-30 07:00:00,MAITRI,-14.1,962.1,35.0,61.9,298.0,0.8906474820143885,REAL_AWS
2016-05-30 08:00:00,MAITRI,-14.8,961.8,36.0,61.9,298.0,0.8906474820143885,REAL_AWS
2016-05-30 09:00:00,MAITRI,-14.8,961.3,36.0,61.3,300.0,0.8820143884892085,REAL_AWS
2016-05-30 10:00:00,MAITRI,-15.1,961.1,36.0,62.4,298.0,0.897841726618705,REAL_AWS
2016-05-30 11:00:00,MAITRI,-15.2,960.5,37.0,63.8,299.0,0.9179856115107913,REAL_AWS
2016-05-30 12:00:00,MAITRI,-14.6,959.9,35.0,63.2,298.0,0.9093525179856116,REAL_AWS
2016-05-30 13:00:00,MAITRI,-14.9,959.3,36.0,64.3,298.0,0.9251798561151079,REAL_AWS
2016-05-30 14:00:00,MAITRI,-14.3,959.1,33.0,56.4,299.0,0.8115107913669064,REAL_AWS
2016-05-30 15:00:00,MAITRI,-14.9,958.9,35.0,63.1,299.0,0.9079136690647482,REAL_AWS
2016-05-30 16:00:00,MAITRI,-15.0,958.5,33.0,61.3,298.0,0.8820143884892085,REAL_AWS
2016-05-30 17:00:00,MAITRI,-14.7,958.3,31.0,61.9,298.0,0.8906474820143885,REAL_AWS
2016-05-30 18:00:00,MAITRI,-14.8,957.9,31.0,61.9,300.0,0.8906474820143885,REAL_AWS
2016-05-30 19:00:00,MAITRI,-15.2,958.0,33.0,64.4,299.0,0.9266187050359713,REAL_AWS
2016-05-30 20:00:00,MAITRI,-15.0,957.5,30.0,52.9,302.0,0.7611510791366907,REAL_AWS
2016-05-30 21:00:00,MAITRI,-15.2,957.4,29.0,62.6,298.0,0.9007194244604316,REAL_AWS
2016-05-30 22:00:00,MAITRI,-15.1,957.4,28.0,59.9,298.0,0.8618705035971223,REAL_AWS
2016-05-30 23:00:00,MAITRI,-15.3,957.3,30.0,52.3,302.0,0.7525179856115107,REAL_AWS
2016-05-31 00:00:00,MAITRI,-15.3,957.1,28.0,63.2,299.0,0.9093525179856116,REAL_AWS
2016-05-31 01:00:00,MAITRI,-15.6,956.7,31.0,62.6,298.0,0.9007194244604316,REAL_AWS
2016-05-31 02:00:00,MAITRI,-15.5,956.4,31.0,61.3,298.0,0.8820143884892085,REAL_AWS
2016-05-31 03:00:00,MAITRI,-14.7,956.0,29.0,61.9,300.0,0.8906474820143885,REAL_AWS
2016-05-31 04:00:00,MAITRI,-15.4,956.0,35.0,62.7,298.0,0.902158273381295,REAL_AWS
2016-05-31 05:00:00,MAITRI,-14.2,955.8,27.0,59.6,304.0,0.8575539568345324,REAL_AWS
2016-05-31 06:00:00,MAITRI,-14.3,955.6,33.0,61.9,298.0,0.8906474820143885,REAL_AWS
2016-05-31 07:00:00,MAITRI,-14.3,955.5,34.0,63.2,299.0,0.9093525179856116,REAL_AWS
2016-05-31 08:00:00,MAITRI,-14.4,955.5,40.0,62.5,300.0,0.8992805755395683,REAL_AWS
2016-05-31 09:00:00,MAITRI,-14.4,955.3,41.0,62.6,299.0,0.9007194244604316,REAL_AWS
2016-05-31 10:00:00,MAITRI,-14.2,955.2,42.0,62.6,298.0,0.9007194244604316,REAL_AWS
2016-05-31 11:00:00,MAITRI,-14.2,955.0,45.0,60.1,146.0,0.8647482014388489,REAL_AWS
2016-05-31 12:00:00,MAITRI,-13.8,954.9,45.0,59.9,146.0,0.8618705035971223,REAL_AWS
2016-05-31 13:00:00,MAITRI,-13.6,954.5,45.0,60.3,136.0,0.8676258992805755,REAL_AWS
2016-05-31 14:00:00,MAITRI,-13.6,954.6,48.0,60.6,135.0,0.8719424460431655,REAL_AWS
2016-05-31 15:00:00,MAITRI,-12.7,954.6,46.0,59.8,142.0,0.8604316546762589,REAL_AWS
2016-05-31 16:00:00,MAITRI,-13.0,954.5,47.0,59.7,142.0,0.8589928057553957,REAL_AWS
2016-05-31 17:00:00,MAITRI,-12.5,954.0,48.0,60.0,142.0,0.8633093525179856,REAL_AWS
2016-05-31 18:00:00,MAITRI,-12.2,953.8,55.0,59.9,141.0,0.8618705035971223,REAL_AWS
2016-05-31 19:00:00,MAITRI,-12.0,953.2,57.0,59.6,140.0,0.8575539568345324,REAL_AWS
2016-05-31 20:00:00,MAITRI,-11.3,953.1,60.0,59.8,137.0,0.8604316546762589,REAL_AWS
2016-05-31 21:00:00,MAITRI,-10.9,952.7,61.0,59.5,140.0,0.8561151079136691,REAL_AWS
2016-05-31 22:00:00,MAITRI,-10.9,952.7,67.0,59.8,138.0,0.8604316546762589,REAL_AWS
2016-05-31 23:00:00,MAITRI,-11.2,952.2,76.0,59.9,136.0,0.8618705035971223,REAL_AWS
2016-06-01 00:00:00,MAITRI,-11.4,952.1,84.0,57.6,129.0,0.8287769784172662,REAL_AWS
2016-06-01 01:00:00,MAITRI,-11.0,952.0,79.0,59.5,136.0,0.8561151079136691,REAL_AWS
2016-06-01 02:00:00,MAITRI,-11.1,951.7,79.0,62.9,135.0,0.9050359712230216,REAL_AWS
2016-06-01 03:00:00,MAITRI,-11.0,951.4,80.0,61.0,120.0,0.8776978417266187,REAL_AWS
2016-06-01 04:00:00,MAITRI,-10.9,950.0,88.0,57.5,131.0,0.8273381294964028,REAL_AWS
2016-06-01 05:00:00,MAITRI,-10.7,950.0,86.0,58.8,129.0,0.8460431654676258,REAL_AWS
2016-06-01 06:00:00,MAITRI,-10.7,950.3,82.0,58.4,132.0,0.8402877697841726,REAL_AWS
2016-06-01 07:00:00,MAITRI,-10.4,950.4,72.0,58.6,129.0,0.8431654676258993,REAL_AWS
2016-06-01 08:00:00,MAITRI,-10.0,950.2,63.0,59.9,135.0,0.8618705035971223,REAL_AWS
2016-06-01 09:00:00,MAITRI,-9.6,950.1,58.0,59.8,132.0,0.8604316546762589,REAL_AWS
2016-06-01 10:00:00,MAITRI,-9.9,950.6,62.0,59.8,137.0,0.8604316546762589,REAL_AWS
2016-06-01 11:00:00,MAITRI,-10.4,950.7,64.0,59.8,136.0,0.8604316546762589,REAL_AWS
2016-06-01 12:00:00,MAITRI,-10.2,950.5,62.0,59.7,138.0,0.8589928057553957,REAL_AWS
2016-06-01 13:00:00,MAITRI,-9.6,949.9,54.0,59.6,140.0,0.8575539568345324,REAL_AWS
2016-06-01 14:00:00,MAITRI,-9.8,949.5,57.0,59.8,139.0,0.8604316546762589,REAL_AWS
2016-06-01 15:00:00,MAITRI,-9.2,949.4,45.0,59.6,139.0,0.8575539568345324,REAL_AWS
2016-06-01 16:00:00,MAITRI,-9.5,949.0,41.0,59.7,139.0,0.8589928057553957,REAL_AWS
2016-06-01 17:00:00,MAITRI,-10.1,949.0,51.0,59.6,139.0,0.8575539568345324,REAL_AWS
2016-06-01 18:00:00,MAITRI,-9.6,948.7,47.0,60.0,139.0,0.8633093525179856,REAL_AWS
2016-06-01 19:00:00,MAITRI,-9.8,948.5,42.0,59.8,140.0,0.8604316546762589,REAL_AWS
2016-06-01 20:00:00,MAITRI,-10.7,948.6,49.0,60.7,131.0,0.8733812949640288,REAL_AWS
2016-06-01 21:00:00,MAITRI,-10.5,947.5,41.0,60.7,131.0,0.8733812949640288,REAL_AWS
2016-06-01 22:00:00,MAITRI,-10.4,947.0,37.0,61.2,125.0,0.8805755395683453,REAL_AWS
2016-06-01 23:00:00,MAITRI,-10.5,947.7,41.0,59.9,139.0,0.8618705035971223,REAL_AWS
2016-06-02 00:00:00,MAITRI,-11.0,947.3,43.0,60.4,139.0,0.8690647482014389,REAL_AWS
2016-06-02 01:00:00,MAITRI,-11.7,947.4,50.0,60.0,139.0,0.8633093525179856,REAL_AWS
2016-06-02 02:00:00,MAITRI,-11.8,947.4,41.0,59.6,140.0,0.8575539568345324,REAL_AWS
2016-06-02 03:00:00,MAITRI,-11.8,947.4,42.0,59.6,141.0,0.8575539568345324,REAL_AWS
2016-06-02 04:00:00,MAITRI,-11.9,946.9,38.0,60.2,139.0,0.8661870503597122,REAL_AWS
2016-06-02 05:00:00,MAITRI,-11.8,946.9,36.0,60.0,139.0,0.8633093525179856,REAL_AWS
2016-06-02 06:00:00,MAITRI,-12.0,947.6,44.0,60.3,143.0,0.8676258992805755,REAL_AWS
2016-06-02 07:00:00,MAITRI,-12.4,947.9,42.0,59.9,141.0,0.8618705035971223,REAL_AWS
2016-06-02 08:00:00,MAITRI,-12.5,948.6,41.0,59.7,142.0,0.8589928057553957,REAL_AWS
2016-06-02 09:00:00,MAITRI,-12.3,948.7,37.0,60.2,143.0,0.8661870503597122,REAL_AWS
2016-06-02 10:00:00,MAITRI,-12.5,949.2,45.0,60.2,145.0,0.8661870503597122,REAL_AWS
2016-06-02 11:00:00,MAITRI,-12.4,949.5,44.0,59.6,146.0,0.8575539568345324,REAL_AWS
2016-06-02 12:00:00,MAITRI,-11.4,949.3,42.0,59.8,143.0,0.8604316546762589,REAL_AWS
2016-06-02 13:00:00,MAITRI,-12.1,949.4,49.0,59.6,145.0,0.8575539568345324,REAL_AWS
2016-06-02 14:00:00,MAITRI,-12.5,949.5,50.0,59.8,145.0,0.8604316546762589,REAL_AWS
2016-06-02 15:00:00,MAITRI,-12.3,950.1,46.0,60.4,135.0,0.8690647482014389,REAL_AWS
2016-06-02 16:00:00,MAITRI,-12.3,950.6,46.0,59.6,145.0,0.8575539568345324,REAL_AWS
2016-06-02 17:00:00,MAITRI,-11.8,950.9,44.0,59.5,144.0,0.8561151079136691,REAL_AWS
2016-06-02 18:00:00,MAITRI,-11.3,950.8,42.0,59.9,143.0,0.8618705035971223,REAL_AWS
2016-06-02 19:00:00,MAITRI,-10.8,951.1,41.0,60.3,134.0,0.8676258992805755,REAL_AWS
2016-06-02 20:00:00,MAITRI,-11.3,951.3,47.0,60.3,134.0,0.8676258992805755,REAL_AWS
2016-06-02 21:00:00,MAITRI,-11.7,951.0,47.0,59.8,140.0,0.8604316546762589,REAL_AWS
2016-06-02 22:00:00,MAITRI,-11.5,950.7,42.0,60.1,139.0,0.8647482014388489,REAL_AWS
2016-06-02 23:00:00,MAITRI,-11.5,951.5,39.0,59.9,140.0,0.8618705035971223,REAL_AWS
2016-06-03 00:00:00,MAITRI,-12.1,952.0,42.0,60.0,139.0,0.8633093525179856,REAL_AWS
2016-06-03 01:00:00,MAITRI,-12.3,952.3,39.0,60.5,131.0,0.8705035971223022,REAL_AWS
2016-06-03 02:00:00,MAITRI,-12.5,952.4,41.0,60.7,131.0,0.8733812949640288,REAL_AWS
2016-06-03 03:00:00,MAITRI,-12.8,952.3,44.0,60.0,138.0,0.8633093525179856,REAL_AWS
2016-06-03 04:00:00,MAITRI,-13.4,952.2,45.0,60.1,138.0,0.8647482014388489,REAL_AWS
2016-06-03 05:00:00,MAITRI,-12.9,952.5,42.0,60.2,137.0,0.8661870503597122,REAL_AWS
2016-06-03 06:00:00,MAITRI,-12.3,952.9,40.0,60.9,128.0,0.8762589928057554,REAL_AWS
2016-06-03 07:00:00,MAITRI,-12.9,952.9,43.0,60.1,128.0,0.8647482014388489,REAL_AWS
2016-06-03 08:00:00,MAITRI,-12.5,952.9,41.0,60.2,136.0,0.8661870503597122,REAL_AWS
2016-06-03 09:00:00,MAITRI,-12.5,953.0,39.0,60.2,137.0,0.8661870503597122,REAL_AWS
2016-06-03 10:00:00,MAITRI,-13.1,953.1,38.0,60.8,133.0,0.874820143884892,REAL_AWS
2016-06-03 11:00:00,MAITRI,-13.2,953.2,38.0,59.8,144.0,0.8604316546762589,REAL_AWS
2016-06-03 12:00:00,MAITRI,-11.5,953.5,39.0,59.8,141.0,0.8604316546762589,REAL_AWS
2016-06-03 13:00:00,MAITRI,-11.6,953.8,41.0,59.7,141.0,0.8589928057553957,REAL_AWS
2016-06-03 14:00:00,MAITRI,-11.7,953.8,42.0,59.7,141.0,0.8589928057553957,REAL_AWS
2016-06-03 15:00:00,MAITRI,-12.1,953.8,45.0,59.9,138.0,0.8618705035971223,REAL_AWS
2016-06-03 16:00:00,MAITRI,-11.7,954.0,41.0,59.9,138.0,0.8618705035971223,REAL_AWS
2016-06-03 17:00:00,MAITRI,-12.3,954.0,43.0,59.8,139.0,0.8604316546762589,REAL_AWS
2016-06-03 18:00:00,MAITRI,-12.5,954.0,43.0,60.1,135.0,0.8647482014388489,REAL_AWS
2016-06-03 19:00:00,MAITRI,-12.9,953.7,45.0,60.8,130.0,0.874820143884892,REAL_AWS
2016-06-03 20:00:00,MAITRI,-14.0,953.8,40.0,60.2,137.0,0.8661870503597122,REAL_AWS
2016-06-03 21:00:00,MAITRI,-14.7,953.6,41.0,60.0,137.0,0.8633093525179856,REAL_AWS
2016-06-03 22:00:00,MAITRI,-14.8,953.4,41.0,60.3,137.0,0.8676258992805755,REAL_AWS
2016-06-03 23:00:00,MAITRI,-15.3,953.2,42.0,60.3,135.0,0.8676258992805755,REAL_AWS
2016-06-04 00:00:00,MAITRI,-15.6,952.6,38.0,60.2,135.0,0.8661870503597122,REAL_AWS
2016-06-04 01:00:00,MAITRI,-16.0,952.1,37.0,60.3,135.0,0.8676258992805755,REAL_AWS
2016-06-04 02:00:00,MAITRI,-16.4,951.9,40.0,60.3,135.0,0.8676258992805755,REAL_AWS
2016-06-04 03:00:00,MAITRI,-17.0,951.5,40.0,61.1,129.0,0.879136690647482,REAL_AWS
2016-06-04 04:00:00,MAITRI,-17.1,950.9,37.0,60.4,137.0,0.8690647482014389,REAL_AWS
2016-06-04 05:00:00,MAITRI,-16.7,950.4,36.0,60.3,137.0,0.8676258992805755,REAL_AWS
2016-06-04 06:00:00,MAITRI,-16.8,950.8,38.0,60.7,128.0,0.8733812949640288,REAL_AWS
2016-06-04 07:00:00,MAITRI,-16.1,950.6,36.0,60.3,135.0,0.8676258992805755,REAL_AWS
2016-06-04 08:00:00,MAITRI,-15.3,950.3,37.0,60.4,136.0,0.8690647482014389,REAL_AWS
2016-06-04 09:00:00,MAITRI,-13.8,950.6,40.0,60.3,133.0,0.8676258992805755,REAL_AWS
2016-06-04 10:00:00,MAITRI,-12.9,949.8,56.0,60.9,127.0,0.8762589928057554,REAL_AWS
2016-06-04 11:00:00,MAITRI,-11.9,949.6,59.0,60.3,134.0,0.8676258992805755,REAL_AWS
2016-06-04 12:00:00,MAITRI,-11.4,949.5,64.0,60.1,133.0,0.8647482014388489,REAL_AWS
2016-06-04 13:00:00,MAITRI,-11.2,949.6,69.0,60.1,135.0,0.8647482014388489,REAL_AWS
2016-06-04 14:00:00,MAITRI,-10.9,949.6,67.0,60.3,133.0,0.8676258992805755,REAL_AWS
2016-06-04 15:00:00,MAITRI,-10.7,949.2,68.0,59.7,134.0,0.8589928057553957,REAL_AWS
2016-06-04 16:00:00,MAITRI,-10.4,949.0,69.0,59.9,135.0,0.8618705035971223,REAL_AWS
2016-06-04 17:00:00,MAITRI,-10.5,948.9,78.0,59.6,137.0,0.8575539568345324,REAL_AWS
2016-06-04 18:00:00,MAITRI,-9.9,948.8,71.0,59.4,136.0,0.8546762589928057,REAL_AWS
2016-06-04 19:00:00,MAITRI,-9.7,948.6,66.0,60.4,132.0,0.8690647482014389,REAL_AWS
2016-06-04 20:00:00,MAITRI,-11.4,948.9,69.0,60.1,132.0,0.8647482014388489,REAL_AWS
2016-06-04 21:00:00,MAITRI,-15.4,948.8,74.0,60.3,133.0,0.8676258992805755,REAL_AWS
2016-06-04 22:00:00,MAITRI,-14.4,949.1,69.0,60.0,131.0,0.8633093525179856,REAL_AWS
2016-06-04 23:00:00,MAITRI,-15.1,949.0,81.0,60.1,132.0,0.8647482014388489,REAL_AWS
2016-06-05 00:00:00,MAITRI,-11.6,949.6,63.0,59.8,130.0,0.8604316546762589,REAL_AWS
2016-06-05 01:00:00,MAITRI,-16.6,950.1,71.0,60.0,132.0,0.8633093525179856,REAL_AWS
2016-06-05 02:00:00,MAITRI,-20.1,951.5,72.0,60.4,132.0,0.8690647482014389,REAL_AWS
2016-06-05 03:00:00,MAITRI,-21.1,952.2,75.0,60.3,131.0,0.8676258992805755,REAL_AWS
2016-06-05 04:00:00,MAITRI,-21.5,952.2,77.0,60.2,133.0,0.8661870503597122,REAL_AWS
2016-06-05 05:00:00,MAITRI,-21.3,952.5,76.0,60.5,134.0,0.8705035971223022,REAL_AWS
2016-06-05 06:00:00,MAITRI,-21.2,952.5,75.0,60.2,134.0,0.8661870503597122,REAL_AWS
2016-06-05 07:00:00,MAITRI,-21.1,952.6,75.0,61.2,121.0,0.8805755395683453,REAL_AWS
2016-06-05 08:00:00,MAITRI,-21.0,952.4,75.0,60.2,136.0,0.8661870503597122,REAL_AWS
2016-06-05 09:00:00,MAITRI,-21.0,952.6,76.0,60.3,135.0,0.8676258992805755,REAL_AWS
2016-06-05 10:00:00,MAITRI,-20.7,952.4,76.0,59.9,139.0,0.8618705035971223,REAL_AWS
2016-06-05 11:00:00,MAITRI,-20.6,952.9,75.0,60.0,141.0,0.8633093525179856,REAL_AWS
2016-06-05 12:00:00,MAITRI,-20.7,953.0,76.0,60.0,138.0,0.8633093525179856,REAL_AWS
2016-06-05 13:00:00,MAITRI,-20.3,953.0,77.0,59.7,139.0,0.8589928057553957,REAL_AWS
2016-06-05 14:00:00,MAITRI,-19.8,953.0,75.0,60.1,137.0,0.8647482014388489,REAL_AWS
2016-06-05 15:00:00,MAITRI,-19.6,953.0,76.0,60.2,136.0,0.8661870503597122,REAL_AWS
2016-06-05 16:00:00,MAITRI,-19.3,953.0,76.0,61.1,121.0,0.879136690647482,REAL_AWS
2016-06-05 17:00:00,MAITRI,-17.9,952.8,77.0,60.0,135.0,0.8633093525179856,REAL_AWS
2016-06-05 18:00:00,MAITRI,-17.8,952.8,73.0,59.9,135.0,0.8618705035971223,REAL_AWS
2016-06-05 19:00:00,MAITRI,-18.2,953.0,73.0,60.0,135.0,0.8633093525179856,REAL_AWS
2016-06-05 20:00:00,MAITRI,-18.6,952.2,76.0,60.2,135.0,0.8661870503597122,REAL_AWS
2016-06-05 21:00:00,MAITRI,-13.2,951.4,87.0,58.6,136.0,0.8431654676258993,REAL_AWS
2016-06-05 22:00:00,MAITRI,-13.2,951.1,87.0,59.8,140.0,0.8604316546762589,REAL_AWS
2016-06-05 23:00:00,MAITRI,-13.2,950.9,88.0,56.7,126.0,0.8158273381294965,REAL_AWS
2016-06-06 00:00:00,MAITRI,-12.9,950.7,88.0,57.2,131.0,0.823021582733813,REAL_AWS
2016-06-06 01:00:00,MAITRI,-12.8,950.8,88.0,53.5,126.0,0.7697841726618705,REAL_AWS
2016-06-06 02:00:00,MAITRI,-12.8,951.1,88.0,55.4,128.0,0.7971223021582734,REAL_AWS
2016-06-06 03:00:00,MAITRI,-12.5,951.1,88.0,56.5,125.0,0.8129496402877698,REAL_AWS
2016-06-06 04:00:00,MAITRI,-12.3,951.3,88.0,57.4,135.0,0.8258992805755395,REAL_AWS
2016-06-06 05:00:00,MAITRI,-12.7,951.4,88.0,57.6,137.0,0.8287769784172662,REAL_AWS
2016-06-06 06:00:00,MAITRI,-12.6,951.6,88.0,57.4,128.0,0.8258992805755395,REAL_AWS
2016-06-06 07:00:00,MAITRI,-13.0,952.3,88.0,52.4,129.0,0.753956834532374,REAL_AWS
2016-06-06 08:00:00,MAITRI,-13.3,953.0,88.0,52.7,133.0,0.758273381294964,REAL_AWS
2016-06-06 09:00:00,MAITRI,-13.1,953.1,88.0,54.0,131.0,0.7769784172661871,REAL_AWS
2016-06-06 10:00:00,MAITRI,-12.8,953.1,88.0,51.9,120.0,0.7467625899280576,REAL_AWS
2016-06-06 11:00:00,MAITRI,-12.5,953.9,88.0,55.5,123.0,0.7985611510791367,REAL_AWS
2016-06-06 12:00:00,MAITRI,-12.8,954.1,87.0,60.6,137.0,0.8719424460431655,REAL_AWS
2016-06-06 13:00:00,MAITRI,-13.0,954.1,87.0,58.3,130.0,0.8388489208633093,REAL_AWS
2016-06-06 14:00:00,MAITRI,-13.9,954.4,86.0,60.0,137.0,0.8633093525179856,REAL_AWS
2016-06-06 15:00:00,MAITRI,-14.5,954.3,85.0,59.7,138.0,0.8589928057553957,REAL_AWS
2016-06-06 16:00:00,MAITRI,-14.2,954.0,86.0,59.5,133.0,0.8561151079136691,REAL_AWS
2016-06-06 17:00:00,MAITRI,-13.5,954.2,86.0,60.0,135.0,0.8633093525179856,REAL_AWS
2016-06-06 18:00:00,MAITRI,-13.7,954.1,85.0,60.1,136.0,0.8647482014388489,REAL_AWS
2016-06-06 19:00:00,MAITRI,-13.6,953.8,85.0,60.0,136.0,0.8633093525179856,REAL_AWS
2016-06-06 20:00:00,MAITRI,-13.5,954.0,84.0,60.0,139.0,0.8633093525179856,REAL_AWS
2016-06-06 21:00:00,MAITRI,-14.4,954.6,83.0,59.9,138.0,0.8618705035971223,REAL_AWS
2016-06-06 22:00:00,MAITRI,-15.0,954.7,83.0,60.0,138.0,0.8633093525179856,REAL_AWS
2016-06-06 23:00:00,MAITRI,-14.7,954.5,82.0,60.5,130.0,0.8705035971223022,REAL_AWS
2016-06-07 00:00:00,MAITRI,-15.0,954.5,82.0,60.5,131.0,0.8705035971223022,REAL_AWS
2016-06-07 01:00:00,MAITRI,-15.2,954.7,81.0,59.8,140.0,0.8604316546762589,REAL_AWS
2016-06-07 02:00:00,MAITRI,-15.0,954.7,81.0,59.9,138.0,0.8618705035971223,REAL_AWS
2016-06-07 03:00:00,MAITRI,-14.8,955.1,80.0,59.7,138.0,0.8589928057553957,REAL_AWS
2016-06-07 04:00:00,MAITRI,-15.2,955.2,79.0,59.9,138.0,0.8618705035971223,REAL_AWS
2016-06-07 05:00:00,MAITRI,-14.7,955.3,79.0,60.0,136.0,0.8633093525179856,REAL_AWS
2016-06-07 06:00:00,MAITRI,-14.4,955.5,78.0,60.1,136.0,0.8647482014388489,REAL_AWS
2016-06-07 07:00:00,MAITRI,-14.8,956.0,76.0,60.2,139.0,0.8661870503597122,REAL_AWS
2016-06-07 08:00:00,MAITRI,-15.1,956.6,75.0,60.0,139.0,0.8633093525179856,REAL_AWS
2016-06-07 09:00:00,MAITRI,-15.1,957.0,73.0,60.1,138.0,0.8647482014388489,REAL_AWS
2016-06-07 10:00:00,MAITRI,-15.1,957.4,70.0,60.1,138.0,0.8647482014388489,REAL_AWS
2016-06-07 11:00:00,MAITRI,-15.3,957.7,66.0,60.2,137.0,0.8661870503597122,REAL_AWS
2016-06-07 12:00:00,MAITRI,-15.3,958.2,61.0,60.1,141.0,0.8647482014388489,REAL_AWS
2016-06-07 13:00:00,MAITRI,-15.6,958.5,58.0,60.0,141.0,0.8633093525179856,REAL_AWS
2016-06-07 14:00:00,MAITRI,-15.6,958.7,53.0,60.7,132.0,0.8733812949640288,REAL_AWS
2016-06-07 15:00:00,MAITRI,-16.3,958.8,50.0,60.0,141.0,0.8633093525179856,REAL_AWS
2016-06-07 16:00:00,MAITRI,-17.4,958.9,49.0,59.8,141.0,0.8604316546762589,REAL_AWS
2016-06-07 17:00:00,MAITRI,-16.4,959.4,45.0,59.9,141.0,0.8618705035971223,REAL_AWS
2016-06-07 18:00:00,MAITRI,-16.5,960.3,47.0,60.0,141.0,0.8633093525179856,REAL_AWS
2016-06-07 19:00:00,MAITRI,-16.7,960.7,46.0,60.0,139.0,0.8633093525179856,REAL_AWS
2016-06-07 20:00:00,MAITRI,-16.1,961.0,42.0,60.2,139.0,0.8661870503597122,REAL_AWS
2016-06-07 21:00:00,MAITRI,-16.4,961.4,42.0,60.1,138.0,0.8647482014388489,REAL_AWS
2016-06-07 22:00:00,MAITRI,-17.2,961.6,43.0,60.1,140.0,0.8647482014388489,REAL_AWS
2016-06-07 23:00:00,MAITRI,-17.3,962.1,43.0,60.2,141.0,0.8661870503597122,REAL_AWS
2016-06-08 00:00:00,MAITRI,-17.5,962.6,40.0,60.1,140.0,0.8647482014388489,REAL_AWS
2016-06-08 01:00:00,MAITRI,-17.4,963.6,39.0,60.0,141.0,0.8633093525179856,REAL_AWS
2016-06-08 02:00:00,MAITRI,-16.7,963.7,37.0,60.3,137.0,0.8676258992805755,REAL_AWS
2016-06-08 03:00:00,MAITRI,-16.6,963.6,37.0,60.4,136.0,0.8690647482014389,REAL_AWS
2016-06-08 04:00:00,MAITRI,-16.9,964.5,40.0,60.4,135.0,0.8690647482014389,REAL_AWS
2016-06-08 05:00:00,MAITRI,-16.4,964.8,41.0,60.1,129.0,0.8647482014388489,REAL_AWS
2016-06-08 06:00:00,MAITRI,-16.1,965.4,43.0,60.4,135.0,0.8690647482014389,REAL_AWS
2016-06-08 07:00:00,MAITRI,-16.1,965.8,43.0,60.9,127.0,0.8762589928057554,REAL_AWS
2016-06-08 08:00:00,MAITRI,-15.8,966.2,42.0,60.3,131.0,0.8676258992805755,REAL_AWS
2016-06-08 09:00:00,MAITRI,-16.7,966.3,41.0,60.6,131.0,0.8719424460431655,REAL_AWS
2016-06-08 10:00:00,MAITRI,-16.3,966.9,43.0,60.4,134.0,0.8690647482014389,REAL_AWS
2016-06-08 11:00:00,MAITRI,-16.1,967.3,44.0,60.8,129.0,0.874820143884892,REAL_AWS
2016-06-08 12:00:00,MAITRI,-16.1,967.2,43.0,60.4,135.0,0.8690647482014389,REAL_AWS
2016-06-08 13:00:00,MAITRI,-16.4,967.7,44.0,60.3,137.0,0.8676258992805755,REAL_AWS
2016-06-08 14:00:00,MAITRI,-16.4,967.7,42.0,60.5,134.0,0.8705035971223022,REAL_AWS
2016-06-08 15:00:00,MAITRI,-16.6,967.8,45.0,60.3,135.0,0.8676258992805755,REAL_AWS
2016-06-08 16:00:00,MAITRI,-16.9,968.1,44.0,61.0,128.0,0.8776978417266187,REAL_AWS
2016-06-08 17:00:00,MAITRI,-16.8,968.3,47.0,60.3,135.0,0.8676258992805755,REAL_AWS
2016-06-08 18:00:00,MAITRI,-16.5,968.6,44.0,60.3,135.0,0.8676258992805755,REAL_AWS
2016-06-08 19:00:00,MAITRI,-16.8,967.9,43.0,60.3,135.0,0.8676258992805755,REAL_AWS
2016-06-08 20:00:00,MAITRI,-16.9,968.5,44.0,60.4,134.0,0.8690647482014389,REAL_AWS
2016-06-08 21:00:00,MAITRI,-16.8,967.9,44.0,60.5,134.0,0.8705035971223022,REAL_AWS
2016-06-08 22:00:00,MAITRI,-17.5,967.8,43.0,60.3,135.0,0.8676258992805755,REAL_AWS
2016-06-08 23:00:00,MAITRI,-16.8,967.6,40.0,60.4,137.0,0.8690647482014389,REAL_AWS
2016-06-09 00:00:00,MAITRI,-16.9,967.0,39.0,60.2,139.0,0.8661870503597122,REAL_AWS
2016-06-09 01:00:00,MAITRI,-17.0,966.4,39.0,60.3,140.0,0.8676258992805755,REAL_AWS
2016-06-09 02:00:00,MAITRI,-16.9,966.1,40.0,60.0,139.0,0.8633093525179856,REAL_AWS
2016-06-09 03:00:00,MAITRI,-16.5,965.7,40.0,60.2,138.0,0.8661870503597122,REAL_AWS
2016-06-09 04:00:00,MAITRI,-16.4,965.4,43.0,60.1,140.0,0.8647482014388489,REAL_AWS
2016-06-09 05:00:00,MAITRI,-16.2,965.0,50.0,60.0,141.0,0.8633093525179856,REAL_AWS
2016-06-09 06:00:00,MAITRI,-16.1,964.9,61.0,60.1,138.0,0.8647482014388489,REAL_AWS
2016-06-09 07:00:00,MAITRI,-16.1,965.0,71.0,61.2,144.0,0.8805755395683453,REAL_AWS
2016-06-09 08:00:00,MAITRI,-16.0,964.8,72.0,60.4,141.0,0.8690647482014389,REAL_AWS
2016-06-09 09:00:00,MAITRI,-15.6,964.8,64.0,59.7,137.0,0.8589928057553957,REAL_AWS
2016-06-09 10:00:00,MAITRI,-15.2,964.8,62.0,60.7,131.0,0.8733812949640288,REAL_AWS
2016-06-09 11:00:00,MAITRI,-14.4,964.7,63.0,61.1,130.0,0.879136690647482,REAL_AWS
2016-06-09 12:00:00,MAITRI,-15.2,964.7,65.0,60.1,135.0,0.8647482014388489,REAL_AWS
2016-06-09 13:00:00,MAITRI,-14.5,964.5,66.0,59.8,134.0,0.8604316546762589,REAL_AWS
2016-06-09 14:00:00,MAITRI,-14.7,964.1,67.0,60.6,134.0,0.8719424460431655,REAL_AWS
2016-06-09 15:00:00,MAITRI,-14.7,963.6,64.0,60.2,133.0,0.8661870503597122,REAL_AWS
2016-06-09 16:00:00,MAITRI,-14.6,963.6,62.0,60.1,133.0,0.8647482014388489,REAL_AWS
2016-06-09 17:00:00,MAITRI,-14.7,963.5,58.0,60.3,132.0,0.8676258992805755,REAL_AWS
2016-06-09 18:00:00,MAITRI,-14.8,963.0,56.0,60.4,134.0,0.8690647482014389,REAL_AWS
2016-06-09 19:00:00,MAITRI,-14.6,962.7,52.0,60.5,134.0,0.8705035971223022,REAL_AWS
2016-06-09 20:00:00,MAITRI,-14.5,962.5,45.0,60.3,134.0,0.8676258992805755,REAL_AWS
2016-06-09 21:00:00,MAITRI,-14.4,961.9,41.0,60.1,135.0,0.8647482014388489,REAL_AWS
2016-06-09 22:00:00,MAITRI,-14.4,961.5,40.0,60.2,135.0,0.8661870503597122,REAL_AWS
2016-06-09 23:00:00,MAITRI,-14.2,961.1,43.0,60.2,136.0,0.8661870503597122,REAL_AWS
2016-06-10 00:00:00,MAITRI,-14.5,960.9,44.0,60.1,138.0,0.8647482014388489,REAL_AWS
2016-06-10 01:00:00,MAITRI,-14.6,960.5,39.0,60.0,138.0,0.8633093525179856,REAL_AWS
2016-06-10 02:00:00,MAITRI,-15.2,960.3,40.0,60.2,135.0,0.8661870503597122,REAL_AWS
2016-06-10 03:00:00,MAITRI,-15.5,960.1,41.0,60.8,128.0,0.874820143884892,REAL_AWS
2016-06-10 04:00:00,MAITRI,-16.0,960.0,42.0,60.2,134.0,0.8661870503597122,REAL_AWS
2016-06-10 05:00:00,MAITRI,-17.5,960.4,49.0,60.3,133.0,0.8676258992805755,REAL_AWS
2016-06-10 06:00:00,MAITRI,-18.1,960.7,50.0,59.8,114.0,0.8604316546762589,REAL_AWS
2016-06-10 07:00:00,MAITRI,-18.2,960.9,47.0,60.4,133.0,0.8690647482014389,REAL_AWS
2016-06-10 08:00:00,MAITRI,-19.2,961.5,51.0,60.5,133.0,0.8705035971223022,REAL_AWS
2016-06-10 09:00:00,MAITRI,-19.8,961.6,51.0,60.5,133.0,0.8705035971223022,REAL_AWS
2016-06-10 10:00:00,MAITRI,-20.2,962.1,51.0,60.8,129.0,0.874820143884892,REAL_AWS
2016-06-10 11:00:00,MAITRI,-20.4,962.3,52.0,60.3,137.0,0.8676258992805755,REAL_AWS
2016-06-10 12:00:00,MAITRI,-20.4,962.2,50.0,60.4,135.0,0.8690647482014389,REAL_AWS
2016-06-10 13:00:00,MAITRI,-20.0,962.4,49.0,60.3,135.0,0.8676258992805755,REAL_AWS
2016-06-10 14:00:00,MAITRI,-20.4,962.5,48.0,60.8,129.0,0.874820143884892,REAL_AWS
2016-06-10 15:00:00,MAITRI,-20.9,963.2,51.0,60.4,136.0,0.8690647482014389,REAL_AWS
2016-06-10 16:00:00,MAITRI,-19.8,963.5,47.0,60.3,135.0,0.8676258992805755,REAL_AWS
2016-06-10 17:00:00,MAITRI,-20.0,963.9,49.0,60.3,134.0,0.8676258992805755,REAL_AWS
2016-06-10 18:00:00,MAITRI,-19.9,964.3,48.0,60.6,132.0,0.8719424460431655,REAL_AWS
2016-06-10 19:00:00,MAITRI,-20.4,964.4,48.0,60.2,133.0,0.8661870503597122,REAL_AWS
2016-06-10 20:00:00,MAITRI,-22.5,965.0,47.0,60.6,133.0,0.8719424460431655,REAL_AWS
2016-06-10 21:00:00,MAITRI,-23.1,965.0,53.0,60.6,135.0,0.8719424460431655,REAL_AWS
2016-06-10 22:00:00,MAITRI,-22.1,965.7,46.0,60.3,134.0,0.8676258992805755,REAL_AWS
2016-06-10 23:00:00,MAITRI,-21.7,965.8,42.0,60.3,134.0,0.8676258992805755,REAL_AWS
2016-06-11 00:00:00,MAITRI,-22.9,966.0,45.0,60.5,134.0,0.8705035971223022,REAL_AWS
2016-06-11 01:00:00,MAITRI,-24.1,966.3,46.0,61.1,127.0,0.879136690647482,REAL_AWS
2016-06-11 02:00:00,MAITRI,-24.7,966.5,48.0,60.6,133.0,0.8719424460431655,REAL_AWS
2016-06-11 03:00:00,MAITRI,-24.4,966.8,47.0,60.3,134.0,0.8676258992805755,REAL_AWS
2016-06-11 04:00:00,MAITRI,-23.5,966.7,39.0,60.5,133.0,0.8705035971223022,REAL_AWS
2016-06-11 05:00:00,MAITRI,-23.5,967.2,38.0,60.5,134.0,0.8705035971223022,REAL_AWS
2016-06-11 06:00:00,MAITRI,-23.0,966.9,37.0,60.7,134.0,0.8733812949640288,REAL_AWS
2016-06-11 07:00:00,MAITRI,-23.8,967.0,44.0,60.3,136.0,0.8676258992805755,REAL_AWS
2016-06-11 08:00:00,MAITRI,-24.1,967.0,43.0,60.5,137.0,0.8705035971223022,REAL_AWS
2016-06-11 09:00:00,MAITRI,-24.0,967.1,38.0,60.7,138.0,0.8733812949640288,REAL_AWS
2016-06-11 10:00:00,MAITRI,-24.0,967.3,40.0,60.4,139.0,0.8690647482014389,REAL_AWS
2016-06-11 11:00:00,MAITRI,-24.4,967.5,41.0,60.2,140.0,0.8661870503597122,REAL_AWS
2016-06-11 12:00:00,MAITRI,-24.4,967.4,42.0,60.4,139.0,0.8690647482014389,REAL_AWS
2016-06-11 13:00:00,MAITRI,-24.4,967.6,41.0,60.5,139.0,0.8705035971223022,REAL_AWS
2016-06-11 14:00:00,MAITRI,-24.5,967.7,44.0,60.6,138.0,0.8719424460431655,REAL_AWS
2016-06-11 15:00:00,MAITRI,-24.3,967.8,43.0,60.7,136.0,0.8733812949640288,REAL_AWS
2016-06-11 16:00:00,MAITRI,-24.5,967.8,44.0,61.6,139.0,0.8863309352517986,REAL_AWS
2016-06-11 17:00:00,MAITRI,-24.5,967.5,45.0,60.6,129.0,0.8719424460431655,REAL_AWS
2016-06-11 18:00:00,MAITRI,-24.5,967.6,43.0,60.6,139.0,0.8719424460431655,REAL_AWS
2016-06-11 19:00:00,MAITRI,-24.1,967.4,40.0,60.5,138.0,0.8705035971223022,REAL_AWS
2016-06-11 20:00:00,MAITRI,-24.0,967.3,41.0,60.9,131.0,0.8762589928057554,REAL_AWS
2016-06-11 21:00:00,MAITRI,-23.7,967.2,39.0,60.2,139.0,0.8661870503597122,REAL_AWS
2016-06-11 22:00:00,MAITRI,-22.8,967.3,36.0,60.8,135.0,0.874820143884892,REAL_AWS
2016-06-11 23:00:00,MAITRI,-23.8,967.6,38.0,60.7,139.0,0.8733812949640288,REAL_AWS
2016-06-12 00:00:00,MAITRI,-22.7,967.4,35.0,60.6,139.0,0.8719424460431655,REAL_AWS
2016-06-12 01:00:00,MAITRI,-22.7,967.3,34.0,60.4,139.0,0.8690647482014389,REAL_AWS
2016-06-12 02:00:00,MAITRI,-22.7,967.1,35.0,60.8,131.0,0.874820143884892,REAL_AWS
2016-06-12 03:00:00,MAITRI,-22.4,966.7,35.0,60.5,137.0,0.8705035971223022,REAL_AWS
2016-06-12 04:00:00,MAITRI,-22.3,966.6,34.0,60.5,139.0,0.8705035971223022,REAL_AWS
2016-06-12 05:00:00,MAITRI,-22.2,966.0,33.0,60.6,137.0,0.8719424460431655,REAL_AWS
2016-06-12 06:00:00,MAITRI,-21.7,965.9,32.0,60.3,140.0,0.8676258992805755,REAL_AWS
2016-06-12 07:00:00,MAITRI,-21.7,965.6,33.0,60.2,142.0,0.8661870503597122,REAL_AWS
2016-06-12 08:00:00,MAITRI,-21.5,965.1,33.0,60.4,139.0,0.8690647482014389,REAL_AWS
2016-06-12 09:00:00,MAITRI,-20.7,965.2,39.0,60.4,141.0,0.8690647482014389,REAL_AWS
2016-06-12 10:00:00,MAITRI,-20.6,964.8,43.0,60.8,137.0,0.874820143884892,REAL_AWS
2016-06-12 11:00:00,MAITRI,-21.2,964.2,41.0,60.9,138.0,0.8762589928057554,REAL_AWS
2016-06-12 12:00:00,MAITRI,-19.2,963.9,38.0,59.2,132.0,0.8517985611510792,REAL_AWS
2016-06-12 13:00:00,MAITRI,-19.4,963.1,42.0,60.3,140.0,0.8676258992805755,REAL_AWS
2016-06-12 14:00:00,MAITRI,-18.8,962.6,38.0,56.5,136.0,0.8129496402877698,REAL_AWS
2016-06-12 15:00:00,MAITRI,-18.5,961.7,41.0,55.9,132.0,0.8043165467625899,REAL_AWS
2016-06-12 16:00:00,MAITRI,-18.3,960.5,47.0,53.3,123.0,0.7669064748201438,REAL_AWS
2016-06-12 17:00:00,MAITRI,-17.9,960.0,47.0,51.2,123.0,0.7366906474820144,REAL_AWS
2016-06-12 18:00:00,MAITRI,-17.5,959.4,45.0,56.9,129.0,0.818705035971223,REAL_AWS
2016-06-12 19:00:00,MAITRI,-17.2,958.6,46.0,50.5,125.0,0.7266187050359713,REAL_AWS
2016-06-12 20:00:00,MAITRI,-16.6,957.6,54.0,53.3,134.0,0.7669064748201438,REAL_AWS
2016-06-12 21:00:00,MAITRI,-16.5,956.1,51.0,53.1,125.0,0.7640287769784173,REAL_AWS
2016-06-12 22:00:00,MAITRI,-16.0,954.9,46.0,53.5,129.0,0.7697841726618705,REAL_AWS
2016-06-12 23:00:00,MAITRI,-15.5,954.0,38.0,59.3,141.0,0.8532374100719424,REAL_AWS
2016-06-13 00:00:00,MAITRI,-16.2,953.0,54.0,59.5,134.0,0.8561151079136691,REAL_AWS
2016-06-13 01:00:00,MAITRI,-15.2,951.8,44.0,60.0,144.0,0.8633093525179856,REAL_AWS
2016-06-13 02:00:00,MAITRI,-15.2,950.6,43.0,59.6,115.0,0.8575539568345324,REAL_AWS
2016-06-13 03:00:00,MAITRI,-14.7,949.3,41.0,59.5,145.0,0.8561151079136691,REAL_AWS
2016-06-13 04:00:00,MAITRI,-14.3,948.3,42.0,60.0,145.0,0.8633093525179856,REAL_AWS
2016-06-13 05:00:00,MAITRI,-14.4,947.3,44.0,58.9,141.0,0.8474820143884891,REAL_AWS
2016-06-13 06:00:00,MAITRI,-13.1,947.0,37.0,58.7,142.0,0.8446043165467626,REAL_AWS
2016-06-13 07:00:00,MAITRI,-12.7,946.4,39.0,55.4,133.0,0.7971223021582734,REAL_AWS
2016-06-13 08:00:00,MAITRI,-12.1,946.2,37.0,55.8,127.0,0.8028776978417266,REAL_AWS
2016-06-13 09:00:00,MAITRI,-11.8,945.0,32.0,56.2,133.0,0.8086330935251799,REAL_AWS
2016-06-13 10:00:00,MAITRI,-11.7,944.3,30.0,57.8,132.0,0.8316546762589928,REAL_AWS
2016-06-13 11:00:00,MAITRI,-11.0,944.1,26.0,58.3,141.0,0.8388489208633093,REAL_AWS
2016-06-13 12:00:00,MAITRI,-10.7,943.5,26.0,59.0,139.0,0.8489208633093526,REAL_AWS
2016-06-13 13:00:00,MAITRI,-10.4,942.9,27.0,60.4,142.0,0.8690647482014389,REAL_AWS
2016-06-13 14:00:00,MAITRI,-10.1,941.9,27.0,59.4,135.0,0.8546762589928057,REAL_AWS
2016-06-13 15:00:00,MAITRI,-10.0,941.2,28.0,60.5,144.0,0.8705035971223022,REAL_AWS
2016-06-13 16:00:00,MAITRI,-9.8,940.6,28.0,59.6,144.0,0.8575539568345324,REAL_AWS
2016-06-13 17:00:00,MAITRI,-9.2,940.5,25.0,60.0,144.0,0.8633093525179856,REAL_AWS
2016-06-13 18:00:00,MAITRI,-8.7,940.3,24.0,59.3,143.0,0.8532374100719424,REAL_AWS
2016-06-13 19:00:00,MAITRI,-8.5,939.7,25.0,59.5,144.0,0.8561151079136691,REAL_AWS
2016-06-13 20:00:00,MAITRI,-8.2,939.1,25.0,59.8,144.0,0.8604316546762589,REAL_AWS
2016-06-13 21:00:00,MAITRI,-8.5,938.9,25.0,59.6,144.0,0.8575539568345324,REAL_AWS
2016-06-13 22:00:00,MAITRI,-10.7,937.8,41.0,59.9,142.0,0.8618705035971223,REAL_AWS
2016-06-13 23:00:00,MAITRI,-10.8,937.1,42.0,59.6,144.0,0.8575539568345324,REAL_AWS
2016-06-14 00:00:00,MAITRI,-10.7,936.1,36.0,59.6,143.0,0.8575539568345324,REAL_AWS
2016-06-14 01:00:00,MAITRI,-11.0,935.5,39.0,60.0,142.0,0.8633093525179856,REAL_AWS
2016-06-14 02:00:00,MAITRI,-11.0,934.6,41.0,60.2,142.0,0.8661870503597122,REAL_AWS
2016-06-14 03:00:00,MAITRI,-10.3,933.2,33.0,60.7,143.0,0.8733812949640288,REAL_AWS
2016-06-14 04:00:00,MAITRI,-10.2,932.6,33.0,60.3,135.0,0.8676258992805755,REAL_AWS
2016-06-14 05:00:00,MAITRI,-10.5,932.7,38.0,59.7,143.0,0.8589928057553957,REAL_AWS
2016-06-14 06:00:00,MAITRI,-10.8,932.1,38.0,59.9,141.0,0.8618705035971223,REAL_AWS
2016-06-14 07:00:00,MAITRI,-10.7,931.9,40.0,59.9,143.0,0.8618705035971223,REAL_AWS
2016-06-14 08:00:00,MAITRI,-10.7,931.6,36.0,60.0,140.0,0.8633093525179856,REAL_AWS
2016-06-14 09:00:00,MAITRI,-10.8,931.3,40.0,60.2,139.0,0.8661870503597122,REAL_AWS
2016-06-14 10:00:00,MAITRI,-9.8,930.9,36.0,60.2,140.0,0.8661870503597122,REAL_AWS
2016-06-14 11:00:00,MAITRI,-10.0,930.7,47.0,60.1,143.0,0.8647482014388489,REAL_AWS
2016-06-14 12:00:00,MAITRI,-9.5,931.2,47.0,59.9,141.0,0.8618705035971223,REAL_AWS
2016-06-14 13:00:00,MAITRI,-9.5,931.1,48.0,60.0,139.0,0.8633093525179856,REAL_AWS
2016-06-14 14:00:00,MAITRI,-8.8,931.6,45.0,59.9,139.0,0.8618705035971223,REAL_AWS
2016-06-14 15:00:00,MAITRI,-8.5,932.6,48.0,59.7,144.0,0.8589928057553957,REAL_AWS
2016-06-14 16:00:00,MAITRI,-9.4,933.9,90.0,65.5,154.0,0.9424460431654677,REAL_AWS
2016-06-14 17:00:00,MAITRI,-9.7,937.0,91.0,54.9,113.0,0.7899280575539568,REAL_AWS
2016-06-14 18:00:00,MAITRI,-9.9,939.1,91.0,59.1,134.0,0.8503597122302159,REAL_AWS
2016-06-14 19:00:00,MAITRI,-9.3,940.9,91.0,60.0,132.0,0.8633093525179856,REAL_AWS
2016-06-14 20:00:00,MAITRI,-9.1,942.6,91.0,58.1,138.0,0.8359712230215828,REAL_AWS
2016-06-14 21:00:00,MAITRI,-9.6,944.2,91.0,58.9,131.0,0.8474820143884891,REAL_AWS
2016-06-14 22:00:00,MAITRI,-9.6,946.5,91.0,60.1,131.0,0.8647482014388489,REAL_AWS
2016-06-14 23:00:00,MAITRI,-9.8,948.2,91.0,58.6,133.0,0.8431654676258993,REAL_AWS
2016-06-15 00:00:00,MAITRI,-10.1,950.0,90.0,60.0,141.0,0.8633093525179856,REAL_AWS
2016-06-15 01:00:00,MAITRI,-10.4,951.6,90.0,60.0,139.0,0.8633093525179856,REAL_AWS
2016-06-15 02:00:00,MAITRI,-10.2,953.6,90.0,60.0,131.0,0.8633093525179856,REAL_AWS
2016-06-15 03:00:00,MAITRI,-10.1,955.3,90.0,60.5,124.0,0.8705035971223022,REAL_AWS
2016-06-15 04:00:00,MAITRI,-10.0,957.0,90.0,60.0,132.0,0.8633093525179856,REAL_AWS
2016-06-15 05:00:00,MAITRI,-9.9,958.1,90.0,60.4,132.0,0.8690647482014389,REAL_AWS
2016-06-15 06:00:00,MAITRI,-10.1,959.5,90.0,59.6,131.0,0.8575539568345324,REAL_AWS
2016-06-15 07:00:00,MAITRI,-10.2,961.2,90.0,60.1,132.0,0.8647482014388489,REAL_AWS
2016-06-15 08:00:00,MAITRI,-10.0,962.9,90.0,60.9,125.0,0.8762589928057554,REAL_AWS
2016-06-15 09:00:00,MAITRI,-10.0,964.2,89.0,60.1,131.0,0.8647482014388489,REAL_AWS
2016-06-15 10:00:00,MAITRI,-9.8,965.4,87.0,60.0,134.0,0.8633093525179856,REAL_AWS
2016-06-15 11:00:00,MAITRI,-9.5,966.6,82.0,60.0,133.0,0.8633093525179856,REAL_AWS
2016-06-15 12:00:00,MAITRI,-9.0,967.8,76.0,60.1,136.0,0.8647482014388489,REAL_AWS
2016-06-15 13:00:00,MAITRI,-7.9,968.8,64.0,60.3,132.0,0.8676258992805755,REAL_AWS
2016-06-15 14:00:00,MAITRI,-8.0,969.7,60.0,61.0,125.0,0.8776978417266187,REAL_AWS
2016-06-15 15:00:00,MAITRI,-8.2,970.5,53.0,60.2,131.0,0.8661870503597122,REAL_AWS
2016-06-15 16:00:00,MAITRI,-8.7,971.1,51.0,60.1,132.0,0.8647482014388489,REAL_AWS
2016-06-15 17:00:00,MAITRI,-9.2,972.4,47.0,60.2,134.0,0.8661870503597122,REAL_AWS
2016-06-15 18:00:00,MAITRI,-9.6,973.4,45.0,60.0,136.0,0.8633093525179856,REAL_AWS
2016-06-15 19:00:00,MAITRI,-9.8,974.1,43.0,59.9,136.0,0.8618705035971223,REAL_AWS
2016-06-15 20:00:00,MAITRI,-9.7,974.8,39.0,59.7,139.0,0.8589928057553957,REAL_AWS
2016-06-15 21:00:00,MAITRI,-10.1,975.2,39.0,60.5,131.0,0.8705035971223022,REAL_AWS
2016-06-15 22:00:00,MAITRI,-10.3,975.5,37.0,59.7,139.0,0.8589928057553957,REAL_AWS
2016-06-15 23:00:00,MAITRI,-10.4,976.4,35.0,60.0,139.0,0.8633093525179856,REAL_AWS
2016-06-16 00:00:00,MAITRI,-10.6,977.2,35.0,60.0,139.0,0.8633093525179856,REAL_AWS
2016-06-16 01:00:00,MAITRI,-10.6,977.6,35.0,60.0,140.0,0.8633093525179856,REAL_AWS
2016-06-16 02:00:00,MAITRI,-10.9,978.0,36.0,59.8,140.0,0.8604316546762589,REAL_AWS
2016-06-16 03:00:00,MAITRI,-12.0,978.7,42.0,59.9,140.0,0.8618705035971223,REAL_AWS
2016-06-16 04:00:00,MAITRI,-12.1,979.1,41.0,59.9,142.0,0.8618705035971223,REAL_AWS
2016-06-16 05:00:00,MAITRI,-11.7,979.3,37.0,59.8,141.0,0.8604316546762589,REAL_AWS
2016-06-16 06:00:00,MAITRI,-11.7,979.5,37.0,60.0,141.0,0.8633093525179856,REAL_AWS
2016-06-16 07:00:00,MAITRI,-11.8,980.0,36.0,59.8,143.0,0.8604316546762589,REAL_AWS
2016-06-16 08:00:00,MAITRI,-11.8,980.3,35.0,59.9,141.0,0.8618705035971223,REAL_AWS
2016-06-16 09:00:00,MAITRI,-11.8,980.6,34.0,59.9,140.0,0.8618705035971223,REAL_AWS
2016-06-16 10:00:00,MAITRI,-11.9,980.8,35.0,60.1,141.0,0.8647482014388489,REAL_AWS
2016-06-16 11:00:00,MAITRI,-11.8,981.0,33.0,60.5,134.0,0.8705035971223022,REAL_AWS
2016-06-16 12:00:00,MAITRI,-12.0,981.1,34.0,59.7,142.0,0.8589928057553957,REAL_AWS
2016-06-16 13:00:00,MAITRI,-12.1,981.2,33.0,59.9,142.0,0.8618705035971223,REAL_AWS
2016-06-16 14:00:00,MAITRI,-12.3,980.8,35.0,59.8,142.0,0.8604316546762589,REAL_AWS
2016-06-16 15:00:00,MAITRI,-12.3,980.4,33.0,60.6,136.0,0.8719424460431655,REAL_AWS
2016-06-16 16:00:00,MAITRI,-13.4,980.3,36.0,59.8,143.0,0.8604316546762589,REAL_AWS
2016-06-16 17:00:00,MAITRI,-13.8,980.0,34.0,59.9,144.0,0.8618705035971223,REAL_AWS
2016-06-16 18:00:00,MAITRI,-13.3,979.7,33.0,60.4,135.0,0.8690647482014389,REAL_AWS
2016-06-16 19:00:00,MAITRI,-14.1,979.5,36.0,59.7,143.0,0.8589928057553957,REAL_AWS
2016-06-16 20:00:00,MAITRI,-15.2,978.8,41.0,60.0,142.0,0.8633093525179856,REAL_AWS
2016-06-16 21:00:00,MAITRI,-14.7,978.7,36.0,59.9,143.0,0.8618705035971223,REAL_AWS
2016-06-16 22:00:00,MAITRI,-14.7,978.9,36.0,59.9,143.0,0.8618705035971223,REAL_AWS
2016-06-16 23:00:00,MAITRI,-14.6,978.8,33.0,60.1,141.0,0.8647482014388489,REAL_AWS
2016-06-17 00:00:00,MAITRI,-14.9,978.9,35.0,60.6,131.0,0.8719424460431655,REAL_AWS
2016-06-17 01:00:00,MAITRI,-15.8,978.9,36.0,60.1,139.0,0.8647482014388489,REAL_AWS
2016-06-17 02:00:00,MAITRI,-15.6,977.9,32.0,60.1,137.0,0.8647482014388489,REAL_AWS
2016-06-17 03:00:00,MAITRI,-16.3,978.0,36.0,60.2,138.0,0.8661870503597122,REAL_AWS
2016-06-17 04:00:00,MAITRI,-16.6,976.7,36.0,60.2,139.0,0.8661870503597122,REAL_AWS
2016-06-17 05:00:00,MAITRI,-15.9,975.6,33.0,60.8,130.0,0.874820143884892,REAL_AWS
2016-06-17 06:00:00,MAITRI,-15.8,974.8,33.0,60.0,140.0,0.8633093525179856,REAL_AWS
2016-06-17 07:00:00,MAITRI,-16.5,974.1,36.0,60.6,133.0,0.8719424460431655,REAL_AWS
2016-06-17 08:00:00,MAITRI,-16.4,973.0,35.0,60.1,140.0,0.8647482014388489,REAL_AWS
2016-06-17 09:00:00,MAITRI,-16.9,971.9,34.0,60.3,140.0,0.8676258992805755,REAL_AWS
2016-06-17 10:00:00,MAITRI,-16.9,970.9,34.0,60.1,142.0,0.8647482014388489,REAL_AWS
2016-06-17 11:00:00,MAITRI,-16.9,970.0,35.0,60.1,144.0,0.8647482014388489,REAL_AWS
2016-06-17 12:00:00,MAITRI,-16.8,969.0,35.0,59.5,136.0,0.8561151079136691,REAL_AWS
2016-06-17 13:00:00,MAITRI,,,,,,,REAL_AWS_WITH_MISSING
2016-06-17 14:00:00,MAITRI,-16.4,966.6,33.0,60.6,136.0,0.8719424460431655,REAL_AWS
2016-06-17 15:00:00,MAITRI,-15.7,965.3,32.0,60.1,144.0,0.8647482014388489,REAL_AWS
2016-06-17 16:00:00,MAITRI,-16.6,964.5,34.0,59.9,145.0,0.8618705035971223,REAL_AWS
2016-06-17 17:00:00,MAITRI,-16.5,963.8,31.0,59.7,144.0,0.8589928057553957,REAL_AWS
2016-06-17 18:00:00,MAITRI,-17.4,963.0,34.0,60.0,145.0,0.8633093525179856,REAL_AWS
2016-06-17 19:00:00,MAITRI,-16.3,962.2,32.0,59.9,145.0,0.8618705035971223,REAL_AWS
2016-06-17 20:00:00,MAITRI,-16.6,961.6,33.0,59.8,145.0,0.8604316546762589,REAL_AWS
2016-06-17 21:00:00,MAITRI,-17.1,960.9,34.0,59.8,144.0,0.8604316546762589,REAL_AWS
2016-06-17 22:00:00,MAITRI,-16.9,960.8,33.0,59.9,144.0,0.8618705035971223,REAL_AWS
2016-06-17 23:00:00,MAITRI,-16.6,960.5,31.0,60.0,143.0,0.8633093525179856,REAL_AWS
2016-06-18 00:00:00,MAITRI,-16.9,960.2,32.0,59.8,143.0,0.8604316546762589,REAL_AWS
2016-06-18 01:00:00,MAITRI,-17.3,959.9,33.0,60.2,140.0,0.8661870503597122,REAL_AWS
2016-06-18 02:00:00,MAITRI,-18.0,959.7,34.0,60.1,140.0,0.8647482014388489,REAL_AWS
2016-06-18 03:00:00,MAITRI,-18.6,959.8,35.0,60.3,138.0,0.8676258992805755,REAL_AWS
2016-06-18 04:00:00,MAITRI,-18.2,959.9,35.0,60.4,137.0,0.8690647482014389,REAL_AWS
2016-06-18 05:00:00,MAITRI,-16.7,959.6,32.0,60.2,136.0,0.8661870503597122,REAL_AWS
2016-06-18 06:00:00,MAITRI,-15.8,959.7,32.0,60.5,136.0,0.8705035971223022,REAL_AWS
2016-06-18 07:00:00,MAITRI,-14.7,959.8,35.0,60.5,134.0,0.8705035971223022,REAL_AWS
2016-06-18 08:00:00,MAITRI,-14.1,960.0,39.0,60.3,135.0,0.8676258992805755,REAL_AWS
2016-06-18 09:00:00,MAITRI,-14.0,959.9,43.0,60.2,136.0,0.8661870503597122,REAL_AWS
2016-06-18 10:00:00,MAITRI,-13.5,959.7,43.0,60.4,138.0,0.8690647482014389,REAL_AWS
2016-06-18 11:00:00,MAITRI,,,,,,,REAL_AWS_WITH_MISSING
2016-06-18 12:00:00,MAITRI,,,,,,,REAL_AWS_WITH_MISSING
2016-06-18 13:00:00,MAITRI,-12.7,959.7,39.0,68.2,17.0,0.981294964028777,REAL_AWS
2016-06-18 14:00:00,MAITRI,-12.8,959.9,38.0,67.6,21.0,0.9726618705035971,REAL_AWS
2016-06-18 15:00:00,MAITRI,-13.2,960.2,40.0,2.6,3.0,0.03741007194244605,REAL_AWS
2016-06-18 16:00:00,MAITRI,-12.6,960.4,41.0,2.6,3.0,0.03741007194244605,REAL_AWS
2016-06-18 17:00:00,MAITRI,-12.4,960.8,42.0,2.6,3.0,0.03741007194244605,REAL_AWS
2016-06-18 18:00:00,MAITRI,-12.2,960.6,40.0,2.6,3.0,0.03741007194244605,REAL_AWS
2016-06-18 19:00:00,MAITRI,-12.3,960.8,42.0,2.6,3.0,0.03741007194244605,REAL_AWS
2016-06-18 20:00:00,MAITRI,-12.2,961.1,41.0,2.6,3.0,0.03741007194244605,REAL_AWS
2016-06-18 21:00:00,MAITRI,-11.9,961.5,48.0,2.6,3.0,0.03741007194244605,REAL_AWS
2016-06-18 22:00:00,MAITRI,-11.7,961.6,52.0,2.6,3.0,0.03741007194244605,REAL_AWS
2016-06-18 23:00:00,MAITRI,-11.9,962.0,58.0,2.6,3.0,0.03741007194244605,REAL_AWS
2016-06-19 00:00:00,MAITRI,-12.0,962.2,66.0,2.6,3.0,0.03741007194244605,REAL_AWS
2016-06-19 01:00:00,MAITRI,-12.0,962.4,61.0,2.6,3.0,0.03741007194244605,REAL_AWS
2016-06-19 02:00:00,MAITRI,-11.8,962.6,60.0,2.6,3.0,0.03741007194244605,REAL_AWS
2016-06-19 03:00:00,MAITRI,-12.6,962.5,68.0,2.6,3.0,0.03741007194244605,REAL_AWS
2016-06-19 04:00:00,MAITRI,-12.1,962.7,63.0,2.6,3.0,0.03741007194244605,REAL_AWS
2016-06-19 05:00:00,MAITRI,-12.2,962.8,69.0,2.6,3.0,0.03741007194244605,REAL_AWS
2016-06-19 06:00:00,MAITRI,-12.1,963.4,68.0,2.6,3.0,0.03741007194244605,REAL_AWS
2016-06-19 07:00:00,MAITRI,-12.0,963.8,71.0,2.6,3.0,0.03741007194244605,REAL_AWS
2016-06-19 08:00:00,MAITRI,-12.2,964.2,73.0,2.6,3.0,0.03741007194244605,REAL_AWS
2016-06-19 09:00:00,MAITRI,-12.3,964.9,73.0,2.6,3.0,0.03741007194244605,REAL_AWS
2016-06-19 10:00:00,MAITRI,-12.4,965.1,71.0,2.6,3.0,0.03741007194244605,REAL_AWS
2016-06-19 11:00:00,MAITRI,-12.5,965.5,73.0,2.6,3.0,0.03741007194244605,REAL_AWS
2016-06-19 12:00:00,MAITRI,-12.7,966.2,77.0,2.6,3.0,0.03741007194244605,REAL_AWS
2016-06-19 13:00:00,MAITRI,-12.7,966.4,75.0,2.6,3.0,0.03741007194244605,REAL_AWS
2016-06-19 14:00:00,MAITRI,-12.7,966.7,71.0,2.6,3.0,0.03741007194244605,REAL_AWS
2016-06-19 15:00:00,MAITRI,-12.7,966.7,69.0,2.6,3.0,0.03741007194244605,REAL_AWS
2016-06-19 16:00:00,MAITRI,-12.7,966.6,68.0,2.6,3.0,0.03741007194244605,REAL_AWS
2016-06-19 17:00:00,MAITRI,-13.0,967.0,68.0,2.6,3.0,0.03741007194244605,REAL_AWS
2016-06-19 18:00:00,MAITRI,-13.0,968.3,62.0,2.6,3.0,0.03741007194244605,REAL_AWS
2016-06-19 19:00:00,MAITRI,-13.0,969.0,62.0,66.2,12.0,0.9525179856115108,REAL_AWS
2016-06-19 20:00:00,MAITRI,-13.5,969.5,72.0,69.9,16.0,1.0,REAL_AWS
2016-06-19 21:00:00,MAITRI,-13.5,969.5,66.0,67.4,20.0,0.9697841726618706,REAL_AWS
2016-06-19 22:00:00,MAITRI,-13.6,969.3,62.0,68.7,18.0,0.9884892086330935,REAL_AWS
2016-06-19 23:00:00,MAITRI,-13.5,969.0,57.0,67.3,18.0,0.9683453237410071,REAL_AWS
2016-06-20 00:00:00,MAITRI,-13.5,969.3,58.0,69.1,12.0,0.9942446043165467,REAL_AWS
2016-06-20 01:00:00,MAITRI,-13.6,970.0,56.0,68.2,18.0,0.981294964028777,REAL_AWS
2016-06-20 02:00:00,MAITRI,-13.8,969.9,58.0,68.3,19.0,0.9827338129496402,REAL_AWS
2016-06-20 03:00:00,MAITRI,-13.5,969.7,55.0,68.3,19.0,0.9827338129496402,REAL_AWS
2016-06-20 04:00:00,MAITRI,-13.4,969.4,56.0,68.4,19.0,0.9841726618705037,REAL_AWS
2016-06-20 05:00:00,MAITRI,-13.7,969.4,51.0,68.4,20.0,0.9841726618705037,REAL_AWS
2016-06-20 06:00:00,MAITRI,-13.7,969.4,48.0,68.3,21.0,0.9827338129496402,REAL_AWS
2016-06-20 07:00:00,MAITRI,-13.6,969.6,50.0,68.6,21.0,0.9870503597122301,REAL_AWS
2016-06-20 08:00:00,MAITRI,-13.7,969.5,45.0,68.3,21.0,0.9827338129496402,REAL_AWS
2016-06-20 09:00:00,MAITRI,-13.5,969.6,46.0,68.6,21.0,0.9870503597122301,REAL_AWS
2016-06-20 10:00:00,MAITRI,-13.7,969.9,44.0,68.2,24.0,0.981294964028777,REAL_AWS
2016-06-20 11:00:00,MAITRI,-13.5,969.5,39.0,67.8,27.0,0.9755395683453237,REAL_AWS
2016-06-20 12:00:00,MAITRI,-13.5,969.4,39.0,69.0,26.0,0.9928057553956835,REAL_AWS
2016-06-20 13:00:00,MAITRI,-13.4,969.3,38.0,68.2,24.0,0.981294964028777,REAL_AWS
2016-06-20 14:00:00,MAITRI,-12.9,968.9,35.0,68.1,25.0,0.9798561151079136,REAL_AWS
2016-06-20 15:00:00,MAITRI,-12.8,968.8,37.0,69.0,17.0,0.9928057553956835,REAL_AWS
2016-06-20 16:00:00,MAITRI,-12.9,968.6,38.0,68.0,24.0,0.9784172661870504,REAL_AWS
2016-06-20 17:00:00,MAITRI,-13.0,968.4,41.0,68.2,20.0,0.981294964028777,REAL_AWS
2016-06-20 18:00:00,MAITRI,-13.5,968.5,41.0,69.7,3.0,1.0,REAL_AWS
2016-06-20 19:00:00,MAITRI,-14.2,968.1,40.0,68.5,19.0,0.9856115107913669,REAL_AWS
2016-06-20 20:00:00,MAITRI,-14.5,968.0,41.0,68.2,21.0,0.981294964028777,REAL_AWS
2016-06-20 21:00:00,MAITRI,-15.2,968.1,43.0,68.2,19.0,0.981294964028777,REAL_AWS
2016-06-20 22:00:00,MAITRI,-15.5,967.9,46.0,68.3,21.0,0.9827338129496402,REAL_AWS
2016-06-20 23:00:00,MAITRI,-15.3,967.9,46.0,68.4,20.0,0.9841726618705037,REAL_AWS
2016-06-21 00:00:00,MAITRI,-15.3,968.4,43.0,68.3,20.0,0.9827338129496402,REAL_AWS
2016-06-21 01:00:00,MAITRI,-16.1,968.9,47.0,68.3,22.0,0.9827338129496402,REAL_AWS
2016-06-21 02:00:00,MAITRI,-16.8,969.6,51.0,68.5,20.0,0.9856115107913669,REAL_AWS
2016-06-21 03:00:00,MAITRI,-17.9,969.9,56.0,68.8,19.0,0.9899280575539567,REAL_AWS
2016-06-21 04:00:00,MAITRI,-18.2,970.2,58.0,69.2,12.0,0.9956834532374101,REAL_AWS
2016-06-21 05:00:00,MAITRI,-18.0,970.3,58.0,68.5,19.0,0.9856115107913669,REAL_AWS
2016-06-21 06:00:00,MAITRI,-18.0,970.7,51.0,68.4,22.0,0.9841726618705037,REAL_AWS
2016-06-21 07:00:00,MAITRI,-18.5,970.9,45.0,68.3,14.0,0.9827338129496402,REAL_AWS
2016-06-21 08:00:00,MAITRI,-18.2,971.2,44.0,68.6,23.0,0.9870503597122301,REAL_AWS
2016-06-21 09:00:00,MAITRI,-18.2,971.0,40.0,68.5,24.0,0.9856115107913669,REAL_AWS
2016-06-21 10:00:00,MAITRI,-18.0,970.6,39.0,68.5,21.0,0.9856115107913669,REAL_AWS
2016-06-21 11:00:00,MAITRI,-18.0,970.8,41.0,68.4,21.0,0.9841726618705037,REAL_AWS
2016-06-21 12:00:00,MAITRI,-18.3,970.8,47.0,68.3,22.0,0.9827338129496402,REAL_AWS
2016-06-21 13:00:00,MAITRI,-18.1,970.9,37.0,68.3,19.0,0.9827338129496402,REAL_AWS
2016-06-21 14:00:00,MAITRI,-19.1,970.8,36.0,68.6,19.0,0.9870503597122301,REAL_AWS
2016-06-21 15:00:00,MAITRI,-19.4,970.3,37.0,68.9,17.0,0.9913669064748202,REAL_AWS
2016-06-21 16:00:00,MAITRI,-21.4,969.3,48.0,68.7,16.0,0.9884892086330935,REAL_AWS
2016-06-21 17:00:00,MAITRI,-21.4,969.9,49.0,70.1,5.0,1.0,REAL_AWS
2016-06-21 18:00:00,MAITRI,-21.1,969.6,42.0,69.5,9.0,1.0,REAL_AWS
2016-06-21 19:00:00,MAITRI,-19.6,969.6,36.0,71.0,2.0,1.0,REAL_AWS
2016-06-21 20:00:00,MAITRI,-20.1,969.5,35.0,68.9,22.0,0.9913669064748202,REAL_AWS
2016-06-21 21:00:00,MAITRI,-20.9,969.4,39.0,68.9,18.0,0.9913669064748202,REAL_AWS
2016-06-21 22:00:00,MAITRI,-21.8,969.1,41.0,68.7,18.0,0.9884892086330935,REAL_AWS
2016-06-21 23:00:00,MAITRI,-21.1,969.2,36.0,68.6,19.0,0.9870503597122301,REAL_AWS
2016-06-22 00:00:00,MAITRI,-21.0,968.9,37.0,68.7,18.0,0.9884892086330935,REAL_AWS
2016-06-22 01:00:00,MAITRI,-21.1,968.9,37.0,68.8,20.0,0.9899280575539567,REAL_AWS
2016-06-22 02:00:00,MAITRI,-22.6,968.7,40.0,69.6,5.0,1.0,REAL_AWS
2016-06-22 03:00:00,MAITRI,-23.5,968.8,46.0,68.7,17.0,0.9884892086330935,REAL_AWS
2016-06-22 04:00:00,MAITRI,-23.3,968.4,44.0,68.7,18.0,0.9884892086330935,REAL_AWS
2016-06-22 05:00:00,MAITRI,-23.6,968.2,44.0,69.0,17.0,0.9928057553956835,REAL_AWS
2016-06-22 06:00:00,MAITRI,-23.7,968.2,44.0,69.4,17.0,0.9985611510791368,REAL_AWS
2016-06-22 07:00:00,MAITRI,-25.2,968.3,47.0,69.1,16.0,0.9942446043165467,REAL_AWS
2016-06-22 08:00:00,MAITRI,-24.4,968.7,46.0,69.2,19.0,0.9956834532374101,REAL_AWS
2016-06-22 09:00:00,MAITRI,-24.9,968.8,47.0,69.1,16.0,0.9942446043165467,REAL_AWS
2016-06-22 10:00:00,MAITRI,-24.9,969.0,46.0,68.9,17.0,0.9913669064748202,REAL_AWS
2016-06-22 11:00:00,MAITRI,-25.5,969.1,46.0,68.8,18.0,0.9899280575539567,REAL_AWS
2016-06-22 12:00:00,MAITRI,-25.6,969.7,49.0,69.1,17.0,0.9942446043165467,REAL_AWS
2016-06-22 13:00:00,MAITRI,-24.5,969.8,44.0,69.6,10.0,1.0,REAL_AWS
2016-06-22 14:00:00,MAITRI,-24.1,969.8,38.0,69.0,15.0,0.9928057553956835,REAL_AWS
2016-06-22 15:00:00,MAITRI,-24.6,969.9,43.0,69.0,16.0,0.9928057553956835,REAL_AWS
2016-06-22 16:00:00,MAITRI,-25.2,969.9,47.0,68.9,16.0,0.9913669064748202,REAL_AWS
2016-06-22 17:00:00,MAITRI,-25.6,970.5,47.0,69.2,14.0,0.9956834532374101,REAL_AWS
2016-06-22 18:00:00,MAITRI,-25.2,970.9,47.0,69.2,15.0,0.9956834532374101,REAL_AWS
2016-06-22 19:00:00,MAITRI,-23.5,970.8,36.0,69.0,14.0,0.9928057553956835,REAL_AWS
2016-06-22 20:00:00,MAITRI,-22.8,971.4,35.0,69.1,16.0,0.9942446043165467,REAL_AWS
2016-06-22 21:00:00,MAITRI,-23.8,971.6,36.0,69.2,16.0,0.9956834532374101,REAL_AWS
2016-06-22 22:00:00,MAITRI,-22.7,971.4,34.0,69.1,17.0,0.9942446043165467,REAL_AWS
2016-06-22 23:00:00,MAITRI,-22.0,971.4,32.0,69.2,17.0,0.9956834532374101,REAL_AWS
2016-06-23 00:00:00,MAITRI,-21.5,971.3,30.0,69.0,17.0,0.9928057553956835,REAL_AWS
2016-06-23 01:00:00,MAITRI,-20.3,972.2,29.0,69.1,17.0,0.9942446043165467,REAL_AWS
2016-06-23 02:00:00,MAITRI,-20.8,972.2,31.0,69.0,17.0,0.9928057553956835,REAL_AWS
2016-06-23 03:00:00,MAITRI,-20.9,972.0,30.0,69.0,17.0,0.9928057553956835,REAL_AWS
2016-06-23 04:00:00,MAITRI,-20.4,971.9,29.0,69.0,17.0,0.9928057553956835,REAL_AWS
2016-06-23 05:00:00,MAITRI,-20.3,971.7,31.0,69.1,16.0,0.9942446043165467,REAL_AWS
2016-06-23 06:00:00,MAITRI,-19.8,972.0,29.0,69.1,16.0,0.9942446043165467,REAL_AWS
2016-06-23 07:00:00,MAITRI,-19.1,971.9,33.0,68.8,17.0,0.9899280575539567,REAL_AWS
2016-06-23 08:00:00,MAITRI,-18.7,972.4,34.0,68.9,17.0,0.9913669064748202,REAL_AWS
2016-06-23 09:00:00,MAITRI,-18.4,972.6,37.0,69.2,16.0,0.9956834532374101,REAL_AWS
2016-06-23 10:00:00,MAITRI,-17.8,972.7,39.0,68.9,18.0,0.9913669064748202,REAL_AWS
2016-06-23 11:00:00,MAITRI,-17.7,972.8,45.0,68.8,19.0,0.9899280575539567,REAL_AWS
2016-06-23 12:00:00,MAITRI,-17.9,972.3,43.0,68.6,20.0,0.9870503597122301,REAL_AWS
2016-06-23 13:00:00,MAITRI,-17.1,972.4,43.0,68.4,23.0,0.9841726618705037,REAL_AWS
2016-06-23 14:00:00,MAITRI,-16.5,972.3,42.0,68.3,22.0,0.9827338129496402,REAL_AWS
2016-06-23 15:00:00,MAITRI,-16.5,972.4,45.0,68.3,21.0,0.9827338129496402,REAL_AWS
2016-06-23 16:00:00,MAITRI,-15.8,972.2,42.0,68.4,22.0,0.9841726618705037,REAL_AWS
2016-06-23 17:00:00,MAITRI,-15.7,972.0,43.0,68.5,21.0,0.9856115107913669,REAL_AWS
2016-06-23 18:00:00,MAITRI,-15.9,972.2,44.0,68.8,22.0,0.9899280575539567,REAL_AWS
2016-06-23 19:00:00,MAITRI,-15.7,972.2,43.0,68.1,23.0,0.9798561151079136,REAL_AWS
2016-06-23 20:00:00,MAITRI,-15.6,972.2,42.0,68.3,23.0,0.9827338129496402,REAL_AWS
2016-06-23 21:00:00,MAITRI,-15.8,971.8,44.0,68.3,22.0,0.9827338129496402,REAL_AWS
2016-06-23 22:00:00,MAITRI,-16.0,971.1,43.0,68.5,22.0,0.9856115107913669,REAL_AWS
2016-06-23 23:00:00,MAITRI,-14.8,970.7,38.0,68.2,23.0,0.981294964028777,REAL_AWS
2016-06-24 00:00:00,MAITRI,-14.3,970.4,37.0,68.3,22.0,0.9827338129496402,REAL_AWS
2016-06-24 01:00:00,MAITRI,-13.9,969.7,36.0,68.0,25.0,0.9784172661870504,REAL_AWS
2016-06-24 02:00:00,MAITRI,-14.6,969.3,39.0,69.6,8.0,1.0,REAL_AWS
2016-06-24 03:00:00,MAITRI,-13.7,968.9,36.0,68.2,22.0,0.981294964028777,REAL_AWS
2016-06-24 04:00:00,MAITRI,-13.4,968.1,37.0,68.4,21.0,0.9841726618705037,REAL_AWS
2016-06-24 05:00:00,MAITRI,-12.8,967.7,36.0,68.3,21.0,0.9827338129496402,REAL_AWS
2016-06-24 06:00:00,MAITRI,-14.3,967.5,39.0,68.4,20.0,0.9841726618705037,REAL_AWS
2016-06-24 07:00:00,MAITRI,-15.0,967.4,41.0,68.3,21.0,0.9827338129496402,REAL_AWS
2016-06-24 08:00:00,MAITRI,-13.9,966.6,42.0,68.4,21.0,0.9841726618705037,REAL_AWS
2016-06-24 09:00:00,MAITRI,-13.2,965.6,36.0,68.4,18.0,0.9841726618705037,REAL_AWS
2016-06-24 10:00:00,MAITRI,-13.0,965.2,36.0,68.5,21.0,0.9856115107913669,REAL_AWS
2016-06-24 11:00:00,MAITRI,-13.0,965.1,35.0,68.2,21.0,0.981294964028777,REAL_AWS
2016-06-24 12:00:00,MAITRI,-12.9,964.7,35.0,68.5,20.0,0.9856115107913669,REAL_AWS
2016-06-24 13:00:00,MAITRI,-14.0,964.3,36.0,68.5,21.0,0.9856115107913669,REAL_AWS
2016-06-24 14:00:00,MAITRI,-14.8,963.7,36.0,68.7,19.0,0.9884892086330935,REAL_AWS
2016-06-24 15:00:00,MAITRI,-14.6,963.5,33.0,68.8,17.0,0.9899280575539567,REAL_AWS
2016-06-24 16:00:00,MAITRI,-15.5,962.9,35.0,68.7,17.0,0.9884892086330935,REAL_AWS
2016-06-24 17:00:00,MAITRI,-16.0,962.3,33.0,68.9,17.0,0.9913669064748202,REAL_AWS
2016-06-24 18:00:00,MAITRI,-16.7,962.5,35.0,68.6,17.0,0.9870503597122301,REAL_AWS
2016-06-24 19:00:00,MAITRI,-18.0,961.8,42.0,69.0,18.0,0.9928057553956835,REAL_AWS
2016-06-24 20:00:00,MAITRI,-18.5,961.0,43.0,68.7,18.0,0.9884892086330935,REAL_AWS
2016-06-24 21:00:00,MAITRI,-22.2,960.7,55.0,69.5,10.0,1.0,REAL_AWS
2016-06-24 22:00:00,MAITRI,-22.1,959.9,55.0,69.0,16.0,0.9928057553956835,REAL_AWS
2016-06-24 23:00:00,MAITRI,-22.2,959.4,53.0,68.9,19.0,0.9913669064748202,REAL_AWS
2016-06-25 00:00:00,MAITRI,-22.1,959.1,54.0,68.6,18.0,0.9870503597122301,REAL_AWS
2016-06-25 01:00:00,MAITRI,-20.2,958.5,44.0,68.8,18.0,0.9899280575539567,REAL_AWS
2016-06-25 02:00:00,MAITRI,-22.1,958.1,49.0,68.9,18.0,0.9913669064748202,REAL_AWS
2016-06-25 03:00:00,MAITRI,-22.6,957.7,51.0,68.9,16.0,0.9913669064748202,REAL_AWS
2016-06-25 04:00:00,MAITRI,-21.3,957.3,47.0,68.5,19.0,0.9856115107913669,REAL_AWS
2016-06-25 05:00:00,MAITRI,-19.5,956.5,36.0,68.6,16.0,0.9870503597122301,REAL_AWS
2016-06-25 06:00:00,MAITRI,-22.5,957.1,44.0,69.1,17.0,0.9942446043165467,REAL_AWS
2016-06-25 07:00:00,MAITRI,-23.1,957.0,48.0,69.1,16.0,0.9942446043165467,REAL_AWS
2016-06-25 08:00:00,MAITRI,-23.4,957.1,49.0,68.7,16.0,0.9884892086330935,REAL_AWS
2016-06-25 09:00:00,MAITRI,-20.7,956.5,44.0,69.1,13.0,0.9942446043165467,REAL_AWS
2016-06-25 10:00:00,MAITRI,-21.1,956.9,44.0,69.6,11.0,1.0,REAL_AWS
2016-06-25 11:00:00,MAITRI,-22.4,956.7,45.0,68.5,23.0,0.9856115107913669,REAL_AWS
2016-06-25 12:00:00,MAITRI,-23.3,957.0,51.0,69.6,12.0,1.0,REAL_AWS
2016-06-25 13:00:00,MAITRI,-22.8,956.8,47.0,69.4,12.0,0.9985611510791368,REAL_AWS
2016-06-25 14:00:00,MAITRI,-21.8,957.1,47.0,68.9,18.0,0.9913669064748202,REAL_AWS
2016-06-25 15:00:00,MAITRI,-21.7,957.4,45.0,68.9,17.0,0.9913669064748202,REAL_AWS
2016-06-25 16:00:00,MAITRI,-20.9,957.7,43.0,68.8,19.0,0.9899280575539567,REAL_AWS
2016-06-25 17:00:00,MAITRI,-20.2,957.9,38.0,69.0,17.0,0.9928057553956835,REAL_AWS
2016-06-25 18:00:00,MAITRI,-20.1,957.8,42.0,68.8,18.0,0.9899280575539567,REAL_AWS
2016-06-25 19:00:00,MAITRI,-19.7,958.2,37.0,69.0,16.0,0.9928057553956835,REAL_AWS
2016-06-25 20:00:00,MAITRI,-19.5,958.5,36.0,69.0,19.0,0.9928057553956835,REAL_AWS
2016-06-25 21:00:00,MAITRI,-19.1,959.1,35.0,68.8,21.0,0.9899280575539567,REAL_AWS
2016-06-25 22:00:00,MAITRI,-19.4,960.0,35.0,69.4,13.0,0.9985611510791368,REAL_AWS
2016-06-25 23:00:00,MAITRI,-19.5,960.5,35.0,68.8,21.0,0.9899280575539567,REAL_AWS
2016-06-26 00:00:00,MAITRI,-20.0,960.8,41.0,68.6,21.0,0.9870503597122301,REAL_AWS
2016-06-26 01:00:00,MAITRI,-21.3,961.9,43.0,68.6,23.0,0.9870503597122301,REAL_AWS
2016-06-26 02:00:00,MAITRI,-22.4,963.3,45.0,68.4,24.0,0.9841726618705037,REAL_AWS
2016-06-26 03:00:00,MAITRI,-23.1,963.8,47.0,68.7,23.0,0.9884892086330935,REAL_AWS
2016-06-26 04:00:00,MAITRI,-21.8,963.7,39.0,68.6,23.0,0.9870503597122301,REAL_AWS
2016-06-26 05:00:00,MAITRI,-22.0,964.8,39.0,69.2,16.0,0.9956834532374101,REAL_AWS
2016-06-26 06:00:00,MAITRI,-23.4,964.9,47.0,69.5,7.0,1.0,REAL_AWS
2016-06-26 07:00:00,MAITRI,-23.2,965.9,47.0,68.5,22.0,0.9856115107913669,REAL_AWS
2016-06-26 08:00:00,MAITRI,-22.6,966.9,43.0,68.5,23.0,0.9856115107913669,REAL_AWS
2016-06-26 09:00:00,MAITRI,-22.7,967.4,41.0,68.7,24.0,0.9884892086330935,REAL_AWS
2016-06-26 10:00:00,MAITRI,-22.3,967.8,40.0,68.7,23.0,0.9884892086330935,REAL_AWS
2016-06-26 11:00:00,MAITRI,-22.6,967.6,42.0,68.4,23.0,0.9841726618705037,REAL_AWS
2016-06-26 12:00:00,MAITRI,-23.4,967.6,42.0,68.6,24.0,0.9870503597122301,REAL_AWS
2016-06-26 13:00:00,MAITRI,-23.5,967.3,43.0,68.4,23.0,0.9841726618705037,REAL_AWS
2016-06-26 14:00:00,MAITRI,-22.9,968.0,41.0,69.1,16.0,0.9942446043165467,REAL_AWS
2016-06-26 15:00:00,MAITRI,-23.1,968.6,41.0,69.1,15.0,0.9942446043165467,REAL_AWS
2016-06-26 16:00:00,MAITRI,-20.7,968.5,38.0,68.5,25.0,0.9856115107913669,REAL_AWS
2016-06-26 17:00:00,MAITRI,-19.0,967.5,37.0,68.5,25.0,0.9856115107913669,REAL_AWS
2016-06-26 18:00:00,MAITRI,-18.7,967.5,36.0,67.8,12.0,0.9755395683453237,REAL_AWS
2016-06-26 19:00:00,MAITRI,-18.7,967.5,36.0,68.3,24.0,0.9827338129496402,REAL_AWS
2016-06-26 20:00:00,MAITRI,-18.2,967.5,35.0,69.8,16.0,1.0,REAL_AWS
2016-06-26 21:00:00,MAITRI,-18.2,967.8,36.0,69.1,16.0,0.9942446043165467,REAL_AWS
2016-06-26 22:00:00,MAITRI,-18.1,967.6,36.0,68.7,24.0,0.9884892086330935,REAL_AWS
2016-06-26 23:00:00,MAITRI,-17.9,967.4,35.0,68.5,23.0,0.9856115107913669,REAL_AWS
2016-06-27 00:00:00,MAITRI,-18.2,967.6,36.0,68.4,25.0,0.9841726618705037,REAL_AWS
2016-06-27 01:00:00,MAITRI,-17.7,967.8,34.0,69.0,18.0,0.9928057553956835,REAL_AWS
2016-06-27 02:00:00,MAITRI,-17.5,967.7,33.0,68.2,26.0,0.981294964028777,REAL_AWS
2016-06-27 03:00:00,MAITRI,-17.6,967.5,35.0,68.2,26.0,0.981294964028777,REAL_AWS
2016-06-27 04:00:00,MAITRI,-17.8,967.2,35.0,68.2,26.0,0.981294964028777,REAL_AWS
2016-06-27 05:00:00,MAITRI,-17.4,966.7,33.0,68.9,18.0,0.9913669064748202,REAL_AWS
2016-06-27 06:00:00,MAITRI,-17.9,967.0,35.0,68.0,28.0,0.9784172661870504,REAL_AWS
2016-06-27 07:00:00,MAITRI,-18.6,967.1,38.0,68.2,28.0,0.981294964028777,REAL_AWS
2016-06-27 08:00:00,MAITRI,-17.8,966.8,33.0,68.1,26.0,0.9798561151079136,REAL_AWS
2016-06-27 09:00:00,MAITRI,-19.3,967.4,36.0,68.3,26.0,0.9827338129496402,REAL_AWS
2016-06-27 10:00:00,MAITRI,-18.8,967.4,36.0,68.3,26.0,0.9827338129496402,REAL_AWS
2016-06-27 11:00:00,MAITRI,-21.0,967.1,40.0,68.5,27.0,0.9856115107913669,REAL_AWS
2016-06-27 12:00:00,MAITRI,-19.4,966.0,37.0,68.3,25.0,0.9827338129496402,REAL_AWS
2016-06-27 13:00:00,MAITRI,-17.5,965.7,33.0,68.2,25.0,0.981294964028777,REAL_AWS
2016-06-27 14:00:00,MAITRI,-17.9,966.0,33.0,68.3,23.0,0.9827338129496402,REAL_AWS
2016-06-27 15:00:00,MAITRI,-17.9,965.9,32.0,68.5,24.0,0.9856115107913669,REAL_AWS
2016-06-27 16:00:00,MAITRI,-17.9,965.6,32.0,68.6,23.0,0.9870503597122301,REAL_AWS
2016-06-27 17:00:00,MAITRI,-18.0,965.5,31.0,68.2,22.0,0.981294964028777,REAL_AWS
2016-06-27 18:00:00,MAITRI,-18.0,965.1,31.0,68.4,23.0,0.9841726618705037,REAL_AWS
2016-06-27 19:00:00,MAITRI,-18.1,965.1,32.0,68.7,22.0,0.9884892086330935,REAL_AWS
2016-06-27 20:00:00,MAITRI,-18.0,964.6,31.0,68.4,24.0,0.9841726618705037,REAL_AWS
2016-06-27 21:00:00,MAITRI,-18.4,964.7,34.0,68.5,23.0,0.9856115107913669,REAL_AWS
2016-06-27 22:00:00,MAITRI,-17.9,964.3,31.0,68.2,14.0,0.981294964028777,REAL_AWS
2016-06-27 23:00:00,MAITRI,-18.2,963.8,32.0,68.5,21.0,0.9856115107913669,REAL_AWS
2016-06-28 00:00:00,MAITRI,-18.4,963.6,34.0,68.6,21.0,0.9870503597122301,REAL_AWS
2016-06-28 01:00:00,MAITRI,-18.3,963.4,33.0,68.5,20.0,0.9856115107913669,REAL_AWS
2016-06-28 02:00:00,MAITRI,-18.2,963.1,33.0,68.7,21.0,0.9884892086330935,REAL_AWS
2016-06-28 03:00:00,MAITRI,-17.9,963.2,31.0,68.5,21.0,0.9856115107913669,REAL_AWS
2016-06-28 04:00:00,MAITRI,-18.4,963.3,34.0,68.4,21.0,0.9841726618705037,REAL_AWS
2016-06-28 05:00:00,MAITRI,-18.8,962.9,35.0,67.3,15.0,0.9683453237410071,REAL_AWS
2016-06-28 06:00:00,MAITRI,-18.3,962.7,33.0,68.7,20.0,0.9884892086330935,REAL_AWS
2016-06-28 07:00:00,MAITRI,-18.3,962.7,32.0,68.5,21.0,0.9856115107913669,REAL_AWS
2016-06-28 08:00:00,MAITRI,-18.0,962.7,32.0,68.8,21.0,0.9899280575539567,REAL_AWS
2016-06-28 09:00:00,MAITRI,-18.1,962.2,31.0,69.7,13.0,1.0,REAL_AWS
2016-06-28 10:00:00,MAITRI,-18.1,961.9,33.0,68.6,25.0,0.9870503597122301,REAL_AWS
2016-06-28 11:00:00,MAITRI,-18.2,961.5,34.0,68.3,25.0,0.9827338129496402,REAL_AWS
2016-06-28 12:00:00,MAITRI,-18.0,961.0,34.0,68.3,26.0,0.9827338129496402,REAL_AWS
2016-06-28 13:00:00,MAITRI,-17.5,960.7,32.0,68.2,30.0,0.981294964028777,REAL_AWS
2016-06-28 14:00:00,MAITRI,-18.5,960.6,36.0,68.1,28.0,0.9798561151079136,REAL_AWS
2016-06-28 15:00:00,MAITRI,-18.2,959.9,34.0,68.0,28.0,0.9784172661870504,REAL_AWS
2016-06-28 16:00:00,MAITRI,-16.9,959.7,30.0,68.1,27.0,0.9798561151079136,REAL_AWS
2016-06-28 17:00:00,MAITRI,-17.4,960.1,33.0,68.0,28.0,0.9784172661870504,REAL_AWS
2016-06-28 18:00:00,MAITRI,-17.2,959.6,35.0,68.5,28.0,0.9856115107913669,REAL_AWS
2016-06-28 19:00:00,MAITRI,-16.9,959.3,33.0,68.3,27.0,0.9827338129496402,REAL_AWS
2016-06-28 20:00:00,MAITRI,-16.2,959.5,34.0,68.4,27.0,0.9841726618705037,REAL_AWS
2016-06-28 21:00:00,MAITRI,-16.6,959.2,35.0,68.3,25.0,0.9827338129496402,REAL_AWS
2016-06-28 22:00:00,MAITRI,-16.0,959.1,35.0,68.4,24.0,0.9841726618705037,REAL_AWS
2016-06-28 23:00:00,MAITRI,-15.8,959.3,35.0,68.4,22.0,0.9841726618705037,REAL_AWS
2016-06-29 00:00:00,MAITRI,-15.8,959.3,35.0,69.0,14.0,0.9928057553956835,REAL_AWS
2016-06-29 01:00:00,MAITRI,-16.4,959.1,36.0,68.7,20.0,0.9884892086330935,REAL_AWS
2016-06-29 02:00:00,MAITRI,-15.8,958.7,35.0,68.8,22.0,0.9899280575539567,REAL_AWS
2016-06-29 03:00:00,MAITRI,-15.8,958.3,36.0,69.3,13.0,0.9971223021582734,REAL_AWS
2016-06-29 04:00:00,MAITRI,-15.7,958.3,36.0,68.5,22.0,0.9856115107913669,REAL_AWS
2016-06-29 05:00:00,MAITRI,-16.0,958.6,39.0,68.6,20.0,0.9870503597122301,REAL_AWS
2016-06-29 06:00:00,MAITRI,-15.3,959.2,35.0,68.7,17.0,0.9884892086330935,REAL_AWS
2016-06-29 07:00:00,MAITRI,-15.0,959.4,35.0,67.9,8.0,0.9769784172661872,REAL_AWS
2016-06-29 08:00:00,MAITRI,-15.2,959.6,36.0,68.9,19.0,0.9913669064748202,REAL_AWS
2016-06-29 09:00:00,MAITRI,-16.2,959.4,38.0,68.8,18.0,0.9899280575539567,REAL_AWS
2016-06-29 10:00:00,MAITRI,-15.3,959.1,35.0,70.3,14.0,1.0,REAL_AWS
2016-06-29 11:00:00,MAITRI,-17.4,959.0,46.0,68.2,26.0,0.981294964028777,REAL_AWS
2016-06-29 12:00:00,MAITRI,-18.8,959.0,59.0,68.4,24.0,0.9841726618705037,REAL_AWS
2016-06-29 13:00:00,MAITRI,-19.0,958.6,61.0,71.2,5.0,1.0,REAL_AWS
2016-06-29 14:00:00,MAITRI,-19.2,958.2,62.0,71.5,10.0,1.0,REAL_AWS
2016-06-29 15:00:00,MAITRI,-19.2,957.5,61.0,68.0,25.0,0.9784172661870504,REAL_AWS
2016-06-29 16:00:00,MAITRI,-18.2,956.4,61.0,71.7,359.0,1.0,REAL_AWS
2016-06-29 17:00:00,MAITRI,-13.3,955.5,45.0,71.7,1.0,1.0,REAL_AWS
2016-06-29 18:00:00,MAITRI,-12.7,954.4,45.0,68.3,26.0,0.9827338129496402,REAL_AWS
2016-06-29 19:00:00,MAITRI,-12.2,953.9,44.0,68.1,25.0,0.9798561151079136,REAL_AWS
2016-06-29 20:00:00,MAITRI,-12.4,954.0,50.0,68.3,26.0,0.9827338129496402,REAL_AWS
2016-06-29 21:00:00,MAITRI,-12.9,954.1,52.0,67.8,25.0,0.9755395683453237,REAL_AWS
2016-06-29 22:00:00,MAITRI,-12.6,954.0,52.0,68.2,25.0,0.981294964028777,REAL_AWS
2016-06-29 23:00:00,MAITRI,-12.8,954.5,55.0,67.9,23.0,0.9769784172661872,REAL_AWS
2016-06-30 00:00:00,MAITRI,-13.0,954.8,54.0,67.8,23.0,0.9755395683453237,REAL_AWS
2016-06-30 01:00:00,MAITRI,-13.9,955.3,63.0,69.2,8.0,0.9956834532374101,REAL_AWS
2016-06-30 02:00:00,MAITRI,-14.0,955.0,61.0,68.0,25.0,0.9784172661870504,REAL_AWS
2016-06-30 03:00:00,MAITRI,-13.9,954.7,63.0,69.0,16.0,0.9928057553956835,REAL_AWS
2016-06-30 04:00:00,MAITRI,-14.1,955.0,70.0,69.0,15.0,0.9928057553956835,REAL_AWS
2016-06-30 05:00:00,MAITRI,-13.0,954.0,62.0,68.9,14.0,0.9913669064748202,REAL_AWS
2016-06-30 06:00:00,MAITRI,-12.3,953.8,73.0,67.1,11.0,0.9654676258992805,REAL_AWS
2016-06-30 07:00:00,MAITRI,-12.0,954.0,76.0,67.8,20.0,0.9755395683453237,REAL_AWS
2016-06-30 08:00:00,MAITRI,-11.7,953.9,78.0,67.3,22.0,0.9683453237410071,REAL_AWS
2016-06-30 09:00:00,MAITRI,-11.5,953.1,83.0,67.5,24.0,0.9712230215827338,REAL_AWS
2016-06-30 10:00:00,MAITRI,-11.0,952.8,87.0,67.8,22.0,0.9755395683453237,REAL_AWS
2016-06-30 11:00:00,MAITRI,-10.4,951.6,90.0,70.4,24.0,1.0,REAL_AWS
2016-06-30 12:00:00,MAITRI,-9.7,952.1,82.0,67.2,27.0,0.9669064748201439,REAL_AWS
2016-06-30 13:00:00,MAITRI,-7.7,951.5,37.0,67.4,25.0,0.9697841726618706,REAL_AWS
2016-06-30 14:00:00,MAITRI,-7.3,951.6,32.0,68.1,29.0,0.9798561151079136,REAL_AWS
2016-06-30 15:00:00,MAITRI,-7.2,951.6,31.0,68.4,27.0,0.9841726618705037,REAL_AWS
2016-06-30 16:00:00,MAITRI,-7.0,951.5,31.0,66.9,22.0,0.9625899280575541,REAL_AWS
2016-06-30 17:00:00,MAITRI,-6.9,951.7,30.0,67.8,26.0,0.9755395683453237,REAL_AWS
2016-06-30 18:00:00,MAITRI,-6.9,952.1,30.0,67.9,25.0,0.9769784172661872,REAL_AWS
2016-06-30 19:00:00,MAITRI,-6.8,952.2,28.0,67.7,25.0,0.9741007194244605,REAL_AWS
2016-06-30 20:00:00,MAITRI,-6.9,952.0,28.0,67.7,25.0,0.9741007194244605,REAL_AWS
2016-06-30 21:00:00,MAITRI,-6.8,951.6,27.0,68.1,27.0,0.9798561151079136,REAL_AWS
2016-06-30 22:00:00,MAITRI,-6.5,951.6,25.0,67.9,23.0,0.9769784172661872,REAL_AWS
2016-06-30 23:00:00,MAITRI,-6.8,951.7,31.0,67.9,25.0,0.9769784172661872,REAL_AWS
2016-07-01 00:00:00,MAITRI,-8.7,951.1,38.0,67.9,22.0,0.9769784172661872,REAL_AWS
2016-07-01 01:00:00,MAITRI,-8.8,951.3,35.0,67.9,21.0,0.9769784172661872,REAL_AWS
2016-07-01 02:00:00,MAITRI,-8.9,951.2,31.0,67.9,23.0,0.9769784172661872,REAL_AWS
2016-07-01 03:00:00,MAITRI,-9.2,951.3,32.0,68.3,22.0,0.9827338129496402,REAL_AWS
2016-07-01 04:00:00,MAITRI,-9.9,951.5,34.0,68.1,23.0,0.9798561151079136,REAL_AWS
2016-07-01 05:00:00,MAITRI,-10.1,951.7,33.0,68.2,21.0,0.981294964028777,REAL_AWS
2016-07-01 06:00:00,MAITRI,-11.2,951.9,34.0,68.5,20.0,0.9856115107913669,REAL_AWS
2016-07-01 07:00:00,MAITRI,-11.1,951.5,31.0,68.2,23.0,0.981294964028777,REAL_AWS
2016-07-01 08:00:00,MAITRI,-11.1,951.0,30.0,68.3,20.0,0.9827338129496402,REAL_AWS
2016-07-01 09:00:00,MAITRI,-12.0,950.3,33.0,68.5,19.0,0.9856115107913669,REAL_AWS
2016-07-01 10:00:00,MAITRI,-12.1,950.1,31.0,68.3,24.0,0.9827338129496402,REAL_AWS
2016-07-01 11:00:00,MAITRI,-12.1,949.5,32.0,68.1,24.0,0.9798561151079136,REAL_AWS
2016-07-01 12:00:00,MAITRI,-11.7,949.0,26.0,68.2,25.0,0.981294964028777,REAL_AWS
2016-07-01 13:00:00,MAITRI,-12.7,948.4,31.0,68.2,23.0,0.981294964028777,REAL_AWS
2016-07-01 14:00:00,MAITRI,-13.6,948.2,36.0,68.4,23.0,0.9841726618705037,REAL_AWS
2016-07-01 15:00:00,MAITRI,-11.9,948.5,25.0,68.2,23.0,0.981294964028777,REAL_AWS
2016-07-01 16:00:00,MAITRI,-13.1,947.8,26.0,68.3,23.0,0.9827338129496402,REAL_AWS
2016-07-01 17:00:00,MAITRI,-14.0,947.3,30.0,69.9,6.0,1.0,REAL_AWS
2016-07-01 18:00:00,MAITRI,-13.8,947.6,26.0,68.4,22.0,0.9841726618705037,REAL_AWS
2016-07-01 19:00:00,MAITRI,-13.9,946.9,28.0,68.5,21.0,0.9856115107913669,REAL_AWS
2016-07-01 20:00:00,MAITRI,-14.4,946.6,30.0,68.5,21.0,0.9856115107913669,REAL_AWS
2016-07-01 21:00:00,MAITRI,-15.8,947.1,33.0,68.3,19.0,0.9827338129496402,REAL_AWS
2016-07-01 22:00:00,MAITRI,-16.3,947.4,33.0,69.3,10.0,0.9971223021582734,REAL_AWS
2016-07-01 23:00:00,MAITRI,-14.7,947.5,29.0,68.6,16.0,0.9870503597122301,REAL_AWS
2016-07-02 00:00:00,MAITRI,-14.9,947.9,29.0,68.7,17.0,0.9884892086330935,REAL_AWS
2016-07-02 01:00:00,MAITRI,-15.1,947.8,26.0,68.8,18.0,0.9899280575539567,REAL_AWS
2016-07-02 02:00:00,MAITRI,-15.8,947.5,33.0,69.0,17.0,0.9928057553956835,REAL_AWS
2016-07-02 03:00:00,MAITRI,-15.3,947.9,30.0,68.9,16.0,0.9913669064748202,REAL_AWS
2016-07-02 04:00:00,MAITRI,-15.6,948.0,29.0,68.7,15.0,0.9884892086330935,REAL_AWS
2016-07-02 05:00:00,MAITRI,-15.6,948.7,35.0,68.8,15.0,0.9899280575539567,REAL_AWS
2016-07-02 06:00:00,MAITRI,-15.3,948.8,34.0,68.8,16.0,0.9899280575539567,REAL_AWS
2016-07-02 07:00:00,MAITRI,-15.8,949.4,36.0,69.0,15.0,0.9928057553956835,REAL_AWS
2016-07-02 08:00:00,MAITRI,-15.4,949.8,33.0,68.7,20.0,0.9884892086330935,REAL_AWS
2016-07-02 09:00:00,MAITRI,-15.9,950.2,36.0,68.8,19.0,0.9899280575539567,REAL_AWS
2016-07-02 10:00:00,MAITRI,-15.9,950.8,37.0,68.5,22.0,0.9856115107913669,REAL_AWS
2016-07-02 11:00:00,MAITRI,-16.0,951.0,40.0,71.3,7.0,1.0,REAL_AWS
2016-07-02 12:00:00,MAITRI,-15.8,951.4,45.0,68.5,25.0,0.9856115107913669,REAL_AWS
2016-07-02 13:00:00,MAITRI,-15.6,952.0,43.0,68.1,24.0,0.9798561151079136,REAL_AWS
2016-07-02 14:00:00,MAITRI,-15.4,952.8,51.0,68.4,23.0,0.9841726618705037,REAL_AWS
2016-07-02 15:00:00,MAITRI,-15.1,953.3,52.0,69.1,15.0,0.9942446043165467,REAL_AWS
2016-07-02 16:00:00,MAITRI,-15.0,953.6,53.0,68.2,15.0,0.981294964028777,REAL_AWS
2016-07-02 17:00:00,MAITRI,-14.6,954.2,50.0,68.4,19.0,0.9841726618705037,REAL_AWS
2016-07-02 18:00:00,MAITRI,-14.4,954.7,49.0,68.3,19.0,0.9827338129496402,REAL_AWS
2016-07-02 19:00:00,MAITRI,-14.8,954.8,57.0,68.7,19.0,0.9884892086330935,REAL_AWS
2016-07-02 20:00:00,MAITRI,-14.4,955.4,50.0,68.5,18.0,0.9856115107913669,REAL_AWS
2016-07-02 21:00:00,MAITRI,-14.5,956.0,44.0,68.6,17.0,0.9870503597122301,REAL_AWS
2016-07-02 22:00:00,MAITRI,-14.4,956.7,41.0,68.8,18.0,0.9899280575539567,REAL_AWS
2016-07-02 23:00:00,MAITRI,-14.5,956.7,42.0,68.7,19.0,0.9884892086330935,REAL_AWS
2016-07-03 00:00:00,MAITRI,-14.5,957.2,45.0,68.8,16.0,0.9899280575539567,REAL_AWS
2016-07-03 01:00:00,MAITRI,-14.6,957.4,44.0,69.2,11.0,0.9956834532374101,REAL_AWS
2016-07-03 02:00:00,MAITRI,-15.0,957.5,42.0,68.6,10.0,0.9870503597122301,REAL_AWS
2016-07-03 03:00:00,MAITRI,-14.9,957.5,39.0,68.8,16.0,0.9899280575539567,REAL_AWS
2016-07-03 04:00:00,MAITRI,-15.0,957.8,40.0,68.7,17.0,0.9884892086330935,REAL_AWS
2016-07-03 05:00:00,MAITRI,-15.0,958.0,38.0,68.6,18.0,0.9870503597122301,REAL_AWS
2016-07-03 06:00:00,MAITRI,-14.7,958.2,33.0,68.7,16.0,0.9884892086330935,REAL_AWS
2016-07-03 07:00:00,MAITRI,-15.2,958.6,39.0,68.8,16.0,0.9899280575539567,REAL_AWS
2016-07-03 08:00:00,MAITRI,-14.9,958.8,33.0,68.8,14.0,0.9899280575539567,REAL_AWS
2016-07-03 09:00:00,MAITRI,-15.5,959.1,41.0,68.8,14.0,0.9899280575539567,REAL_AWS
2016-07-03 10:00:00,MAITRI,-15.5,959.0,36.0,68.5,18.0,0.9856115107913669,REAL_AWS
2016-07-03 11:00:00,MAITRI,-15.3,959.3,34.0,68.5,20.0,0.9856115107913669,REAL_AWS
2016-07-03 12:00:00,MAITRI,-15.3,959.3,33.0,68.7,20.0,0.9884892086330935,REAL_AWS
2016-07-03 13:00:00,MAITRI,-16.5,959.4,47.0,68.7,18.0,0.9884892086330935,REAL_AWS
2016-07-03 14:00:00,MAITRI,-16.1,959.4,40.0,68.6,15.0,0.9870503597122301,REAL_AWS
2016-07-03 15:00:00,MAITRI,-16.0,959.5,36.0,68.5,15.0,0.9856115107913669,REAL_AWS
2016-07-03 16:00:00,MAITRI,-16.0,959.2,32.0,68.6,17.0,0.9870503597122301,REAL_AWS
2016-07-03 17:00:00,MAITRI,-17.8,959.2,38.0,68.6,19.0,0.9870503597122301,REAL_AWS
2016-07-03 18:00:00,MAITRI,-17.5,959.3,41.0,68.6,19.0,0.9870503597122301,REAL_AWS
2016-07-03 19:00:00,MAITRI,-17.6,959.2,45.0,68.3,20.0,0.9827338129496402,REAL_AWS
2016-07-03 20:00:00,MAITRI,-17.5,959.3,42.0,68.5,13.0,0.9856115107913669,REAL_AWS
2016-07-03 21:00:00,MAITRI,-18.6,960.4,45.0,68.6,13.0,0.9870503597122301,REAL_AWS
2016-07-03 22:00:00,MAITRI,-19.7,960.6,47.0,68.9,14.0,0.9913669064748202,REAL_AWS
2016-07-03 23:00:00,MAITRI,-19.8,960.8,46.0,68.8,12.0,0.9899280575539567,REAL_AWS
2016-07-04 00:00:00,MAITRI,-20.3,961.2,44.0,68.9,16.0,0.9913669064748202,REAL_AWS
2016-07-04 01:00:00,MAITRI,-20.7,960.9,42.0,69.1,15.0,0.9942446043165467,REAL_AWS
2016-07-04 02:00:00,MAITRI,-21.0,961.3,43.0,70.2,7.0,1.0,REAL_AWS
2016-07-04 03:00:00,MAITRI,-21.7,961.9,42.0,69.0,11.0,0.9928057553956835,REAL_AWS
2016-07-04 04:00:00,MAITRI,-21.8,961.9,44.0,69.0,13.0,0.9928057553956835,REAL_AWS
2016-07-04 05:00:00,MAITRI,-21.9,962.2,42.0,69.2,13.0,0.9956834532374101,REAL_AWS
2016-07-04 06:00:00,MAITRI,-21.6,962.4,40.0,69.0,12.0,0.9928057553956835,REAL_AWS
2016-07-04 07:00:00,MAITRI,-21.3,962.5,38.0,69.4,3.0,0.9985611510791368,REAL_AWS
2016-07-04 08:00:00,MAITRI,-22.4,963.5,40.0,69.4,12.0,0.9985611510791368,REAL_AWS
2016-07-04 09:00:00,MAITRI,-21.8,963.9,37.0,69.2,9.0,0.9956834532374101,REAL_AWS
2016-07-04 10:00:00,MAITRI,-23.2,964.0,43.0,69.3,12.0,0.9971223021582734,REAL_AWS
2016-07-04 11:00:00,MAITRI,-22.8,964.3,42.0,68.7,17.0,0.9884892086330935,REAL_AWS
2016-07-04 12:00:00,MAITRI,-23.0,965.0,44.0,69.0,15.0,0.9928057553956835,REAL_AWS
2016-07-04 13:00:00,MAITRI,-23.2,965.2,45.0,69.2,17.0,0.9956834532374101,REAL_AWS
2016-07-04 14:00:00,MAITRI,-21.5,965.2,36.0,68.9,13.0,0.9913669064748202,REAL_AWS
2016-07-04 15:00:00,MAITRI,-22.9,966.3,41.0,71.5,354.0,1.0,REAL_AWS
2016-07-04 16:00:00,MAITRI,-22.3,966.4,36.0,72.0,343.0,1.0,REAL_AWS
2016-07-04 17:00:00,MAITRI,-21.7,966.6,38.0,69.2,11.0,0.9956834532374101,REAL_AWS
2016-07-04 18:00:00,MAITRI,-23.3,967.4,43.0,69.3,11.0,0.9971223021582734,REAL_AWS
2016-07-04 19:00:00,MAITRI,-22.3,968.1,43.0,69.2,13.0,0.9956834532374101,REAL_AWS
2016-07-04 20:00:00,MAITRI,-23.5,968.3,46.0,69.3,15.0,0.9971223021582734,REAL_AWS
2016-07-04 21:00:00,MAITRI,-22.4,967.7,46.0,69.6,8.0,1.0,REAL_AWS
2016-07-04 22:00:00,MAITRI,-22.2,969.0,47.0,69.0,13.0,0.9928057553956835,REAL_AWS
2016-07-04 23:00:00,MAITRI,-21.0,970.0,48.0,69.1,15.0,0.9942446043165467,REAL_AWS
2016-07-05 00:00:00,MAITRI,-22.3,969.6,49.0,69.6,9.0,1.0,REAL_AWS
2016-07-05 01:00:00,MAITRI,-22.2,969.0,47.0,68.9,16.0,0.9913669064748202,REAL_AWS
2016-07-05 02:00:00,MAITRI,-22.3,970.5,47.0,68.8,17.0,0.9899280575539567,REAL_AWS
2016-07-05 03:00:00,MAITRI,-23.2,970.8,52.0,69.0,15.0,0.9928057553956835,REAL_AWS
2016-07-05 04:00:00,MAITRI,-21.0,970.3,48.0,69.0,15.0,0.9928057553956835,REAL_AWS
2016-07-05 05:00:00,MAITRI,-19.6,970.0,41.0,69.0,11.0,0.9928057553956835,REAL_AWS
2016-07-05 06:00:00,MAITRI,-21.9,970.2,48.0,69.2,12.0,0.9956834532374101,REAL_AWS
2016-07-05 07:00:00,MAITRI,-22.3,970.3,48.0,69.0,11.0,0.9928057553956835,REAL_AWS
2016-07-05 08:00:00,MAITRI,-22.4,971.1,46.0,69.3,9.0,0.9971223021582734,REAL_AWS
2016-07-05 09:00:00,MAITRI,-21.4,971.5,43.0,69.0,9.0,0.9928057553956835,REAL_AWS
2016-07-05 10:00:00,MAITRI,-21.0,971.4,42.0,69.1,11.0,0.9942446043165467,REAL_AWS
2016-07-05 11:00:00,MAITRI,-20.8,970.9,40.0,69.2,13.0,0.9956834532374101,REAL_AWS
2016-07-05 12:00:00,MAITRI,-18.5,970.5,35.0,68.9,13.0,0.9913669064748202,REAL_AWS
2016-07-05 13:00:00,MAITRI,-15.7,970.6,32.0,69.0,17.0,0.9928057553956835,REAL_AWS
2016-07-05 14:00:00,MAITRI,-18.2,970.6,31.0,69.0,18.0,0.9928057553956835,REAL_AWS
2016-07-05 15:00:00,MAITRI,-17.6,970.7,35.0,68.9,15.0,0.9913669064748202,REAL_AWS
2016-07-05 16:00:00,MAITRI,-15.6,971.0,29.0,68.9,15.0,0.9913669064748202,REAL_AWS
2016-07-05 17:00:00,MAITRI,-16.3,971.8,32.0,68.8,17.0,0.9899280575539567,REAL_AWS
2016-07-05 18:00:00,MAITRI,-17.4,971.3,34.0,69.4,7.0,0.9985611510791368,REAL_AWS
2016-07-05 19:00:00,MAITRI,-17.3,972.1,36.0,69.3,10.0,0.9971223021582734,REAL_AWS
2016-07-05 20:00:00,MAITRI,-19.6,972.5,36.0,68.9,17.0,0.9913669064748202,REAL_AWS
2016-07-05 21:00:00,MAITRI,-23.0,972.4,35.0,69.0,17.0,0.9928057553956835,REAL_AWS
2016-07-05 22:00:00,MAITRI,-22.9,972.6,43.0,68.8,19.0,0.9899280575539567,REAL_AWS
2016-07-05 23:00:00,MAITRI,-22.1,973.1,44.0,68.5,21.0,0.9856115107913669,REAL_AWS
2016-07-06 00:00:00,MAITRI,-22.1,973.5,42.0,68.6,23.0,0.9870503597122301,REAL_AWS
2016-07-06 01:00:00,MAITRI,-22.2,973.2,45.0,68.4,23.0,0.9841726618705037,REAL_AWS
2016-07-06 02:00:00,MAITRI,-23.6,973.7,48.0,68.6,23.0,0.9870503597122301,REAL_AWS
2016-07-06 03:00:00,MAITRI,-23.9,974.0,51.0,68.5,21.0,0.9856115107913669,REAL_AWS
2016-07-06 04:00:00,MAITRI,-18.2,973.5,39.0,68.5,20.0,0.9856115107913669,REAL_AWS
2016-07-06 05:00:00,MAITRI,-22.9,973.3,49.0,69.4,11.0,0.9985611510791368,REAL_AWS
2016-07-06 06:00:00,MAITRI,-22.6,973.4,48.0,69.4,10.0,0.9985611510791368,REAL_AWS
2016-07-06 07:00:00,MAITRI,-22.0,973.1,49.0,68.7,19.0,0.9884892086330935,REAL_AWS
2016-07-06 08:00:00,MAITRI,-22.0,972.9,49.0,68.7,18.0,0.9884892086330935,REAL_AWS
2016-07-06 09:00:00,MAITRI,-22.9,973.0,50.0,68.9,15.0,0.9913669064748202,REAL_AWS
2016-07-06 10:00:00,MAITRI,-20.4,972.8,45.0,69.0,16.0,0.9928057553956835,REAL_AWS
2016-07-06 11:00:00,MAITRI,-22.1,972.4,46.0,68.7,18.0,0.9884892086330935,REAL_AWS
2016-07-06 12:00:00,MAITRI,-22.1,972.3,49.0,68.7,17.0,0.9884892086330935,REAL_AWS
2016-07-06 13:00:00,MAITRI,-21.3,971.9,49.0,68.6,19.0,0.9870503597122301,REAL_AWS
2016-07-06 14:00:00,MAITRI,-21.7,971.4,51.0,69.4,12.0,0.9985611510791368,REAL_AWS
2016-07-06 15:00:00,MAITRI,-21.9,970.6,50.0,68.8,18.0,0.9899280575539567,REAL_AWS
2016-07-06 16:00:00,MAITRI,-22.4,970.0,52.0,68.9,17.0,0.9913669064748202,REAL_AWS
2016-07-06 17:00:00,MAITRI,-22.4,969.3,54.0,69.0,17.0,0.9928057553956835,REAL_AWS
2016-07-06 18:00:00,MAITRI,-22.6,968.3,52.0,69.1,16.0,0.9942446043165467,REAL_AWS
2016-07-06 19:00:00,MAITRI,-24.2,967.8,58.0,69.5,12.0,1.0,REAL_AWS
2016-07-06 20:00:00,MAITRI,-22.8,967.1,51.0,68.8,22.0,0.9899280575539567,REAL_AWS
2016-07-06 21:00:00,MAITRI,-21.8,966.8,47.0,68.8,22.0,0.9899280575539567,REAL_AWS
2016-07-06 22:00:00,MAITRI,-22.6,966.2,46.0,68.8,22.0,0.9899280575539567,REAL_AWS
2016-07-06 23:00:00,MAITRI,-23.2,965.8,51.0,68.7,23.0,0.9884892086330935,REAL_AWS
2016-07-07 00:00:00,MAITRI,-22.6,964.8,49.0,68.7,22.0,0.9884892086330935,REAL_AWS
2016-07-07 01:00:00,MAITRI,-21.6,963.7,43.0,68.5,23.0,0.9856115107913669,REAL_AWS
2016-07-07 02:00:00,MAITRI,-18.8,962.5,35.0,68.3,24.0,0.9827338129496402,REAL_AWS
2016-07-07 03:00:00,MAITRI,-17.0,961.2,29.0,68.3,22.0,0.9827338129496402,REAL_AWS
2016-07-07 04:00:00,MAITRI,-21.9,961.0,34.0,68.7,24.0,0.9884892086330935,REAL_AWS
2016-07-07 05:00:00,MAITRI,-19.0,960.3,33.0,68.2,22.0,0.981294964028777,REAL_AWS
2016-07-07 06:00:00,MAITRI,-21.6,960.4,41.0,68.4,21.0,0.9841726618705037,REAL_AWS
2016-07-07 07:00:00,MAITRI,-19.9,959.3,40.0,69.1,15.0,0.9942446043165467,REAL_AWS
2016-07-07 08:00:00,MAITRI,-23.6,958.9,43.0,68.5,24.0,0.9856115107913669,REAL_AWS
2016-07-07 09:00:00,MAITRI,-20.4,958.3,35.0,68.6,21.0,0.9870503597122301,REAL_AWS
2016-07-07 10:00:00,MAITRI,-25.7,958.2,50.0,68.7,22.0,0.9884892086330935,REAL_AWS
2016-07-07 11:00:00,MAITRI,-23.7,957.5,46.0,68.3,23.0,0.9827338129496402,REAL_AWS
2016-07-07 12:00:00,MAITRI,-24.6,957.4,46.0,68.7,22.0,0.9884892086330935,REAL_AWS
2016-07-07 13:00:00,MAITRI,-25.2,957.3,46.0,68.7,23.0,0.9884892086330935,REAL_AWS
2016-07-07 14:00:00,MAITRI,-25.6,957.3,50.0,68.8,24.0,0.9899280575539567,REAL_AWS
2016-07-07 15:00:00,MAITRI,-24.3,957.0,48.0,68.8,22.0,0.9899280575539567,REAL_AWS
2016-07-07 16:00:00,MAITRI,-26.0,957.4,47.0,68.7,23.0,0.9884892086330935,REAL_AWS
2016-07-07 17:00:00,MAITRI,-26.1,957.6,53.0,68.7,23.0,0.9884892086330935,REAL_AWS
2016-07-07 18:00:00,MAITRI,-25.8,958.0,52.0,68.7,24.0,0.9884892086330935,REAL_AWS
2016-07-07 19:00:00,MAITRI,-27.0,958.6,51.0,68.8,24.0,0.9899280575539567,REAL_AWS
2016-07-07 20:00:00,MAITRI,-29.3,959.5,57.0,68.5,26.0,0.9856115107913669,REAL_AWS
2016-07-07 21:00:00,MAITRI,-26.7,959.6,54.0,68.3,24.0,0.9827338129496402,REAL_AWS
2016-07-07 22:00:00,MAITRI,-27.0,960.4,54.0,68.6,25.0,0.9870503597122301,REAL_AWS
2016-07-07 23:00:00,MAITRI,-26.9,961.1,53.0,68.5,27.0,0.9856115107913669,REAL_AWS
2016-07-08 00:00:00,MAITRI,-24.4,961.7,45.0,68.1,27.0,0.9798561151079136,REAL_AWS
2016-07-08 01:00:00,MAITRI,-24.2,962.5,46.0,68.4,28.0,0.9841726618705037,REAL_AWS
2016-07-08 02:00:00,MAITRI,-24.6,963.5,42.0,68.4,27.0,0.9841726618705037,REAL_AWS
2016-07-08 03:00:00,MAITRI,-24.6,964.0,47.0,68.3,27.0,0.9827338129496402,REAL_AWS
2016-07-08 04:00:00,MAITRI,-21.9,964.6,31.0,68.4,25.0,0.9841726618705037,REAL_AWS
2016-07-08 05:00:00,MAITRI,-22.2,965.1,34.0,68.4,25.0,0.9841726618705037,REAL_AWS
2016-07-08 06:00:00,MAITRI,-22.3,965.7,34.0,68.3,25.0,0.9827338129496402,REAL_AWS
2016-07-08 07:00:00,MAITRI,-22.2,967.0,31.0,68.4,28.0,0.9841726618705037,REAL_AWS
2016-07-08 08:00:00,MAITRI,-22.4,968.0,30.0,68.4,26.0,0.9841726618705037,REAL_AWS
2016-07-08 09:00:00,MAITRI,-22.1,968.9,27.0,68.5,25.0,0.9856115107913669,REAL_AWS
2016-07-08 10:00:00,MAITRI,-22.6,970.0,30.0,68.1,26.0,0.9798561151079136,REAL_AWS
2016-07-08 11:00:00,MAITRI,-22.4,971.1,27.0,68.3,28.0,0.9827338129496402,REAL_AWS
2016-07-08 12:00:00,MAITRI,-22.4,972.5,28.0,68.2,26.0,0.981294964028777,REAL_AWS
2016-07-08 13:00:00,MAITRI,-22.5,973.4,27.0,68.2,27.0,0.981294964028777,REAL_AWS
2016-07-08 14:00:00,MAITRI,-22.6,974.5,28.0,68.4,29.0,0.9841726618705037,REAL_AWS
2016-07-08 15:00:00,MAITRI,-22.8,975.8,29.0,68.3,28.0,0.9827338129496402,REAL_AWS
2016-07-08 16:00:00,MAITRI,-22.8,976.6,29.0,68.3,27.0,0.9827338129496402,REAL_AWS
2016-07-08 17:00:00,MAITRI,-22.3,977.6,26.0,68.3,25.0,0.9827338129496402,REAL_AWS
2016-07-08 18:00:00,MAITRI,-22.9,978.9,27.0,68.2,26.0,0.981294964028777,REAL_AWS
2016-07-08 19:00:00,MAITRI,-23.1,979.5,28.0,68.3,26.0,0.9827338129496402,REAL_AWS
2016-07-08 20:00:00,MAITRI,-23.4,980.6,29.0,68.4,27.0,0.9841726618705037,REAL_AWS
2016-07-08 21:00:00,MAITRI,-22.1,981.3,24.0,68.3,28.0,0.9827338129496402,REAL_AWS
2016-07-08 22:00:00,MAITRI,-22.6,982.0,26.0,68.4,30.0,0.9841726618705037,REAL_AWS
2016-07-08 23:00:00,MAITRI,-22.2,982.9,27.0,68.6,19.0,0.9870503597122301,REAL_AWS
2016-07-09 00:00:00,MAITRI,-22.6,983.4,28.0,69.3,10.0,0.9971223021582734,REAL_AWS
2016-07-09 01:00:00,MAITRI,-24.9,984.0,36.0,69.2,19.0,0.9956834532374101,REAL_AWS
2016-07-09 02:00:00,MAITRI,-25.4,985.3,39.0,68.4,28.0,0.9841726618705037,REAL_AWS
2016-07-09 03:00:00,MAITRI,-22.7,985.8,31.0,69.1,16.0,0.9942446043165467,REAL_AWS
2016-07-09 04:00:00,MAITRI,-23.7,986.1,35.0,68.6,24.0,0.9870503597122301,REAL_AWS
2016-07-09 05:00:00,MAITRI,-23.9,986.1,34.0,68.4,24.0,0.9841726618705037,REAL_AWS
2016-07-09 06:00:00,MAITRI,-25.1,986.4,37.0,68.6,27.0,0.9870503597122301,REAL_AWS
2016-07-09 07:00:00,MAITRI,-25.2,987.4,37.0,68.2,26.0,0.981294964028777,REAL_AWS
2016-07-09 08:00:00,MAITRI,-23.8,987.1,33.0,68.3,26.0,0.9827338129496402,REAL_AWS
2016-07-09 09:00:00,MAITRI,-25.0,987.0,36.0,68.5,26.0,0.9856115107913669,REAL_AWS
2016-07-09 10:00:00,MAITRI,-23.1,986.8,33.0,68.3,28.0,0.9827338129496402,REAL_AWS
2016-07-09 11:00:00,MAITRI,-24.0,986.2,35.0,68.3,27.0,0.9827338129496402,REAL_AWS
2016-07-09 12:00:00,MAITRI,-26.2,986.7,40.0,68.5,26.0,0.9856115107913669,REAL_AWS
2016-07-09 13:00:00,MAITRI,-25.6,986.3,38.0,68.4,26.0,0.9841726618705037,REAL_AWS
2016-07-09 14:00:00,MAITRI,-25.1,985.3,40.0,68.3,26.0,0.9827338129496402,REAL_AWS
2016-07-09 15:00:00,MAITRI,-24.7,984.9,40.0,68.3,24.0,0.9827338129496402,REAL_AWS
2016-07-09 16:00:00,MAITRI,-24.5,984.6,39.0,68.8,17.0,0.9899280575539567,REAL_AWS
2016-07-09 17:00:00,MAITRI,-24.1,984.4,39.0,68.6,24.0,0.9870503597122301,REAL_AWS
2016-07-09 18:00:00,MAITRI,-24.4,984.1,40.0,68.8,22.0,0.9899280575539567,REAL_AWS
2016-07-09 19:00:00,MAITRI,-24.2,984.2,40.0,68.3,25.0,0.9827338129496402,REAL_AWS
2016-07-09 20:00:00,MAITRI,-24.2,983.7,41.0,68.6,25.0,0.9870503597122301,REAL_AWS
2016-07-09 21:00:00,MAITRI,-21.8,982.9,42.0,68.5,25.0,0.9856115107913669,REAL_AWS
2016-07-09 22:00:00,MAITRI,-22.0,982.6,42.0,68.1,25.0,0.9798561151079136,REAL_AWS
2016-07-09 23:00:00,MAITRI,-23.1,982.0,45.0,68.3,25.0,0.9827338129496402,REAL_AWS
2016-07-10 00:00:00,MAITRI,-21.2,981.8,45.0,68.3,23.0,0.9827338129496402,REAL_AWS
2016-07-10 01:00:00,MAITRI,-20.3,981.7,39.0,68.9,16.0,0.9913669064748202,REAL_AWS
2016-07-10 02:00:00,MAITRI,-18.6,981.0,36.0,68.2,25.0,0.981294964028777,REAL_AWS
2016-07-10 03:00:00,MAITRI,-17.9,980.4,35.0,68.3,23.0,0.9827338129496402,REAL_AWS
2016-07-10 04:00:00,MAITRI,-18.8,979.8,38.0,68.3,22.0,0.9827338129496402,REAL_AWS
2016-07-10 05:00:00,MAITRI,-17.7,979.4,36.0,68.3,19.0,0.9827338129496402,REAL_AWS
2016-07-10 06:00:00,MAITRI,-18.8,979.5,39.0,68.6,21.0,0.9870503597122301,REAL_AWS
2016-07-10 07:00:00,MAITRI,-19.6,979.0,39.0,68.5,19.0,0.9856115107913669,REAL_AWS
2016-07-10 08:00:00,MAITRI,-20.3,977.7,38.0,68.6,20.0,0.9870503597122301,REAL_AWS
2016-07-10 09:00:00,MAITRI,-17.8,977.0,36.0,68.5,22.0,0.9856115107913669,REAL_AWS
2016-07-10 10:00:00,MAITRI,-15.3,977.5,31.0,68.6,20.0,0.9870503597122301,REAL_AWS
2016-07-10 11:00:00,MAITRI,-17.2,977.0,34.0,68.5,21.0,0.9856115107913669,REAL_AWS
2016-07-10 12:00:00,MAITRI,-15.6,975.9,33.0,68.6,19.0,0.9870503597122301,REAL_AWS
2016-07-10 13:00:00,MAITRI,-14.1,976.5,31.0,68.2,21.0,0.981294964028777,REAL_AWS
2016-07-10 14:00:00,MAITRI,-17.3,977.1,38.0,68.5,22.0,0.9856115107913669,REAL_AWS
2016-07-10 15:00:00,MAITRI,-18.6,976.6,42.0,68.4,21.0,0.9841726618705037,REAL_AWS
2016-07-10 16:00:00,MAITRI,-19.4,976.0,42.0,68.8,20.0,0.9899280575539567,REAL_AWS
2016-07-10 17:00:00,MAITRI,-19.3,976.3,41.0,68.4,19.0,0.9841726618705037,REAL_AWS
2016-07-10 18:00:00,MAITRI,-16.8,974.9,38.0,68.5,18.0,0.9856115107913669,REAL_AWS
2016-07-10 19:00:00,MAITRI,-16.8,975.8,40.0,68.8,20.0,0.9899280575539567,REAL_AWS
2016-07-10 20:00:00,MAITRI,-17.7,975.5,41.0,68.7,21.0,0.9884892086330935,REAL_AWS
2016-07-10 21:00:00,MAITRI,-14.2,975.1,29.0,68.4,21.0,0.9841726618705037,REAL_AWS
2016-07-10 22:00:00,MAITRI,-15.6,975.8,35.0,68.6,22.0,0.9870503597122301,REAL_AWS
2016-07-10 23:00:00,MAITRI,-17.5,976.4,38.0,68.6,21.0,0.9870503597122301,REAL_AWS
2016-07-11 00:00:00,MAITRI,-15.9,976.1,35.0,68.6,22.0,0.9870503597122301,REAL_AWS
2016-07-11 01:00:00,MAITRI,-15.1,974.8,33.0,68.6,22.0,0.9870503597122301,REAL_AWS
2016-07-11 02:00:00,MAITRI,-14.6,973.8,32.0,68.2,24.0,0.981294964028777,REAL_AWS
2016-07-11 03:00:00,MAITRI,-13.7,972.4,31.0,68.4,23.0,0.9841726618705037,REAL_AWS
2016-07-11 04:00:00,MAITRI,-12.6,970.3,27.0,68.2,22.0,0.981294964028777,REAL_AWS
2016-07-11 05:00:00,MAITRI,-12.3,969.5,26.0,68.8,16.0,0.9899280575539567,REAL_AWS
2016-07-11 06:00:00,MAITRI,-12.3,968.3,27.0,68.3,26.0,0.9827338129496402,REAL_AWS
2016-07-11 07:00:00,MAITRI,-12.0,965.5,27.0,67.7,25.0,0.9741007194244605,REAL_AWS
2016-07-11 08:00:00,MAITRI,-11.5,963.3,26.0,68.2,20.0,0.981294964028777,REAL_AWS
2016-07-11 09:00:00,MAITRI,-12.1,961.7,33.0,69.0,29.0,0.9928057553956835,REAL_AWS
2016-07-11 10:00:00,MAITRI,-11.9,959.8,30.0,68.8,30.0,0.9899280575539567,REAL_AWS
2016-07-11 11:00:00,MAITRI,-12.0,956.9,37.0,64.1,13.0,0.9223021582733812,REAL_AWS
2016-07-11 12:00:00,MAITRI,-11.9,954.9,37.0,66.9,22.0,0.9625899280575541,REAL_AWS
2016-07-11 13:00:00,MAITRI,-11.4,952.9,36.0,37.6,21.0,0.5410071942446043,REAL_AWS
2016-07-11 14:00:00,MAITRI,-11.2,951.1,36.0,62.8,2.0,0.9035971223021583,REAL_AWS
2016-07-11 15:00:00,MAITRI,-11.1,950.7,40.0,68.8,22.0,0.9899280575539567,REAL_AWS
2016-07-11 16:00:00,MAITRI,-10.9,950.4,41.0,68.1,16.0,0.9798561151079136,REAL_AWS
2016-07-11 17:00:00,MAITRI,-11.0,950.5,44.0,68.6,22.0,0.9870503597122301,REAL_AWS
2016-07-11 18:00:00,MAITRI,-10.8,949.6,37.0,70.9,10.0,1.0,REAL_AWS
2016-07-11 19:00:00,MAITRI,-11.0,948.2,42.0,66.1,26.0,0.9510791366906474,REAL_AWS
2016-07-11 20:00:00,MAITRI,-11.1,948.3,43.0,67.8,29.0,0.9755395683453237,REAL_AWS
2016-07-11 21:00:00,MAITRI,-11.0,946.8,40.0,66.5,28.0,0.9568345323741008,REAL_AWS
2016-07-11 22:00:00,MAITRI,-11.1,946.2,43.0,68.5,30.0,0.9856115107913669,REAL_AWS
2016-07-11 23:00:00,MAITRI,-11.2,945.7,52.0,68.0,28.0,0.9784172661870504,REAL_AWS
2016-07-12 00:00:00,MAITRI,-12.9,945.2,80.0,67.6,27.0,0.9726618705035971,REAL_AWS
2016-07-12 01:00:00,MAITRI,-12.0,943.6,58.0,67.5,26.0,0.9712230215827338,REAL_AWS
2016-07-12 02:00:00,MAITRI,-11.7,942.8,55.0,67.8,25.0,0.9755395683453237,REAL_AWS
2016-07-12 03:00:00,MAITRI,-11.7,942.2,53.0,68.5,16.0,0.9856115107913669,REAL_AWS
2016-07-12 04:00:00,MAITRI,-11.8,941.7,53.0,67.5,24.0,0.9712230215827338,REAL_AWS
2016-07-12 05:00:00,MAITRI,-11.9,941.4,55.0,67.7,23.0,0.9741007194244605,REAL_AWS
2016-07-12 06:00:00,MAITRI,-11.7,940.2,52.0,67.7,24.0,0.9741007194244605,REAL_AWS
2016-07-12 07:00:00,MAITRI,-11.7,940.1,61.0,67.8,23.0,0.9755395683453237,REAL_AWS
2016-07-12 08:00:00,MAITRI,-12.8,939.7,75.0,67.8,23.0,0.9755395683453237,REAL_AWS
2016-07-12 09:00:00,MAITRI,-12.3,939.3,55.0,68.1,22.0,0.9798561151079136,REAL_AWS
2016-07-12 10:00:00,MAITRI,-12.2,938.7,51.0,67.4,28.0,0.9697841726618706,REAL_AWS
2016-07-12 11:00:00,MAITRI,-12.2,939.2,47.0,67.5,28.0,0.9712230215827338,REAL_AWS
2016-07-12 12:00:00,MAITRI,-12.1,938.6,44.0,67.8,27.0,0.9755395683453237,REAL_AWS
2016-07-12 13:00:00,MAITRI,-12.6,939.5,56.0,67.6,27.0,0.9726618705035971,REAL_AWS
2016-07-12 14:00:00,MAITRI,-13.1,940.3,65.0,67.3,28.0,0.9683453237410071,REAL_AWS
2016-07-12 15:00:00,MAITRI,-13.6,940.2,56.0,68.6,18.0,0.9870503597122301,REAL_AWS
2016-07-12 16:00:00,MAITRI,-13.5,940.8,53.0,67.6,27.0,0.9726618705035971,REAL_AWS
2016-07-12 17:00:00,MAITRI,-13.2,942.1,59.0,68.0,27.0,0.9784172661870504,REAL_AWS
2016-07-12 18:00:00,MAITRI,-12.4,943.4,60.0,68.7,18.0,0.9884892086330935,REAL_AWS
2016-07-12 19:00:00,MAITRI,-11.5,943.5,50.0,67.9,28.0,0.9769784172661872,REAL_AWS
2016-07-12 20:00:00,MAITRI,-11.2,944.1,49.0,67.5,24.0,0.9712230215827338,REAL_AWS
2016-07-12 21:00:00,MAITRI,-10.5,944.6,47.0,65.8,19.0,0.9467625899280575,REAL_AWS
2016-07-12 22:00:00,MAITRI,-10.2,945.0,51.0,68.3,25.0,0.9827338129496402,REAL_AWS
2016-07-12 23:00:00,MAITRI,-9.8,945.7,47.0,67.5,25.0,0.9712230215827338,REAL_AWS
2016-07-13 00:00:00,MAITRI,-9.5,945.4,44.0,67.9,24.0,0.9769784172661872,REAL_AWS
2016-07-13 01:00:00,MAITRI,-8.3,945.8,41.0,68.1,25.0,0.9798561151079136,REAL_AWS
2016-07-13 02:00:00,MAITRI,-8.0,946.7,41.0,67.0,25.0,0.9640287769784173,REAL_AWS
2016-07-13 03:00:00,MAITRI,-9.2,946.6,53.0,67.8,24.0,0.9755395683453237,REAL_AWS
2016-07-13 04:00:00,MAITRI,-11.7,950.8,75.0,67.7,24.0,0.9741007194244605,REAL_AWS
2016-07-13 05:00:00,MAITRI,-12.3,951.9,72.0,68.8,16.0,0.9899280575539567,REAL_AWS
2016-07-13 06:00:00,MAITRI,-12.4,954.0,71.0,67.7,22.0,0.9741007194244605,REAL_AWS
2016-07-13 07:00:00,MAITRI,-12.3,955.6,66.0,67.8,21.0,0.9755395683453237,REAL_AWS
2016-07-13 08:00:00,MAITRI,-12.5,956.8,64.0,67.7,24.0,0.9741007194244605,REAL_AWS
2016-07-13 09:00:00,MAITRI,-12.2,957.1,58.0,67.9,22.0,0.9769784172661872,REAL_AWS
2016-07-13 10:00:00,MAITRI,-12.1,957.4,58.0,67.7,24.0,0.9741007194244605,REAL_AWS
2016-07-13 11:00:00,MAITRI,-11.5,956.6,56.0,67.3,26.0,0.9683453237410071,REAL_AWS
2016-07-13 12:00:00,MAITRI,-10.6,955.2,52.0,67.8,25.0,0.9755395683453237,REAL_AWS
2016-07-13 13:00:00,MAITRI,-11.4,955.5,74.0,67.2,27.0,0.9669064748201439,REAL_AWS
2016-07-13 14:00:00,MAITRI,-12.2,956.9,70.0,67.5,25.0,0.9712230215827338,REAL_AWS
2016-07-13 15:00:00,MAITRI,-12.0,956.9,64.0,67.6,23.0,0.9726618705035971,REAL_AWS
2016-07-13 16:00:00,MAITRI,-11.9,956.4,62.0,69.0,15.0,0.9928057553956835,REAL_AWS
2016-07-13 17:00:00,MAITRI,-11.7,956.3,61.0,67.5,21.0,0.9712230215827338,REAL_AWS
2016-07-13 18:00:00,MAITRI,-11.8,957.3,66.0,69.2,16.0,0.9956834532374101,REAL_AWS
2016-07-13 19:00:00,MAITRI,-11.9,957.9,65.0,68.8,16.0,0.9899280575539567,REAL_AWS
2016-07-13 20:00:00,MAITRI,-11.8,958.1,68.0,69.5,8.0,1.0,REAL_AWS
2016-07-13 21:00:00,MAITRI,-11.9,958.2,68.0,70.9,358.0,1.0,REAL_AWS
2016-07-13 22:00:00,MAITRI,-12.0,958.4,69.0,71.5,359.0,1.0,REAL_AWS
2016-07-13 23:00:00,MAITRI,-12.1,958.4,70.0,69.9,6.0,1.0,REAL_AWS
2016-07-14 00:00:00,MAITRI,-12.2,959.0,81.0,68.1,18.0,0.9798561151079136,REAL_AWS
2016-07-14 01:00:00,MAITRI,-12.4,960.0,84.0,69.4,18.0,0.9985611510791368,REAL_AWS
2016-07-14 02:00:00,MAITRI,-12.6,960.8,85.0,67.7,17.0,0.9741007194244605,REAL_AWS
2016-07-14 03:00:00,MAITRI,-12.8,961.7,85.0,68.0,18.0,0.9784172661870504,REAL_AWS
2016-07-14 04:00:00,MAITRI,-13.4,962.0,85.0,68.7,22.0,0.9884892086330935,REAL_AWS
2016-07-14 05:00:00,MAITRI,-13.6,962.5,84.0,68.1,8.0,0.9798561151079136,REAL_AWS
2016-07-14 06:00:00,MAITRI,-13.6,962.9,84.0,68.7,17.0,0.9884892086330935,REAL_AWS
2016-07-14 07:00:00,MAITRI,-13.8,963.0,83.0,66.4,15.0,0.9553956834532374,REAL_AWS
2016-07-14 08:00:00,MAITRI,-13.8,963.0,81.0,66.0,14.0,0.9496402877697842,REAL_AWS
2016-07-14 09:00:00,MAITRI,-14.0,962.8,83.0,67.6,13.0,0.9726618705035971,REAL_AWS
2016-07-14 10:00:00,MAITRI,-13.9,962.8,84.0,68.9,20.0,0.9913669064748202,REAL_AWS
2016-07-14 11:00:00,MAITRI,-13.9,962.5,83.0,66.4,13.0,0.9553956834532374,REAL_AWS
2016-07-14 12:00:00,MAITRI,-13.6,962.5,78.0,68.7,23.0,0.9884892086330935,REAL_AWS
2016-07-14 13:00:00,MAITRI,-13.7,961.9,79.0,66.8,25.0,0.9611510791366906,REAL_AWS
2016-07-14 14:00:00,MAITRI,-13.8,961.7,80.0,67.6,25.0,0.9726618705035971,REAL_AWS
2016-07-14 15:00:00,MAITRI,-14.0,961.9,79.0,67.6,22.0,0.9726618705035971,REAL_AWS
2016-07-14 16:00:00,MAITRI,-14.2,961.8,80.0,67.5,26.0,0.9712230215827338,REAL_AWS
2016-07-14 17:00:00,MAITRI,-14.6,962.0,83.0,68.3,13.0,0.9827338129496402,REAL_AWS
2016-07-14 18:00:00,MAITRI,-14.7,962.0,78.0,68.0,24.0,0.9784172661870504,REAL_AWS
2016-07-14 19:00:00,MAITRI,-14.8,962.0,74.0,67.2,24.0,0.9669064748201439,REAL_AWS
2016-07-14 20:00:00,MAITRI,-14.9,961.8,77.0,67.7,22.0,0.9741007194244605,REAL_AWS
2016-07-14 21:00:00,MAITRI,-14.8,961.5,72.0,67.9,21.0,0.9769784172661872,REAL_AWS
2016-07-14 22:00:00,MAITRI,-14.8,960.8,73.0,67.9,21.0,0.9769784172661872,REAL_AWS
2016-07-14 23:00:00,MAITRI,-14.4,960.7,56.0,68.1,19.0,0.9798561151079136,REAL_AWS
2016-07-15 00:00:00,MAITRI,-14.1,960.4,51.0,68.3,20.0,0.9827338129496402,REAL_AWS
2016-07-15 01:00:00,MAITRI,-14.1,960.1,50.0,68.2,20.0,0.981294964028777,REAL_AWS
2016-07-15 02:00:00,MAITRI,-13.8,960.0,44.0,68.1,21.0,0.9798561151079136,REAL_AWS
2016-07-15 03:00:00,MAITRI,-13.7,959.6,41.0,68.4,19.0,0.9841726618705037,REAL_AWS
2016-07-15 04:00:00,MAITRI,-13.7,959.5,40.0,68.3,19.0,0.9827338129496402,REAL_AWS
2016-07-15 05:00:00,MAITRI,-14.0,959.4,42.0,68.5,17.0,0.9856115107913669,REAL_AWS
2016-07-15 06:00:00,MAITRI,-14.1,959.3,42.0,68.4,18.0,0.9841726618705037,REAL_AWS
2016-07-15 07:00:00,MAITRI,-14.3,959.2,43.0,68.7,16.0,0.9884892086330935,REAL_AWS
2016-07-15 08:00:00,MAITRI,-14.1,959.2,44.0,69.3,12.0,0.9971223021582734,REAL_AWS
2016-07-15 09:00:00,MAITRI,-14.4,960.1,49.0,69.2,11.0,0.9956834532374101,REAL_AWS
2016-07-15 10:00:00,MAITRI,-14.2,960.4,51.0,68.3,21.0,0.9827338129496402,REAL_AWS
2016-07-15 11:00:00,MAITRI,-14.3,959.6,49.0,68.3,22.0,0.9827338129496402,REAL_AWS
2016-07-15 12:00:00,MAITRI,-12.7,959.3,46.0,68.2,20.0,0.981294964028777,REAL_AWS
2016-07-15 13:00:00,MAITRI,-12.1,958.5,51.0,68.5,22.0,0.9856115107913669,REAL_AWS
2016-07-15 14:00:00,MAITRI,-12.6,958.7,69.0,67.7,22.0,0.9741007194244605,REAL_AWS
2016-07-15 15:00:00,MAITRI,-13.1,958.9,80.0,69.3,15.0,0.9971223021582734,REAL_AWS
2016-07-15 16:00:00,MAITRI,-12.4,959.4,58.0,68.3,20.0,0.9827338129496402,REAL_AWS
2016-07-15 17:00:00,MAITRI,-11.9,959.3,49.0,68.4,19.0,0.9841726618705037,REAL_AWS
2016-07-15 18:00:00,MAITRI,-11.6,959.5,47.0,68.2,17.0,0.981294964028777,REAL_AWS
2016-07-15 19:00:00,MAITRI,-11.6,960.2,45.0,68.3,20.0,0.9827338129496402,REAL_AWS
2016-07-15 20:00:00,MAITRI,-11.7,960.2,44.0,68.3,18.0,0.9827338129496402,REAL_AWS
2016-07-15 21:00:00,MAITRI,-11.8,960.3,44.0,68.2,19.0,0.981294964028777,REAL_AWS
2016-07-15 22:00:00,MAITRI,-11.9,960.7,45.0,69.6,12.0,1.0,REAL_AWS
2016-07-15 23:00:00,MAITRI,-11.9,960.7,44.0,68.7,18.0,0.9884892086330935,REAL_AWS
2016-07-16 00:00:00,MAITRI,-12.2,961.1,48.0,69.3,11.0,0.9971223021582734,REAL_AWS
2016-07-16 01:00:00,MAITRI,-13.0,961.8,51.0,69.7,10.0,1.0,REAL_AWS
2016-07-16 02:00:00,MAITRI,-13.3,962.0,65.0,68.2,16.0,0.981294964028777,REAL_AWS
2016-07-16 03:00:00,MAITRI,-14.2,963.7,82.0,67.7,17.0,0.9741007194244605,REAL_AWS
2016-07-16 04:00:00,MAITRI,-15.9,966.4,75.0,68.7,16.0,0.9884892086330935,REAL_AWS
2016-07-16 05:00:00,MAITRI,-16.5,967.5,76.0,68.4,15.0,0.9841726618705037,REAL_AWS
2016-07-16 06:00:00,MAITRI,-17.4,969.1,72.0,68.6,16.0,0.9870503597122301,REAL_AWS
2016-07-16 07:00:00,MAITRI,-18.2,970.1,73.0,68.8,14.0,0.9899280575539567,REAL_AWS
2016-07-16 08:00:00,MAITRI,-17.7,969.9,72.0,68.5,15.0,0.9856115107913669,REAL_AWS
2016-07-16 09:00:00,MAITRI,-16.5,969.9,70.0,68.7,14.0,0.9884892086330935,REAL_AWS
2016-07-16 10:00:00,MAITRI,-16.3,970.5,64.0,68.6,15.0,0.9870503597122301,REAL_AWS
2016-07-16 11:00:00,MAITRI,-16.3,970.7,63.0,67.8,19.0,0.9755395683453237,REAL_AWS
2016-07-16 12:00:00,MAITRI,-16.3,970.9,59.0,68.2,20.0,0.981294964028777,REAL_AWS
2016-07-16 13:00:00,MAITRI,-16.2,971.3,54.0,68.7,19.0,0.9884892086330935,REAL_AWS
2016-07-16 14:00:00,MAITRI,-16.4,971.2,50.0,69.3,11.0,0.9971223021582734,REAL_AWS
2016-07-16 15:00:00,MAITRI,-16.3,971.3,48.0,68.7,18.0,0.9884892086330935,REAL_AWS
2016-07-16 16:00:00,MAITRI,-16.6,971.1,49.0,68.6,19.0,0.9870503597122301,REAL_AWS
2016-07-16 17:00:00,MAITRI,-16.6,971.0,46.0,69.5,10.0,1.0,REAL_AWS
2016-07-16 18:00:00,MAITRI,-16.9,971.1,45.0,69.4,11.0,0.9985611510791368,REAL_AWS
2016-07-16 19:00:00,MAITRI,-16.8,971.4,46.0,68.6,20.0,0.9870503597122301,REAL_AWS
2016-07-16 20:00:00,MAITRI,-17.1,971.7,43.0,68.7,17.0,0.9884892086330935,REAL_AWS
2016-07-16 21:00:00,MAITRI,-17.6,971.7,44.0,68.7,16.0,0.9884892086330935,REAL_AWS
2016-07-16 22:00:00,MAITRI,-18.1,972.3,44.0,68.9,16.0,0.9913669064748202,REAL_AWS
2016-07-16 23:00:00,MAITRI,-18.4,972.2,44.0,68.8,14.0,0.9899280575539567,REAL_AWS
2016-07-17 00:00:00,MAITRI,-18.8,972.3,43.0,68.8,15.0,0.9899280575539567,REAL_AWS
2016-07-17 01:00:00,MAITRI,-18.8,972.3,39.0,68.9,14.0,0.9913669064748202,REAL_AWS
2016-07-17 02:00:00,MAITRI,-19.2,972.8,40.0,68.9,15.0,0.9913669064748202,REAL_AWS
2016-07-17 03:00:00,MAITRI,-18.7,972.5,35.0,68.9,15.0,0.9913669064748202,REAL_AWS
2016-07-17 04:00:00,MAITRI,-18.9,972.3,34.0,69.1,14.0,0.9942446043165467,REAL_AWS
2016-07-17 05:00:00,MAITRI,-19.7,972.4,36.0,69.1,13.0,0.9942446043165467,REAL_AWS
2016-07-17 06:00:00,MAITRI,-19.1,972.2,33.0,68.9,10.0,0.9913669064748202,REAL_AWS
2016-07-17 07:00:00,MAITRI,-19.0,972.1,33.0,69.1,10.0,0.9942446043165467,REAL_AWS
2016-07-17 08:00:00,MAITRI,-19.7,972.3,34.0,69.2,10.0,0.9956834532374101,REAL_AWS
2016-07-17 09:00:00,MAITRI,-21.4,972.3,39.0,69.2,10.0,0.9956834532374101,REAL_AWS
2016-07-17 10:00:00,MAITRI,-21.1,972.2,37.0,69.2,14.0,0.9956834532374101,REAL_AWS
2016-07-17 11:00:00,MAITRI,-21.9,972.2,40.0,69.1,14.0,0.9942446043165467,REAL_AWS
2016-07-17 12:00:00,MAITRI,-24.4,972.3,50.0,68.9,17.0,0.9913669064748202,REAL_AWS
2016-07-17 13:00:00,MAITRI,-24.2,971.9,50.0,69.0,19.0,0.9928057553956835,REAL_AWS
2016-07-17 14:00:00,MAITRI,-24.8,971.5,51.0,68.6,22.0,0.9870503597122301,REAL_AWS
2016-07-17 15:00:00,MAITRI,-25.0,971.2,50.0,68.8,22.0,0.9899280575539567,REAL_AWS
2016-07-17 16:00:00,MAITRI,-23.8,970.9,43.0,68.8,18.0,0.9899280575539567,REAL_AWS
2016-07-17 17:00:00,MAITRI,-23.7,970.2,44.0,69.1,20.0,0.9942446043165467,REAL_AWS
2016-07-17 18:00:00,MAITRI,-24.9,969.8,47.0,69.0,20.0,0.9928057553956835,REAL_AWS
2016-07-17 19:00:00,MAITRI,-24.9,970.0,46.0,69.6,13.0,1.0,REAL_AWS
2016-07-17 20:00:00,MAITRI,-23.8,969.9,40.0,68.9,21.0,0.9913669064748202,REAL_AWS
2016-07-17 21:00:00,MAITRI,-22.7,969.3,36.0,69.0,21.0,0.9928057553956835,REAL_AWS
2016-07-17 22:00:00,MAITRI,-22.8,969.4,40.0,68.5,21.0,0.9856115107913669,REAL_AWS
2016-07-17 23:00:00,MAITRI,-22.8,969.1,34.0,68.8,21.0,0.9899280575539567,REAL_AWS
2016-07-18 00:00:00,MAITRI,-23.2,969.1,35.0,68.7,22.0,0.9884892086330935,REAL_AWS
2016-07-18 01:00:00,MAITRI,-23.1,968.8,36.0,68.6,22.0,0.9870503597122301,REAL_AWS
2016-07-18 02:00:00,MAITRI,-23.1,968.5,36.0,68.7,22.0,0.9884892086330935,REAL_AWS
2016-07-18 03:00:00,MAITRI,-23.0,968.0,35.0,69.5,13.0,1.0,REAL_AWS
2016-07-18 04:00:00,MAITRI,-23.6,967.6,35.0,68.7,23.0,0.9884892086330935,REAL_AWS
2016-07-18 05:00:00,MAITRI,-23.5,967.3,35.0,68.7,23.0,0.9884892086330935,REAL_AWS
2016-07-18 06:00:00,MAITRI,-23.2,966.9,34.0,68.7,23.0,0.9884892086330935,REAL_AWS
2016-07-18 07:00:00,MAITRI,-23.8,966.6,35.0,68.5,22.0,0.9856115107913669,REAL_AWS
2016-07-18 08:00:00,MAITRI,-22.9,966.2,32.0,68.7,23.0,0.9884892086330935,REAL_AWS
2016-07-18 09:00:00,MAITRI,-25.6,966.1,39.0,68.6,25.0,0.9870503597122301,REAL_AWS
2016-07-18 10:00:00,MAITRI,-22.5,965.9,32.0,68.5,23.0,0.9856115107913669,REAL_AWS
2016-07-18 11:00:00,MAITRI,-24.4,965.1,36.0,68.6,25.0,0.9870503597122301,REAL_AWS
2016-07-18 12:00:00,MAITRI,-24.6,964.4,36.0,68.6,28.0,0.9870503597122301,REAL_AWS
2016-07-18 13:00:00,MAITRI,-24.4,963.7,35.0,68.3,27.0,0.9827338129496402,REAL_AWS
2016-07-18 14:00:00,MAITRI,-24.3,962.4,37.0,68.6,27.0,0.9870503597122301,REAL_AWS
2016-07-18 15:00:00,MAITRI,-26.6,962.9,44.0,69.2,26.0,0.9956834532374101,REAL_AWS
2016-07-18 16:00:00,MAITRI,-23.9,961.4,37.0,69.0,17.0,0.9928057553956835,REAL_AWS
2016-07-18 17:00:00,MAITRI,-23.3,960.3,36.0,68.6,25.0,0.9870503597122301,REAL_AWS
2016-07-18 18:00:00,MAITRI,-23.0,959.2,38.0,68.3,26.0,0.9827338129496402,REAL_AWS
2016-07-18 19:00:00,MAITRI,-22.9,958.6,38.0,68.2,27.0,0.981294964028777,REAL_AWS
2016-07-18 20:00:00,MAITRI,-23.9,958.6,40.0,68.6,27.0,0.9870503597122301,REAL_AWS
2016-07-18 21:00:00,MAITRI,-23.0,957.4,39.0,68.7,26.0,0.9884892086330935,REAL_AWS
2016-07-18 22:00:00,MAITRI,-22.9,956.6,38.0,68.9,26.0,0.9913669064748202,REAL_AWS
2016-07-18 23:00:00,MAITRI,-22.3,955.7,37.0,68.4,27.0,0.9841726618705037,REAL_AWS
2016-07-19 00:00:00,MAITRI,-21.6,954.3,36.0,68.5,23.0,0.9856115107913669,REAL_AWS
2016-07-19 01:00:00,MAITRI,-21.4,953.3,35.0,68.4,24.0,0.9841726618705037,REAL_AWS
2016-07-19 02:00:00,MAITRI,-22.0,952.5,36.0,68.2,25.0,0.981294964028777,REAL_AWS
2016-07-19 03:00:00,MAITRI,-21.6,951.5,35.0,68.4,25.0,0.9841726618705037,REAL_AWS
2016-07-19 04:00:00,MAITRI,-22.0,950.7,36.0,68.5,25.0,0.9856115107913669,REAL_AWS
2016-07-19 05:00:00,MAITRI,-21.9,950.0,35.0,68.3,26.0,0.9827338129496402,REAL_AWS
2016-07-19 06:00:00,MAITRI,-22.4,949.4,36.0,68.3,27.0,0.9827338129496402,REAL_AWS
2016-07-19 07:00:00,MAITRI,-22.1,948.7,34.0,68.9,17.0,0.9913669064748202,REAL_AWS
2016-07-19 08:00:00,MAITRI,-22.6,947.9,35.0,68.6,24.0,0.9870503597122301,REAL_AWS
2016-07-19 09:00:00,MAITRI,-22.2,947.7,35.0,68.1,24.0,0.9798561151079136,REAL_AWS
2016-07-19 10:00:00,MAITRI,-21.8,947.3,36.0,68.3,29.0,0.9827338129496402,REAL_AWS
2016-07-19 11:00:00,MAITRI,-22.1,947.0,36.0,68.6,20.0,0.9870503597122301,REAL_AWS
2016-07-19 12:00:00,MAITRI,-21.5,946.9,34.0,68.8,19.0,0.9899280575539567,REAL_AWS
2016-07-19 13:00:00,MAITRI,-22.1,946.6,36.0,68.2,27.0,0.981294964028777,REAL_AWS
2016-07-19 14:00:00,MAITRI,-21.5,946.2,35.0,68.1,27.0,0.9798561151079136,REAL_AWS
2016-07-19 15:00:00,MAITRI,-21.2,945.9,35.0,68.4,25.0,0.9841726618705037,REAL_AWS
2016-07-19 16:00:00,MAITRI,-21.7,945.6,37.0,68.2,25.0,0.981294964028777,REAL_AWS
2016-07-19 17:00:00,MAITRI,-21.2,945.8,38.0,68.3,28.0,0.9827338129496402,REAL_AWS
2016-07-19 18:00:00,MAITRI,-20.9,945.5,36.0,68.4,23.0,0.9841726618705037,REAL_AWS
2016-07-19 19:00:00,MAITRI,-21.0,945.7,38.0,68.3,27.0,0.9827338129496402,REAL_AWS
2016-07-19 20:00:00,MAITRI,-20.4,945.9,36.0,68.6,26.0,0.9870503597122301,REAL_AWS
2016-07-19 21:00:00,MAITRI,-19.9,945.4,36.0,68.9,26.0,0.9913669064748202,REAL_AWS
2016-07-19 22:00:00,MAITRI,-19.8,945.2,37.0,68.2,25.0,0.981294964028777,REAL_AWS
2016-07-19 23:00:00,MAITRI,-19.8,945.0,41.0,68.7,27.0,0.9884892086330935,REAL_AWS
2016-07-20 00:00:00,MAITRI,-19.5,944.8,42.0,69.4,27.0,0.9985611510791368,REAL_AWS
2016-07-20 01:00:00,MAITRI,-17.9,945.2,33.0,69.1,22.0,0.9942446043165467,REAL_AWS
2016-07-20 02:00:00,MAITRI,-17.6,945.0,36.0,68.4,26.0,0.9841726618705037,REAL_AWS
2016-07-20 03:00:00,MAITRI,-16.1,944.6,42.0,68.8,30.0,0.9899280575539567,REAL_AWS
2016-07-20 04:00:00,MAITRI,-14.7,943.8,39.0,68.7,26.0,0.9884892086330935,REAL_AWS
2016-07-20 05:00:00,MAITRI,-13.7,944.0,45.0,67.8,26.0,0.9755395683453237,REAL_AWS
2016-07-20 06:00:00,MAITRI,-12.4,943.9,43.0,67.8,29.0,0.9755395683453237,REAL_AWS
2016-07-20 07:00:00,MAITRI,-12.0,944.1,41.0,67.9,26.0,0.9769784172661872,REAL_AWS
2016-07-20 08:00:00,MAITRI,-11.5,944.1,43.0,68.0,24.0,0.9784172661870504,REAL_AWS
2016-07-20 09:00:00,MAITRI,-11.2,943.8,43.0,68.3,23.0,0.9827338129496402,REAL_AWS
2016-07-20 10:00:00,MAITRI,-11.4,943.9,42.0,67.8,25.0,0.9755395683453237,REAL_AWS
2016-07-20 11:00:00,MAITRI,-11.4,944.1,40.0,67.8,25.0,0.9755395683453237,REAL_AWS
2016-07-20 12:00:00,MAITRI,-11.1,944.3,38.0,68.2,24.0,0.981294964028777,REAL_AWS
2016-07-20 13:00:00,MAITRI,-11.0,944.7,37.0,67.8,24.0,0.9755395683453237,REAL_AWS
2016-07-20 14:00:00,MAITRI,-12.1,945.2,43.0,68.2,24.0,0.981294964028777,REAL_AWS
2016-07-20 15:00:00,MAITRI,-13.7,945.3,40.0,68.2,23.0,0.981294964028777,REAL_AWS
2016-07-20 16:00:00,MAITRI,-14.7,945.3,36.0,68.3,17.0,0.9827338129496402,REAL_AWS
2016-07-20 17:00:00,MAITRI,-14.6,946.0,36.0,67.9,19.0,0.9769784172661872,REAL_AWS
2016-07-20 18:00:00,MAITRI,-14.5,946.9,36.0,69.1,12.0,0.9942446043165467,REAL_AWS
2016-07-20 19:00:00,MAITRI,-14.7,947.6,37.0,68.9,19.0,0.9913669064748202,REAL_AWS
2016-07-20 20:00:00,MAITRI,-14.5,948.6,37.0,68.1,22.0,0.9798561151079136,REAL_AWS
2016-07-20 21:00:00,MAITRI,-14.7,948.7,38.0,69.0,22.0,0.9928057553956835,REAL_AWS
2016-07-20 22:00:00,MAITRI,-13.8,949.1,37.0,67.6,16.0,0.9726618705035971,REAL_AWS
2016-07-20 23:00:00,MAITRI,-13.7,949.7,36.0,68.0,24.0,0.9784172661870504,REAL_AWS
2016-07-21 00:00:00,MAITRI,-14.0,950.6,36.0,68.0,25.0,0.9784172661870504,REAL_AWS
2016-07-21 01:00:00,MAITRI,-13.7,951.3,37.0,68.0,28.0,0.9784172661870504,REAL_AWS
2016-07-21 02:00:00,MAITRI,-14.2,952.3,36.0,68.1,26.0,0.9798561151079136,REAL_AWS
2016-07-21 03:00:00,MAITRI,-14.1,952.9,36.0,68.0,25.0,0.9784172661870504,REAL_AWS
2016-07-21 04:00:00,MAITRI,-13.8,953.5,36.0,67.8,25.0,0.9755395683453237,REAL_AWS
2016-07-21 05:00:00,MAITRI,-14.2,954.2,40.0,69.0,15.0,0.9928057553956835,REAL_AWS
2016-07-21 06:00:00,MAITRI,-14.4,954.8,38.0,68.5,21.0,0.9856115107913669,REAL_AWS
2016-07-21 07:00:00,MAITRI,-14.7,955.7,37.0,68.2,22.0,0.981294964028777,REAL_AWS
2016-07-21 08:00:00,MAITRI,-14.9,956.7,36.0,68.6,22.0,0.9870503597122301,REAL_AWS
2016-07-21 09:00:00,MAITRI,-15.1,957.0,33.0,68.5,22.0,0.9856115107913669,REAL_AWS
2016-07-21 10:00:00,MAITRI,-15.0,957.6,35.0,68.3,22.0,0.9827338129496402,REAL_AWS
2016-07-21 11:00:00,MAITRI,-16.1,958.1,34.0,68.2,24.0,0.981294964028777,REAL_AWS
2016-07-21 12:00:00,MAITRI,-16.6,958.7,34.0,68.3,21.0,0.9827338129496402,REAL_AWS
2016-07-21 13:00:00,MAITRI,-16.7,959.3,34.0,68.6,20.0,0.9870503597122301,REAL_AWS
2016-07-21 14:00:00,MAITRI,-16.9,959.7,32.0,68.2,21.0,0.981294964028777,REAL_AWS
2016-07-21 15:00:00,MAITRI,-17.2,960.3,32.0,69.0,19.0,0.9928057553956835,REAL_AWS
2016-07-21 16:00:00,MAITRI,-17.3,960.8,34.0,68.7,21.0,0.9884892086330935,REAL_AWS
2016-07-21 17:00:00,MAITRI,-17.1,961.2,31.0,68.5,21.0,0.9856115107913669,REAL_AWS
2016-07-21 18:00:00,MAITRI,-17.9,961.8,34.0,68.5,19.0,0.9856115107913669,REAL_AWS
2016-07-21 19:00:00,MAITRI,-17.5,962.3,33.0,68.7,23.0,0.9884892086330935,REAL_AWS
2016-07-21 20:00:00,MAITRI,-17.7,962.7,34.0,68.2,22.0,0.981294964028777,REAL_AWS
2016-07-21 21:00:00,MAITRI,-17.9,962.4,33.0,68.2,23.0,0.981294964028777,REAL_AWS
2016-07-21 22:00:00,MAITRI,-17.7,962.8,33.0,68.4,19.0,0.9841726618705037,REAL_AWS
2016-07-21 23:00:00,MAITRI,-18.3,963.2,34.0,69.5,17.0,1.0,REAL_AWS
2016-07-22 00:00:00,MAITRI,-18.0,963.5,33.0,68.7,26.0,0.9884892086330935,REAL_AWS
2016-07-22 01:00:00,MAITRI,-18.6,963.9,32.0,68.2,28.0,0.981294964028777,REAL_AWS
2016-07-22 02:00:00,MAITRI,-19.4,964.0,34.0,68.8,28.0,0.9899280575539567,REAL_AWS
2016-07-22 03:00:00,MAITRI,-20.1,963.9,33.0,68.0,24.0,0.9784172661870504,REAL_AWS
2016-07-22 04:00:00,MAITRI,-20.7,963.8,33.0,68.8,28.0,0.9899280575539567,REAL_AWS
2016-07-22 05:00:00,MAITRI,-21.2,963.8,33.0,68.3,25.0,0.9827338129496402,REAL_AWS
2016-07-22 06:00:00,MAITRI,-21.2,964.3,33.0,69.5,25.0,1.0,REAL_AWS
2016-07-22 07:00:00,MAITRI,-20.7,964.3,34.0,69.0,27.0,0.9928057553956835,REAL_AWS
2016-07-22 08:00:00,MAITRI,-22.3,965.5,39.0,68.6,32.0,0.9870503597122301,REAL_AWS
2016-07-22 09:00:00,MAITRI,-21.7,965.6,37.0,68.0,26.0,0.9784172661870504,REAL_AWS
2016-07-22 10:00:00,MAITRI,-22.9,966.0,42.0,68.4,28.0,0.9841726618705037,REAL_AWS
2016-07-22 11:00:00,MAITRI,-22.6,965.9,41.0,68.7,19.0,0.9884892086330935,REAL_AWS
2016-07-22 12:00:00,MAITRI,-23.4,966.5,46.0,69.1,20.0,0.9942446043165467,REAL_AWS
2016-07-22 13:00:00,MAITRI,-22.7,966.5,41.0,68.2,28.0,0.981294964028777,REAL_AWS
2016-07-22 14:00:00,MAITRI,-21.7,967.0,38.0,68.1,27.0,0.9798561151079136,REAL_AWS
2016-07-22 15:00:00,MAITRI,-21.9,967.0,38.0,68.2,26.0,0.981294964028777,REAL_AWS
2016-07-22 16:00:00,MAITRI,-23.0,967.2,41.0,68.7,27.0,0.9884892086330935,REAL_AWS
2016-07-22 17:00:00,MAITRI,-22.9,967.7,40.0,68.1,25.0,0.9798561151079136,REAL_AWS
2016-07-22 18:00:00,MAITRI,-22.6,968.5,40.0,68.6,25.0,0.9870503597122301,REAL_AWS
2016-07-22 19:00:00,MAITRI,-22.7,968.2,39.0,68.4,25.0,0.9841726618705037,REAL_AWS
2016-07-22 20:00:00,MAITRI,-23.4,969.4,40.0,68.7,24.0,0.9884892086330935,REAL_AWS
2016-07-22 21:00:00,MAITRI,-22.6,969.6,41.0,68.7,23.0,0.9884892086330935,REAL_AWS
2016-07-22 22:00:00,MAITRI,-22.9,969.9,41.0,68.5,24.0,0.9856115107913669,REAL_AWS
2016-07-22 23:00:00,MAITRI,-23.4,970.3,41.0,68.5,22.0,0.9856115107913669,REAL_AWS
2016-07-23 00:00:00,MAITRI,-22.1,970.8,38.0,68.4,22.0,0.9841726618705037,REAL_AWS
2016-07-23 01:00:00,MAITRI,-22.2,970.9,39.0,68.5,23.0,0.9856115107913669,REAL_AWS
2016-07-23 02:00:00,MAITRI,-22.9,970.9,41.0,68.4,22.0,0.9841726618705037,REAL_AWS
2016-07-23 03:00:00,MAITRI,-22.8,971.8,37.0,68.9,21.0,0.9913669064748202,REAL_AWS
2016-07-23 04:00:00,MAITRI,-22.4,972.6,36.0,68.4,20.0,0.9841726618705037,REAL_AWS
2016-07-23 05:00:00,MAITRI,-23.7,973.3,40.0,68.9,20.0,0.9913669064748202,REAL_AWS
2016-07-23 06:00:00,MAITRI,-23.6,974.1,41.0,68.6,21.0,0.9870503597122301,REAL_AWS
2016-07-23 07:00:00,MAITRI,-24.2,974.7,40.0,69.4,12.0,0.9985611510791368,REAL_AWS
2016-07-23 08:00:00,MAITRI,-23.1,974.8,42.0,68.7,19.0,0.9884892086330935,REAL_AWS
2016-07-23 09:00:00,MAITRI,-26.2,976.0,47.0,69.2,13.0,0.9956834532374101,REAL_AWS
2016-07-23 10:00:00,MAITRI,-23.3,976.0,41.0,68.8,21.0,0.9899280575539567,REAL_AWS
2016-07-23 11:00:00,MAITRI,-23.1,976.3,42.0,69.1,13.0,0.9942446043165467,REAL_AWS
2016-07-23 12:00:00,MAITRI,-25.0,977.2,40.0,69.0,22.0,0.9928057553956835,REAL_AWS
2016-07-23 13:00:00,MAITRI,-26.7,977.7,50.0,68.5,25.0,0.9856115107913669,REAL_AWS
2016-07-23 14:00:00,MAITRI,-24.3,978.2,46.0,68.4,26.0,0.9841726618705037,REAL_AWS
2016-07-23 15:00:00,MAITRI,-23.7,978.3,41.0,68.7,24.0,0.9884892086330935,REAL_AWS
2016-07-23 16:00:00,MAITRI,-23.6,978.5,40.0,69.3,15.0,0.9971223021582734,REAL_AWS
2016-07-23 17:00:00,MAITRI,-23.9,978.6,40.0,69.2,14.0,0.9956834532374101,REAL_AWS
2016-07-23 18:00:00,MAITRI,-23.1,978.9,38.0,68.7,22.0,0.9884892086330935,REAL_AWS
2016-07-23 19:00:00,MAITRI,-26.7,979.6,45.0,68.6,23.0,0.9870503597122301,REAL_AWS
2016-07-23 20:00:00,MAITRI,-24.8,979.9,41.0,68.8,23.0,0.9899280575539567,REAL_AWS
2016-07-23 21:00:00,MAITRI,-23.9,979.6,42.0,68.7,24.0,0.9884892086330935,REAL_AWS
2016-07-23 22:00:00,MAITRI,-24.0,979.9,42.0,68.6,24.0,0.9870503597122301,REAL_AWS
2016-07-23 23:00:00,MAITRI,-23.4,979.7,40.0,68.5,24.0,0.9856115107913669,REAL_AWS
2016-07-24 00:00:00,MAITRI,-23.8,980.4,41.0,68.5,27.0,0.9856115107913669,REAL_AWS
2016-07-24 01:00:00,MAITRI,-24.1,980.5,45.0,68.3,26.0,0.9827338129496402,REAL_AWS
2016-07-24 02:00:00,MAITRI,-23.9,980.5,43.0,68.3,27.0,0.9827338129496402,REAL_AWS
2016-07-24 03:00:00,MAITRI,-24.9,980.7,45.0,68.3,25.0,0.9827338129496402,REAL_AWS
2016-07-24 04:00:00,MAITRI,-24.5,980.1,45.0,68.3,24.0,0.9827338129496402,REAL_AWS
2016-07-24 05:00:00,MAITRI,-24.4,980.2,42.0,68.6,24.0,0.9870503597122301,REAL_AWS
2016-07-24 06:00:00,MAITRI,-24.8,980.5,46.0,68.6,23.0,0.9870503597122301,REAL_AWS
2016-07-24 07:00:00,MAITRI,-21.6,980.0,38.0,68.5,23.0,0.9856115107913669,REAL_AWS
2016-07-24 08:00:00,MAITRI,-19.6,979.5,34.0,68.6,22.0,0.9870503597122301,REAL_AWS
2016-07-24 09:00:00,MAITRI,-22.8,979.9,36.0,68.5,22.0,0.9856115107913669,REAL_AWS
2016-07-24 10:00:00,MAITRI,-22.0,978.7,41.0,68.2,23.0,0.981294964028777,REAL_AWS
2016-07-24 11:00:00,MAITRI,-20.3,978.2,36.0,68.4,24.0,0.9841726618705037,REAL_AWS
2016-07-24 12:00:00,MAITRI,-21.7,977.6,42.0,68.8,23.0,0.9899280575539567,REAL_AWS
2016-07-24 13:00:00,MAITRI,-21.9,976.7,44.0,68.5,23.0,0.9856115107913669,REAL_AWS
2016-07-24 14:00:00,MAITRI,-14.8,975.3,28.0,68.6,20.0,0.9870503597122301,REAL_AWS
2016-07-24 15:00:00,MAITRI,-14.6,974.6,27.0,68.7,21.0,0.9884892086330935,REAL_AWS
2016-07-24 16:00:00,MAITRI,-14.7,974.3,29.0,68.5,22.0,0.9856115107913669,REAL_AWS
2016-07-24 17:00:00,MAITRI,-15.2,973.6,30.0,68.7,22.0,0.9884892086330935,REAL_AWS
2016-07-24 18:00:00,MAITRI,-14.9,972.4,31.0,68.3,23.0,0.9827338129496402,REAL_AWS
2016-07-24 19:00:00,MAITRI,-13.5,971.2,26.0,68.3,23.0,0.9827338129496402,REAL_AWS
2016-07-24 20:00:00,MAITRI,-13.6,970.1,29.0,68.4,22.0,0.9841726618705037,REAL_AWS
2016-07-24 21:00:00,MAITRI,-12.6,968.6,24.0,68.0,23.0,0.9784172661870504,REAL_AWS
2016-07-24 22:00:00,MAITRI,-12.1,967.4,25.0,68.0,22.0,0.9784172661870504,REAL_AWS
2016-07-24 23:00:00,MAITRI,-11.2,966.5,24.0,68.2,24.0,0.981294964028777,REAL_AWS
2016-07-25 00:00:00,MAITRI,-11.1,965.9,26.0,68.9,17.0,0.9913669064748202,REAL_AWS
2016-07-25 01:00:00,MAITRI,-11.8,965.9,30.0,69.0,17.0,0.9928057553956835,REAL_AWS
2016-07-25 02:00:00,MAITRI,-12.1,965.5,33.0,69.0,16.0,0.9928057553956835,REAL_AWS
2016-07-25 03:00:00,MAITRI,-11.3,964.7,30.0,68.2,23.0,0.981294964028777,REAL_AWS
2016-07-25 04:00:00,MAITRI,-11.7,965.1,32.0,68.2,24.0,0.981294964028777,REAL_AWS
2016-07-25 05:00:00,MAITRI,-12.2,964.6,36.0,68.1,23.0,0.9798561151079136,REAL_AWS
2016-07-25 06:00:00,MAITRI,-12.3,964.9,36.0,68.1,22.0,0.9798561151079136,REAL_AWS
2016-07-25 07:00:00,MAITRI,-12.6,964.7,38.0,68.3,22.0,0.9827338129496402,REAL_AWS
2016-07-25 08:00:00,MAITRI,-13.7,965.2,41.0,68.4,23.0,0.9841726618705037,REAL_AWS
2016-07-25 09:00:00,MAITRI,-14.9,965.4,48.0,68.3,22.0,0.9827338129496402,REAL_AWS
2016-07-25 10:00:00,MAITRI,-14.7,965.5,48.0,68.1,26.0,0.9798561151079136,REAL_AWS
2016-07-25 11:00:00,MAITRI,-15.0,966.4,56.0,68.0,27.0,0.9784172661870504,REAL_AWS
2016-07-25 12:00:00,MAITRI,-15.1,967.0,55.0,68.0,25.0,0.9784172661870504,REAL_AWS
2016-07-25 13:00:00,MAITRI,-15.4,968.0,54.0,68.1,25.0,0.9798561151079136,REAL_AWS
2016-07-25 14:00:00,MAITRI,-15.3,968.5,53.0,68.3,23.0,0.9827338129496402,REAL_AWS
2016-07-25 15:00:00,MAITRI,-15.4,969.0,51.0,68.1,22.0,0.9798561151079136,REAL_AWS
2016-07-25 16:00:00,MAITRI,-15.6,969.8,51.0,68.5,22.0,0.9856115107913669,REAL_AWS
2016-07-25 17:00:00,MAITRI,-15.6,970.9,47.0,68.3,22.0,0.9827338129496402,REAL_AWS
2016-07-25 18:00:00,MAITRI,-16.0,972.5,45.0,68.1,23.0,0.9798561151079136,REAL_AWS
2016-07-25 19:00:00,MAITRI,-16.3,973.9,46.0,68.6,23.0,0.9870503597122301,REAL_AWS
2016-07-25 20:00:00,MAITRI,-17.0,975.6,50.0,68.2,23.0,0.981294964028777,REAL_AWS
2016-07-25 21:00:00,MAITRI,-17.5,976.6,50.0,69.1,14.0,0.9942446043165467,REAL_AWS
2016-07-25 22:00:00,MAITRI,-18.5,977.7,55.0,68.5,20.0,0.9856115107913669,REAL_AWS
2016-07-25 23:00:00,MAITRI,-19.4,978.4,56.0,68.4,20.0,0.9841726618705037,REAL_AWS
2016-07-26 00:00:00,MAITRI,-19.1,979.6,51.0,68.6,20.0,0.9870503597122301,REAL_AWS
2016-07-26 01:00:00,MAITRI,-20.0,980.4,51.0,68.5,18.0,0.9856115107913669,REAL_AWS
2016-07-26 02:00:00,MAITRI,-20.9,981.2,51.0,69.4,12.0,0.9985611510791368,REAL_AWS
2016-07-26 03:00:00,MAITRI,-21.3,981.3,53.0,69.4,12.0,0.9985611510791368,REAL_AWS
2016-07-26 04:00:00,MAITRI,-21.6,982.1,53.0,68.6,18.0,0.9870503597122301,REAL_AWS
2016-07-26 05:00:00,MAITRI,-21.8,981.9,53.0,68.6,18.0,0.9870503597122301,REAL_AWS
2016-07-26 06:00:00,MAITRI,-20.1,981.5,46.0,68.6,11.0,0.9870503597122301,REAL_AWS
2016-07-26 07:00:00,MAITRI,-18.9,981.6,36.0,68.8,18.0,0.9899280575539567,REAL_AWS
2016-07-26 08:00:00,MAITRI,-18.4,981.1,34.0,68.8,21.0,0.9899280575539567,REAL_AWS
2016-07-26 09:00:00,MAITRI,-18.7,980.5,36.0,68.7,20.0,0.9884892086330935,REAL_AWS
2016-07-26 10:00:00,MAITRI,-19.2,979.8,40.0,68.5,24.0,0.9856115107913669,REAL_AWS
2016-07-26 11:00:00,MAITRI,-17.1,978.4,35.0,69.5,10.0,1.0,REAL_AWS
2016-07-26 12:00:00,MAITRI,-16.5,976.7,33.0,68.3,27.0,0.9827338129496402,REAL_AWS
2016-07-26 13:00:00,MAITRI,-15.3,975.0,32.0,68.0,26.0,0.9784172661870504,REAL_AWS
2016-07-26 14:00:00,MAITRI,-14.6,972.3,33.0,68.3,26.0,0.9827338129496402,REAL_AWS
2016-07-26 15:00:00,MAITRI,-14.1,969.9,34.0,67.8,25.0,0.9755395683453237,REAL_AWS
2016-07-26 16:00:00,MAITRI,-15.0,968.2,46.0,67.9,27.0,0.9769784172661872,REAL_AWS
2016-07-26 17:00:00,MAITRI,-14.7,966.4,47.0,67.8,25.0,0.9755395683453237,REAL_AWS
2016-07-26 18:00:00,MAITRI,-15.0,965.7,54.0,69.4,26.0,0.9985611510791368,REAL_AWS
2016-07-26 19:00:00,MAITRI,-15.2,964.0,77.0,64.7,11.0,0.9309352517985612,REAL_AWS
2016-07-26 20:00:00,MAITRI,-15.4,962.7,84.0,63.3,20.0,0.9107913669064748,REAL_AWS
2016-07-26 21:00:00,MAITRI,-15.6,961.6,84.0,52.9,10.0,0.7611510791366907,REAL_AWS
2016-07-26 22:00:00,MAITRI,-14.9,959.8,82.0,64.9,11.0,0.9338129496402878,REAL_AWS
2016-07-26 23:00:00,MAITRI,-14.6,958.1,86.0,52.2,9.0,0.7510791366906475,REAL_AWS
2016-07-27 00:00:00,MAITRI,-14.5,956.9,86.0,52.5,7.0,0.7553956834532374,REAL_AWS
2016-07-27 01:00:00,MAITRI,-14.2,955.6,85.0,67.5,18.0,0.9712230215827338,REAL_AWS
2016-07-27 02:00:00,MAITRI,-13.5,954.6,80.0,68.2,17.0,0.981294964028777,REAL_AWS
2016-07-27 03:00:00,MAITRI,-13.0,954.3,72.0,67.6,24.0,0.9726618705035971,REAL_AWS
2016-07-27 04:00:00,MAITRI,-12.7,955.6,66.0,67.7,26.0,0.9741007194244605,REAL_AWS
2016-07-27 05:00:00,MAITRI,-12.5,955.8,56.0,67.7,23.0,0.9741007194244605,REAL_AWS
2016-07-27 06:00:00,MAITRI,-12.6,956.5,56.0,68.0,23.0,0.9784172661870504,REAL_AWS
2016-07-27 07:00:00,MAITRI,-12.6,957.0,55.0,68.6,27.0,0.9870503597122301,REAL_AWS
2016-07-27 08:00:00,MAITRI,-12.5,957.7,52.0,67.9,21.0,0.9769784172661872,REAL_AWS
2016-07-27 09:00:00,MAITRI,-12.6,958.5,53.0,67.4,24.0,0.9697841726618706,REAL_AWS
2016-07-27 10:00:00,MAITRI,-12.4,959.8,44.0,68.4,27.0,0.9841726618705037,REAL_AWS
2016-07-27 11:00:00,MAITRI,-12.3,961.7,42.0,67.8,29.0,0.9755395683453237,REAL_AWS
2016-07-27 12:00:00,MAITRI,-12.3,963.3,41.0,67.4,27.0,0.9697841726618706,REAL_AWS
2016-07-27 13:00:00,MAITRI,-12.8,965.2,44.0,67.7,29.0,0.9741007194244605,REAL_AWS
2016-07-27 14:00:00,MAITRI,-13.6,966.5,48.0,67.7,28.0,0.9741007194244605,REAL_AWS
2016-07-27 15:00:00,MAITRI,-13.5,967.0,44.0,68.4,18.0,0.9841726618705037,REAL_AWS
2016-07-27 16:00:00,MAITRI,-13.7,968.1,39.0,67.8,29.0,0.9755395683453237,REAL_AWS
2016-07-27 17:00:00,MAITRI,-14.2,968.8,38.0,67.9,27.0,0.9769784172661872,REAL_AWS
2016-07-27 18:00:00,MAITRI,-14.7,969.7,41.0,68.1,29.0,0.9798561151079136,REAL_AWS
2016-07-27 19:00:00,MAITRI,-15.1,970.6,39.0,67.8,29.0,0.9755395683453237,REAL_AWS
2016-07-27 20:00:00,MAITRI,-15.5,972.1,39.0,67.6,29.0,0.9726618705035971,REAL_AWS
2016-07-27 21:00:00,MAITRI,-16.0,973.1,42.0,67.6,28.0,0.9726618705035971,REAL_AWS
2016-07-27 22:00:00,MAITRI,-16.4,974.0,41.0,68.1,28.0,0.9798561151079136,REAL_AWS
2016-07-27 23:00:00,MAITRI,-16.6,974.6,40.0,68.6,18.0,0.9870503597122301,REAL_AWS
2016-07-28 00:00:00,MAITRI,-17.1,975.0,41.0,68.0,25.0,0.9784172661870504,REAL_AWS
2016-07-28 01:00:00,MAITRI,-17.3,975.3,41.0,68.2,25.0,0.981294964028777,REAL_AWS
2016-07-28 02:00:00,MAITRI,-17.6,975.5,39.0,69.1,16.0,0.9942446043165467,REAL_AWS
2016-07-28 03:00:00,MAITRI,-17.7,975.6,41.0,68.2,24.0,0.981294964028777,REAL_AWS
2016-07-28 04:00:00,MAITRI,-18.4,976.0,38.0,69.0,15.0,0.9928057553956835,REAL_AWS
2016-07-28 05:00:00,MAITRI,-18.7,976.3,37.0,68.2,24.0,0.981294964028777,REAL_AWS
2016-07-28 06:00:00,MAITRI,-18.8,976.4,35.0,69.2,15.0,0.9956834532374101,REAL_AWS
2016-07-28 07:00:00,MAITRI,-18.7,976.1,33.0,68.3,24.0,0.9827338129496402,REAL_AWS
2016-07-28 08:00:00,MAITRI,-19.1,976.4,33.0,68.8,17.0,0.9899280575539567,REAL_AWS
2016-07-28 09:00:00,MAITRI,-19.2,976.0,33.0,68.4,24.0,0.9841726618705037,REAL_AWS
2016-07-28 10:00:00,MAITRI,-19.2,976.5,33.0,68.4,27.0,0.9841726618705037,REAL_AWS
2016-07-28 11:00:00,MAITRI,-19.3,976.5,34.0,68.0,28.0,0.9784172661870504,REAL_AWS
2016-07-28 12:00:00,MAITRI,-19.0,975.7,33.0,68.2,28.0,0.981294964028777,REAL_AWS
2016-07-28 13:00:00,MAITRI,-19.7,976.1,36.0,68.0,28.0,0.9784172661870504,REAL_AWS
2016-07-28 14:00:00,MAITRI,-19.8,975.6,35.0,68.8,19.0,0.9899280575539567,REAL_AWS
2016-07-28 15:00:00,MAITRI,-20.3,975.1,39.0,68.4,27.0,0.9841726618705037,REAL_AWS
2016-07-28 16:00:00,MAITRI,-19.6,974.8,35.0,68.3,26.0,0.9827338129496402,REAL_AWS
2016-07-28 17:00:00,MAITRI,-19.6,974.8,37.0,68.1,26.0,0.9798561151079136,REAL_AWS
2016-07-28 18:00:00,MAITRI,-19.2,974.9,35.0,68.3,25.0,0.9827338129496402,REAL_AWS
2016-07-28 19:00:00,MAITRI,-20.2,975.2,41.0,69.1,15.0,0.9942446043165467,REAL_AWS
2016-07-28 20:00:00,MAITRI,-19.8,974.9,34.0,68.5,26.0,0.9856115107913669,REAL_AWS
2016-07-28 21:00:00,MAITRI,-19.5,975.1,33.0,68.4,25.0,0.9841726618705037,REAL_AWS
2016-07-28 22:00:00,MAITRI,-19.3,975.1,33.0,68.1,26.0,0.9798561151079136,REAL_AWS
2016-07-28 23:00:00,MAITRI,-19.3,975.3,32.0,68.1,26.0,0.9798561151079136,REAL_AWS
2016-07-29 00:00:00,MAITRI,-18.4,975.3,31.0,68.1,25.0,0.9798561151079136,REAL_AWS
2016-07-29 01:00:00,MAITRI,-19.3,976.0,33.0,68.1,27.0,0.9798561151079136,REAL_AWS
2016-07-29 02:00:00,MAITRI,-19.9,976.8,35.0,67.9,26.0,0.9769784172661872,REAL_AWS
2016-07-29 03:00:00,MAITRI,-20.9,976.9,39.0,68.3,26.0,0.9827338129496402,REAL_AWS
2016-07-29 04:00:00,MAITRI,-22.6,977.9,46.0,68.4,25.0,0.9841726618705037,REAL_AWS
2016-07-29 05:00:00,MAITRI,-23.4,978.7,49.0,68.5,24.0,0.9856115107913669,REAL_AWS
2016-07-29 06:00:00,MAITRI,-23.2,979.0,45.0,68.9,15.0,0.9913669064748202,REAL_AWS
2016-07-29 07:00:00,MAITRI,-23.7,979.5,45.0,68.5,23.0,0.9856115107913669,REAL_AWS
2016-07-29 08:00:00,MAITRI,-23.5,980.0,43.0,68.6,23.0,0.9870503597122301,REAL_AWS
2016-07-29 09:00:00,MAITRI,-24.8,980.7,43.0,69.1,14.0,0.9942446043165467,REAL_AWS
2016-07-29 10:00:00,MAITRI,-23.5,981.6,42.0,68.2,24.0,0.981294964028777,REAL_AWS
2016-07-29 11:00:00,MAITRI,-24.4,982.2,45.0,68.5,24.0,0.9856115107913669,REAL_AWS
2016-07-29 12:00:00,MAITRI,-25.2,983.0,47.0,68.5,26.0,0.9856115107913669,REAL_AWS
2016-07-29 13:00:00,MAITRI,-24.4,983.3,44.0,68.3,27.0,0.9827338129496402,REAL_AWS
2016-07-29 14:00:00,MAITRI,-25.7,983.6,46.0,68.4,29.0,0.9841726618705037,REAL_AWS
2016-07-29 15:00:00,MAITRI,-24.9,983.7,41.0,68.2,28.0,0.981294964028777,REAL_AWS
2016-07-29 16:00:00,MAITRI,-26.7,984.5,47.0,68.4,29.0,0.9841726618705037,REAL_AWS
2016-07-29 17:00:00,MAITRI,-27.1,985.2,48.0,68.3,29.0,0.9827338129496402,REAL_AWS
2016-07-29 18:00:00,MAITRI,-25.8,985.4,43.0,68.3,27.0,0.9827338129496402,REAL_AWS
2016-07-29 19:00:00,MAITRI,-25.1,985.3,37.0,68.1,27.0,0.9798561151079136,REAL_AWS
2016-07-29 20:00:00,MAITRI,-25.3,985.2,40.0,68.4,27.0,0.9841726618705037,REAL_AWS
2016-07-29 21:00:00,MAITRI,-24.4,985.5,35.0,68.6,26.0,0.9870503597122301,REAL_AWS
2016-07-29 22:00:00,MAITRI,-24.9,985.3,36.0,68.4,25.0,0.9841726618705037,REAL_AWS
2016-07-29 23:00:00,MAITRI,-26.6,985.9,42.0,68.6,25.0,0.9870503597122301,REAL_AWS
2016-07-30 00:00:00,MAITRI,-27.2,986.1,44.0,68.6,25.0,0.9870503597122301,REAL_AWS
2016-07-30 01:00:00,MAITRI,-25.5,986.0,35.0,68.4,23.0,0.9841726618705037,REAL_AWS
2016-07-30 02:00:00,MAITRI,-25.4,985.1,36.0,68.4,23.0,0.9841726618705037,REAL_AWS
2016-07-30 03:00:00,MAITRI,-25.9,985.5,38.0,68.6,22.0,0.9870503597122301,REAL_AWS
2016-07-30 04:00:00,MAITRI,-25.7,985.3,36.0,68.5,22.0,0.9856115107913669,REAL_AWS
2016-07-30 05:00:00,MAITRI,-25.4,985.2,37.0,68.9,22.0,0.9913669064748202,REAL_AWS
2016-07-30 06:00:00,MAITRI,-25.3,985.0,36.0,68.7,22.0,0.9884892086330935,REAL_AWS
2016-07-30 07:00:00,MAITRI,-25.1,985.0,36.0,68.6,22.0,0.9870503597122301,REAL_AWS
2016-07-30 08:00:00,MAITRI,-24.2,984.4,31.0,68.7,22.0,0.9884892086330935,REAL_AWS
2016-07-30 09:00:00,MAITRI,-24.8,984.5,34.0,68.9,20.0,0.9913669064748202,REAL_AWS
2016-07-30 10:00:00,MAITRI,-23.7,984.3,29.0,68.9,23.0,0.9913669064748202,REAL_AWS
2016-07-30 11:00:00,MAITRI,-23.2,984.2,30.0,68.6,24.0,0.9870503597122301,REAL_AWS
2016-07-30 12:00:00,MAITRI,-23.1,984.0,27.0,68.8,25.0,0.9899280575539567,REAL_AWS
2016-07-30 13:00:00,MAITRI,-22.9,983.6,28.0,68.6,25.0,0.9870503597122301,REAL_AWS
2016-07-30 14:00:00,MAITRI,-22.8,983.4,27.0,68.5,26.0,0.9856115107913669,REAL_AWS
2016-07-30 15:00:00,MAITRI,-22.9,983.3,28.0,68.7,24.0,0.9884892086330935,REAL_AWS
2016-07-30 16:00:00,MAITRI,-22.8,982.5,28.0,68.4,27.0,0.9841726618705037,REAL_AWS
2016-07-30 17:00:00,MAITRI,-22.7,982.1,26.0,68.3,27.0,0.9827338129496402,REAL_AWS
2016-07-30 18:00:00,MAITRI,-22.2,981.9,26.0,68.5,29.0,0.9856115107913669,REAL_AWS
2016-07-30 19:00:00,MAITRI,-22.9,981.5,29.0,68.1,28.0,0.9798561151079136,REAL_AWS
2016-07-30 20:00:00,MAITRI,-22.1,981.1,27.0,68.2,28.0,0.981294964028777,REAL_AWS
2016-07-30 21:00:00,MAITRI,-22.2,981.0,29.0,68.5,26.0,0.9856115107913669,REAL_AWS
2016-07-30 22:00:00,MAITRI,-21.9,980.5,29.0,68.5,26.0,0.9856115107913669,REAL_AWS
2016-07-30 23:00:00,MAITRI,-21.8,979.6,28.0,68.6,26.0,0.9870503597122301,REAL_AWS
2016-07-31 00:00:00,MAITRI,-21.9,979.2,29.0,68.6,24.0,0.9870503597122301,REAL_AWS
2016-07-31 01:00:00,MAITRI,-21.4,978.5,29.0,68.1,26.0,0.9798561151079136,REAL_AWS
2016-07-31 02:00:00,MAITRI,-20.9,977.4,30.0,68.4,25.0,0.9841726618705037,REAL_AWS
2016-07-31 03:00:00,MAITRI,-21.3,976.1,28.0,68.2,24.0,0.981294964028777,REAL_AWS
2016-07-31 04:00:00,MAITRI,-21.4,975.1,30.0,68.7,24.0,0.9884892086330935,REAL_AWS
2016-07-31 05:00:00,MAITRI,-21.1,974.1,30.0,68.4,24.0,0.9841726618705037,REAL_AWS
2016-07-31 06:00:00,MAITRI,-21.0,973.0,29.0,68.6,24.0,0.9870503597122301,REAL_AWS
2016-07-31 07:00:00,MAITRI,-20.6,972.0,29.0,68.1,26.0,0.9798561151079136,REAL_AWS
2016-07-31 08:00:00,MAITRI,-20.4,971.2,29.0,68.5,28.0,0.9856115107913669,REAL_AWS
2016-07-31 09:00:00,MAITRI,-20.1,970.3,29.0,68.5,28.0,0.9856115107913669,REAL_AWS
2016-07-31 10:00:00,MAITRI,-19.8,968.8,28.0,68.3,30.0,0.9827338129496402,REAL_AWS
2016-07-31 11:00:00,MAITRI,-19.6,967.9,28.0,68.4,24.0,0.9841726618705037,REAL_AWS
2016-07-31 12:00:00,MAITRI,-19.4,966.4,27.0,68.1,30.0,0.9798561151079136,REAL_AWS
2016-07-31 13:00:00,MAITRI,-19.3,965.8,28.0,68.5,31.0,0.9856115107913669,REAL_AWS
2016-07-31 14:00:00,MAITRI,-18.9,965.1,27.0,68.2,29.0,0.981294964028777,REAL_AWS
2016-07-31 15:00:00,MAITRI,-19.0,964.1,28.0,68.1,26.0,0.9798561151079136,REAL_AWS
2016-07-31 16:00:00,MAITRI,-18.9,963.7,28.0,68.3,29.0,0.9827338129496402,REAL_AWS
2016-07-31 17:00:00,MAITRI,-19.1,963.0,28.0,68.7,28.0,0.9884892086330935,REAL_AWS
2016-07-31 18:00:00,MAITRI,-19.6,962.6,31.0,68.0,29.0,0.9784172661870504,REAL_AWS
2016-07-31 19:00:00,MAITRI,-19.1,962.2,29.0,68.7,30.0,0.9884892086330935,REAL_AWS
2016-07-31 20:00:00,MAITRI,-18.5,962.0,28.0,68.6,29.0,0.9870503597122301,REAL_AWS
2016-07-31 21:00:00,MAITRI,-18.1,962.3,27.0,68.6,30.0,0.9870503597122301,REAL_AWS
2016-07-31 22:00:00,MAITRI,-19.2,962.0,31.0,68.3,27.0,0.9827338129496402,REAL_AWS
2016-07-31 23:00:00,MAITRI,-19.4,962.9,31.0,68.0,29.0,0.9784172661870504,REAL_AWS
2016-08-01 00:00:00,MAITRI,-19.6,962.9,29.0,68.3,24.0,0.9827338129496402,REAL_AWS
2016-08-01 01:00:00,MAITRI,-19.3,963.4,28.0,68.1,28.0,0.9798561151079136,REAL_AWS
2016-08-01 02:00:00,MAITRI,-20.3,963.9,31.0,68.6,26.0,0.9870503597122301,REAL_AWS
2016-08-01 03:00:00,MAITRI,-22.6,964.3,35.0,69.0,17.0,0.9928057553956835,REAL_AWS
2016-08-01 04:00:00,MAITRI,-22.6,964.6,35.0,68.3,24.0,0.9827338129496402,REAL_AWS
2016-08-01 05:00:00,MAITRI,-22.1,964.9,34.0,68.6,23.0,0.9870503597122301,REAL_AWS
2016-08-01 06:00:00,MAITRI,-23.6,965.6,38.0,73.0,20.0,1.0,REAL_AWS
2016-08-01 07:00:00,MAITRI,-23.2,966.2,36.0,69.4,20.0,0.9985611510791368,REAL_AWS
2016-08-01 08:00:00,MAITRI,-22.3,967.1,35.0,68.6,19.0,0.9870503597122301,REAL_AWS
2016-08-01 09:00:00,MAITRI,-21.6,967.6,33.0,69.4,11.0,0.9985611510791368,REAL_AWS
2016-08-01 10:00:00,MAITRI,-18.4,968.2,26.0,69.3,14.0,0.9971223021582734,REAL_AWS
2016-08-01 11:00:00,MAITRI,-18.7,969.1,27.0,69.6,9.0,1.0,REAL_AWS
2016-08-01 12:00:00,MAITRI,-18.6,969.9,27.0,68.6,23.0,0.9870503597122301,REAL_AWS
2016-08-01 13:00:00,MAITRI,-18.1,970.5,26.0,68.5,22.0,0.9856115107913669,REAL_AWS
2016-08-01 14:00:00,MAITRI,-18.2,971.0,27.0,68.6,22.0,0.9870503597122301,REAL_AWS
2016-08-01 15:00:00,MAITRI,-17.2,971.6,24.0,68.5,24.0,0.9856115107913669,REAL_AWS
2016-08-01 16:00:00,MAITRI,-17.2,972.8,26.0,69.3,14.0,0.9971223021582734,REAL_AWS
2016-08-01 17:00:00,MAITRI,-17.4,973.2,30.0,68.6,21.0,0.9870503597122301,REAL_AWS
2016-08-01 18:00:00,MAITRI,-17.4,974.0,32.0,68.6,19.0,0.9870503597122301,REAL_AWS
2016-08-01 19:00:00,MAITRI,-17.3,974.7,30.0,68.7,22.0,0.9884892086330935,REAL_AWS
2016-08-01 20:00:00,MAITRI,-16.7,975.1,30.0,68.4,24.0,0.9841726618705037,REAL_AWS
2016-08-01 21:00:00,MAITRI,-16.1,975.1,28.0,68.9,14.0,0.9913669064748202,REAL_AWS
2016-08-01 22:00:00,MAITRI,-15.8,975.6,30.0,69.3,16.0,0.9971223021582734,REAL_AWS
2016-08-01 23:00:00,MAITRI,-15.9,976.3,28.0,68.3,23.0,0.9827338129496402,REAL_AWS
2016-08-02 00:00:00,MAITRI,-15.1,975.7,25.0,68.4,22.0,0.9841726618705037,REAL_AWS
2016-08-02 01:00:00,MAITRI,-14.8,976.0,25.0,68.2,27.0,0.981294964028777,REAL_AWS
2016-08-02 02:00:00,MAITRI,-15.1,976.4,33.0,68.3,29.0,0.9827338129496402,REAL_AWS
2016-08-02 03:00:00,MAITRI,-15.4,976.4,37.0,68.4,28.0,0.9841726618705037,REAL_AWS
2016-08-02 04:00:00,MAITRI,-15.6,976.3,45.0,68.3,28.0,0.9827338129496402,REAL_AWS
2016-08-02 05:00:00,MAITRI,-15.6,976.1,48.0,68.0,28.0,0.9784172661870504,REAL_AWS
2016-08-02 06:00:00,MAITRI,-15.2,975.7,49.0,68.2,28.0,0.981294964028777,REAL_AWS
2016-08-02 07:00:00,MAITRI,-14.9,975.9,51.0,68.4,29.0,0.9841726618705037,REAL_AWS
2016-08-02 08:00:00,MAITRI,-14.7,976.1,55.0,67.9,28.0,0.9769784172661872,REAL_AWS
2016-08-02 09:00:00,MAITRI,-14.2,975.3,53.0,68.3,27.0,0.9827338129496402,REAL_AWS
2016-08-02 10:00:00,MAITRI,-14.0,974.0,58.0,68.2,28.0,0.981294964028777,REAL_AWS
2016-08-02 11:00:00,MAITRI,-13.8,973.7,60.0,67.4,29.0,0.9697841726618706,REAL_AWS
2016-08-02 12:00:00,MAITRI,-13.8,973.3,67.0,67.6,27.0,0.9726618705035971,REAL_AWS
2016-08-02 13:00:00,MAITRI,-14.0,973.1,75.0,65.3,14.0,0.939568345323741,REAL_AWS
2016-08-02 14:00:00,MAITRI,-14.0,972.3,71.0,68.2,22.0,0.981294964028777,REAL_AWS
2016-08-02 15:00:00,MAITRI,-13.7,972.0,56.0,67.8,28.0,0.9755395683453237,REAL_AWS
2016-08-02 16:00:00,MAITRI,-13.5,971.4,51.0,67.6,27.0,0.9726618705035971,REAL_AWS
2016-08-02 17:00:00,MAITRI,-13.4,970.6,50.0,67.5,27.0,0.9712230215827338,REAL_AWS
2016-08-02 18:00:00,MAITRI,-13.5,970.2,53.0,67.2,28.0,0.9669064748201439,REAL_AWS
2016-08-02 19:00:00,MAITRI,-13.6,969.5,56.0,67.9,29.0,0.9769784172661872,REAL_AWS
2016-08-02 20:00:00,MAITRI,-13.9,969.5,62.0,68.6,27.0,0.9870503597122301,REAL_AWS
2016-08-02 21:00:00,MAITRI,-13.8,969.5,58.0,64.4,344.0,0.9266187050359713,REAL_AWS
2016-08-02 22:00:00,MAITRI,-14.0,969.8,60.0,67.4,28.0,0.9697841726618706,REAL_AWS
2016-08-02 23:00:00,MAITRI,-14.0,970.3,61.0,68.0,28.0,0.9784172661870504,REAL_AWS
2016-08-03 00:00:00,MAITRI,-14.1,970.5,60.0,67.7,29.0,0.9741007194244605,REAL_AWS
2016-08-03 01:00:00,MAITRI,-14.1,970.6,60.0,67.6,28.0,0.9726618705035971,REAL_AWS
2016-08-03 02:00:00,MAITRI,-14.1,970.7,61.0,68.4,30.0,0.9841726618705037,REAL_AWS
2016-08-03 03:00:00,MAITRI,-14.0,970.0,58.0,67.7,28.0,0.9741007194244605,REAL_AWS
2016-08-03 04:00:00,MAITRI,-14.0,970.1,56.0,68.9,19.0,0.9913669064748202,REAL_AWS
2016-08-03 05:00:00,MAITRI,-13.9,970.5,55.0,67.8,27.0,0.9755395683453237,REAL_AWS
2016-08-03 06:00:00,MAITRI,-14.0,970.6,55.0,67.7,26.0,0.9741007194244605,REAL_AWS
2016-08-03 07:00:00,MAITRI,-14.3,970.9,55.0,68.0,29.0,0.9784172661870504,REAL_AWS
2016-08-03 08:00:00,MAITRI,-14.1,971.1,51.0,67.8,27.0,0.9755395683453237,REAL_AWS
2016-08-03 09:00:00,MAITRI,-14.0,971.4,49.0,67.7,26.0,0.9741007194244605,REAL_AWS
2016-08-03 10:00:00,MAITRI,-14.0,972.4,46.0,67.6,26.0,0.9726618705035971,REAL_AWS
2016-08-03 11:00:00,MAITRI,-14.6,972.8,52.0,67.9,27.0,0.9769784172661872,REAL_AWS
2016-08-03 12:00:00,MAITRI,-15.7,973.4,51.0,67.8,26.0,0.9755395683453237,REAL_AWS
2016-08-03 13:00:00,MAITRI,-16.2,974.1,49.0,68.9,18.0,0.9913669064748202,REAL_AWS
2016-08-03 14:00:00,MAITRI,-15.9,974.5,42.0,67.7,28.0,0.9741007194244605,REAL_AWS
2016-08-03 15:00:00,MAITRI,-16.0,975.0,42.0,67.9,27.0,0.9769784172661872,REAL_AWS
2016-08-03 16:00:00,MAITRI,-16.1,975.8,40.0,67.8,25.0,0.9755395683453237,REAL_AWS
2016-08-03 17:00:00,MAITRI,-16.7,976.4,42.0,68.1,25.0,0.9798561151079136,REAL_AWS
2016-08-03 18:00:00,MAITRI,-16.9,976.7,41.0,68.1,24.0,0.9798561151079136,REAL_AWS
2016-08-03 19:00:00,MAITRI,-17.0,977.3,38.0,68.2,22.0,0.981294964028777,REAL_AWS
2016-08-03 20:00:00,MAITRI,-16.9,977.2,36.0,68.0,24.0,0.9784172661870504,REAL_AWS
2016-08-03 21:00:00,MAITRI,-17.1,977.8,34.0,68.3,22.0,0.9827338129496402,REAL_AWS
2016-08-03 22:00:00,MAITRI,-17.3,978.7,33.0,68.4,23.0,0.9841726618705037,REAL_AWS
2016-08-03 23:00:00,MAITRI,-17.9,978.8,36.0,68.3,24.0,0.9827338129496402,REAL_AWS
2016-08-04 00:00:00,MAITRI,-18.0,978.8,35.0,68.1,15.0,0.9798561151079136,REAL_AWS
2016-08-04 01:00:00,MAITRI,-18.1,978.7,35.0,68.6,23.0,0.9870503597122301,REAL_AWS
2016-08-04 02:00:00,MAITRI,-18.3,979.0,36.0,68.4,23.0,0.9841726618705037,REAL_AWS
2016-08-04 03:00:00,MAITRI,-18.3,979.0,35.0,68.3,23.0,0.9827338129496402,REAL_AWS
2016-08-04 04:00:00,MAITRI,-17.7,979.0,33.0,68.3,22.0,0.9827338129496402,REAL_AWS
2016-08-04 05:00:00,MAITRI,-17.8,978.8,34.0,69.2,13.0,0.9956834532374101,REAL_AWS
2016-08-04 06:00:00,MAITRI,-17.6,978.5,32.0,68.6,21.0,0.9870503597122301,REAL_AWS
2016-08-04 07:00:00,MAITRI,-17.1,978.7,31.0,68.6,22.0,0.9870503597122301,REAL_AWS
2016-08-04 08:00:00,MAITRI,-17.1,978.3,32.0,68.5,23.0,0.9856115107913669,REAL_AWS
2016-08-04 09:00:00,MAITRI,-16.9,978.4,32.0,68.4,23.0,0.9841726618705037,REAL_AWS
2016-08-04 10:00:00,MAITRI,-16.8,978.1,32.0,68.4,27.0,0.9841726618705037,REAL_AWS
2016-08-04 11:00:00,MAITRI,-16.0,977.5,30.0,68.1,28.0,0.9798561151079136,REAL_AWS
2016-08-04 12:00:00,MAITRI,-15.3,976.2,29.0,69.2,16.0,0.9956834532374101,REAL_AWS
2016-08-04 13:00:00,MAITRI,-15.6,975.6,30.0,68.4,26.0,0.9841726618705037,REAL_AWS
2016-08-04 14:00:00,MAITRI,-15.5,974.7,33.0,68.4,27.0,0.9841726618705037,REAL_AWS
2016-08-04 15:00:00,MAITRI,-15.4,974.1,33.0,68.5,18.0,0.9856115107913669,REAL_AWS
2016-08-04 16:00:00,MAITRI,-14.6,973.1,32.0,69.0,26.0,0.9928057553956835,REAL_AWS
2016-08-04 17:00:00,MAITRI,-14.8,973.4,37.0,68.3,26.0,0.9827338129496402,REAL_AWS
2016-08-04 18:00:00,MAITRI,-14.2,971.8,35.0,68.5,17.0,0.9856115107913669,REAL_AWS
2016-08-04 19:00:00,MAITRI,-13.9,971.3,33.0,68.6,29.0,0.9870503597122301,REAL_AWS
2016-08-04 20:00:00,MAITRI,-13.5,971.0,34.0,67.0,24.0,0.9640287769784173,REAL_AWS
2016-08-04 21:00:00,MAITRI,-12.7,970.4,35.0,68.0,30.0,0.9784172661870504,REAL_AWS
2016-08-04 22:00:00,MAITRI,-11.9,969.4,32.0,67.7,27.0,0.9741007194244605,REAL_AWS
2016-08-04 23:00:00,MAITRI,-11.3,968.5,32.0,68.7,19.0,0.9884892086330935,REAL_AWS
2016-08-05 00:00:00,MAITRI,-10.7,967.3,34.0,68.1,28.0,0.9798561151079136,REAL_AWS
2016-08-05 01:00:00,MAITRI,-10.1,964.9,32.0,68.5,27.0,0.9856115107913669,REAL_AWS
2016-08-05 02:00:00,MAITRI,-9.8,964.5,34.0,68.2,29.0,0.981294964028777,REAL_AWS
2016-08-05 03:00:00,MAITRI,-9.4,963.5,33.0,67.9,26.0,0.9769784172661872,REAL_AWS
2016-08-05 04:00:00,MAITRI,-9.2,961.9,35.0,68.0,27.0,0.9784172661870504,REAL_AWS
2016-08-05 05:00:00,MAITRI,-9.1,961.5,36.0,68.7,28.0,0.9884892086330935,REAL_AWS
2016-08-05 06:00:00,MAITRI,-9.1,961.8,37.0,68.3,25.0,0.9827338129496402,REAL_AWS
2016-08-05 07:00:00,MAITRI,-8.8,960.7,37.0,68.1,23.0,0.9798561151079136,REAL_AWS
2016-08-05 08:00:00,MAITRI,-8.4,960.3,35.0,69.6,25.0,1.0,REAL_AWS
2016-08-05 09:00:00,MAITRI,-8.2,959.5,37.0,68.1,16.0,0.9798561151079136,REAL_AWS
2016-08-05 10:00:00,MAITRI,-7.8,957.5,38.0,67.1,12.0,0.9654676258992805,REAL_AWS
2016-08-05 11:00:00,MAITRI,-8.1,957.7,43.0,67.0,15.0,0.9640287769784173,REAL_AWS
2016-08-05 12:00:00,MAITRI,-8.6,956.4,48.0,66.2,13.0,0.9525179856115108,REAL_AWS
2016-08-05 13:00:00,MAITRI,-8.6,956.6,55.0,68.0,25.0,0.9784172661870504,REAL_AWS
2016-08-05 14:00:00,MAITRI,-8.5,957.7,56.0,67.9,24.0,0.9769784172661872,REAL_AWS
2016-08-05 15:00:00,MAITRI,-9.0,960.2,65.0,67.9,21.0,0.9769784172661872,REAL_AWS
2016-08-05 16:00:00,MAITRI,-9.1,962.0,68.0,67.6,26.0,0.9726618705035971,REAL_AWS
2016-08-05 17:00:00,MAITRI,-8.8,963.5,61.0,67.8,27.0,0.9755395683453237,REAL_AWS
2016-08-05 18:00:00,MAITRI,-8.4,963.9,58.0,68.7,14.0,0.9884892086330935,REAL_AWS
2016-08-05 19:00:00,MAITRI,-8.3,963.8,56.0,68.0,22.0,0.9784172661870504,REAL_AWS
2016-08-05 20:00:00,MAITRI,-7.9,964.1,53.0,67.3,27.0,0.9683453237410071,REAL_AWS
2016-08-05 21:00:00,MAITRI,-7.8,964.6,52.0,68.4,20.0,0.9841726618705037,REAL_AWS
2016-08-05 22:00:00,MAITRI,-8.0,964.7,53.0,67.4,27.0,0.9697841726618706,REAL_AWS
2016-08-05 23:00:00,MAITRI,-8.1,965.3,57.0,67.8,30.0,0.9755395683453237,REAL_AWS
2016-08-06 00:00:00,MAITRI,-8.0,965.0,54.0,67.2,29.0,0.9669064748201439,REAL_AWS
2016-08-06 01:00:00,MAITRI,-8.0,965.2,55.0,66.7,24.0,0.9597122302158274,REAL_AWS
2016-08-06 02:00:00,MAITRI,-8.0,965.1,55.0,67.6,26.0,0.9726618705035971,REAL_AWS
2016-08-06 03:00:00,MAITRI,-7.9,965.4,54.0,67.4,25.0,0.9697841726618706,REAL_AWS
2016-08-06 04:00:00,MAITRI,-8.0,965.8,54.0,67.6,27.0,0.9726618705035971,REAL_AWS
2016-08-06 05:00:00,MAITRI,-8.0,965.6,53.0,67.5,26.0,0.9712230215827338,REAL_AWS
2016-08-06 06:00:00,MAITRI,-7.8,965.3,51.0,67.9,27.0,0.9769784172661872,REAL_AWS
2016-08-06 07:00:00,MAITRI,-7.7,965.3,50.0,67.7,26.0,0.9741007194244605,REAL_AWS
2016-08-06 08:00:00,MAITRI,-7.6,965.4,50.0,68.0,15.0,0.9784172661870504,REAL_AWS
2016-08-06 09:00:00,MAITRI,-7.6,965.7,52.0,67.9,27.0,0.9769784172661872,REAL_AWS
2016-08-06 10:00:00,MAITRI,-7.4,965.6,51.0,67.4,28.0,0.9697841726618706,REAL_AWS
2016-08-06 11:00:00,MAITRI,-7.0,964.2,49.0,67.8,25.0,0.9755395683453237,REAL_AWS
2016-08-06 12:00:00,MAITRI,-6.6,962.5,49.0,68.7,15.0,0.9884892086330935,REAL_AWS
2016-08-06 13:00:00,MAITRI,-6.5,963.0,50.0,68.1,25.0,0.9798561151079136,REAL_AWS
2016-08-06 14:00:00,MAITRI,-6.2,961.8,48.0,67.2,17.0,0.9669064748201439,REAL_AWS
2016-08-06 15:00:00,MAITRI,-5.8,960.4,45.0,67.8,24.0,0.9755395683453237,REAL_AWS
2016-08-06 16:00:00,MAITRI,-5.0,960.0,42.0,67.8,21.0,0.9755395683453237,REAL_AWS
2016-08-06 17:00:00,MAITRI,-4.9,958.7,46.0,66.7,21.0,0.9597122302158274,REAL_AWS
2016-08-06 18:00:00,MAITRI,-4.9,957.9,48.0,68.1,20.0,0.9798561151079136,REAL_AWS
2016-08-06 19:00:00,MAITRI,-5.0,958.5,50.0,67.0,24.0,0.9640287769784173,REAL_AWS
2016-08-06 20:00:00,MAITRI,-5.6,957.7,57.0,67.7,27.0,0.9741007194244605,REAL_AWS
2016-08-06 21:00:00,MAITRI,-6.3,958.1,73.0,67.8,26.0,0.9755395683453237,REAL_AWS
2016-08-06 22:00:00,MAITRI,-6.2,957.9,68.0,67.9,20.0,0.9769784172661872,REAL_AWS
2016-08-06 23:00:00,MAITRI,-6.4,957.8,68.0,68.3,19.0,0.9827338129496402,REAL_AWS
2016-08-07 00:00:00,MAITRI,-6.8,957.4,75.0,67.0,20.0,0.9640287769784173,REAL_AWS
2016-08-07 01:00:00,MAITRI,-6.7,958.0,69.0,67.5,23.0,0.9712230215827338,REAL_AWS
2016-08-07 02:00:00,MAITRI,-6.5,957.7,64.0,67.5,24.0,0.9712230215827338,REAL_AWS
2016-08-07 03:00:00,MAITRI,-6.6,958.3,61.0,67.6,24.0,0.9726618705035971,REAL_AWS
2016-08-07 04:00:00,MAITRI,-6.6,958.5,59.0,67.8,23.0,0.9755395683453237,REAL_AWS
2016-08-07 05:00:00,MAITRI,-6.2,958.4,53.0,68.2,22.0,0.981294964028777,REAL_AWS
2016-08-07 06:00:00,MAITRI,-6.1,958.2,53.0,68.1,21.0,0.9798561151079136,REAL_AWS
2016-08-07 07:00:00,MAITRI,-6.3,957.6,54.0,67.9,23.0,0.9769784172661872,REAL_AWS
2016-08-07 08:00:00,MAITRI,-6.5,956.8,56.0,68.1,22.0,0.9798561151079136,REAL_AWS
2016-08-07 09:00:00,MAITRI,-6.1,955.8,50.0,68.1,19.0,0.9798561151079136,REAL_AWS
2016-08-07 10:00:00,MAITRI,-5.8,955.1,49.0,67.9,22.0,0.9769784172661872,REAL_AWS
2016-08-07 11:00:00,MAITRI,-5.7,953.8,46.0,67.8,22.0,0.9755395683453237,REAL_AWS
2016-08-07 12:00:00,MAITRI,-5.8,953.2,47.0,69.2,13.0,0.9956834532374101,REAL_AWS
2016-08-07 13:00:00,MAITRI,-5.9,952.6,45.0,68.2,22.0,0.981294964028777,REAL_AWS
2016-08-07 14:00:00,MAITRI,-6.0,951.7,43.0,68.2,20.0,0.981294964028777,REAL_AWS
2016-08-07 15:00:00,MAITRI,-6.2,951.2,46.0,68.5,19.0,0.9856115107913669,REAL_AWS
2016-08-07 16:00:00,MAITRI,-6.3,951.3,46.0,68.1,19.0,0.9798561151079136,REAL_AWS
2016-08-07 17:00:00,MAITRI,-5.9,951.2,40.0,68.3,19.0,0.9827338129496402,REAL_AWS
2016-08-07 18:00:00,MAITRI,-6.0,950.6,42.0,68.3,18.0,0.9827338129496402,REAL_AWS
2016-08-07 19:00:00,MAITRI,-5.9,950.0,43.0,68.3,20.0,0.9827338129496402,REAL_AWS
2016-08-07 20:00:00,MAITRI,-5.9,949.3,42.0,68.4,23.0,0.9841726618705037,REAL_AWS
2016-08-07 21:00:00,MAITRI,-6.2,949.8,43.0,68.1,21.0,0.9798561151079136,REAL_AWS
2016-08-07 22:00:00,MAITRI,-6.4,949.5,45.0,68.0,21.0,0.9784172661870504,REAL_AWS
2016-08-07 23:00:00,MAITRI,-6.5,950.5,45.0,68.0,20.0,0.9784172661870504,REAL_AWS
2016-08-08 00:00:00,MAITRI,-6.5,951.1,41.0,68.5,21.0,0.9856115107913669,REAL_AWS
2016-08-08 01:00:00,MAITRI,-6.8,951.1,43.0,67.9,24.0,0.9769784172661872,REAL_AWS
2016-08-08 02:00:00,MAITRI,-7.3,951.8,52.0,68.0,23.0,0.9784172661870504,REAL_AWS
2016-08-08 03:00:00,MAITRI,-7.6,952.4,53.0,68.2,23.0,0.981294964028777,REAL_AWS
2016-08-08 04:00:00,MAITRI,-7.6,952.8,49.0,67.8,23.0,0.9755395683453237,REAL_AWS
2016-08-08 05:00:00,MAITRI,-7.3,952.2,45.0,69.4,12.0,0.9985611510791368,REAL_AWS
2016-08-08 06:00:00,MAITRI,-7.7,953.2,59.0,68.2,23.0,0.981294964028777,REAL_AWS
2016-08-08 07:00:00,MAITRI,-8.0,954.8,63.0,69.3,14.0,0.9971223021582734,REAL_AWS
2016-08-08 08:00:00,MAITRI,-8.3,955.4,65.0,68.0,21.0,0.9784172661870504,REAL_AWS
2016-08-08 09:00:00,MAITRI,-8.9,956.4,70.0,68.2,21.0,0.981294964028777,REAL_AWS
2016-08-08 10:00:00,MAITRI,-9.1,958.9,77.0,67.4,23.0,0.9697841726618706,REAL_AWS
2016-08-08 11:00:00,MAITRI,-9.1,960.1,70.0,67.6,24.0,0.9726618705035971,REAL_AWS
2016-08-08 12:00:00,MAITRI,-9.1,960.5,61.0,67.7,23.0,0.9741007194244605,REAL_AWS
2016-08-08 13:00:00,MAITRI,-8.8,960.6,57.0,67.5,27.0,0.9712230215827338,REAL_AWS
2016-08-08 14:00:00,MAITRI,-8.4,960.9,48.0,67.7,25.0,0.9741007194244605,REAL_AWS
2016-08-08 15:00:00,MAITRI,-8.5,961.6,58.0,67.9,26.0,0.9769784172661872,REAL_AWS
2016-08-08 16:00:00,MAITRI,-9.7,963.4,89.0,67.5,25.0,0.9712230215827338,REAL_AWS
2016-08-08 17:00:00,MAITRI,-9.6,966.1,89.0,68.1,34.0,0.9798561151079136,REAL_AWS
2016-08-08 18:00:00,MAITRI,-9.7,968.1,89.0,68.8,36.0,0.9899280575539567,REAL_AWS
2016-08-08 19:00:00,MAITRI,-10.2,971.0,89.0,67.8,29.0,0.9755395683453237,REAL_AWS
2016-08-08 20:00:00,MAITRI,-10.2,972.4,71.0,67.6,21.0,0.9726618705035971,REAL_AWS
2016-08-08 21:00:00,MAITRI,-10.6,972.9,68.0,67.8,20.0,0.9755395683453237,REAL_AWS
2016-08-08 22:00:00,MAITRI,-10.1,973.3,57.0,68.2,20.0,0.981294964028777,REAL_AWS
2016-08-08 23:00:00,MAITRI,-9.4,973.6,46.0,68.2,19.0,0.981294964028777,REAL_AWS
2016-08-09 00:00:00,MAITRI,-9.3,974.1,42.0,68.3,20.0,0.9827338129496402,REAL_AWS
2016-08-09 01:00:00,MAITRI,-9.4,974.2,40.0,69.3,12.0,0.9971223021582734,REAL_AWS
2016-08-09 02:00:00,MAITRI,-9.5,974.6,42.0,68.5,20.0,0.9856115107913669,REAL_AWS
2016-08-09 03:00:00,MAITRI,-9.6,975.2,42.0,68.3,19.0,0.9827338129496402,REAL_AWS
2016-08-09 04:00:00,MAITRI,-9.7,975.2,40.0,68.3,19.0,0.9827338129496402,REAL_AWS
2016-08-09 05:00:00,MAITRI,-9.9,975.8,39.0,68.3,18.0,0.9827338129496402,REAL_AWS
2016-08-09 06:00:00,MAITRI,-9.9,976.3,37.0,68.2,16.0,0.981294964028777,REAL_AWS
2016-08-09 07:00:00,MAITRI,-10.1,976.8,39.0,68.6,16.0,0.9870503597122301,REAL_AWS
2016-08-09 08:00:00,MAITRI,-10.5,976.8,38.0,68.4,17.0,0.9841726618705037,REAL_AWS
2016-08-09 09:00:00,MAITRI,-11.0,976.8,38.0,69.0,17.0,0.9928057553956835,REAL_AWS
2016-08-09 10:00:00,MAITRI,-11.6,976.7,38.0,68.7,18.0,0.9884892086330935,REAL_AWS
2016-08-09 11:00:00,MAITRI,-11.5,976.7,37.0,68.6,17.0,0.9870503597122301,REAL_AWS
2016-08-09 12:00:00,MAITRI,-11.6,976.8,39.0,68.7,16.0,0.9884892086330935,REAL_AWS
2016-08-09 13:00:00,MAITRI,-11.3,976.8,40.0,68.5,19.0,0.9856115107913669,REAL_AWS
2016-08-09 14:00:00,MAITRI,-12.1,976.9,40.0,68.2,20.0,0.981294964028777,REAL_AWS
2016-08-09 15:00:00,MAITRI,-12.8,976.7,40.0,68.4,20.0,0.9841726618705037,REAL_AWS
2016-08-09 16:00:00,MAITRI,-13.2,976.2,43.0,68.3,19.0,0.9827338129496402,REAL_AWS
2016-08-09 17:00:00,MAITRI,-13.3,975.9,39.0,68.2,16.0,0.981294964028777,REAL_AWS
2016-08-09 18:00:00,MAITRI,-13.3,975.4,37.0,68.3,14.0,0.9827338129496402,REAL_AWS
2016-08-09 19:00:00,MAITRI,-13.2,975.6,37.0,69.1,19.0,0.9942446043165467,REAL_AWS
2016-08-09 20:00:00,MAITRI,-13.1,975.4,38.0,68.3,20.0,0.9827338129496402,REAL_AWS
2016-08-09 21:00:00,MAITRI,-13.7,975.4,39.0,68.1,14.0,0.9798561151079136,REAL_AWS
2016-08-09 22:00:00,MAITRI,-12.7,975.3,35.0,68.8,11.0,0.9899280575539567,REAL_AWS
2016-08-09 23:00:00,MAITRI,-13.3,975.1,37.0,67.0,11.0,0.9640287769784173,REAL_AWS
2016-08-10 00:00:00,MAITRI,-13.3,975.4,38.0,68.4,13.0,0.9841726618705037,REAL_AWS
2016-08-10 01:00:00,MAITRI,-13.0,975.8,36.0,67.3,13.0,0.9683453237410071,REAL_AWS
2016-08-10 02:00:00,MAITRI,-12.1,975.5,36.0,67.8,18.0,0.9755395683453237,REAL_AWS
2016-08-10 03:00:00,MAITRI,-10.4,976.1,37.0,68.8,13.0,0.9899280575539567,REAL_AWS
2016-08-10 04:00:00,MAITRI,-8.5,977.0,37.0,68.1,20.0,0.9798561151079136,REAL_AWS
2016-08-10 05:00:00,MAITRI,-8.8,977.2,44.0,68.6,19.0,0.9870503597122301,REAL_AWS
2016-08-10 06:00:00,MAITRI,-8.4,977.5,47.0,68.3,17.0,0.9827338129496402,REAL_AWS
2016-08-10 07:00:00,MAITRI,-7.9,978.3,52.0,68.5,17.0,0.9856115107913669,REAL_AWS
2016-08-10 08:00:00,MAITRI,-7.4,979.1,67.0,68.4,20.0,0.9841726618705037,REAL_AWS
2016-08-10 09:00:00,MAITRI,-6.7,979.5,54.0,68.5,15.0,0.9856115107913669,REAL_AWS
2016-08-10 10:00:00,MAITRI,-6.2,980.0,45.0,69.3,11.0,0.9971223021582734,REAL_AWS
2016-08-10 11:00:00,MAITRI,-6.0,980.9,42.0,68.2,18.0,0.981294964028777,REAL_AWS
2016-08-10 12:00:00,MAITRI,-5.4,981.6,40.0,68.3,16.0,0.9827338129496402,REAL_AWS
2016-08-10 13:00:00,MAITRI,-6.2,982.5,38.0,68.4,15.0,0.9841726618705037,REAL_AWS
2016-08-10 14:00:00,MAITRI,-6.5,982.9,40.0,68.5,16.0,0.9856115107913669,REAL_AWS
2016-08-10 15:00:00,MAITRI,-7.0,983.7,39.0,68.3,15.0,0.9827338129496402,REAL_AWS
2016-08-10 16:00:00,MAITRI,-8.1,984.5,39.0,68.2,14.0,0.981294964028777,REAL_AWS
2016-08-10 17:00:00,MAITRI,-8.3,985.3,40.0,68.4,17.0,0.9841726618705037,REAL_AWS
2016-08-10 18:00:00,MAITRI,-8.8,985.3,40.0,68.3,18.0,0.9827338129496402,REAL_AWS
2016-08-10 19:00:00,MAITRI,-8.6,985.2,39.0,68.3,12.0,0.9827338129496402,REAL_AWS
2016-08-10 20:00:00,MAITRI,-8.6,986.4,40.0,69.3,9.0,0.9971223021582734,REAL_AWS
2016-08-10 21:00:00,MAITRI,-7.7,986.7,37.0,68.8,14.0,0.9899280575539567,REAL_AWS
2016-08-10 22:00:00,MAITRI,-8.4,987.3,38.0,68.5,19.0,0.9856115107913669,REAL_AWS
2016-08-10 23:00:00,MAITRI,-8.1,987.5,37.0,68.5,15.0,0.9856115107913669,REAL_AWS
2016-08-11 00:00:00,MAITRI,-7.9,987.8,37.0,68.5,14.0,0.9856115107913669,REAL_AWS
2016-08-11 01:00:00,MAITRI,-7.9,988.3,36.0,68.9,15.0,0.9913669064748202,REAL_AWS
2016-08-11 02:00:00,MAITRI,-8.0,988.9,37.0,68.7,13.0,0.9884892086330935,REAL_AWS
2016-08-11 03:00:00,MAITRI,-8.0,989.1,36.0,69.0,13.0,0.9928057553956835,REAL_AWS
2016-08-11 04:00:00,MAITRI,-8.8,989.6,37.0,68.7,14.0,0.9884892086330935,REAL_AWS
2016-08-11 05:00:00,MAITRI,-7.2,990.1,35.0,68.7,11.0,0.9884892086330935,REAL_AWS
2016-08-11 06:00:00,MAITRI,-9.6,991.0,43.0,68.9,11.0,0.9913669064748202,REAL_AWS
2016-08-11 07:00:00,MAITRI,-6.8,991.6,35.0,68.8,11.0,0.9899280575539567,REAL_AWS
2016-08-11 08:00:00,MAITRI,-7.3,992.6,35.0,68.8,13.0,0.9899280575539567,REAL_AWS
2016-08-11 09:00:00,MAITRI,-7.7,993.4,37.0,69.5,4.0,1.0,REAL_AWS
2016-08-11 10:00:00,MAITRI,-7.7,994.0,35.0,68.7,15.0,0.9884892086330935,REAL_AWS
2016-08-11 11:00:00,MAITRI,-7.6,994.8,34.0,68.6,16.0,0.9870503597122301,REAL_AWS
2016-08-11 12:00:00,MAITRI,-8.2,995.3,39.0,68.6,17.0,0.9870503597122301,REAL_AWS
2016-08-11 13:00:00,MAITRI,-8.1,996.0,37.0,68.6,13.0,0.9870503597122301,REAL_AWS
2016-08-11 14:00:00,MAITRI,-8.7,996.2,39.0,68.5,16.0,0.9856115107913669,REAL_AWS
2016-08-11 15:00:00,MAITRI,-9.5,996.4,42.0,68.4,15.0,0.9841726618705037,REAL_AWS
2016-08-11 16:00:00,MAITRI,-9.7,996.6,43.0,68.7,14.0,0.9884892086330935,REAL_AWS
2016-08-11 17:00:00,MAITRI,-9.8,996.6,48.0,68.4,15.0,0.9841726618705037,REAL_AWS
2016-08-11 18:00:00,MAITRI,-10.1,996.3,49.0,68.4,15.0,0.9841726618705037,REAL_AWS
2016-08-11 19:00:00,MAITRI,-9.4,996.1,48.0,68.7,14.0,0.9884892086330935,REAL_AWS
2016-08-11 20:00:00,MAITRI,-9.4,996.2,48.0,68.8,12.0,0.9899280575539567,REAL_AWS
2016-08-11 21:00:00,MAITRI,-9.8,996.4,47.0,69.3,5.0,0.9971223021582734,REAL_AWS
2016-08-11 22:00:00,MAITRI,-10.1,996.5,50.0,68.7,10.0,0.9884892086330935,REAL_AWS
2016-08-11 23:00:00,MAITRI,-11.1,996.5,55.0,68.9,12.0,0.9913669064748202,REAL_AWS
2016-08-12 00:00:00,MAITRI,-11.5,996.3,61.0,69.5,5.0,1.0,REAL_AWS
2016-08-12 01:00:00,MAITRI,-11.5,996.0,61.0,68.8,11.0,0.9899280575539567,REAL_AWS
2016-08-12 02:00:00,MAITRI,-10.8,995.4,57.0,68.7,11.0,0.9884892086330935,REAL_AWS
2016-08-12 03:00:00,MAITRI,-11.7,995.0,60.0,68.8,11.0,0.9899280575539567,REAL_AWS
2016-08-12 04:00:00,MAITRI,-11.5,994.4,60.0,68.8,11.0,0.9899280575539567,REAL_AWS
2016-08-12 05:00:00,MAITRI,-11.1,993.6,58.0,68.6,10.0,0.9870503597122301,REAL_AWS
2016-08-12 06:00:00,MAITRI,-10.7,993.2,61.0,69.4,4.0,0.9985611510791368,REAL_AWS
2016-08-12 07:00:00,MAITRI,-10.7,993.3,57.0,68.6,10.0,0.9870503597122301,REAL_AWS
2016-08-12 08:00:00,MAITRI,-10.6,993.3,58.0,69.5,5.0,1.0,REAL_AWS
2016-08-12 09:00:00,MAITRI,-10.5,992.9,61.0,68.6,10.0,0.9870503597122301,REAL_AWS
2016-08-12 10:00:00,MAITRI,-10.2,992.3,61.0,68.6,13.0,0.9870503597122301,REAL_AWS
2016-08-12 11:00:00,MAITRI,-9.4,992.4,58.0,68.6,16.0,0.9870503597122301,REAL_AWS
2016-08-12 12:00:00,MAITRI,-7.4,991.6,55.0,69.2,7.0,0.9956834532374101,REAL_AWS
2016-08-12 13:00:00,MAITRI,-9.5,991.6,59.0,68.5,16.0,0.9856115107913669,REAL_AWS
2016-08-12 14:00:00,MAITRI,-6.0,990.8,53.0,67.9,15.0,0.9769784172661872,REAL_AWS
2016-08-12 15:00:00,MAITRI,-9.4,990.4,59.0,68.5,15.0,0.9856115107913669,REAL_AWS
2016-08-12 16:00:00,MAITRI,-11.7,990.0,63.0,69.4,8.0,0.9985611510791368,REAL_AWS
2016-08-12 17:00:00,MAITRI,-11.2,988.9,61.0,68.2,16.0,0.981294964028777,REAL_AWS
2016-08-12 18:00:00,MAITRI,-6.8,989.0,50.0,68.3,17.0,0.9827338129496402,REAL_AWS
2016-08-12 19:00:00,MAITRI,-8.6,989.1,53.0,68.3,16.0,0.9827338129496402,REAL_AWS
2016-08-12 20:00:00,MAITRI,-2.7,989.0,30.0,68.8,14.0,0.9899280575539567,REAL_AWS
2016-08-12 21:00:00,MAITRI,-4.1,989.2,35.0,68.3,15.0,0.9827338129496402,REAL_AWS
2016-08-12 22:00:00,MAITRI,-9.6,989.6,52.0,68.5,15.0,0.9856115107913669,REAL_AWS
2016-08-12 23:00:00,MAITRI,-8.9,989.2,48.0,68.6,14.0,0.9870503597122301,REAL_AWS
2016-08-13 00:00:00,MAITRI,-3.5,989.8,33.0,68.5,12.0,0.9856115107913669,REAL_AWS
2016-08-13 01:00:00,MAITRI,-5.5,990.4,41.0,68.5,13.0,0.9856115107913669,REAL_AWS
2016-08-13 02:00:00,MAITRI,-5.5,989.8,38.0,68.4,13.0,0.9841726618705037,REAL_AWS
2016-08-13 03:00:00,MAITRI,-5.0,988.8,36.0,68.4,15.0,0.9841726618705037,REAL_AWS
2016-08-13 04:00:00,MAITRI,-8.1,988.1,47.0,68.6,15.0,0.9870503597122301,REAL_AWS
2016-08-13 05:00:00,MAITRI,-6.8,987.4,45.0,68.5,13.0,0.9856115107913669,REAL_AWS
2016-08-13 06:00:00,MAITRI,-8.2,987.6,50.0,68.3,14.0,0.9827338129496402,REAL_AWS
2016-08-13 07:00:00,MAITRI,-7.4,987.5,41.0,69.6,6.0,1.0,REAL_AWS
2016-08-13 08:00:00,MAITRI,-8.9,986.1,48.0,68.3,14.0,0.9827338129496402,REAL_AWS
2016-08-13 09:00:00,MAITRI,-9.0,986.0,47.0,68.6,14.0,0.9870503597122301,REAL_AWS
2016-08-13 10:00:00,MAITRI,-6.3,985.2,38.0,68.7,14.0,0.9884892086330935,REAL_AWS
2016-08-13 11:00:00,MAITRI,-3.9,984.8,34.0,68.7,16.0,0.9884892086330935,REAL_AWS
2016-08-13 12:00:00,MAITRI,-7.4,984.6,42.0,68.3,14.0,0.9827338129496402,REAL_AWS
2016-08-13 13:00:00,MAITRI,-6.8,984.3,40.0,68.3,17.0,0.9827338129496402,REAL_AWS
2016-08-13 14:00:00,MAITRI,-5.3,982.2,38.0,68.7,3.0,0.9884892086330935,REAL_AWS
2016-08-13 15:00:00,MAITRI,-4.6,981.0,32.0,69.0,3.0,0.9928057553956835,REAL_AWS
2016-08-13 16:00:00,MAITRI,-5.5,980.3,35.0,68.3,8.0,0.9827338129496402,REAL_AWS
2016-08-13 17:00:00,MAITRI,-5.8,980.9,34.0,66.9,12.0,0.9625899280575541,REAL_AWS
2016-08-13 18:00:00,MAITRI,-6.1,980.8,32.0,68.1,9.0,0.9798561151079136,REAL_AWS
2016-08-13 19:00:00,MAITRI,-5.6,979.9,26.0,65.9,359.0,0.9482014388489209,REAL_AWS
2016-08-13 20:00:00,MAITRI,-5.8,979.4,25.0,67.8,7.0,0.9755395683453237,REAL_AWS
2016-08-13 21:00:00,MAITRI,-6.0,979.3,25.0,68.0,14.0,0.9784172661870504,REAL_AWS
2016-08-13 22:00:00,MAITRI,-6.3,978.6,24.0,67.0,9.0,0.9640287769784173,REAL_AWS
2016-08-13 23:00:00,MAITRI,-7.7,978.9,31.0,70.1,6.0,1.0,REAL_AWS
2016-08-14 00:00:00,MAITRI,-7.2,978.7,27.0,68.4,14.0,0.9841726618705037,REAL_AWS
2016-08-14 01:00:00,MAITRI,-7.7,979.2,26.0,69.3,18.0,0.9971223021582734,REAL_AWS
2016-08-14 02:00:00,MAITRI,-8.5,980.6,28.0,68.2,18.0,0.981294964028777,REAL_AWS
2016-08-14 03:00:00,MAITRI,-10.9,981.6,38.0,68.5,22.0,0.9856115107913669,REAL_AWS
2016-08-14 04:00:00,MAITRI,-12.6,982.4,43.0,68.5,19.0,0.9856115107913669,REAL_AWS
2016-08-14 05:00:00,MAITRI,-13.7,982.1,45.0,68.7,16.0,0.9884892086330935,REAL_AWS
2016-08-14 06:00:00,MAITRI,-13.5,982.6,42.0,68.4,15.0,0.9841726618705037,REAL_AWS
2016-08-14 07:00:00,MAITRI,-13.8,982.8,38.0,68.6,16.0,0.9870503597122301,REAL_AWS
2016-08-14 08:00:00,MAITRI,-13.1,982.5,35.0,69.3,10.0,0.9971223021582734,REAL_AWS
2016-08-14 09:00:00,MAITRI,-13.6,982.8,34.0,68.7,17.0,0.9884892086330935,REAL_AWS
2016-08-14 10:00:00,MAITRI,-14.5,983.6,38.0,68.3,15.0,0.9827338129496402,REAL_AWS
2016-08-14 11:00:00,MAITRI,-14.5,983.2,35.0,68.1,24.0,0.9798561151079136,REAL_AWS
2016-08-14 12:00:00,MAITRI,-14.8,983.5,37.0,68.1,24.0,0.9798561151079136,REAL_AWS
2016-08-14 13:00:00,MAITRI,-14.8,983.3,33.0,68.2,27.0,0.981294964028777,REAL_AWS
2016-08-14 14:00:00,MAITRI,-14.9,983.3,36.0,68.2,27.0,0.981294964028777,REAL_AWS
2016-08-14 15:00:00,MAITRI,-16.3,983.2,36.0,68.2,25.0,0.981294964028777,REAL_AWS
2016-08-14 16:00:00,MAITRI,-16.2,983.1,35.0,68.7,27.0,0.9884892086330935,REAL_AWS
2016-08-14 17:00:00,MAITRI,-16.3,982.6,35.0,68.3,26.0,0.9827338129496402,REAL_AWS
2016-08-14 18:00:00,MAITRI,-15.8,982.3,33.0,67.7,27.0,0.9741007194244605,REAL_AWS
2016-08-14 19:00:00,MAITRI,-15.7,982.1,32.0,68.2,26.0,0.981294964028777,REAL_AWS
2016-08-14 20:00:00,MAITRI,-15.8,982.1,33.0,68.7,25.0,0.9884892086330935,REAL_AWS
2016-08-14 21:00:00,MAITRI,-15.5,981.5,32.0,68.2,24.0,0.981294964028777,REAL_AWS
2016-08-14 22:00:00,MAITRI,-15.8,981.7,34.0,68.6,23.0,0.9870503597122301,REAL_AWS
2016-08-14 23:00:00,MAITRI,-16.0,981.3,35.0,68.4,21.0,0.9841726618705037,REAL_AWS
2016-08-15 00:00:00,MAITRI,-16.0,980.3,34.0,68.5,21.0,0.9856115107913669,REAL_AWS
2016-08-15 01:00:00,MAITRI,-15.7,978.8,32.0,68.6,15.0,0.9870503597122301,REAL_AWS
2016-08-15 02:00:00,MAITRI,-15.5,978.4,30.0,66.3,6.0,0.953956834532374,REAL_AWS
2016-08-15 03:00:00,MAITRI,-15.8,977.8,32.0,67.6,15.0,0.9726618705035971,REAL_AWS
2016-08-15 04:00:00,MAITRI,-15.9,977.1,32.0,68.0,16.0,0.9784172661870504,REAL_AWS
2016-08-15 05:00:00,MAITRI,-15.8,976.3,32.0,68.5,12.0,0.9856115107913669,REAL_AWS
2016-08-15 06:00:00,MAITRI,-15.2,975.0,31.0,67.7,11.0,0.9741007194244605,REAL_AWS
2016-08-15 07:00:00,MAITRI,-15.5,974.3,35.0,69.2,21.0,0.9956834532374101,REAL_AWS
2016-08-15 08:00:00,MAITRI,-15.2,973.3,34.0,68.6,12.0,0.9870503597122301,REAL_AWS
2016-08-15 09:00:00,MAITRI,-14.9,971.6,32.0,67.9,19.0,0.9769784172661872,REAL_AWS
2016-08-15 10:00:00,MAITRI,-15.0,970.2,35.0,68.0,23.0,0.9784172661870504,REAL_AWS
2016-08-15 11:00:00,MAITRI,-15.0,969.2,35.0,68.9,23.0,0.9913669064748202,REAL_AWS
2016-08-15 12:00:00,MAITRI,-13.8,967.6,32.0,69.0,25.0,0.9928057553956835,REAL_AWS
2016-08-15 13:00:00,MAITRI,-13.0,965.6,32.0,68.5,19.0,0.9856115107913669,REAL_AWS
2016-08-15 14:00:00,MAITRI,-12.2,964.3,36.0,67.9,20.0,0.9769784172661872,REAL_AWS
2016-08-15 15:00:00,MAITRI,-11.4,963.1,40.0,68.3,20.0,0.9827338129496402,REAL_AWS
2016-08-15 16:00:00,MAITRI,-10.3,961.6,39.0,68.6,13.0,0.9870503597122301,REAL_AWS
2016-08-15 17:00:00,MAITRI,-10.2,960.4,37.0,68.5,20.0,0.9856115107913669,REAL_AWS
2016-08-15 18:00:00,MAITRI,-9.8,959.3,37.0,68.5,19.0,0.9856115107913669,REAL_AWS
2016-08-15 19:00:00,MAITRI,-10.3,958.2,39.0,68.7,18.0,0.9884892086330935,REAL_AWS
2016-08-15 20:00:00,MAITRI,-10.4,956.8,36.0,68.7,17.0,0.9884892086330935,REAL_AWS
2016-08-15 21:00:00,MAITRI,-9.8,955.8,37.0,68.4,16.0,0.9841726618705037,REAL_AWS
2016-08-15 22:00:00,MAITRI,-9.5,954.2,38.0,69.2,10.0,0.9956834532374101,REAL_AWS
2016-08-15 23:00:00,MAITRI,-7.9,953.1,36.0,67.8,19.0,0.9755395683453237,REAL_AWS
2016-08-16 00:00:00,MAITRI,-6.2,952.0,44.0,68.4,21.0,0.9841726618705037,REAL_AWS
2016-08-16 01:00:00,MAITRI,-6.5,951.8,53.0,70.0,18.0,1.0,REAL_AWS
2016-08-16 02:00:00,MAITRI,-8.1,951.6,77.0,67.3,28.0,0.9683453237410071,REAL_AWS
2016-08-16 03:00:00,MAITRI,-7.8,951.9,65.0,67.8,20.0,0.9755395683453237,REAL_AWS
2016-08-16 04:00:00,MAITRI,-7.8,953.4,69.0,67.8,21.0,0.9755395683453237,REAL_AWS
2016-08-16 05:00:00,MAITRI,-7.4,954.4,63.0,68.2,19.0,0.981294964028777,REAL_AWS
2016-08-16 06:00:00,MAITRI,-7.4,955.2,69.0,68.1,19.0,0.9798561151079136,REAL_AWS
2016-08-16 07:00:00,MAITRI,-7.5,956.4,69.0,68.1,19.0,0.9798561151079136,REAL_AWS
2016-08-16 08:00:00,MAITRI,-7.5,956.7,67.0,67.9,18.0,0.9769784172661872,REAL_AWS
2016-08-16 09:00:00,MAITRI,-7.4,958.0,68.0,68.3,16.0,0.9827338129496402,REAL_AWS
2016-08-16 10:00:00,MAITRI,-7.4,958.8,68.0,68.3,18.0,0.9827338129496402,REAL_AWS
2016-08-16 11:00:00,MAITRI,-7.4,959.4,66.0,68.1,17.0,0.9798561151079136,REAL_AWS
2016-08-16 12:00:00,MAITRI,-7.6,960.1,67.0,68.0,17.0,0.9784172661870504,REAL_AWS
2016-08-16 13:00:00,MAITRI,-7.8,960.8,65.0,68.0,18.0,0.9784172661870504,REAL_AWS
2016-08-16 14:00:00,MAITRI,-8.2,961.2,63.0,68.2,17.0,0.981294964028777,REAL_AWS
2016-08-16 15:00:00,MAITRI,-8.2,961.6,61.0,68.2,19.0,0.981294964028777,REAL_AWS
2016-08-16 16:00:00,MAITRI,-8.7,962.2,71.0,68.3,18.0,0.9827338129496402,REAL_AWS
2016-08-16 17:00:00,MAITRI,-9.1,963.0,71.0,67.8,19.0,0.9755395683453237,REAL_AWS
2016-08-16 18:00:00,MAITRI,-9.0,963.4,72.0,68.4,11.0,0.9841726618705037,REAL_AWS
2016-08-16 19:00:00,MAITRI,-9.5,963.6,78.0,68.2,16.0,0.981294964028777,REAL_AWS
2016-08-16 20:00:00,MAITRI,-10.0,962.8,90.0,69.0,17.0,0.9928057553956835,REAL_AWS
2016-08-16 21:00:00,MAITRI,-10.3,964.0,90.0,67.2,10.0,0.9669064748201439,REAL_AWS
2016-08-16 22:00:00,MAITRI,-10.8,966.3,90.0,66.4,16.0,0.9553956834532374,REAL_AWS
2016-08-16 23:00:00,MAITRI,-11.0,967.7,90.0,68.5,23.0,0.9856115107913669,REAL_AWS
2016-08-17 00:00:00,MAITRI,-10.8,968.4,89.0,67.6,20.0,0.9726618705035971,REAL_AWS
2016-08-17 01:00:00,MAITRI,-11.1,970.3,88.0,67.8,21.0,0.9755395683453237,REAL_AWS
2016-08-17 02:00:00,MAITRI,-11.4,972.0,86.0,67.7,22.0,0.9741007194244605,REAL_AWS
2016-08-17 03:00:00,MAITRI,-11.4,972.7,83.0,67.8,22.0,0.9755395683453237,REAL_AWS
2016-08-17 04:00:00,MAITRI,-11.6,974.1,80.0,67.8,22.0,0.9755395683453237,REAL_AWS
2016-08-17 05:00:00,MAITRI,-11.6,975.3,79.0,68.0,20.0,0.9784172661870504,REAL_AWS
2016-08-17 06:00:00,MAITRI,-11.8,976.5,79.0,68.0,20.0,0.9784172661870504,REAL_AWS
2016-08-17 07:00:00,MAITRI,-12.0,977.5,83.0,68.7,17.0,0.9884892086330935,REAL_AWS
2016-08-17 08:00:00,MAITRI,-12.5,978.5,82.0,67.6,16.0,0.9726618705035971,REAL_AWS
2016-08-17 09:00:00,MAITRI,-12.6,979.4,76.0,68.1,17.0,0.9798561151079136,REAL_AWS
2016-08-17 10:00:00,MAITRI,-12.5,979.8,79.0,67.1,16.0,0.9654676258992805,REAL_AWS
2016-08-17 11:00:00,MAITRI,-12.3,980.8,80.0,66.1,19.0,0.9510791366906474,REAL_AWS
2016-08-17 12:00:00,MAITRI,-12.1,981.5,79.0,67.4,19.0,0.9697841726618706,REAL_AWS
2016-08-17 13:00:00,MAITRI,-11.8,981.7,76.0,67.2,19.0,0.9669064748201439,REAL_AWS
2016-08-17 14:00:00,MAITRI,-11.7,982.1,71.0,68.1,20.0,0.9798561151079136,REAL_AWS
2016-08-17 15:00:00,MAITRI,-11.6,982.5,66.0,67.8,22.0,0.9755395683453237,REAL_AWS
2016-08-17 16:00:00,MAITRI,-11.6,982.9,56.0,70.7,9.0,1.0,REAL_AWS
2016-08-17 17:00:00,MAITRI,-12.0,983.1,55.0,68.2,21.0,0.981294964028777,REAL_AWS
2016-08-17 18:00:00,MAITRI,-12.6,983.1,54.0,68.3,20.0,0.9827338129496402,REAL_AWS
2016-08-17 19:00:00,MAITRI,-12.9,983.3,55.0,68.0,21.0,0.9784172661870504,REAL_AWS
2016-08-17 20:00:00,MAITRI,-13.2,983.4,56.0,69.3,12.0,0.9971223021582734,REAL_AWS
2016-08-17 21:00:00,MAITRI,-13.4,983.5,58.0,68.3,20.0,0.9827338129496402,REAL_AWS
2016-08-17 22:00:00,MAITRI,-13.7,983.5,60.0,68.1,19.0,0.9798561151079136,REAL_AWS
2016-08-17 23:00:00,MAITRI,-13.8,983.6,60.0,68.4,20.0,0.9841726618705037,REAL_AWS
2016-08-18 00:00:00,MAITRI,-14.0,983.6,61.0,68.1,20.0,0.9798561151079136,REAL_AWS
2016-08-18 01:00:00,MAITRI,-13.3,983.8,58.0,68.4,12.0,0.9841726618705037,REAL_AWS
2016-08-18 02:00:00,MAITRI,-13.4,983.7,61.0,68.4,18.0,0.9841726618705037,REAL_AWS
2016-08-18 03:00:00,MAITRI,-12.4,983.4,57.0,68.4,18.0,0.9841726618705037,REAL_AWS
2016-08-18 04:00:00,MAITRI,-12.5,983.1,64.0,68.1,18.0,0.9798561151079136,REAL_AWS
2016-08-18 05:00:00,MAITRI,-12.7,983.0,56.0,68.2,18.0,0.981294964028777,REAL_AWS
2016-08-18 06:00:00,MAITRI,-12.6,982.8,56.0,69.2,10.0,0.9956834532374101,REAL_AWS
2016-08-18 07:00:00,MAITRI,-12.5,982.5,55.0,68.6,17.0,0.9870503597122301,REAL_AWS
2016-08-18 08:00:00,MAITRI,-12.6,982.4,55.0,68.7,17.0,0.9884892086330935,REAL_AWS
2016-08-18 09:00:00,MAITRI,-11.8,982.3,50.0,68.7,14.0,0.9884892086330935,REAL_AWS
2016-08-18 10:00:00,MAITRI,-11.8,981.9,52.0,68.7,14.0,0.9884892086330935,REAL_AWS
2016-08-18 11:00:00,MAITRI,-12.0,981.2,43.0,68.6,15.0,0.9870503597122301,REAL_AWS
2016-08-18 12:00:00,MAITRI,-12.7,980.6,44.0,69.4,7.0,0.9985611510791368,REAL_AWS
2016-08-18 13:00:00,MAITRI,-12.4,980.2,43.0,68.8,12.0,0.9899280575539567,REAL_AWS
2016-08-18 14:00:00,MAITRI,-12.2,979.6,41.0,68.8,14.0,0.9899280575539567,REAL_AWS
2016-08-18 15:00:00,MAITRI,-13.3,978.9,41.0,69.0,14.0,0.9928057553956835,REAL_AWS
2016-08-18 16:00:00,MAITRI,-13.5,978.7,43.0,68.6,16.0,0.9870503597122301,REAL_AWS
2016-08-18 17:00:00,MAITRI,-15.7,978.4,48.0,68.7,14.0,0.9884892086330935,REAL_AWS
2016-08-18 18:00:00,MAITRI,-17.3,978.2,57.0,69.1,15.0,0.9942446043165467,REAL_AWS
2016-08-18 19:00:00,MAITRI,-17.6,978.1,58.0,69.0,17.0,0.9928057553956835,REAL_AWS
2016-08-18 20:00:00,MAITRI,-18.0,977.8,58.0,68.5,16.0,0.9856115107913669,REAL_AWS
2016-08-18 21:00:00,MAITRI,-16.5,977.6,50.0,69.0,11.0,0.9928057553956835,REAL_AWS
2016-08-18 22:00:00,MAITRI,-14.9,977.7,39.0,67.9,19.0,0.9769784172661872,REAL_AWS
2016-08-18 23:00:00,MAITRI,-15.9,977.5,45.0,68.4,21.0,0.9841726618705037,REAL_AWS
2016-08-19 00:00:00,MAITRI,-15.9,977.5,42.0,68.6,19.0,0.9870503597122301,REAL_AWS
2016-08-19 01:00:00,MAITRI,-15.1,976.9,36.0,68.7,19.0,0.9884892086330935,REAL_AWS
2016-08-19 02:00:00,MAITRI,-16.2,977.6,43.0,68.5,19.0,0.9856115107913669,REAL_AWS
2016-08-19 03:00:00,MAITRI,-15.5,977.1,37.0,68.6,19.0,0.9870503597122301,REAL_AWS
2016-08-19 04:00:00,MAITRI,-16.6,977.0,44.0,68.5,18.0,0.9856115107913669,REAL_AWS
2016-08-19 05:00:00,MAITRI,-20.6,977.7,57.0,68.9,18.0,0.9913669064748202,REAL_AWS
2016-08-19 06:00:00,MAITRI,-20.4,978.1,59.0,68.1,18.0,0.9798561151079136,REAL_AWS
2016-08-19 07:00:00,MAITRI,-17.5,977.9,44.0,68.6,16.0,0.9870503597122301,REAL_AWS
2016-08-19 08:00:00,MAITRI,-16.9,977.8,37.0,69.9,3.0,1.0,REAL_AWS
2016-08-19 09:00:00,MAITRI,-15.6,977.7,38.0,68.5,14.0,0.9856115107913669,REAL_AWS
2016-08-19 10:00:00,MAITRI,-17.1,978.2,44.0,68.5,16.0,0.9856115107913669,REAL_AWS
2016-08-19 11:00:00,MAITRI,-16.1,978.3,42.0,68.7,16.0,0.9884892086330935,REAL_AWS
2016-08-19 12:00:00,MAITRI,-17.4,978.6,47.0,68.6,13.0,0.9870503597122301,REAL_AWS
2016-08-19 13:00:00,MAITRI,-19.3,978.9,53.0,68.7,14.0,0.9884892086330935,REAL_AWS
2016-08-19 14:00:00,MAITRI,-19.1,979.1,52.0,68.8,16.0,0.9899280575539567,REAL_AWS
2016-08-19 15:00:00,MAITRI,-19.4,979.0,53.0,69.5,9.0,1.0,REAL_AWS
2016-08-19 16:00:00,MAITRI,-18.7,978.7,48.0,68.8,16.0,0.9899280575539567,REAL_AWS
2016-08-19 17:00:00,MAITRI,-18.9,978.6,46.0,68.7,15.0,0.9884892086330935,REAL_AWS
2016-08-19 18:00:00,MAITRI,-19.2,978.5,46.0,68.9,14.0,0.9913669064748202,REAL_AWS
2016-08-19 19:00:00,MAITRI,-19.5,978.9,46.0,69.1,14.0,0.9942446043165467,REAL_AWS
2016-08-19 20:00:00,MAITRI,-20.2,979.4,46.0,68.8,15.0,0.9899280575539567,REAL_AWS
2016-08-19 21:00:00,MAITRI,-20.4,979.8,49.0,68.4,17.0,0.9841726618705037,REAL_AWS
2016-08-19 22:00:00,MAITRI,-18.5,979.9,39.0,68.6,16.0,0.9870503597122301,REAL_AWS
2016-08-19 23:00:00,MAITRI,-17.3,979.4,36.0,68.8,18.0,0.9899280575539567,REAL_AWS
2016-08-20 00:00:00,MAITRI,-17.3,979.4,36.0,68.4,19.0,0.9841726618705037,REAL_AWS
2016-08-20 01:00:00,MAITRI,-16.5,979.8,35.0,68.7,20.0,0.9884892086330935,REAL_AWS
2016-08-20 02:00:00,MAITRI,-17.4,979.6,36.0,68.9,20.0,0.9913669064748202,REAL_AWS
2016-08-20 03:00:00,MAITRI,-19.9,979.2,46.0,69.4,11.0,0.9985611510791368,REAL_AWS
2016-08-20 04:00:00,MAITRI,-21.9,980.5,45.0,68.9,17.0,0.9913669064748202,REAL_AWS
2016-08-20 05:00:00,MAITRI,-18.3,980.3,38.0,68.7,17.0,0.9884892086330935,REAL_AWS
2016-08-20 06:00:00,MAITRI,-17.3,979.9,33.0,69.3,10.0,0.9971223021582734,REAL_AWS
2016-08-20 07:00:00,MAITRI,-16.6,979.9,32.0,68.7,18.0,0.9884892086330935,REAL_AWS
2016-08-20 08:00:00,MAITRI,-16.8,980.5,36.0,68.9,18.0,0.9913669064748202,REAL_AWS
2016-08-20 09:00:00,MAITRI,-16.7,980.4,35.0,68.7,14.0,0.9884892086330935,REAL_AWS
2016-08-20 10:00:00,MAITRI,-17.3,980.4,36.0,68.9,15.0,0.9913669064748202,REAL_AWS
2016-08-20 11:00:00,MAITRI,-16.4,979.7,31.0,68.5,18.0,0.9856115107913669,REAL_AWS
2016-08-20 12:00:00,MAITRI,-15.8,980.0,32.0,68.9,17.0,0.9913669064748202,REAL_AWS
2016-08-20 13:00:00,MAITRI,-16.4,979.8,36.0,68.7,16.0,0.9884892086330935,REAL_AWS
2016-08-20 14:00:00,MAITRI,-16.7,979.6,36.0,68.7,17.0,0.9884892086330935,REAL_AWS
2016-08-20 15:00:00,MAITRI,-17.2,979.2,37.0,68.9,16.0,0.9913669064748202,REAL_AWS
2016-08-20 16:00:00,MAITRI,-17.3,979.1,36.0,68.8,17.0,0.9899280575539567,REAL_AWS
2016-08-20 17:00:00,MAITRI,-17.0,978.7,35.0,68.9,19.0,0.9913669064748202,REAL_AWS
2016-08-20 18:00:00,MAITRI,-16.6,978.1,35.0,68.7,18.0,0.9884892086330935,REAL_AWS
2016-08-20 19:00:00,MAITRI,-16.6,977.8,37.0,69.1,21.0,0.9942446043165467,REAL_AWS
2016-08-20 20:00:00,MAITRI,-16.6,977.2,37.0,68.7,20.0,0.9884892086330935,REAL_AWS
2016-08-20 21:00:00,MAITRI,-16.5,976.8,37.0,68.5,21.0,0.9856115107913669,REAL_AWS
2016-08-20 22:00:00,MAITRI,-15.8,976.3,35.0,68.5,22.0,0.9856115107913669,REAL_AWS
2016-08-20 23:00:00,MAITRI,-16.0,976.1,44.0,68.4,24.0,0.9841726618705037,REAL_AWS
2016-08-21 00:00:00,MAITRI,-15.7,975.7,41.0,68.3,26.0,0.9827338129496402,REAL_AWS
2016-08-21 01:00:00,MAITRI,-15.7,975.0,38.0,68.9,26.0,0.9913669064748202,REAL_AWS
2016-08-21 02:00:00,MAITRI,-15.1,974.2,35.0,68.6,25.0,0.9870503597122301,REAL_AWS
2016-08-21 03:00:00,MAITRI,-14.8,973.6,36.0,68.9,16.0,0.9913669064748202,REAL_AWS
2016-08-21 04:00:00,MAITRI,-14.4,972.7,34.0,68.2,26.0,0.981294964028777,REAL_AWS
2016-08-21 05:00:00,MAITRI,-14.2,972.3,34.0,67.8,26.0,0.9755395683453237,REAL_AWS
2016-08-21 06:00:00,MAITRI,-14.4,972.4,36.0,68.3,28.0,0.9827338129496402,REAL_AWS
2016-08-21 07:00:00,MAITRI,-14.2,971.9,36.0,68.4,28.0,0.9841726618705037,REAL_AWS
2016-08-21 08:00:00,MAITRI,-13.6,971.6,36.0,68.1,27.0,0.9798561151079136,REAL_AWS
2016-08-21 09:00:00,MAITRI,-13.5,970.8,36.0,68.3,27.0,0.9827338129496402,REAL_AWS
2016-08-21 10:00:00,MAITRI,-12.5,969.8,32.0,68.1,27.0,0.9798561151079136,REAL_AWS
2016-08-21 11:00:00,MAITRI,-12.6,969.2,35.0,67.9,28.0,0.9769784172661872,REAL_AWS
2016-08-21 12:00:00,MAITRI,-12.5,968.5,35.0,67.8,27.0,0.9755395683453237,REAL_AWS
2016-08-21 13:00:00,MAITRI,-12.7,968.1,36.0,67.9,28.0,0.9769784172661872,REAL_AWS
2016-08-21 14:00:00,MAITRI,-13.2,967.5,37.0,67.8,26.0,0.9755395683453237,REAL_AWS
2016-08-21 15:00:00,MAITRI,-14.3,967.5,48.0,67.7,19.0,0.9741007194244605,REAL_AWS
2016-08-21 16:00:00,MAITRI,-14.6,967.1,48.0,68.2,26.0,0.981294964028777,REAL_AWS
2016-08-21 17:00:00,MAITRI,-14.1,967.2,41.0,68.0,28.0,0.9784172661870504,REAL_AWS
2016-08-21 18:00:00,MAITRI,-14.7,966.5,46.0,67.8,28.0,0.9755395683453237,REAL_AWS
2016-08-21 19:00:00,MAITRI,-14.2,965.8,43.0,68.0,27.0,0.9784172661870504,REAL_AWS
2016-08-21 20:00:00,MAITRI,-13.9,965.2,40.0,67.9,27.0,0.9769784172661872,REAL_AWS
2016-08-21 21:00:00,MAITRI,-14.0,964.4,42.0,68.0,27.0,0.9784172661870504,REAL_AWS
2016-08-21 22:00:00,MAITRI,-13.7,964.0,37.0,68.1,27.0,0.9798561151079136,REAL_AWS
2016-08-21 23:00:00,MAITRI,-13.4,963.4,37.0,67.8,28.0,0.9755395683453237,REAL_AWS
2016-08-22 00:00:00,MAITRI,-13.1,962.9,35.0,67.6,18.0,0.9726618705035971,REAL_AWS
2016-08-22 01:00:00,MAITRI,-13.2,962.1,37.0,67.9,27.0,0.9769784172661872,REAL_AWS
2016-08-22 02:00:00,MAITRI,-12.8,960.9,36.0,67.9,26.0,0.9769784172661872,REAL_AWS
2016-08-22 03:00:00,MAITRI,-13.0,960.4,37.0,68.1,27.0,0.9798561151079136,REAL_AWS
2016-08-22 04:00:00,MAITRI,-12.9,960.3,38.0,67.8,25.0,0.9755395683453237,REAL_AWS
2016-08-22 05:00:00,MAITRI,-12.7,959.9,39.0,68.0,25.0,0.9784172661870504,REAL_AWS
2016-08-22 06:00:00,MAITRI,-12.5,959.3,40.0,68.9,18.0,0.9913669064748202,REAL_AWS
2016-08-22 07:00:00,MAITRI,-12.4,958.7,41.0,68.2,26.0,0.981294964028777,REAL_AWS
2016-08-22 08:00:00,MAITRI,-12.0,958.0,40.0,67.7,28.0,0.9741007194244605,REAL_AWS
2016-08-22 09:00:00,MAITRI,-11.7,957.4,39.0,67.9,27.0,0.9769784172661872,REAL_AWS
2016-08-22 10:00:00,MAITRI,-11.9,956.8,42.0,67.8,28.0,0.9755395683453237,REAL_AWS
2016-08-22 11:00:00,MAITRI,-11.3,956.5,40.0,67.8,29.0,0.9755395683453237,REAL_AWS
2016-08-22 12:00:00,MAITRI,-11.2,955.3,39.0,67.7,26.0,0.9741007194244605,REAL_AWS
2016-08-22 13:00:00,MAITRI,-11.3,955.3,39.0,67.6,28.0,0.9726618705035971,REAL_AWS
2016-08-22 14:00:00,MAITRI,-11.8,955.2,42.0,68.0,29.0,0.9784172661870504,REAL_AWS
2016-08-22 15:00:00,MAITRI,-11.8,955.1,40.0,68.2,29.0,0.981294964028777,REAL_AWS
2016-08-22 16:00:00,MAITRI,-12.0,954.9,40.0,67.8,30.0,0.9755395683453237,REAL_AWS
2016-08-22 17:00:00,MAITRI,-11.9,954.2,39.0,67.8,27.0,0.9755395683453237,REAL_AWS
2016-08-22 18:00:00,MAITRI,-11.4,954.4,39.0,67.6,28.0,0.9726618705035971,REAL_AWS
2016-08-22 19:00:00,MAITRI,-10.7,953.6,40.0,67.5,27.0,0.9712230215827338,REAL_AWS
2016-08-22 20:00:00,MAITRI,-10.3,952.5,40.0,68.4,21.0,0.9841726618705037,REAL_AWS
2016-08-22 21:00:00,MAITRI,-9.8,952.4,38.0,67.9,28.0,0.9769784172661872,REAL_AWS
2016-08-22 22:00:00,MAITRI,-9.8,952.6,41.0,68.0,28.0,0.9784172661870504,REAL_AWS
2016-08-22 23:00:00,MAITRI,-10.0,952.7,44.0,67.7,30.0,0.9741007194244605,REAL_AWS
2016-08-23 00:00:00,MAITRI,-10.7,952.8,48.0,67.8,29.0,0.9755395683453237,REAL_AWS
2016-08-23 01:00:00,MAITRI,-10.8,952.5,49.0,68.0,28.0,0.9784172661870504,REAL_AWS
2016-08-23 02:00:00,MAITRI,-10.7,953.7,47.0,67.9,26.0,0.9769784172661872,REAL_AWS
2016-08-23 03:00:00,MAITRI,-10.9,954.2,51.0,68.2,26.0,0.981294964028777,REAL_AWS
2016-08-23 04:00:00,MAITRI,-11.1,954.3,54.0,68.1,25.0,0.9798561151079136,REAL_AWS
2016-08-23 05:00:00,MAITRI,-11.4,954.6,57.0,67.8,25.0,0.9755395683453237,REAL_AWS
2016-08-23 06:00:00,MAITRI,-11.6,955.1,59.0,67.7,27.0,0.9741007194244605,REAL_AWS
2016-08-23 07:00:00,MAITRI,-11.6,955.3,57.0,67.7,26.0,0.9741007194244605,REAL_AWS
2016-08-23 08:00:00,MAITRI,-11.5,955.9,56.0,68.0,28.0,0.9784172661870504,REAL_AWS
2016-08-23 09:00:00,MAITRI,-11.5,956.7,57.0,67.8,27.0,0.9755395683453237,REAL_AWS
2016-08-23 10:00:00,MAITRI,-11.6,957.3,58.0,67.5,19.0,0.9712230215827338,REAL_AWS
2016-08-23 11:00:00,MAITRI,-11.1,956.9,49.0,67.6,28.0,0.9726618705035971,REAL_AWS
2016-08-23 12:00:00,MAITRI,-10.7,957.2,47.0,69.4,35.0,0.9985611510791368,REAL_AWS
2016-08-23 13:00:00,MAITRI,-10.5,956.7,46.0,67.8,27.0,0.9755395683453237,REAL_AWS
2016-08-23 14:00:00,MAITRI,-10.5,956.1,43.0,67.7,23.0,0.9741007194244605,REAL_AWS
2016-08-23 15:00:00,MAITRI,-10.5,956.4,41.0,67.8,25.0,0.9755395683453237,REAL_AWS
2016-08-23 16:00:00,MAITRI,-10.3,956.7,39.0,68.8,25.0,0.9899280575539567,REAL_AWS
2016-08-23 17:00:00,MAITRI,-10.1,956.7,40.0,67.3,24.0,0.9683453237410071,REAL_AWS
2016-08-23 18:00:00,MAITRI,-9.5,957.1,36.0,68.5,26.0,0.9856115107913669,REAL_AWS
2016-08-23 19:00:00,MAITRI,-9.4,956.8,36.0,68.8,21.0,0.9899280575539567,REAL_AWS
2016-08-23 20:00:00,MAITRI,-8.8,956.3,34.0,68.0,26.0,0.9784172661870504,REAL_AWS
2016-08-23 21:00:00,MAITRI,-9.2,956.1,37.0,68.5,28.0,0.9856115107913669,REAL_AWS
2016-08-23 22:00:00,MAITRI,-9.0,955.5,37.0,68.1,25.0,0.9798561151079136,REAL_AWS
2016-08-23 23:00:00,MAITRI,-9.2,956.1,38.0,67.7,24.0,0.9741007194244605,REAL_AWS
2016-08-24 00:00:00,MAITRI,-9.4,955.9,40.0,67.5,24.0,0.9712230215827338,REAL_AWS
2016-08-24 01:00:00,MAITRI,-9.5,955.8,39.0,68.8,11.0,0.9899280575539567,REAL_AWS
2016-08-24 02:00:00,MAITRI,-9.3,955.7,40.0,68.6,25.0,0.9870503597122301,REAL_AWS
2016-08-24 03:00:00,MAITRI,-9.4,956.5,40.0,68.6,23.0,0.9870503597122301,REAL_AWS
2016-08-24 04:00:00,MAITRI,-9.3,957.2,40.0,68.1,27.0,0.9798561151079136,REAL_AWS
2016-08-24 05:00:00,MAITRI,-9.2,957.9,37.0,68.2,27.0,0.981294964028777,REAL_AWS
2016-08-24 06:00:00,MAITRI,-9.0,958.5,37.0,67.7,25.0,0.9741007194244605,REAL_AWS
2016-08-24 07:00:00,MAITRI,-8.7,958.5,35.0,67.9,23.0,0.9769784172661872,REAL_AWS
2016-08-24 08:00:00,MAITRI,-8.7,959.0,36.0,68.2,25.0,0.981294964028777,REAL_AWS
2016-08-24 09:00:00,MAITRI,-8.4,958.6,35.0,68.2,25.0,0.981294964028777,REAL_AWS
2016-08-24 10:00:00,MAITRI,-7.9,959.0,34.0,67.7,27.0,0.9741007194244605,REAL_AWS
2016-08-24 11:00:00,MAITRI,-7.9,959.0,36.0,67.9,27.0,0.9769784172661872,REAL_AWS
2016-08-24 12:00:00,MAITRI,-8.1,959.0,35.0,67.7,26.0,0.9741007194244605,REAL_AWS
2016-08-24 13:00:00,MAITRI,-8.1,958.9,36.0,69.0,18.0,0.9928057553956835,REAL_AWS
2016-08-24 14:00:00,MAITRI,-8.1,958.6,37.0,67.9,27.0,0.9769784172661872,REAL_AWS
2016-08-24 15:00:00,MAITRI,-8.1,958.8,37.0,67.9,24.0,0.9769784172661872,REAL_AWS
2016-08-24 16:00:00,MAITRI,-8.3,960.6,38.0,68.1,26.0,0.9798561151079136,REAL_AWS
2016-08-24 17:00:00,MAITRI,-8.8,961.1,42.0,67.9,25.0,0.9769784172661872,REAL_AWS
2016-08-24 18:00:00,MAITRI,-9.2,961.3,47.0,68.2,24.0,0.981294964028777,REAL_AWS
2016-08-24 19:00:00,MAITRI,-10.0,961.3,56.0,68.3,28.0,0.9827338129496402,REAL_AWS
2016-08-24 20:00:00,MAITRI,-10.2,962.2,59.0,68.1,25.0,0.9798561151079136,REAL_AWS
2016-08-24 21:00:00,MAITRI,-10.8,962.6,66.0,68.8,17.0,0.9899280575539567,REAL_AWS
2016-08-24 22:00:00,MAITRI,-10.9,962.6,65.0,67.8,23.0,0.9755395683453237,REAL_AWS
2016-08-24 23:00:00,MAITRI,-10.8,962.8,69.0,67.8,22.0,0.9755395683453237,REAL_AWS
2016-08-25 00:00:00,MAITRI,-10.8,962.6,67.0,67.9,23.0,0.9769784172661872,REAL_AWS
2016-08-25 01:00:00,MAITRI,-10.8,962.7,69.0,67.8,21.0,0.9755395683453237,REAL_AWS
2016-08-25 02:00:00,MAITRI,-10.5,962.8,67.0,67.9,20.0,0.9769784172661872,REAL_AWS
2016-08-25 03:00:00,MAITRI,-10.6,962.9,59.0,67.6,20.0,0.9726618705035971,REAL_AWS
2016-08-25 04:00:00,MAITRI,-10.5,962.8,54.0,68.1,21.0,0.9798561151079136,REAL_AWS
2016-08-25 05:00:00,MAITRI,-10.1,962.4,51.0,68.3,21.0,0.9827338129496402,REAL_AWS
2016-08-25 06:00:00,MAITRI,-10.0,962.0,41.0,68.0,21.0,0.9784172661870504,REAL_AWS
2016-08-25 07:00:00,MAITRI,-10.9,961.6,52.0,68.1,20.0,0.9798561151079136,REAL_AWS
2016-08-25 08:00:00,MAITRI,-10.7,961.1,51.0,69.1,13.0,0.9942446043165467,REAL_AWS
2016-08-25 09:00:00,MAITRI,-10.6,960.4,48.0,68.0,19.0,0.9784172661870504,REAL_AWS
2016-08-25 10:00:00,MAITRI,-10.5,959.8,47.0,68.2,21.0,0.981294964028777,REAL_AWS
2016-08-25 11:00:00,MAITRI,-10.7,959.3,45.0,68.3,22.0,0.9827338129496402,REAL_AWS
2016-08-25 12:00:00,MAITRI,-11.3,958.7,47.0,68.1,21.0,0.9798561151079136,REAL_AWS
2016-08-25 13:00:00,MAITRI,-11.9,958.6,50.0,68.1,22.0,0.9798561151079136,REAL_AWS
2016-08-25 14:00:00,MAITRI,-12.1,958.3,46.0,68.4,22.0,0.9841726618705037,REAL_AWS
2016-08-25 15:00:00,MAITRI,-13.4,957.9,44.0,68.1,19.0,0.9798561151079136,REAL_AWS
2016-08-25 16:00:00,MAITRI,-13.7,957.9,45.0,68.4,18.0,0.9841726618705037,REAL_AWS
2016-08-25 17:00:00,MAITRI,-14.4,957.9,47.0,68.3,17.0,0.9827338129496402,REAL_AWS
2016-08-25 18:00:00,MAITRI,-14.7,957.7,45.0,68.8,19.0,0.9899280575539567,REAL_AWS
2016-08-25 19:00:00,MAITRI,-15.2,957.4,45.0,68.2,17.0,0.981294964028777,REAL_AWS
2016-08-25 20:00:00,MAITRI,-17.0,957.2,55.0,68.6,17.0,0.9870503597122301,REAL_AWS
2016-08-25 21:00:00,MAITRI,-18.0,957.9,58.0,68.6,16.0,0.9870503597122301,REAL_AWS
2016-08-25 22:00:00,MAITRI,-17.7,958.1,55.0,68.6,15.0,0.9870503597122301,REAL_AWS
2016-08-25 23:00:00,MAITRI,-17.9,958.5,52.0,68.5,16.0,0.9856115107913669,REAL_AWS
2016-08-26 00:00:00,MAITRI,-15.7,959.0,40.0,68.9,17.0,0.9913669064748202,REAL_AWS
2016-08-26 01:00:00,MAITRI,-16.0,959.6,38.0,69.4,9.0,0.9985611510791368,REAL_AWS
2016-08-26 02:00:00,MAITRI,-15.4,959.5,32.0,69.5,9.0,1.0,REAL_AWS
2016-08-26 03:00:00,MAITRI,-15.8,960.1,36.0,68.7,16.0,0.9884892086330935,REAL_AWS
2016-08-26 04:00:00,MAITRI,-17.7,960.5,43.0,68.8,16.0,0.9899280575539567,REAL_AWS
2016-08-26 05:00:00,MAITRI,-16.5,960.6,38.0,69.0,17.0,0.9928057553956835,REAL_AWS
2016-08-26 06:00:00,MAITRI,-18.3,960.8,48.0,68.7,15.0,0.9884892086330935,REAL_AWS
2016-08-26 07:00:00,MAITRI,-17.0,960.9,41.0,69.4,9.0,0.9985611510791368,REAL_AWS
2016-08-26 08:00:00,MAITRI,-18.1,961.2,47.0,68.9,16.0,0.9913669064748202,REAL_AWS
2016-08-26 09:00:00,MAITRI,-17.6,961.5,46.0,69.0,13.0,0.9928057553956835,REAL_AWS
2016-08-26 10:00:00,MAITRI,-16.8,961.9,38.0,68.1,10.0,0.9798561151079136,REAL_AWS
2016-08-26 11:00:00,MAITRI,-15.2,962.5,36.0,69.8,14.0,1.0,REAL_AWS
2016-08-26 12:00:00,MAITRI,-15.7,962.9,39.0,68.4,20.0,0.9841726618705037,REAL_AWS
2016-08-26 13:00:00,MAITRI,-14.6,962.8,36.0,68.9,16.0,0.9913669064748202,REAL_AWS
2016-08-26 14:00:00,MAITRI,-16.5,963.0,40.0,68.7,18.0,0.9884892086330935,REAL_AWS
2016-08-26 15:00:00,MAITRI,-18.1,963.2,46.0,68.5,18.0,0.9856115107913669,REAL_AWS
2016-08-26 16:00:00,MAITRI,-19.4,963.3,49.0,69.0,18.0,0.9928057553956835,REAL_AWS
2016-08-26 17:00:00,MAITRI,-19.2,963.1,47.0,68.7,19.0,0.9884892086330935,REAL_AWS
2016-08-26 18:00:00,MAITRI,-19.4,962.9,47.0,69.3,12.0,0.9971223021582734,REAL_AWS
2016-08-26 19:00:00,MAITRI,-19.1,963.0,46.0,68.5,19.0,0.9856115107913669,REAL_AWS
2016-08-26 20:00:00,MAITRI,-21.0,962.9,50.0,68.6,19.0,0.9870503597122301,REAL_AWS
2016-08-26 21:00:00,MAITRI,-22.1,962.8,56.0,68.5,20.0,0.9856115107913669,REAL_AWS
2016-08-26 22:00:00,MAITRI,-21.9,962.7,55.0,68.6,19.0,0.9870503597122301,REAL_AWS
2016-08-26 23:00:00,MAITRI,-22.7,962.7,59.0,68.6,21.0,0.9870503597122301,REAL_AWS
2016-08-27 00:00:00,MAITRI,-22.3,962.6,57.0,68.3,21.0,0.9827338129496402,REAL_AWS
2016-08-27 01:00:00,MAITRI,-21.9,962.5,54.0,68.4,21.0,0.9841726618705037,REAL_AWS
2016-08-27 02:00:00,MAITRI,-22.8,962.5,55.0,68.5,21.0,0.9856115107913669,REAL_AWS
2016-08-27 03:00:00,MAITRI,-23.1,962.4,59.0,69.2,13.0,0.9956834532374101,REAL_AWS
2016-08-27 04:00:00,MAITRI,-24.0,962.5,58.0,68.4,22.0,0.9841726618705037,REAL_AWS
2016-08-27 05:00:00,MAITRI,-23.6,962.5,61.0,68.6,21.0,0.9870503597122301,REAL_AWS
2016-08-27 06:00:00,MAITRI,-23.4,962.6,58.0,68.4,23.0,0.9841726618705037,REAL_AWS
2016-08-27 07:00:00,MAITRI,-23.0,962.9,61.0,68.3,23.0,0.9827338129496402,REAL_AWS
2016-08-27 08:00:00,MAITRI,-20.9,963.0,57.0,68.1,22.0,0.9798561151079136,REAL_AWS
2016-08-27 09:00:00,MAITRI,-21.8,963.2,53.0,68.2,24.0,0.981294964028777,REAL_AWS
2016-08-27 10:00:00,MAITRI,-21.8,963.6,52.0,67.9,25.0,0.9769784172661872,REAL_AWS
2016-08-27 11:00:00,MAITRI,-20.6,963.8,49.0,67.8,28.0,0.9755395683453237,REAL_AWS
2016-08-27 12:00:00,MAITRI,-20.6,964.1,52.0,67.9,28.0,0.9769784172661872,REAL_AWS
2016-08-27 13:00:00,MAITRI,-20.6,964.7,47.0,68.6,19.0,0.9870503597122301,REAL_AWS
2016-08-27 14:00:00,MAITRI,-21.3,964.6,51.0,67.7,28.0,0.9741007194244605,REAL_AWS
2016-08-27 15:00:00,MAITRI,-21.0,965.2,53.0,67.9,27.0,0.9769784172661872,REAL_AWS
2016-08-27 16:00:00,MAITRI,-22.0,965.2,58.0,68.9,17.0,0.9913669064748202,REAL_AWS
2016-08-27 17:00:00,MAITRI,-22.0,966.6,75.0,68.4,25.0,0.9841726618705037,REAL_AWS
2016-08-27 18:00:00,MAITRI,-21.2,966.4,64.0,67.9,25.0,0.9769784172661872,REAL_AWS
2016-08-27 19:00:00,MAITRI,-21.1,966.7,71.0,68.0,25.0,0.9784172661870504,REAL_AWS
2016-08-27 20:00:00,MAITRI,-20.6,966.5,77.0,68.2,22.0,0.981294964028777,REAL_AWS
2016-08-27 21:00:00,MAITRI,-18.5,966.0,51.0,68.2,22.0,0.981294964028777,REAL_AWS
2016-08-27 22:00:00,MAITRI,-17.2,965.6,42.0,68.3,21.0,0.9827338129496402,REAL_AWS
2016-08-27 23:00:00,MAITRI,-17.7,965.8,44.0,68.3,20.0,0.9827338129496402,REAL_AWS
2016-08-28 00:00:00,MAITRI,-17.7,965.3,43.0,68.5,21.0,0.9856115107913669,REAL_AWS
2016-08-28 01:00:00,MAITRI,-17.3,965.2,38.0,68.5,19.0,0.9856115107913669,REAL_AWS
2016-08-28 02:00:00,MAITRI,-17.7,964.6,41.0,68.4,20.0,0.9841726618705037,REAL_AWS
2016-08-28 03:00:00,MAITRI,-17.4,964.2,37.0,69.2,12.0,0.9956834532374101,REAL_AWS
2016-08-28 04:00:00,MAITRI,-17.9,964.2,42.0,68.5,20.0,0.9856115107913669,REAL_AWS
2016-08-28 05:00:00,MAITRI,-16.6,963.2,36.0,68.6,18.0,0.9870503597122301,REAL_AWS
2016-08-28 06:00:00,MAITRI,-16.5,963.8,36.0,68.5,20.0,0.9856115107913669,REAL_AWS
2016-08-28 07:00:00,MAITRI,-17.6,963.9,40.0,69.3,9.0,0.9971223021582734,REAL_AWS
2016-08-28 08:00:00,MAITRI,-17.5,963.3,41.0,68.6,18.0,0.9870503597122301,REAL_AWS
2016-08-28 09:00:00,MAITRI,-16.1,963.0,35.0,68.6,17.0,0.9870503597122301,REAL_AWS
2016-08-28 10:00:00,MAITRI,-15.2,962.5,33.0,68.1,23.0,0.9798561151079136,REAL_AWS
2016-08-28 11:00:00,MAITRI,-14.6,962.2,33.0,68.1,25.0,0.9798561151079136,REAL_AWS
2016-08-28 12:00:00,MAITRI,-14.1,961.5,31.0,67.9,25.0,0.9769784172661872,REAL_AWS
2016-08-28 13:00:00,MAITRI,-14.1,960.8,33.0,68.1,23.0,0.9798561151079136,REAL_AWS
2016-08-28 14:00:00,MAITRI,-13.2,960.8,30.0,69.3,13.0,0.9971223021582734,REAL_AWS
2016-08-28 15:00:00,MAITRI,-13.3,960.2,30.0,68.4,22.0,0.9841726618705037,REAL_AWS
2016-08-28 16:00:00,MAITRI,-14.1,959.7,32.0,68.3,21.0,0.9827338129496402,REAL_AWS
2016-08-28 17:00:00,MAITRI,-13.7,959.7,33.0,68.5,20.0,0.9856115107913669,REAL_AWS
2016-08-28 18:00:00,MAITRI,-12.8,959.1,33.0,68.3,20.0,0.9827338129496402,REAL_AWS
2016-08-28 19:00:00,MAITRI,-12.0,958.9,36.0,69.2,13.0,0.9956834532374101,REAL_AWS
2016-08-28 20:00:00,MAITRI,-12.5,959.4,41.0,68.3,21.0,0.9827338129496402,REAL_AWS
2016-08-28 21:00:00,MAITRI,-12.2,959.8,43.0,68.2,20.0,0.981294964028777,REAL_AWS
2016-08-28 22:00:00,MAITRI,-11.3,960.5,44.0,68.5,19.0,0.9856115107913669,REAL_AWS
2016-08-28 23:00:00,MAITRI,-11.4,961.3,44.0,68.3,19.0,0.9827338129496402,REAL_AWS
2016-08-29 00:00:00,MAITRI,-10.3,961.8,42.0,68.3,19.0,0.9827338129496402,REAL_AWS
2016-08-29 01:00:00,MAITRI,-10.6,962.4,45.0,68.5,19.0,0.9856115107913669,REAL_AWS
2016-08-29 02:00:00,MAITRI,-10.7,962.9,49.0,68.1,18.0,0.9798561151079136,REAL_AWS
2016-08-29 03:00:00,MAITRI,-10.8,964.0,51.0,68.4,19.0,0.9841726618705037,REAL_AWS
2016-08-29 04:00:00,MAITRI,-11.1,964.2,53.0,68.4,18.0,0.9841726618705037,REAL_AWS
2016-08-29 05:00:00,MAITRI,-11.1,964.9,56.0,68.3,19.0,0.9827338129496402,REAL_AWS
2016-08-29 06:00:00,MAITRI,-10.8,965.4,53.0,68.1,21.0,0.9798561151079136,REAL_AWS
2016-08-29 07:00:00,MAITRI,-11.0,965.9,60.0,68.3,19.0,0.9827338129496402,REAL_AWS
2016-08-29 08:00:00,MAITRI,-10.7,966.4,52.0,68.3,20.0,0.9827338129496402,REAL_AWS
2016-08-29 09:00:00,MAITRI,-10.3,967.0,54.0,68.2,19.0,0.981294964028777,REAL_AWS
2016-08-29 10:00:00,MAITRI,-10.3,967.6,56.0,67.4,20.0,0.9697841726618706,REAL_AWS
2016-08-29 11:00:00,MAITRI,-10.0,967.6,51.0,68.1,22.0,0.9798561151079136,REAL_AWS
2016-08-29 12:00:00,MAITRI,-10.0,967.8,54.0,68.9,12.0,0.9913669064748202,REAL_AWS
2016-08-29 13:00:00,MAITRI,-10.1,968.1,57.0,69.3,11.0,0.9971223021582734,REAL_AWS
2016-08-29 14:00:00,MAITRI,-10.1,967.8,61.0,68.2,17.0,0.981294964028777,REAL_AWS
2016-08-29 15:00:00,MAITRI,-10.1,967.9,59.0,68.3,18.0,0.9827338129496402,REAL_AWS
2016-08-29 16:00:00,MAITRI,-10.5,968.1,60.0,68.4,16.0,0.9841726618705037,REAL_AWS
2016-08-29 17:00:00,MAITRI,-12.1,968.3,69.0,68.3,16.0,0.9827338129496402,REAL_AWS
2016-08-29 18:00:00,MAITRI,-12.5,968.6,65.0,69.3,9.0,0.9971223021582734,REAL_AWS
2016-08-29 19:00:00,MAITRI,-11.8,968.4,59.0,69.2,10.0,0.9956834532374101,REAL_AWS
2016-08-29 20:00:00,MAITRI,-11.8,968.6,59.0,68.4,17.0,0.9841726618705037,REAL_AWS
2016-08-29 21:00:00,MAITRI,-11.0,968.5,53.0,69.3,11.0,0.9971223021582734,REAL_AWS
2016-08-29 22:00:00,MAITRI,-11.4,968.6,53.0,68.3,18.0,0.9827338129496402,REAL_AWS
2016-08-29 23:00:00,MAITRI,-11.7,968.4,51.0,69.1,12.0,0.9942446043165467,REAL_AWS
2016-08-30 00:00:00,MAITRI,-11.8,968.3,44.0,68.2,20.0,0.981294964028777,REAL_AWS
2016-08-30 01:00:00,MAITRI,-11.8,968.1,44.0,68.2,20.0,0.981294964028777,REAL_AWS
2016-08-30 02:00:00,MAITRI,-12.1,967.7,46.0,68.2,19.0,0.981294964028777,REAL_AWS
2016-08-30 03:00:00,MAITRI,-12.0,967.5,48.0,68.2,18.0,0.981294964028777,REAL_AWS
2016-08-30 04:00:00,MAITRI,-12.3,966.5,47.0,68.2,18.0,0.981294964028777,REAL_AWS
2016-08-30 05:00:00,MAITRI,-12.9,966.4,48.0,68.3,19.0,0.9827338129496402,REAL_AWS
2016-08-30 06:00:00,MAITRI,-13.3,966.3,44.0,68.4,17.0,0.9841726618705037,REAL_AWS
2016-08-30 07:00:00,MAITRI,-13.3,966.1,44.0,68.6,17.0,0.9870503597122301,REAL_AWS
2016-08-30 08:00:00,MAITRI,-12.9,965.5,41.0,68.4,17.0,0.9841726618705037,REAL_AWS
2016-08-30 09:00:00,MAITRI,-11.6,965.3,38.0,68.5,16.0,0.9856115107913669,REAL_AWS
2016-08-30 10:00:00,MAITRI,-11.9,965.0,39.0,69.3,8.0,0.9971223021582734,REAL_AWS
2016-08-30 11:00:00,MAITRI,-11.5,964.3,39.0,68.3,15.0,0.9827338129496402,REAL_AWS
2016-08-30 12:00:00,MAITRI,-11.7,963.6,38.0,68.9,11.0,0.9913669064748202,REAL_AWS
2016-08-30 13:00:00,MAITRI,-11.4,963.0,40.0,69.0,10.0,0.9928057553956835,REAL_AWS
2016-08-30 14:00:00,MAITRI,-11.9,962.1,39.0,68.7,12.0,0.9884892086330935,REAL_AWS
2016-08-30 15:00:00,MAITRI,-12.4,961.4,40.0,68.7,13.0,0.9884892086330935,REAL_AWS
2016-08-30 16:00:00,MAITRI,-11.7,961.1,37.0,68.9,13.0,0.9913669064748202,REAL_AWS
2016-08-30 17:00:00,MAITRI,-11.6,961.0,39.0,68.9,13.0,0.9913669064748202,REAL_AWS
2016-08-30 18:00:00,MAITRI,-10.9,960.4,34.0,68.5,15.0,0.9856115107913669,REAL_AWS
2016-08-30 19:00:00,MAITRI,-11.1,959.8,37.0,68.4,15.0,0.9841726618705037,REAL_AWS
2016-08-30 20:00:00,MAITRI,-10.8,959.0,32.0,68.5,16.0,0.9856115107913669,REAL_AWS
2016-08-30 21:00:00,MAITRI,-11.9,958.0,37.0,68.3,16.0,0.9827338129496402,REAL_AWS
2016-08-30 22:00:00,MAITRI,-12.2,956.9,36.0,68.4,18.0,0.9841726618705037,REAL_AWS
2016-08-30 23:00:00,MAITRI,-12.5,956.7,36.0,68.3,21.0,0.9827338129496402,REAL_AWS
2016-08-31 00:00:00,MAITRI,-12.8,955.7,37.0,68.4,19.0,0.9841726618705037,REAL_AWS
2016-08-31 01:00:00,MAITRI,-12.4,955.1,37.0,69.0,19.0,0.9928057553956835,REAL_AWS
2016-08-31 02:00:00,MAITRI,-12.6,954.7,38.0,68.9,19.0,0.9913669064748202,REAL_AWS
2016-08-31 03:00:00,MAITRI,-12.4,954.4,37.0,68.6,21.0,0.9870503597122301,REAL_AWS
2016-08-31 04:00:00,MAITRI,-11.0,954.1,37.0,68.3,22.0,0.9827338129496402,REAL_AWS
2016-08-31 05:00:00,MAITRI,-10.8,953.9,42.0,68.5,21.0,0.9856115107913669,REAL_AWS
2016-08-31 06:00:00,MAITRI,-10.3,953.7,41.0,69.1,12.0,0.9942446043165467,REAL_AWS
2016-08-31 07:00:00,MAITRI,-10.1,954.0,46.0,68.8,20.0,0.9899280575539567,REAL_AWS
2016-08-31 08:00:00,MAITRI,-10.4,954.4,54.0,68.3,20.0,0.9827338129496402,REAL_AWS
2016-08-31 09:00:00,MAITRI,-10.0,954.7,57.0,68.4,17.0,0.9841726618705037,REAL_AWS
2016-08-31 10:00:00,MAITRI,-9.9,954.8,60.0,69.2,11.0,0.9956834532374101,REAL_AWS
2016-08-31 11:00:00,MAITRI,-9.8,955.1,58.0,68.0,19.0,0.9784172661870504,REAL_AWS
2016-08-31 12:00:00,MAITRI,-9.5,955.3,66.0,68.2,16.0,0.981294964028777,REAL_AWS
2016-08-31 13:00:00,MAITRI,-10.3,955.3,72.0,68.0,18.0,0.9784172661870504,REAL_AWS
2016-08-31 14:00:00,MAITRI,-10.2,955.2,76.0,67.9,19.0,0.9769784172661872,REAL_AWS
2016-08-31 15:00:00,MAITRI,-10.4,955.6,74.0,67.7,3.0,0.9741007194244605,REAL_AWS
2016-08-31 16:00:00,MAITRI,-10.5,955.9,72.0,68.4,15.0,0.9841726618705037,REAL_AWS
2016-08-31 17:00:00,MAITRI,-10.7,956.1,74.0,68.3,15.0,0.9827338129496402,REAL_AWS
2016-08-31 18:00:00,MAITRI,-11.0,956.4,73.0,68.7,16.0,0.9884892086330935,REAL_AWS
2016-08-31 19:00:00,MAITRI,-11.2,956.5,70.0,68.5,15.0,0.9856115107913669,REAL_AWS
2016-08-31 20:00:00,MAITRI,-10.2,956.6,66.0,68.2,15.0,0.981294964028777,REAL_AWS
2016-08-31 21:00:00,MAITRI,-10.4,957.0,64.0,68.3,15.0,0.9827338129496402,REAL_AWS
2016-08-31 22:00:00,MAITRI,-10.6,957.0,63.0,68.2,17.0,0.981294964028777,REAL_AWS
2016-08-31 23:00:00,MAITRI,-10.2,957.1,57.0,68.1,17.0,0.9798561151079136,REAL_AWS
2016-09-01 00:00:00,MAITRI,-10.0,957.4,53.0,69.2,10.0,0.9956834532374101,REAL_AWS
2016-09-01 01:00:00,MAITRI,-10.1,957.7,51.0,68.2,17.0,0.981294964028777,REAL_AWS
2016-09-01 02:00:00,MAITRI,-10.1,957.9,49.0,68.2,18.0,0.981294964028777,REAL_AWS
2016-09-01 03:00:00,MAITRI,-10.5,957.7,49.0,68.2,17.0,0.981294964028777,REAL_AWS
2016-09-01 04:00:00,MAITRI,-10.7,958.1,49.0,68.3,17.0,0.9827338129496402,REAL_AWS
2016-09-01 05:00:00,MAITRI,-10.9,958.5,47.0,68.1,17.0,0.9798561151079136,REAL_AWS
2016-09-01 06:00:00,MAITRI,-11.2,958.7,46.0,68.1,19.0,0.9798561151079136,REAL_AWS
2016-09-01 07:00:00,MAITRI,-11.2,959.3,44.0,68.2,18.0,0.981294964028777,REAL_AWS
2016-09-01 08:00:00,MAITRI,-11.2,959.4,41.0,68.4,18.0,0.9841726618705037,REAL_AWS
2016-09-01 09:00:00,MAITRI,-11.0,959.6,41.0,68.3,17.0,0.9827338129496402,REAL_AWS
2016-09-01 10:00:00,MAITRI,-11.1,960.3,50.0,68.4,15.0,0.9841726618705037,REAL_AWS
2016-09-01 11:00:00,MAITRI,-10.9,960.6,34.0,68.3,18.0,0.9827338129496402,REAL_AWS
2016-09-01 12:00:00,MAITRI,-11.5,961.0,37.0,69.0,12.0,0.9928057553956835,REAL_AWS
2016-09-01 13:00:00,MAITRI,-11.8,960.6,37.0,68.9,11.0,0.9913669064748202,REAL_AWS
2016-09-01 14:00:00,MAITRI,-11.9,960.3,35.0,69.2,10.0,0.9956834532374101,REAL_AWS
2016-09-01 15:00:00,MAITRI,-12.2,959.9,38.0,69.1,8.0,0.9942446043165467,REAL_AWS
2016-09-01 16:00:00,MAITRI,-12.8,960.8,35.0,68.8,15.0,0.9899280575539567,REAL_AWS
2016-09-01 17:00:00,MAITRI,-13.6,960.7,41.0,68.7,14.0,0.9884892086330935,REAL_AWS
2016-09-01 18:00:00,MAITRI,-14.1,960.6,51.0,68.6,15.0,0.9870503597122301,REAL_AWS
2016-09-01 19:00:00,MAITRI,-14.0,960.6,44.0,68.4,15.0,0.9841726618705037,REAL_AWS
2016-09-01 20:00:00,MAITRI,-14.2,960.0,44.0,68.6,14.0,0.9870503597122301,REAL_AWS
2016-09-01 21:00:00,MAITRI,-14.3,959.9,44.0,68.6,15.0,0.9870503597122301,REAL_AWS
2016-09-01 22:00:00,MAITRI,-14.7,959.7,39.0,68.6,17.0,0.9870503597122301,REAL_AWS
2016-09-01 23:00:00,MAITRI,-14.9,959.4,36.0,68.3,17.0,0.9827338129496402,REAL_AWS
2016-09-02 00:00:00,MAITRI,-15.5,959.1,41.0,68.6,18.0,0.9870503597122301,REAL_AWS
2016-09-02 01:00:00,MAITRI,-16.2,958.7,41.0,68.7,18.0,0.9884892086330935,REAL_AWS
2016-09-02 02:00:00,MAITRI,-16.4,958.1,38.0,68.5,17.0,0.9856115107913669,REAL_AWS
2016-09-02 03:00:00,MAITRI,-16.6,957.3,42.0,69.2,10.0,0.9956834532374101,REAL_AWS
2016-09-02 04:00:00,MAITRI,-16.4,956.9,38.0,68.4,18.0,0.9841726618705037,REAL_AWS
2016-09-02 05:00:00,MAITRI,-16.4,957.0,38.0,68.5,17.0,0.9856115107913669,REAL_AWS
2016-09-02 06:00:00,MAITRI,-17.0,956.7,42.0,68.5,17.0,0.9856115107913669,REAL_AWS
2016-09-02 07:00:00,MAITRI,-16.7,956.1,40.0,68.4,18.0,0.9841726618705037,REAL_AWS
2016-09-02 08:00:00,MAITRI,-16.5,956.0,37.0,68.3,19.0,0.9827338129496402,REAL_AWS
2016-09-02 09:00:00,MAITRI,-16.3,955.3,43.0,68.7,18.0,0.9884892086330935,REAL_AWS
2016-09-02 10:00:00,MAITRI,-15.5,955.1,38.0,68.5,20.0,0.9856115107913669,REAL_AWS
2016-09-02 11:00:00,MAITRI,-15.4,954.4,40.0,68.4,20.0,0.9841726618705037,REAL_AWS
2016-09-02 12:00:00,MAITRI,-16.3,954.0,48.0,69.2,11.0,0.9956834532374101,REAL_AWS
2016-09-02 13:00:00,MAITRI,-17.0,953.6,49.0,68.4,18.0,0.9841726618705037,REAL_AWS
2016-09-02 14:00:00,MAITRI,-17.2,953.0,54.0,69.3,11.0,0.9971223021582734,REAL_AWS
2016-09-02 15:00:00,MAITRI,-17.5,952.9,55.0,68.8,16.0,0.9899280575539567,REAL_AWS
2016-09-02 16:00:00,MAITRI,-16.9,953.1,50.0,68.6,18.0,0.9870503597122301,REAL_AWS
2016-09-02 17:00:00,MAITRI,-17.4,953.1,48.0,68.7,18.0,0.9884892086330935,REAL_AWS
2016-09-02 18:00:00,MAITRI,-18.1,952.9,51.0,68.6,16.0,0.9870503597122301,REAL_AWS
2016-09-02 19:00:00,MAITRI,-18.3,952.6,51.0,68.5,21.0,0.9856115107913669,REAL_AWS
2016-09-02 20:00:00,MAITRI,-19.8,952.9,70.0,68.5,20.0,0.9856115107913669,REAL_AWS
2016-09-02 21:00:00,MAITRI,-19.1,952.8,67.0,68.5,20.0,0.9856115107913669,REAL_AWS
2016-09-02 22:00:00,MAITRI,-19.6,952.2,54.0,68.3,19.0,0.9827338129496402,REAL_AWS
2016-09-02 23:00:00,MAITRI,-19.9,951.9,69.0,68.3,21.0,0.9827338129496402,REAL_AWS
2016-09-03 00:00:00,MAITRI,-20.1,951.1,52.0,68.4,24.0,0.9841726618705037,REAL_AWS
2016-09-03 01:00:00,MAITRI,-19.4,950.5,47.0,68.2,23.0,0.981294964028777,REAL_AWS
2016-09-03 02:00:00,MAITRI,-19.1,949.6,43.0,68.5,22.0,0.9856115107913669,REAL_AWS
2016-09-03 03:00:00,MAITRI,-19.2,949.0,46.0,68.2,23.0,0.981294964028777,REAL_AWS
2016-09-03 04:00:00,MAITRI,-19.2,948.5,45.0,68.2,23.0,0.981294964028777,REAL_AWS
2016-09-03 05:00:00,MAITRI,-19.1,948.4,43.0,68.5,21.0,0.9856115107913669,REAL_AWS
2016-09-03 06:00:00,MAITRI,-19.3,947.9,46.0,68.5,21.0,0.9856115107913669,REAL_AWS
2016-09-03 07:00:00,MAITRI,-19.5,947.5,45.0,68.2,21.0,0.981294964028777,REAL_AWS
2016-09-03 08:00:00,MAITRI,-18.4,946.8,41.0,68.5,19.0,0.9856115107913669,REAL_AWS
2016-09-03 09:00:00,MAITRI,-17.9,946.2,44.0,68.4,18.0,0.9841726618705037,REAL_AWS
2016-09-03 10:00:00,MAITRI,-17.3,945.7,42.0,68.4,16.0,0.9841726618705037,REAL_AWS
2016-09-03 11:00:00,MAITRI,-17.3,945.3,46.0,68.4,18.0,0.9841726618705037,REAL_AWS
2016-09-03 12:00:00,MAITRI,-17.3,945.0,49.0,68.9,13.0,0.9913669064748202,REAL_AWS
2016-09-03 13:00:00,MAITRI,-17.1,944.6,48.0,69.5,5.0,1.0,REAL_AWS
2016-09-03 14:00:00,MAITRI,-17.3,944.5,44.0,68.7,14.0,0.9884892086330935,REAL_AWS
2016-09-03 15:00:00,MAITRI,-17.8,944.3,43.0,68.7,14.0,0.9884892086330935,REAL_AWS
2016-09-03 16:00:00,MAITRI,-18.2,944.3,41.0,68.9,14.0,0.9913669064748202,REAL_AWS
2016-09-03 17:00:00,MAITRI,-17.9,944.7,45.0,69.5,7.0,1.0,REAL_AWS
2016-09-03 18:00:00,MAITRI,-19.9,945.4,52.0,69.0,15.0,0.9928057553956835,REAL_AWS
2016-09-03 19:00:00,MAITRI,-20.7,946.1,46.0,68.9,17.0,0.9913669064748202,REAL_AWS
2016-09-03 20:00:00,MAITRI,-20.9,947.3,44.0,69.4,9.0,0.9985611510791368,REAL_AWS
2016-09-03 21:00:00,MAITRI,-21.9,948.2,51.0,68.8,17.0,0.9899280575539567,REAL_AWS
2016-09-03 22:00:00,MAITRI,-22.3,948.9,50.0,69.0,17.0,0.9928057553956835,REAL_AWS
2016-09-03 23:00:00,MAITRI,-22.6,949.1,50.0,69.0,19.0,0.9928057553956835,REAL_AWS
2016-09-04 00:00:00,MAITRI,-22.4,949.4,55.0,68.7,18.0,0.9884892086330935,REAL_AWS
2016-09-04 01:00:00,MAITRI,-22.5,949.6,56.0,68.7,21.0,0.9884892086330935,REAL_AWS
2016-09-04 02:00:00,MAITRI,-22.2,950.5,53.0,68.5,20.0,0.9856115107913669,REAL_AWS
2016-09-04 03:00:00,MAITRI,-22.7,951.0,48.0,68.9,19.0,0.9913669064748202,REAL_AWS
2016-09-04 04:00:00,MAITRI,-23.5,951.8,51.0,68.9,21.0,0.9913669064748202,REAL_AWS
2016-09-04 05:00:00,MAITRI,-24.4,953.1,54.0,68.7,19.0,0.9884892086330935,REAL_AWS
2016-09-04 06:00:00,MAITRI,-24.9,953.5,55.0,68.8,19.0,0.9899280575539567,REAL_AWS
2016-09-04 07:00:00,MAITRI,-25.1,954.1,51.0,68.9,20.0,0.9913669064748202,REAL_AWS
2016-09-04 08:00:00,MAITRI,-24.4,954.7,48.0,68.4,18.0,0.9841726618705037,REAL_AWS
2016-09-04 09:00:00,MAITRI,-22.5,955.7,42.0,68.7,15.0,0.9884892086330935,REAL_AWS
2016-09-04 10:00:00,MAITRI,-23.2,956.3,41.0,69.2,11.0,0.9956834532374101,REAL_AWS
2016-09-04 11:00:00,MAITRI,-22.1,956.9,35.0,68.8,21.0,0.9899280575539567,REAL_AWS
2016-09-04 12:00:00,MAITRI,-23.1,957.6,35.0,68.5,19.0,0.9856115107913669,REAL_AWS
2016-09-04 13:00:00,MAITRI,-22.2,957.9,36.0,68.7,20.0,0.9884892086330935,REAL_AWS
2016-09-04 14:00:00,MAITRI,-22.4,958.1,36.0,68.3,21.0,0.9827338129496402,REAL_AWS
2016-09-04 15:00:00,MAITRI,-23.7,958.7,36.0,68.5,20.0,0.9856115107913669,REAL_AWS
2016-09-04 16:00:00,MAITRI,-24.3,959.2,38.0,68.8,22.0,0.9899280575539567,REAL_AWS
2016-09-04 17:00:00,MAITRI,-24.8,959.5,41.0,68.9,21.0,0.9913669064748202,REAL_AWS
2016-09-04 18:00:00,MAITRI,-24.7,959.7,39.0,68.9,22.0,0.9913669064748202,REAL_AWS
2016-09-04 19:00:00,MAITRI,-24.9,960.0,38.0,68.7,24.0,0.9884892086330935,REAL_AWS
2016-09-04 20:00:00,MAITRI,-25.0,960.1,40.0,68.8,24.0,0.9899280575539567,REAL_AWS
2016-09-04 21:00:00,MAITRI,-25.6,959.9,37.0,68.7,24.0,0.9884892086330935,REAL_AWS
2016-09-04 22:00:00,MAITRI,-25.2,960.1,38.0,68.5,24.0,0.9856115107913669,REAL_AWS
2016-09-04 23:00:00,MAITRI,-25.1,960.6,35.0,68.7,25.0,0.9884892086330935,REAL_AWS
2016-09-05 00:00:00,MAITRI,-25.5,960.7,34.0,68.4,25.0,0.9841726618705037,REAL_AWS
2016-09-05 01:00:00,MAITRI,-25.9,960.9,35.0,68.3,27.0,0.9827338129496402,REAL_AWS
2016-09-05 02:00:00,MAITRI,-25.2,960.9,35.0,68.8,27.0,0.9899280575539567,REAL_AWS
2016-09-05 03:00:00,MAITRI,-27.0,960.7,39.0,69.0,17.0,0.9928057553956835,REAL_AWS
2016-09-05 04:00:00,MAITRI,-25.7,960.7,34.0,68.8,25.0,0.9899280575539567,REAL_AWS
2016-09-05 05:00:00,MAITRI,-25.8,960.9,35.0,68.6,25.0,0.9870503597122301,REAL_AWS
2016-09-05 06:00:00,MAITRI,-25.9,961.3,33.0,68.5,25.0,0.9856115107913669,REAL_AWS
2016-09-05 07:00:00,MAITRI,-25.8,961.3,35.0,68.4,25.0,0.9841726618705037,REAL_AWS
2016-09-05 08:00:00,MAITRI,-25.2,961.1,33.0,68.4,23.0,0.9841726618705037,REAL_AWS
2016-09-05 09:00:00,MAITRI,-24.3,961.4,31.0,68.6,22.0,0.9870503597122301,REAL_AWS
2016-09-05 10:00:00,MAITRI,-24.3,961.6,32.0,69.1,15.0,0.9942446043165467,REAL_AWS
2016-09-05 11:00:00,MAITRI,-23.3,961.8,33.0,68.3,26.0,0.9827338129496402,REAL_AWS
2016-09-05 12:00:00,MAITRI,-23.1,961.6,34.0,69.0,16.0,0.9928057553956835,REAL_AWS
2016-09-05 13:00:00,MAITRI,-22.9,961.6,33.0,67.9,27.0,0.9769784172661872,REAL_AWS
2016-09-05 14:00:00,MAITRI,-23.1,961.6,34.0,68.2,27.0,0.981294964028777,REAL_AWS
2016-09-05 15:00:00,MAITRI,-23.4,961.9,33.0,67.9,30.0,0.9769784172661872,REAL_AWS
2016-09-05 16:00:00,MAITRI,-23.8,961.6,37.0,68.1,28.0,0.9798561151079136,REAL_AWS
2016-09-05 17:00:00,MAITRI,-24.6,961.5,35.0,68.3,29.0,0.9827338129496402,REAL_AWS
2016-09-05 18:00:00,MAITRI,-24.6,961.8,34.0,68.7,19.0,0.9884892086330935,REAL_AWS
2016-09-05 19:00:00,MAITRI,-24.9,961.4,36.0,68.2,28.0,0.981294964028777,REAL_AWS
2016-09-05 20:00:00,MAITRI,-25.6,961.3,33.0,68.5,26.0,0.9856115107913669,REAL_AWS
2016-09-05 21:00:00,MAITRI,-24.7,961.0,33.0,69.6,10.0,1.0,REAL_AWS
2016-09-05 22:00:00,MAITRI,-24.7,961.0,32.0,68.5,26.0,0.9856115107913669,REAL_AWS
2016-09-05 23:00:00,MAITRI,-24.7,960.6,34.0,68.4,23.0,0.9841726618705037,REAL_AWS
2016-09-06 00:00:00,MAITRI,-25.0,960.5,33.0,68.9,24.0,0.9913669064748202,REAL_AWS
2016-09-06 01:00:00,MAITRI,-24.6,960.3,32.0,68.8,23.0,0.9899280575539567,REAL_AWS
2016-09-06 02:00:00,MAITRI,-24.8,960.1,32.0,68.8,22.0,0.9899280575539567,REAL_AWS
2016-09-06 03:00:00,MAITRI,-24.6,959.6,33.0,68.8,22.0,0.9899280575539567,REAL_AWS
2016-09-06 04:00:00,MAITRI,-24.8,959.8,33.0,69.3,13.0,0.9971223021582734,REAL_AWS
2016-09-06 05:00:00,MAITRI,-24.7,959.6,35.0,68.5,21.0,0.9856115107913669,REAL_AWS
2016-09-06 06:00:00,MAITRI,-24.6,958.7,32.0,69.0,21.0,0.9928057553956835,REAL_AWS
2016-09-06 07:00:00,MAITRI,-24.3,958.9,32.0,69.0,20.0,0.9928057553956835,REAL_AWS
2016-09-06 08:00:00,MAITRI,-23.5,958.7,32.0,69.3,13.0,0.9971223021582734,REAL_AWS
2016-09-06 09:00:00,MAITRI,-22.8,959.1,33.0,69.5,12.0,1.0,REAL_AWS
2016-09-06 10:00:00,MAITRI,-21.7,958.9,31.0,68.1,23.0,0.9798561151079136,REAL_AWS
2016-09-06 11:00:00,MAITRI,-21.0,958.5,31.0,68.2,27.0,0.981294964028777,REAL_AWS
2016-09-06 12:00:00,MAITRI,-20.8,958.5,32.0,68.5,27.0,0.9856115107913669,REAL_AWS
2016-09-06 13:00:00,MAITRI,-20.8,958.6,34.0,68.3,17.0,0.9827338129496402,REAL_AWS
2016-09-06 14:00:00,MAITRI,-21.0,958.7,39.0,69.0,18.0,0.9928057553956835,REAL_AWS
2016-09-06 15:00:00,MAITRI,-21.3,958.8,40.0,68.1,26.0,0.9798561151079136,REAL_AWS
2016-09-06 16:00:00,MAITRI,-21.3,958.8,37.0,68.6,28.0,0.9870503597122301,REAL_AWS
2016-09-06 17:00:00,MAITRI,-21.1,958.9,36.0,67.9,20.0,0.9769784172661872,REAL_AWS
2016-09-06 18:00:00,MAITRI,-21.2,959.0,37.0,68.4,30.0,0.9841726618705037,REAL_AWS
2016-09-06 19:00:00,MAITRI,-21.4,959.2,36.0,68.2,29.0,0.981294964028777,REAL_AWS
2016-09-06 20:00:00,MAITRI,-20.8,959.1,35.0,68.5,28.0,0.9856115107913669,REAL_AWS
2016-09-06 21:00:00,MAITRI,-21.7,959.2,38.0,68.5,27.0,0.9856115107913669,REAL_AWS
2016-09-06 22:00:00,MAITRI,-20.6,959.1,35.0,68.3,25.0,0.9827338129496402,REAL_AWS
2016-09-06 23:00:00,MAITRI,-20.2,959.2,35.0,69.0,17.0,0.9928057553956835,REAL_AWS
2016-09-07 00:00:00,MAITRI,-20.1,959.5,35.0,68.4,24.0,0.9841726618705037,REAL_AWS
2016-09-07 01:00:00,MAITRI,-20.1,959.9,36.0,69.4,14.0,0.9985611510791368,REAL_AWS
2016-09-07 02:00:00,MAITRI,-20.0,960.2,35.0,68.7,21.0,0.9884892086330935,REAL_AWS
2016-09-07 03:00:00,MAITRI,-20.1,960.0,35.0,68.6,20.0,0.9870503597122301,REAL_AWS
2016-09-07 04:00:00,MAITRI,-20.1,959.9,36.0,69.4,14.0,0.9985611510791368,REAL_AWS
2016-09-07 05:00:00,MAITRI,-20.2,959.6,38.0,69.0,20.0,0.9928057553956835,REAL_AWS
2016-09-07 06:00:00,MAITRI,-20.2,960.0,38.0,69.0,20.0,0.9928057553956835,REAL_AWS
2016-09-07 07:00:00,MAITRI,-19.6,960.0,36.0,69.1,17.0,0.9942446043165467,REAL_AWS
2016-09-07 08:00:00,MAITRI,-18.8,960.3,35.0,68.9,17.0,0.9913669064748202,REAL_AWS
2016-09-07 09:00:00,MAITRI,-18.1,960.2,34.0,69.7,10.0,1.0,REAL_AWS
2016-09-07 10:00:00,MAITRI,-18.0,960.3,33.0,68.8,21.0,0.9899280575539567,REAL_AWS
2016-09-07 11:00:00,MAITRI,-17.7,960.4,33.0,68.5,25.0,0.9856115107913669,REAL_AWS
2016-09-07 12:00:00,MAITRI,-17.4,960.0,32.0,68.2,26.0,0.981294964028777,REAL_AWS
2016-09-07 13:00:00,MAITRI,-17.0,959.6,32.0,68.2,24.0,0.981294964028777,REAL_AWS
2016-09-07 14:00:00,MAITRI,-17.6,959.5,33.0,68.3,25.0,0.9827338129496402,REAL_AWS
2016-09-07 15:00:00,MAITRI,-18.7,959.3,33.0,68.4,23.0,0.9841726618705037,REAL_AWS
2016-09-07 16:00:00,MAITRI,-19.8,958.8,35.0,68.6,21.0,0.9870503597122301,REAL_AWS
2016-09-07 17:00:00,MAITRI,-20.3,958.6,35.0,68.9,23.0,0.9913669064748202,REAL_AWS
2016-09-07 18:00:00,MAITRI,-21.1,958.1,34.0,69.0,22.0,0.9928057553956835,REAL_AWS
2016-09-07 19:00:00,MAITRI,-21.8,958.4,42.0,68.5,23.0,0.9856115107913669,REAL_AWS
2016-09-07 20:00:00,MAITRI,-22.6,958.6,41.0,68.1,26.0,0.9798561151079136,REAL_AWS
2016-09-07 21:00:00,MAITRI,-21.9,958.1,36.0,68.6,24.0,0.9870503597122301,REAL_AWS
2016-09-07 22:00:00,MAITRI,-22.3,957.9,35.0,68.7,22.0,0.9884892086330935,REAL_AWS
2016-09-07 23:00:00,MAITRI,-23.9,957.1,40.0,68.8,23.0,0.9899280575539567,REAL_AWS
2016-09-08 00:00:00,MAITRI,-25.7,956.9,48.0,68.7,23.0,0.9884892086330935,REAL_AWS
2016-09-08 01:00:00,MAITRI,-25.9,956.0,49.0,68.9,23.0,0.9913669064748202,REAL_AWS
2016-09-08 02:00:00,MAITRI,-25.9,955.2,49.0,68.4,15.0,0.9841726618705037,REAL_AWS
2016-09-08 03:00:00,MAITRI,-24.9,954.4,38.0,68.7,23.0,0.9884892086330935,REAL_AWS
2016-09-08 04:00:00,MAITRI,-25.9,953.8,43.0,68.9,23.0,0.9913669064748202,REAL_AWS
2016-09-08 05:00:00,MAITRI,-26.3,953.0,45.0,68.4,15.0,0.9841726618705037,REAL_AWS
2016-09-08 06:00:00,MAITRI,-27.2,952.5,48.0,68.4,15.0,0.9841726618705037,REAL_AWS
2016-09-08 07:00:00,MAITRI,-26.7,952.0,46.0,68.6,21.0,0.9870503597122301,REAL_AWS
2016-09-08 08:00:00,MAITRI,-26.4,951.5,47.0,68.8,20.0,0.9899280575539567,REAL_AWS
2016-09-08 09:00:00,MAITRI,-24.5,950.7,42.0,68.8,19.0,0.9899280575539567,REAL_AWS
2016-09-08 10:00:00,MAITRI,-25.5,950.3,46.0,68.6,23.0,0.9870503597122301,REAL_AWS
2016-09-08 11:00:00,MAITRI,-23.7,949.1,45.0,68.4,24.0,0.9841726618705037,REAL_AWS
2016-09-08 12:00:00,MAITRI,-23.9,948.8,44.0,68.2,26.0,0.981294964028777,REAL_AWS
2016-09-08 13:00:00,MAITRI,-23.0,948.0,43.0,68.5,23.0,0.9856115107913669,REAL_AWS
2016-09-08 14:00:00,MAITRI,-22.4,947.5,44.0,68.4,24.0,0.9841726618705037,REAL_AWS
2016-09-08 15:00:00,MAITRI,-23.5,947.0,44.0,15.6,202.0,0.22446043165467625,REAL_AWS
2016-09-08 16:00:00,MAITRI,-21.8,946.6,38.0,15.1,235.0,0.21726618705035972,REAL_AWS
2016-09-08 17:00:00,MAITRI,-24.9,946.2,47.0,14.0,160.0,0.2014388489208633,REAL_AWS
2016-09-08 18:00:00,MAITRI,-20.5,945.3,31.0,17.4,1.0,0.2503597122302158,REAL_AWS
2016-09-08 19:00:00,MAITRI,-21.1,945.5,33.0,16.6,353.0,0.23884892086330936,REAL_AWS
2016-09-08 20:00:00,MAITRI,-20.1,945.3,30.0,8.4,5.0,0.12086330935251799,REAL_AWS
2016-09-08 21:00:00,MAITRI,-21.2,945.0,31.0,6.0,102.0,0.08633093525179857,REAL_AWS
2016-09-08 22:00:00,MAITRI,-20.4,945.1,30.0,7.5,354.0,0.1079136690647482,REAL_AWS
2016-09-08 23:00:00,MAITRI,-18.8,944.9,27.0,18.7,354.0,0.26906474820143883,REAL_AWS
2016-09-09 00:00:00,MAITRI,-17.7,944.9,25.0,8.1,65.0,0.11654676258992805,REAL_AWS
2016-09-09 01:00:00,MAITRI,-21.0,944.9,34.0,18.3,355.0,0.2633093525179856,REAL_AWS
2016-09-09 02:00:00,MAITRI,-22.2,944.7,34.0,20.8,354.0,0.2992805755395684,REAL_AWS
2016-09-09 03:00:00,MAITRI,-22.8,944.5,35.0,23.1,356.99999999999994,0.33237410071942447,REAL_AWS
2016-09-09 04:00:00,MAITRI,-22.3,944.8,35.0,20.6,356.0,0.29640287769784174,REAL_AWS
2016-09-09 05:00:00,MAITRI,-20.8,945.0,28.0,18.5,354.0,0.26618705035971224,REAL_AWS
2016-09-09 06:00:00,MAITRI,-21.4,945.6,31.0,19.1,351.0,0.2748201438848921,REAL_AWS
2016-09-09 07:00:00,MAITRI,-20.4,946.4,29.0,20.0,354.0,0.28776978417266186,REAL_AWS
2016-09-09 08:00:00,MAITRI,-19.8,946.1,31.0,17.1,347.0,0.24604316546762592,REAL_AWS
2016-09-09 09:00:00,MAITRI,-19.8,946.7,32.0,22.9,354.0,0.3294964028776978,REAL_AWS
2016-09-09 10:00:00,MAITRI,-17.8,947.4,34.0,19.7,347.99999999999994,0.28345323741007195,REAL_AWS
2016-09-09 11:00:00,MAITRI,-19.4,947.2,33.0,8.5,260.0,0.1223021582733813,REAL_AWS
2016-09-09 12:00:00,MAITRI,-20.5,948.0,36.0,12.4,188.0,0.17841726618705037,REAL_AWS
2016-09-09 13:00:00,MAITRI,-23.1,947.5,36.0,4.1,217.0,0.05899280575539568,REAL_AWS
2016-09-09 14:00:00,MAITRI,-22.4,946.9,40.0,5.9,84.0,0.08489208633093526,REAL_AWS
2016-09-09 15:00:00,MAITRI,-22.1,946.2,40.0,14.0,342.0,0.2014388489208633,REAL_AWS
2016-09-09 16:00:00,MAITRI,-22.2,946.5,39.0,75.4,52.0,1.0,REAL_AWS
2016-09-09 17:00:00,MAITRI,41.6,946.7,100.0,69.8,50.0,1.0,REAL_AWS
2016-09-09 18:00:00,MAITRI,-17.8,946.8,37.0,75.4,52.0,1.0,REAL_AWS
2016-09-09 19:00:00,MAITRI,-18.4,947.7,40.0,75.5,52.0,1.0,REAL_AWS
2016-09-09 20:00:00,MAITRI,-18.6,948.5,45.0,75.5,52.0,1.0,REAL_AWS
2016-09-09 21:00:00,MAITRI,-18.5,949.0,43.0,75.5,52.0,1.0,REAL_AWS
2016-09-09 22:00:00,MAITRI,-18.3,949.4,41.0,75.5,52.0,1.0,REAL_AWS
2016-09-09 23:00:00,MAITRI,-18.1,949.9,41.0,75.5,52.0,1.0,REAL_AWS
2016-09-10 00:00:00,MAITRI,-18.3,951.3,43.0,74.4,50.0,1.0,REAL_AWS
2016-09-10 01:00:00,MAITRI,-17.7,952.1,34.0,74.4,50.0,1.0,REAL_AWS
2016-09-10 02:00:00,MAITRI,-18.0,953.2,37.0,75.5,52.0,1.0,REAL_AWS
2016-09-10 03:00:00,MAITRI,-17.8,954.2,36.0,75.4,52.0,1.0,REAL_AWS
2016-09-10 04:00:00,MAITRI,-18.0,954.9,37.0,75.4,52.0,1.0,REAL_AWS
2016-09-10 05:00:00,MAITRI,-18.3,956.1,39.0,75.4,52.0,1.0,REAL_AWS
2016-09-10 06:00:00,MAITRI,-18.9,956.6,42.0,75.5,52.0,1.0,REAL_AWS
2016-09-10 07:00:00,MAITRI,-19.1,957.7,42.0,75.5,52.0,1.0,REAL_AWS
2016-09-10 08:00:00,MAITRI,-19.1,958.5,41.0,75.3,52.0,1.0,REAL_AWS
2016-09-10 09:00:00,MAITRI,-17.5,959.1,35.0,74.4,50.0,1.0,REAL_AWS
2016-09-10 10:00:00,MAITRI,-17.7,959.4,34.0,74.5,50.0,1.0,REAL_AWS
2016-09-10 11:00:00,MAITRI,-17.6,959.4,36.0,75.5,52.0,1.0,REAL_AWS
2016-09-10 12:00:00,MAITRI,-18.5,959.7,40.0,75.6,52.0,1.0,REAL_AWS
2016-09-10 13:00:00,MAITRI,-19.6,959.9,46.0,75.5,52.0,1.0,REAL_AWS
2016-09-10 14:00:00,MAITRI,-19.4,959.5,45.0,75.4,52.0,1.0,REAL_AWS
2016-09-10 15:00:00,MAITRI,-19.3,959.3,45.0,75.4,52.0,1.0,REAL_AWS
2016-09-10 16:00:00,MAITRI,-19.9,958.9,46.0,18.0,93.0,0.2589928057553957,REAL_AWS
2016-09-10 17:00:00,MAITRI,-20.6,958.7,48.0,15.6,48.0,0.22446043165467625,REAL_AWS
2016-09-10 18:00:00,MAITRI,-21.1,958.3,47.0,14.5,45.0,0.20863309352517986,REAL_AWS
2016-09-10 19:00:00,MAITRI,-21.9,957.9,46.0,17.2,89.0,0.24748201438848919,REAL_AWS
2016-09-10 20:00:00,MAITRI,-22.7,957.6,51.0,14.2,6.0,0.20431654676258992,REAL_AWS
2016-09-10 21:00:00,MAITRI,-23.0,957.1,49.0,14.4,93.0,0.20719424460431654,REAL_AWS
2016-09-10 22:00:00,MAITRI,-23.9,956.5,51.0,16.8,17.0,0.24172661870503598,REAL_AWS
2016-09-10 23:00:00,MAITRI,-24.9,955.9,51.0,5.8,154.0,0.08345323741007193,REAL_AWS
2016-09-11 00:00:00,MAITRI,-25.1,955.2,52.0,17.1,107.0,0.24604316546762592,REAL_AWS
2016-09-11 01:00:00,MAITRI,-24.9,954.7,49.0,15.2,259.0,0.218705035971223,REAL_AWS
2016-09-11 02:00:00,MAITRI,-26.0,954.0,52.0,15.2,301.0,0.218705035971223,REAL_AWS
2016-09-11 03:00:00,MAITRI,-26.8,953.0,55.0,13.3,65.0,0.19136690647482016,REAL_AWS
2016-09-11 04:00:00,MAITRI,-27.0,952.0,55.0,14.1,323.0,0.2028776978417266,REAL_AWS
2016-09-11 05:00:00,MAITRI,-27.5,951.2,58.0,15.7,329.0,0.22589928057553957,REAL_AWS
2016-09-11 06:00:00,MAITRI,-27.2,950.8,56.0,13.7,36.0,0.19712230215827337,REAL_AWS
2016-09-11 07:00:00,MAITRI,-25.8,950.4,54.0,15.1,288.0,0.21726618705035972,REAL_AWS
2016-09-11 08:00:00,MAITRI,-24.5,949.9,51.0,14.2,229.0,0.20431654676258992,REAL_AWS
2016-09-11 09:00:00,MAITRI,-22.3,949.5,42.0,13.3,190.99999999999997,0.19136690647482016,REAL_AWS
2016-09-11 10:00:00,MAITRI,-22.1,949.1,41.0,14.6,266.0,0.21007194244604316,REAL_AWS
2016-09-11 11:00:00,MAITRI,-22.9,949.0,42.0,18.1,258.0,0.260431654676259,REAL_AWS
2016-09-11 12:00:00,MAITRI,-21.8,948.6,40.0,17.6,255.0,0.25323741007194245,REAL_AWS
2016-09-11 13:00:00,MAITRI,-21.3,948.5,39.0,13.5,160.0,0.19424460431654678,REAL_AWS
2016-09-11 14:00:00,MAITRI,-21.5,948.1,38.0,13.8,224.0,0.1985611510791367,REAL_AWS
2016-09-11 15:00:00,MAITRI,-22.4,948.1,39.0,17.8,180.0,0.2561151079136691,REAL_AWS
2016-09-11 16:00:00,MAITRI,-25.4,948.1,46.0,14.0,212.0,0.2014388489208633,REAL_AWS
2016-09-11 17:00:00,MAITRI,-27.0,947.8,49.0,12.1,173.0,0.17410071942446043,REAL_AWS
2016-09-11 18:00:00,MAITRI,-27.4,947.9,51.0,10.3,105.0,0.14820143884892087,REAL_AWS
2016-09-11 19:00:00,MAITRI,-28.3,948.1,56.0,14.0,286.0,0.2014388489208633,REAL_AWS
2016-09-11 20:00:00,MAITRI,-29.5,948.1,61.0,15.9,221.99999999999997,0.22877697841726619,REAL_AWS
2016-09-11 21:00:00,MAITRI,-30.5,948.5,60.0,14.6,105.0,0.21007194244604316,REAL_AWS
2016-09-11 22:00:00,MAITRI,-30.5,949.0,60.0,15.0,168.0,0.2158273381294964,REAL_AWS
2016-09-11 23:00:00,MAITRI,-31.6,949.3,59.0,14.0,281.0,0.2014388489208633,REAL_AWS
2016-09-12 00:00:00,MAITRI,-31.9,948.8,60.0,15.8,37.0,0.2273381294964029,REAL_AWS
2016-09-12 01:00:00,MAITRI,-30.9,949.0,61.0,17.2,95.0,0.24748201438848919,REAL_AWS
2016-09-12 02:00:00,MAITRI,-31.1,949.0,58.0,12.4,248.99999999999997,0.17841726618705037,REAL_AWS
2016-09-12 03:00:00,MAITRI,-32.2,949.4,58.0,17.8,178.0,0.2561151079136691,REAL_AWS
2016-09-12 04:00:00,MAITRI,-33.1,949.7,62.0,15.0,159.0,0.2158273381294964,REAL_AWS
2016-09-12 05:00:00,MAITRI,-33.3,949.5,61.0,6.8,177.0,0.09784172661870504,REAL_AWS
2016-09-12 06:00:00,MAITRI,-32.3,949.8,63.0,14.3,31.0,0.20575539568345325,REAL_AWS
2016-09-12 07:00:00,MAITRI,-30.5,950.3,63.0,15.9,257.0,0.22877697841726619,REAL_AWS
2016-09-12 08:00:00,MAITRI,-28.8,950.5,56.0,15.2,21.0,0.218705035971223,REAL_AWS
2016-09-12 09:00:00,MAITRI,-26.3,950.6,50.0,12.6,238.0,0.18129496402877698,REAL_AWS
2016-09-12 10:00:00,MAITRI,-26.1,951.2,48.0,13.1,304.0,0.1884892086330935,REAL_AWS
2016-09-12 11:00:00,MAITRI,-24.7,951.3,45.0,14.1,244.0,0.2028776978417266,REAL_AWS
2016-09-12 12:00:00,MAITRI,-25.3,951.5,43.0,8.1,300.0,0.11654676258992805,REAL_AWS
2016-09-12 13:00:00,MAITRI,-24.1,951.5,47.0,18.7,309.0,0.26906474820143883,REAL_AWS
2016-09-12 14:00:00,MAITRI,-19.7,951.7,31.0,21.5,346.0,0.30935251798561153,REAL_AWS
2016-09-12 15:00:00,MAITRI,-19.1,951.6,34.0,23.1,356.0,0.33237410071942447,REAL_AWS
2016-09-12 16:00:00,MAITRI,-21.4,952.4,38.0,6.5,325.0,0.09352517985611511,REAL_AWS
2016-09-12 17:00:00,MAITRI,-22.0,952.8,46.0,15.5,317.0,0.22302158273381295,REAL_AWS
2016-09-12 18:00:00,MAITRI,-18.9,953.2,34.0,26.5,293.0,0.381294964028777,REAL_AWS
2016-09-12 19:00:00,MAITRI,-18.8,953.8,35.0,22.7,301.0,0.32661870503597124,REAL_AWS
2016-09-12 20:00:00,MAITRI,-19.4,954.4,39.0,22.9,293.0,0.3294964028776978,REAL_AWS
2016-09-12 21:00:00,MAITRI,-18.9,954.8,36.0,23.4,301.0,0.3366906474820144,REAL_AWS
2016-09-12 22:00:00,MAITRI,-17.1,954.4,30.0,31.7,317.0,0.45611510791366905,REAL_AWS
2016-09-12 23:00:00,MAITRI,-16.5,955.0,30.0,23.5,284.0,0.3381294964028777,REAL_AWS
2016-09-13 00:00:00,MAITRI,-17.2,955.7,36.0,29.9,280.0,0.43021582733812946,REAL_AWS
2016-09-13 01:00:00,MAITRI,-17.3,956.2,33.0,31.2,281.0,0.4489208633093525,REAL_AWS
2016-09-13 02:00:00,MAITRI,-17.5,956.9,29.0,29.6,276.0,0.4258992805755396,REAL_AWS
2016-09-13 03:00:00,MAITRI,-17.7,957.3,30.0,31.5,286.0,0.45323741007194246,REAL_AWS
2016-09-13 04:00:00,MAITRI,-18.2,957.5,31.0,31.9,295.0,0.45899280575539564,REAL_AWS
2016-09-13 05:00:00,MAITRI,-17.8,958.0,31.0,29.1,295.0,0.41870503597122305,REAL_AWS
2016-09-13 06:00:00,MAITRI,-17.9,958.2,32.0,27.7,297.0,0.3985611510791367,REAL_AWS
2016-09-13 07:00:00,MAITRI,-17.4,958.3,32.0,24.8,294.0,0.35683453237410073,REAL_AWS
2016-09-13 08:00:00,MAITRI,-17.2,958.6,34.0,21.6,292.0,0.31079136690647485,REAL_AWS
2016-09-13 09:00:00,MAITRI,-16.5,958.6,33.0,19.8,289.0,0.28489208633093527,REAL_AWS
2016-09-13 10:00:00,MAITRI,-18.7,958.8,43.0,19.2,109.0,0.2762589928057554,REAL_AWS
2016-09-13 11:00:00,MAITRI,-19.2,958.6,46.0,21.1,102.0,0.3035971223021583,REAL_AWS
2016-09-13 12:00:00,MAITRI,-19.3,958.9,45.0,21.5,115.0,0.30935251798561153,REAL_AWS
2016-09-13 13:00:00,MAITRI,-19.0,958.4,44.0,21.1,102.0,0.3035971223021583,REAL_AWS
2016-09-13 14:00:00,MAITRI,-18.8,958.2,48.0,20.1,70.0,0.2892086330935252,REAL_AWS
2016-09-13 15:00:00,MAITRI,-18.1,957.6,47.0,16.1,103.0,0.23165467625899283,REAL_AWS
2016-09-13 16:00:00,MAITRI,-18.6,958.0,50.0,15.2,284.0,0.218705035971223,REAL_AWS
2016-09-13 17:00:00,MAITRI,-19.7,957.9,53.0,15.1,326.0,0.21726618705035972,REAL_AWS
2016-09-13 18:00:00,MAITRI,-19.2,957.8,48.0,13.8,344.0,0.1985611510791367,REAL_AWS
2016-09-13 19:00:00,MAITRI,-18.1,958.0,44.0,11.0,188.99999999999997,0.15827338129496402,REAL_AWS
2016-09-13 20:00:00,MAITRI,-17.1,957.8,37.0,18.8,2.0,0.27050359712230215,REAL_AWS
2016-09-13 21:00:00,MAITRI,-18.4,957.8,43.0,21.0,9.0,0.302158273381295,REAL_AWS
2016-09-13 22:00:00,MAITRI,-17.1,957.9,36.0,13.1,300.0,0.1884892086330935,REAL_AWS
2016-09-13 23:00:00,MAITRI,-17.9,958.0,37.0,20.7,356.99999999999994,0.297841726618705,REAL_AWS
2016-09-14 00:00:00,MAITRI,-16.5,958.1,33.0,14.8,290.0,0.2129496402877698,REAL_AWS
2016-09-14 01:00:00,MAITRI,-17.0,958.4,34.0,17.2,279.0,0.24748201438848919,REAL_AWS
2016-09-14 02:00:00,MAITRI,-17.0,958.5,34.0,14.9,290.0,0.2143884892086331,REAL_AWS
2016-09-14 03:00:00,MAITRI,-15.6,958.8,31.0,14.9,266.0,0.2143884892086331,REAL_AWS
2016-09-14 04:00:00,MAITRI,-15.9,959.2,33.0,24.0,314.0,0.34532374100719426,REAL_AWS
2016-09-14 05:00:00,MAITRI,-15.6,959.4,32.0,23.3,300.0,0.3352517985611511,REAL_AWS
2016-09-14 06:00:00,MAITRI,-14.8,959.5,29.0,29.3,315.0,0.42158273381294964,REAL_AWS
2016-09-14 07:00:00,MAITRI,-14.8,960.4,31.0,21.3,303.0,0.3064748201438849,REAL_AWS
2016-09-14 08:00:00,MAITRI,-14.2,961.1,30.0,27.5,293.0,0.39568345323741005,REAL_AWS
2016-09-14 09:00:00,MAITRI,-13.1,962.0,28.0,23.4,297.0,0.3366906474820144,REAL_AWS
2016-09-14 10:00:00,MAITRI,-13.0,962.7,31.0,28.7,307.0,0.41294964028776976,REAL_AWS
2016-09-14 11:00:00,MAITRI,-12.1,963.2,29.0,26.2,294.0,0.376978417266187,REAL_AWS
2016-09-14 12:00:00,MAITRI,-12.5,963.7,34.0,26.9,289.0,0.3870503597122302,REAL_AWS
2016-09-14 13:00:00,MAITRI,-12.3,963.9,35.0,30.4,289.0,0.437410071942446,REAL_AWS
2016-09-14 14:00:00,MAITRI,-11.9,964.5,36.0,31.1,293.0,0.4474820143884892,REAL_AWS
2016-09-14 15:00:00,MAITRI,-11.7,964.8,37.0,30.7,300.0,0.44172661870503593,REAL_AWS
2016-09-14 16:00:00,MAITRI,-11.2,964.5,35.0,37.9,309.0,0.5453237410071943,REAL_AWS
2016-09-14 17:00:00,MAITRI,-11.1,965.0,36.0,33.3,304.0,0.479136690647482,REAL_AWS
2016-09-14 18:00:00,MAITRI,-11.0,965.0,39.0,33.0,303.0,0.4748201438848921,REAL_AWS
2016-09-14 19:00:00,MAITRI,-11.0,965.1,39.0,36.4,301.0,0.5237410071942445,REAL_AWS
2016-09-14 20:00:00,MAITRI,-10.8,965.6,41.0,36.2,297.0,0.520863309352518,REAL_AWS
2016-09-14 21:00:00,MAITRI,-10.7,965.6,42.0,36.8,296.0,0.5294964028776978,REAL_AWS
2016-09-14 22:00:00,MAITRI,-10.7,965.2,42.0,37.2,293.0,0.5352517985611511,REAL_AWS
2016-09-14 23:00:00,MAITRI,-10.6,965.2,42.0,40.7,294.0,0.585611510791367,REAL_AWS
2016-09-15 00:00:00,MAITRI,-10.7,965.3,49.0,36.0,299.0,0.5179856115107914,REAL_AWS
2016-09-15 01:00:00,MAITRI,-10.7,965.3,52.0,39.2,296.0,0.5640287769784174,REAL_AWS
2016-09-15 02:00:00,MAITRI,-10.7,965.0,51.0,40.5,294.0,0.5827338129496403,REAL_AWS
2016-09-15 03:00:00,MAITRI,-10.9,964.6,56.0,37.9,297.0,0.5453237410071943,REAL_AWS
2016-09-15 04:00:00,MAITRI,-10.9,965.1,53.0,35.6,294.0,0.5122302158273382,REAL_AWS
2016-09-15 05:00:00,MAITRI,-11.0,964.7,61.0,35.6,301.0,0.5122302158273382,REAL_AWS
2016-09-15 06:00:00,MAITRI,-11.0,964.6,59.0,39.7,306.0,0.5712230215827339,REAL_AWS
2016-09-15 07:00:00,MAITRI,-10.7,965.0,54.0,36.4,302.0,0.5237410071942445,REAL_AWS
2016-09-15 08:00:00,MAITRI,-10.8,964.9,57.0,38.3,299.0,0.5510791366906475,REAL_AWS
2016-09-15 09:00:00,MAITRI,-11.2,965.0,60.0,39.7,296.0,0.5712230215827339,REAL_AWS
2016-09-15 10:00:00,MAITRI,-11.5,965.6,64.0,37.7,296.0,0.5424460431654676,REAL_AWS
2016-09-15 11:00:00,MAITRI,-11.6,966.4,66.0,32.8,301.0,0.47194244604316543,REAL_AWS
2016-09-15 12:00:00,MAITRI,-11.7,966.7,63.0,34.2,298.0,0.49208633093525184,REAL_AWS
2016-09-15 13:00:00,MAITRI,-11.9,966.6,62.0,35.7,296.0,0.5136690647482015,REAL_AWS
2016-09-15 14:00:00,MAITRI,-12.0,966.7,61.0,35.8,294.0,0.5151079136690647,REAL_AWS
2016-09-15 15:00:00,MAITRI,-12.1,967.5,59.0,38.0,291.0,0.5467625899280576,REAL_AWS
2016-09-15 16:00:00,MAITRI,-12.1,967.8,59.0,34.0,295.0,0.4892086330935252,REAL_AWS
2016-09-15 17:00:00,MAITRI,-11.9,967.9,56.0,32.4,304.0,0.4661870503597122,REAL_AWS
2016-09-15 18:00:00,MAITRI,-11.8,968.3,53.0,32.2,294.0,0.46330935251798566,REAL_AWS
2016-09-15 19:00:00,MAITRI,-11.6,967.9,49.0,27.4,273.0,0.39424460431654673,REAL_AWS
2016-09-15 20:00:00,MAITRI,-10.7,966.7,45.0,35.3,295.0,0.5079136690647481,REAL_AWS
2016-09-15 21:00:00,MAITRI,-10.5,966.6,47.0,27.4,289.0,0.39424460431654673,REAL_AWS
2016-09-15 22:00:00,MAITRI,-10.2,966.6,44.0,37.8,296.0,0.5438848920863308,REAL_AWS
2016-09-15 23:00:00,MAITRI,-10.6,967.2,43.0,33.9,295.0,0.48776978417266187,REAL_AWS
2016-09-16 00:00:00,MAITRI,-10.7,967.2,39.0,36.7,286.0,0.5280575539568346,REAL_AWS
2016-09-16 01:00:00,MAITRI,-10.9,967.6,38.0,31.9,286.0,0.45899280575539564,REAL_AWS
2016-09-16 02:00:00,MAITRI,-11.2,967.7,39.0,31.3,284.0,0.4503597122302158,REAL_AWS
2016-09-16 03:00:00,MAITRI,-11.4,968.1,41.0,30.8,289.0,0.4431654676258993,REAL_AWS
2016-09-16 04:00:00,MAITRI,-11.5,968.7,42.0,27.7,288.0,0.3985611510791367,REAL_AWS
2016-09-16 05:00:00,MAITRI,-11.2,969.7,39.0,29.2,286.0,0.4201438848920863,REAL_AWS
2016-09-16 06:00:00,MAITRI,-11.2,970.6,37.0,31.3,277.0,0.4503597122302158,REAL_AWS
2016-09-16 07:00:00,MAITRI,-10.8,971.4,38.0,33.8,283.0,0.48633093525179855,REAL_AWS
2016-09-16 08:00:00,MAITRI,-10.6,971.7,40.0,31.1,290.0,0.4474820143884892,REAL_AWS
2016-09-16 09:00:00,MAITRI,-10.3,972.0,38.0,35.9,297.0,0.516546762589928,REAL_AWS
2016-09-16 10:00:00,MAITRI,-10.1,972.4,41.0,35.8,304.0,0.5151079136690647,REAL_AWS
2016-09-16 11:00:00,MAITRI,-10.1,973.1,44.0,37.8,305.0,0.5438848920863308,REAL_AWS
2016-09-16 12:00:00,MAITRI,-9.6,974.0,44.0,31.7,303.0,0.45611510791366905,REAL_AWS
2016-09-16 13:00:00,MAITRI,-8.8,973.5,40.0,41.8,313.0,0.6014388489208633,REAL_AWS
2016-09-16 14:00:00,MAITRI,-8.5,974.3,38.0,36.5,310.0,0.5251798561151079,REAL_AWS
2016-09-16 15:00:00,MAITRI,-7.4,974.5,42.0,32.9,317.0,0.47338129496402875,REAL_AWS
2016-09-16 16:00:00,MAITRI,-7.3,974.1,45.0,32.5,332.0,0.4676258992805755,REAL_AWS
2016-09-16 17:00:00,MAITRI,-7.7,974.0,42.0,39.5,341.0,0.5683453237410072,REAL_AWS
2016-09-16 18:00:00,MAITRI,-6.6,974.3,37.0,39.1,342.0,0.5625899280575539,REAL_AWS
2016-09-16 19:00:00,MAITRI,-6.9,974.4,37.0,39.8,345.0,0.5726618705035971,REAL_AWS
2016-09-16 20:00:00,MAITRI,-6.2,974.9,37.0,36.6,336.0,0.5266187050359712,REAL_AWS
2016-09-16 21:00:00,MAITRI,-6.1,975.8,39.0,32.9,334.0,0.47338129496402875,REAL_AWS
2016-09-16 22:00:00,MAITRI,-6.8,976.2,43.0,27.8,351.0,0.4,REAL_AWS
2016-09-16 23:00:00,MAITRI,-5.9,976.3,36.0,33.2,343.0,0.4776978417266187,REAL_AWS
2016-09-17 00:00:00,MAITRI,-5.9,976.4,36.0,31.6,347.99999999999994,0.4546762589928058,REAL_AWS
2016-09-17 01:00:00,MAITRI,-6.7,976.3,36.0,28.2,352.0,0.4057553956834532,REAL_AWS
2016-09-17 02:00:00,MAITRI,-8.5,976.0,40.0,30.7,358.0,0.44172661870503593,REAL_AWS
2016-09-17 03:00:00,MAITRI,-8.7,975.6,37.0,30.7,0.0,0.44172661870503593,REAL_AWS
2016-09-17 04:00:00,MAITRI,-10.3,976.3,51.0,21.7,104.0,0.3122302158273381,REAL_AWS
2016-09-17 05:00:00,MAITRI,-11.4,976.0,55.0,14.8,116.0,0.2129496402877698,REAL_AWS
2016-09-17 06:00:00,MAITRI,-11.6,975.5,49.0,15.3,265.0,0.22014388489208633,REAL_AWS
2016-09-17 07:00:00,MAITRI,-12.5,974.9,56.0,14.8,296.0,0.2129496402877698,REAL_AWS
2016-09-17 08:00:00,MAITRI,-11.5,973.3,48.0,15.7,314.0,0.22589928057553957,REAL_AWS
2016-09-17 09:00:00,MAITRI,-10.0,971.4,42.0,14.9,260.0,0.2143884892086331,REAL_AWS
2016-09-17 10:00:00,MAITRI,-9.2,969.4,41.0,11.8,228.00000000000003,0.1697841726618705,REAL_AWS
2016-09-17 11:00:00,MAITRI,-8.9,967.8,42.0,15.8,165.0,0.2273381294964029,REAL_AWS
2016-09-17 12:00:00,MAITRI,-8.7,965.8,42.0,14.0,194.0,0.2014388489208633,REAL_AWS
2016-09-17 13:00:00,MAITRI,-9.5,964.1,41.0,16.4,258.0,0.23597122302158272,REAL_AWS
2016-09-17 14:00:00,MAITRI,-10.5,962.6,43.0,15.0,172.0,0.2158273381294964,REAL_AWS
2016-09-17 15:00:00,MAITRI,-12.9,961.4,52.0,17.2,324.0,0.24748201438848919,REAL_AWS
2016-09-17 16:00:00,MAITRI,-12.3,960.4,51.0,14.1,261.0,0.2028776978417266,REAL_AWS
2016-09-17 17:00:00,MAITRI,-12.6,959.3,45.0,12.5,186.99999999999997,0.17985611510791366,REAL_AWS
2016-09-17 18:00:00,MAITRI,-13.7,958.7,46.0,12.3,30.0,0.17697841726618707,REAL_AWS
2016-09-17 19:00:00,MAITRI,-11.8,958.1,42.0,18.2,261.0,0.2618705035971223,REAL_AWS
2016-09-17 20:00:00,MAITRI,-13.7,958.3,36.0,20.7,5.0,0.297841726618705,REAL_AWS
2016-09-17 21:00:00,MAITRI,-15.1,958.4,51.0,19.1,310.0,0.2748201438848921,REAL_AWS
2016-09-17 22:00:00,MAITRI,-14.6,958.7,51.0,21.1,317.0,0.3035971223021583,REAL_AWS
2016-09-17 23:00:00,MAITRI,-16.0,959.8,55.0,21.1,255.0,0.3035971223021583,REAL_AWS
2016-09-18 00:00:00,MAITRI,-13.8,960.5,46.0,20.5,332.0,0.2949640287769784,REAL_AWS
2016-09-18 01:00:00,MAITRI,-13.9,960.8,41.0,21.8,352.0,0.31366906474820144,REAL_AWS
2016-09-18 02:00:00,MAITRI,-12.5,960.8,36.0,29.1,346.0,0.41870503597122305,REAL_AWS
2016-09-18 03:00:00,MAITRI,-12.1,961.2,34.0,29.1,341.0,0.41870503597122305,REAL_AWS
2016-09-18 04:00:00,MAITRI,-11.7,962.1,34.0,31.3,337.0,0.4503597122302158,REAL_AWS
2016-09-18 05:00:00,MAITRI,-11.5,962.8,33.0,33.0,340.0,0.4748201438848921,REAL_AWS
2016-09-18 06:00:00,MAITRI,-11.0,963.7,33.0,30.7,341.0,0.44172661870503593,REAL_AWS
2016-09-18 07:00:00,MAITRI,-10.7,964.8,34.0,28.5,341.0,0.41007194244604317,REAL_AWS
2016-09-18 08:00:00,MAITRI,-10.4,965.4,34.0,30.6,338.99999999999994,0.44028776978417267,REAL_AWS
2016-09-18 09:00:00,MAITRI,-9.9,966.2,36.0,36.4,346.0,0.5237410071942445,REAL_AWS
2016-09-18 10:00:00,MAITRI,-9.2,967.0,37.0,35.5,335.0,0.5107913669064749,REAL_AWS
2016-09-18 11:00:00,MAITRI,-7.9,967.7,37.0,32.4,321.0,0.4661870503597122,REAL_AWS
2016-09-18 12:00:00,MAITRI,-7.4,968.3,36.0,32.8,314.0,0.47194244604316543,REAL_AWS
2016-09-18 13:00:00,MAITRI,-7.4,969.1,33.0,32.6,305.0,0.4690647482014389,REAL_AWS
2016-09-18 14:00:00,MAITRI,-8.0,969.5,35.0,34.2,306.0,0.49208633093525184,REAL_AWS
2016-09-18 15:00:00,MAITRI,-8.3,969.9,36.0,33.1,307.0,0.4762589928057554,REAL_AWS
2016-09-18 16:00:00,MAITRI,-8.5,970.2,34.0,37.1,310.0,0.5338129496402878,REAL_AWS
2016-09-18 17:00:00,MAITRI,-8.8,970.7,34.0,34.1,305.0,0.4906474820143885,REAL_AWS
2016-09-18 18:00:00,MAITRI,-9.2,970.8,36.0,39.1,314.0,0.5625899280575539,REAL_AWS
2016-09-18 19:00:00,MAITRI,-9.5,971.6,36.0,31.7,297.0,0.45611510791366905,REAL_AWS
2016-09-18 20:00:00,MAITRI,-9.3,971.3,35.0,39.6,311.99999999999994,0.5697841726618705,REAL_AWS
2016-09-18 21:00:00,MAITRI,-9.3,971.2,34.0,39.5,311.0,0.5683453237410072,REAL_AWS
2016-09-18 22:00:00,MAITRI,-9.5,971.5,36.0,32.9,310.0,0.47338129496402875,REAL_AWS
2016-09-18 23:00:00,MAITRI,-8.8,971.1,31.0,36.2,311.99999999999994,0.520863309352518,REAL_AWS
2016-09-19 00:00:00,MAITRI,-8.8,970.6,31.0,35.2,309.0,0.5064748201438849,REAL_AWS
2016-09-19 01:00:00,MAITRI,-9.0,970.5,31.0,35.0,309.0,0.5035971223021583,REAL_AWS
2016-09-19 02:00:00,MAITRI,-9.9,970.1,29.0,38.4,314.0,0.5525179856115108,REAL_AWS
2016-09-19 03:00:00,MAITRI,-10.4,969.7,32.0,40.8,313.0,0.5870503597122302,REAL_AWS
2016-09-19 04:00:00,MAITRI,-10.5,969.2,31.0,43.3,311.0,0.6230215827338129,REAL_AWS
2016-09-19 05:00:00,MAITRI,-10.6,969.1,32.0,38.3,310.0,0.5510791366906475,REAL_AWS
2016-09-19 06:00:00,MAITRI,-10.3,969.3,30.0,35.5,299.0,0.5107913669064749,REAL_AWS
2016-09-19 07:00:00,MAITRI,-9.8,968.9,28.0,36.3,302.0,0.5223021582733812,REAL_AWS
2016-09-19 08:00:00,MAITRI,-10.2,969.0,34.0,35.1,288.0,0.5050359712230216,REAL_AWS
2016-09-19 09:00:00,MAITRI,-10.1,969.1,34.0,35.6,292.0,0.5122302158273382,REAL_AWS
2016-09-19 10:00:00,MAITRI,-10.0,969.2,32.0,36.1,282.0,0.5194244604316547,REAL_AWS
2016-09-19 11:00:00,MAITRI,-10.0,968.4,37.0,32.4,295.0,0.4661870503597122,REAL_AWS
2016-09-19 12:00:00,MAITRI,-9.9,968.3,34.0,35.7,289.0,0.5136690647482015,REAL_AWS
2016-09-19 13:00:00,MAITRI,-10.0,968.6,36.0,32.4,280.0,0.4661870503597122,REAL_AWS
2016-09-19 14:00:00,MAITRI,-10.1,968.1,35.0,32.5,288.0,0.4676258992805755,REAL_AWS
2016-09-19 15:00:00,MAITRI,-10.5,967.8,35.0,34.7,292.0,0.4992805755395684,REAL_AWS
2016-09-19 16:00:00,MAITRI,-11.1,968.0,38.0,29.0,285.0,0.4172661870503597,REAL_AWS
2016-09-19 17:00:00,MAITRI,-11.7,968.1,37.0,30.7,283.0,0.44172661870503593,REAL_AWS
2016-09-19 18:00:00,MAITRI,-11.5,968.0,35.0,33.6,284.0,0.48345323741007196,REAL_AWS
2016-09-19 19:00:00,MAITRI,-11.4,967.8,34.0,34.2,280.0,0.49208633093525184,REAL_AWS
2016-09-19 20:00:00,MAITRI,-11.3,967.9,31.0,34.8,276.0,0.5007194244604316,REAL_AWS
2016-09-19 21:00:00,MAITRI,-11.3,967.7,33.0,32.8,285.0,0.47194244604316543,REAL_AWS
2016-09-19 22:00:00,MAITRI,-11.6,967.7,33.0,33.4,279.0,0.4805755395683453,REAL_AWS
2016-09-19 23:00:00,MAITRI,-11.6,967.5,33.0,31.6,280.0,0.4546762589928058,REAL_AWS
2016-09-20 00:00:00,MAITRI,-11.6,967.1,33.0,32.7,291.0,0.4705035971223022,REAL_AWS
2016-09-20 01:00:00,MAITRI,-12.3,967.1,35.0,28.1,281.0,0.40431654676258993,REAL_AWS
2016-09-20 02:00:00,MAITRI,-12.1,967.0,33.0,32.5,283.0,0.4676258992805755,REAL_AWS
2016-09-20 03:00:00,MAITRI,-12.7,966.9,36.0,25.9,280.0,0.3726618705035971,REAL_AWS
2016-09-20 04:00:00,MAITRI,-12.8,966.9,35.0,29.7,277.0,0.4273381294964029,REAL_AWS
2016-09-20 05:00:00,MAITRI,-13.1,966.9,37.0,30.4,292.0,0.437410071942446,REAL_AWS
2016-09-20 06:00:00,MAITRI,-13.3,966.9,36.0,28.6,283.0,0.4115107913669065,REAL_AWS
2016-09-20 07:00:00,MAITRI,-13.1,967.0,36.0,28.1,283.0,0.40431654676258993,REAL_AWS
2016-09-20 08:00:00,MAITRI,-12.4,966.9,36.0,28.9,284.0,0.4158273381294964,REAL_AWS
2016-09-20 09:00:00,MAITRI,-11.9,966.9,35.0,29.9,280.0,0.43021582733812946,REAL_AWS
2016-09-20 10:00:00,MAITRI,-10.7,967.0,36.0,27.4,252.99999999999997,0.39424460431654673,REAL_AWS
2016-09-20 11:00:00,MAITRI,-11.3,966.8,36.0,28.2,267.0,0.4057553956834532,REAL_AWS
2016-09-20 12:00:00,MAITRI,-11.7,966.5,34.0,27.1,268.0,0.3899280575539569,REAL_AWS
2016-09-20 13:00:00,MAITRI,-12.2,966.1,39.0,19.6,267.0,0.2820143884892087,REAL_AWS
2016-09-20 14:00:00,MAITRI,-12.3,966.1,36.0,25.0,264.0,0.3597122302158273,REAL_AWS
2016-09-20 15:00:00,MAITRI,-12.6,965.7,35.0,23.8,282.0,0.3424460431654676,REAL_AWS
2016-09-20 16:00:00,MAITRI,-13.1,965.5,36.0,20.7,282.0,0.297841726618705,REAL_AWS
2016-09-20 17:00:00,MAITRI,-13.6,965.4,36.0,19.3,301.0,0.2776978417266187,REAL_AWS
2016-09-20 18:00:00,MAITRI,-14.0,965.4,38.0,17.0,239.0,0.2446043165467626,REAL_AWS
2016-09-20 19:00:00,MAITRI,-15.4,965.5,42.0,17.1,130.0,0.24604316546762592,REAL_AWS
2016-09-20 20:00:00,MAITRI,-15.6,965.5,45.0,16.1,75.0,0.23165467625899283,REAL_AWS
2016-09-20 21:00:00,MAITRI,-15.8,965.5,44.0,17.1,74.0,0.24604316546762592,REAL_AWS
2016-09-20 22:00:00,MAITRI,-16.6,965.1,46.0,18.5,91.0,0.26618705035971224,REAL_AWS
2016-09-20 23:00:00,MAITRI,-16.6,964.5,46.0,17.9,91.0,0.25755395683453236,REAL_AWS
2016-09-21 00:00:00,MAITRI,-16.5,964.2,48.0,13.2,258.0,0.18992805755395684,REAL_AWS
2016-09-21 01:00:00,MAITRI,-14.2,963.9,39.0,19.9,297.0,0.28633093525179854,REAL_AWS
2016-09-21 02:00:00,MAITRI,-14.5,963.8,36.0,14.7,343.0,0.21151079136690645,REAL_AWS
2016-09-21 03:00:00,MAITRI,-16.2,963.3,42.0,18.8,24.0,0.27050359712230215,REAL_AWS
2016-09-21 04:00:00,MAITRI,-15.9,962.7,42.0,18.0,96.0,0.2589928057553957,REAL_AWS
2016-09-21 05:00:00,MAITRI,-15.5,962.8,41.0,9.9,356.0,0.14244604316546763,REAL_AWS
2016-09-21 06:00:00,MAITRI,-15.5,962.7,42.0,14.4,11.0,0.20719424460431654,REAL_AWS
2016-09-21 07:00:00,MAITRI,-15.8,962.4,46.0,14.7,322.0,0.21151079136690645,REAL_AWS
2016-09-21 08:00:00,MAITRI,-14.6,961.9,41.0,14.0,311.99999999999994,0.2014388489208633,REAL_AWS
2016-09-21 09:00:00,MAITRI,-12.6,961.9,35.0,14.6,284.0,0.21007194244604316,REAL_AWS
2016-09-21 10:00:00,MAITRI,-12.9,961.6,36.0,9.6,329.0,0.1381294964028777,REAL_AWS
2016-09-21 11:00:00,MAITRI,-11.5,961.4,39.0,14.6,155.0,0.21007194244604316,REAL_AWS
2016-09-21 12:00:00,MAITRI,-12.0,961.2,36.0,14.0,268.0,0.2014388489208633,REAL_AWS
2016-09-21 13:00:00,MAITRI,-11.8,960.9,38.0,15.5,256.0,0.22302158273381295,REAL_AWS
2016-09-21 14:00:00,MAITRI,-12.2,960.9,39.0,14.7,247.0,0.21151079136690645,REAL_AWS
2016-09-21 15:00:00,MAITRI,-13.2,960.6,43.0,12.6,323.0,0.18129496402877698,REAL_AWS
2016-09-21 16:00:00,MAITRI,-14.4,960.6,44.0,14.9,297.0,0.2143884892086331,REAL_AWS
2016-09-21 17:00:00,MAITRI,-14.9,960.7,45.0,6.0,152.0,0.08633093525179857,REAL_AWS
2016-09-21 18:00:00,MAITRI,-13.2,961.0,42.0,13.3,241.00000000000003,0.19136690647482016,REAL_AWS
2016-09-21 19:00:00,MAITRI,-15.0,961.0,46.0,14.0,114.0,0.2014388489208633,REAL_AWS
2016-09-21 20:00:00,MAITRI,-16.0,961.7,48.0,14.0,182.99999999999997,0.2014388489208633,REAL_AWS
2016-09-21 21:00:00,MAITRI,-17.8,962.0,55.0,14.2,352.0,0.20431654676258992,REAL_AWS
2016-09-21 22:00:00,MAITRI,-17.0,962.2,55.0,15.1,329.0,0.21726618705035972,REAL_AWS
2016-09-21 23:00:00,MAITRI,-15.5,961.9,45.0,21.9,329.0,0.3151079136690647,REAL_AWS
2016-09-22 00:00:00,MAITRI,-16.0,962.0,48.0,20.6,340.0,0.29640287769784174,REAL_AWS
2016-09-22 01:00:00,MAITRI,-15.5,962.3,44.0,18.0,343.0,0.2589928057553957,REAL_AWS
2016-09-22 02:00:00,MAITRI,-16.3,962.8,47.0,15.7,319.0,0.22589928057553957,REAL_AWS
2016-09-22 03:00:00,MAITRI,-16.8,963.0,47.0,15.7,334.0,0.22589928057553957,REAL_AWS
2016-09-22 04:00:00,MAITRI,-16.7,962.9,46.0,17.5,345.0,0.2517985611510791,REAL_AWS
2016-09-22 05:00:00,MAITRI,-17.2,963.0,47.0,15.4,3.0,0.22158273381294966,REAL_AWS
2016-09-22 06:00:00,MAITRI,-17.4,963.5,48.0,17.3,3.0,0.24892086330935254,REAL_AWS
2016-09-22 07:00:00,MAITRI,-17.8,964.1,49.0,21.9,4.0,0.3151079136690647,REAL_AWS
2016-09-22 08:00:00,MAITRI,-15.7,964.2,40.0,22.8,340.0,0.32805755395683456,REAL_AWS
2016-09-22 09:00:00,MAITRI,-15.0,964.3,40.0,27.1,316.0,0.3899280575539569,REAL_AWS
2016-09-22 10:00:00,MAITRI,-15.3,964.7,39.0,29.3,291.0,0.42158273381294964,REAL_AWS
2016-09-22 11:00:00,MAITRI,-14.7,965.3,36.0,23.8,266.0,0.3424460431654676,REAL_AWS
2016-09-22 12:00:00,MAITRI,-14.0,965.5,36.0,19.0,288.0,0.2733812949640288,REAL_AWS
2016-09-22 13:00:00,MAITRI,-13.7,965.8,37.0,20.9,331.0,0.30071942446043165,REAL_AWS
2016-09-22 14:00:00,MAITRI,-13.6,966.2,48.0,19.1,319.0,0.2748201438848921,REAL_AWS
2016-09-22 15:00:00,MAITRI,-13.6,966.1,46.0,20.2,316.0,0.2906474820143885,REAL_AWS
2016-09-22 16:00:00,MAITRI,-13.9,966.1,44.0,19.7,349.0,0.28345323741007195,REAL_AWS
2016-09-22 17:00:00,MAITRI,-13.9,966.6,45.0,17.7,307.0,0.25467625899280577,REAL_AWS
2016-09-22 18:00:00,MAITRI,-14.1,966.7,51.0,26.1,325.0,0.37553956834532376,REAL_AWS
2016-09-22 19:00:00,MAITRI,-14.1,967.4,48.0,27.5,343.0,0.39568345323741005,REAL_AWS
2016-09-22 20:00:00,MAITRI,-14.2,967.7,50.0,26.2,340.0,0.376978417266187,REAL_AWS
2016-09-22 21:00:00,MAITRI,-13.9,967.9,53.0,27.2,311.99999999999994,0.39136690647482014,REAL_AWS
2016-09-22 22:00:00,MAITRI,-13.6,968.2,50.0,28.9,345.0,0.4158273381294964,REAL_AWS
2016-09-22 23:00:00,MAITRI,-13.5,968.6,42.0,25.0,334.0,0.3597122302158273,REAL_AWS
2016-09-23 00:00:00,MAITRI,-13.5,968.8,44.0,25.9,315.0,0.3726618705035971,REAL_AWS
2016-09-23 01:00:00,MAITRI,-13.7,969.3,43.0,30.6,328.0,0.44028776978417267,REAL_AWS
2016-09-23 02:00:00,MAITRI,-14.1,969.6,39.0,30.9,343.0,0.4446043165467626,REAL_AWS
2016-09-23 03:00:00,MAITRI,-14.6,970.0,36.0,29.4,349.0,0.4230215827338129,REAL_AWS
2016-09-23 04:00:00,MAITRI,-14.5,970.6,39.0,30.9,342.0,0.4446043165467626,REAL_AWS
2016-09-23 05:00:00,MAITRI,-14.3,970.9,42.0,26.8,347.0,0.3856115107913669,REAL_AWS
2016-09-23 06:00:00,MAITRI,-14.1,971.1,36.0,30.3,350.0,0.43597122302158275,REAL_AWS
2016-09-23 07:00:00,MAITRI,-13.6,972.0,37.0,28.0,346.0,0.4028776978417266,REAL_AWS
2016-09-23 08:00:00,MAITRI,-13.3,972.5,36.0,31.0,346.0,0.4460431654676259,REAL_AWS
2016-09-23 09:00:00,MAITRI,-12.7,973.2,36.0,29.6,336.0,0.4258992805755396,REAL_AWS
2016-09-23 10:00:00,MAITRI,-11.9,973.9,36.0,27.1,336.0,0.3899280575539569,REAL_AWS
2016-09-23 11:00:00,MAITRI,-10.0,974.6,33.0,21.4,252.99999999999997,0.3079136690647482,REAL_AWS
2016-09-23 12:00:00,MAITRI,-9.5,974.9,34.0,15.5,277.0,0.22302158273381295,REAL_AWS
2016-09-23 13:00:00,MAITRI,-9.0,975.4,35.0,15.2,122.0,0.218705035971223,REAL_AWS
2016-09-23 14:00:00,MAITRI,-10.1,975.8,38.0,15.1,82.0,0.21726618705035972,REAL_AWS
2016-09-23 15:00:00,MAITRI,-10.5,976.2,41.0,18.6,80.0,0.26762589928057556,REAL_AWS
2016-09-23 16:00:00,MAITRI,-11.2,976.3,37.0,17.4,101.0,0.2503597122302158,REAL_AWS
2016-09-23 17:00:00,MAITRI,-13.7,977.3,39.0,12.6,4.0,0.18129496402877698,REAL_AWS
2016-09-23 18:00:00,MAITRI,-14.7,978.1,52.0,15.7,306.0,0.22589928057553957,REAL_AWS
2016-09-23 19:00:00,MAITRI,-16.1,979.1,54.0,14.8,210.00000000000003,0.2129496402877698,REAL_AWS
2016-09-23 20:00:00,MAITRI,-17.4,979.7,52.0,14.0,156.0,0.2014388489208633,REAL_AWS
2016-09-23 21:00:00,MAITRI,-17.7,979.7,54.0,7.5,78.0,0.1079136690647482,REAL_AWS
2016-09-23 22:00:00,MAITRI,-18.2,980.6,53.0,13.9,14.0,0.2,REAL_AWS
2016-09-23 23:00:00,MAITRI,-18.9,980.8,57.0,16.2,311.0,0.2330935251798561,REAL_AWS
2016-09-24 00:00:00,MAITRI,-19.6,981.3,56.0,11.4,98.0,0.16402877697841728,REAL_AWS
2016-09-24 01:00:00,MAITRI,-20.3,981.6,60.0,13.6,294.0,0.19568345323741007,REAL_AWS
2016-09-24 02:00:00,MAITRI,-20.4,982.0,59.0,14.1,127.0,0.2028776978417266,REAL_AWS
2016-09-24 03:00:00,MAITRI,-21.3,982.6,60.0,15.7,296.0,0.22589928057553957,REAL_AWS
2016-09-24 04:00:00,MAITRI,-21.5,983.2,59.0,17.0,285.0,0.2446043165467626,REAL_AWS
2016-09-24 05:00:00,MAITRI,-21.0,983.9,56.0,13.9,278.0,0.2,REAL_AWS
2016-09-24 06:00:00,MAITRI,-19.9,984.2,50.0,14.9,75.0,0.2143884892086331,REAL_AWS
2016-09-24 07:00:00,MAITRI,-17.6,984.4,43.0,19.6,95.0,0.2820143884892087,REAL_AWS
2016-09-24 08:00:00,MAITRI,-15.9,984.9,43.0,17.1,107.0,0.24604316546762592,REAL_AWS
2016-09-24 09:00:00,MAITRI,-15.5,985.5,33.0,17.9,190.99999999999997,0.25755395683453236,REAL_AWS
2016-09-24 10:00:00,MAITRI,-16.7,986.6,36.0,7.8,206.0,0.11223021582733812,REAL_AWS
2016-09-24 11:00:00,MAITRI,-15.8,986.3,38.0,14.3,154.0,0.20575539568345325,REAL_AWS
2016-09-24 12:00:00,MAITRI,-13.9,986.1,33.0,15.4,87.0,0.22158273381294966,REAL_AWS
2016-09-24 13:00:00,MAITRI,-15.3,986.1,34.0,19.2,170.0,0.2762589928057554,REAL_AWS
2016-09-24 14:00:00,MAITRI,-16.5,987.0,39.0,16.5,176.0,0.23741007194244604,REAL_AWS
2016-09-24 15:00:00,MAITRI,-16.9,987.1,39.0,15.9,65.0,0.22877697841726619,REAL_AWS
2016-09-24 16:00:00,MAITRI,-18.1,986.9,41.0,17.9,170.0,0.25755395683453236,REAL_AWS
2016-09-24 17:00:00,MAITRI,-19.0,986.8,40.0,13.8,163.0,0.1985611510791367,REAL_AWS
2016-09-24 18:00:00,MAITRI,-19.0,987.1,41.0,14.4,73.0,0.20719424460431654,REAL_AWS
2016-09-24 19:00:00,MAITRI,-20.5,987.4,50.0,14.5,192.99999999999997,0.20863309352517986,REAL_AWS
2016-09-24 20:00:00,MAITRI,-20.9,987.2,51.0,14.0,248.99999999999997,0.2014388489208633,REAL_AWS
2016-09-24 21:00:00,MAITRI,-21.1,987.2,52.0,13.7,316.0,0.19712230215827337,REAL_AWS
2016-09-24 22:00:00,MAITRI,-20.9,987.3,50.0,12.6,273.0,0.18129496402877698,REAL_AWS
2016-09-24 23:00:00,MAITRI,-20.8,987.4,54.0,14.8,351.0,0.2129496402877698,REAL_AWS
2016-09-25 00:00:00,MAITRI,-20.9,986.9,54.0,14.0,356.99999999999994,0.2014388489208633,REAL_AWS
2016-09-25 01:00:00,MAITRI,-19.0,986.6,45.0,18.5,344.0,0.26618705035971224,REAL_AWS
2016-09-25 02:00:00,MAITRI,-18.9,986.4,45.0,14.2,271.0,0.20431654676258992,REAL_AWS
2016-09-25 03:00:00,MAITRI,-19.2,986.3,44.0,15.5,313.0,0.22302158273381295,REAL_AWS
2016-09-25 04:00:00,MAITRI,-19.3,985.9,39.0,16.7,2.0,0.24028776978417266,REAL_AWS
2016-09-25 05:00:00,MAITRI,-19.5,985.7,37.0,15.5,69.0,0.22302158273381295,REAL_AWS
2016-09-25 06:00:00,MAITRI,-20.0,986.0,40.0,12.5,338.99999999999994,0.17985611510791366,REAL_AWS
2016-09-25 07:00:00,MAITRI,-19.1,985.7,43.0,12.5,211.0,0.17985611510791366,REAL_AWS
2016-09-25 08:00:00,MAITRI,-17.6,985.2,39.0,9.1,32.0,0.13093525179856114,REAL_AWS
2016-09-25 09:00:00,MAITRI,-16.2,985.5,36.0,16.5,233.0,0.23741007194244604,REAL_AWS
2016-09-25 10:00:00,MAITRI,-17.6,985.1,40.0,19.8,295.0,0.28489208633093527,REAL_AWS
2016-09-25 11:00:00,MAITRI,-17.4,984.5,31.0,27.4,293.0,0.39424460431654673,REAL_AWS
2016-09-25 12:00:00,MAITRI,-16.9,984.0,31.0,27.9,293.0,0.4014388489208633,REAL_AWS
2016-09-25 13:00:00,MAITRI,-17.2,984.5,32.0,23.6,274.0,0.339568345323741,REAL_AWS
2016-09-25 14:00:00,MAITRI,-17.3,984.3,29.0,22.1,278.0,0.3179856115107914,REAL_AWS
2016-09-25 15:00:00,MAITRI,-17.7,983.8,29.0,19.3,300.0,0.2776978417266187,REAL_AWS
2016-09-25 16:00:00,MAITRI,-17.5,983.2,34.0,18.8,294.0,0.27050359712230215,REAL_AWS
2016-09-25 17:00:00,MAITRI,-18.3,983.2,34.0,23.9,302.0,0.34388489208633094,REAL_AWS
2016-09-25 18:00:00,MAITRI,-18.3,982.9,32.0,26.1,294.0,0.37553956834532376,REAL_AWS
2016-09-25 19:00:00,MAITRI,-18.7,983.0,32.0,23.7,290.0,0.3410071942446043,REAL_AWS
2016-09-25 20:00:00,MAITRI,-19.3,982.7,32.0,21.4,295.0,0.3079136690647482,REAL_AWS
2016-09-25 21:00:00,MAITRI,-18.8,982.6,32.0,24.5,301.0,0.35251798561151076,REAL_AWS
2016-09-25 22:00:00,MAITRI,-18.0,982.4,30.0,30.6,313.0,0.44028776978417267,REAL_AWS
2016-09-25 23:00:00,MAITRI,-18.6,982.6,34.0,30.1,293.0,0.4330935251798561,REAL_AWS
2016-09-26 00:00:00,MAITRI,-18.0,982.0,30.0,27.6,300.0,0.3971223021582734,REAL_AWS
2016-09-26 01:00:00,MAITRI,-18.2,981.9,31.0,27.2,294.0,0.39136690647482014,REAL_AWS
2016-09-26 02:00:00,MAITRI,-18.5,981.9,31.0,24.5,283.0,0.35251798561151076,REAL_AWS
2016-09-26 03:00:00,MAITRI,-18.0,981.2,32.0,33.2,314.0,0.4776978417266187,REAL_AWS
2016-09-26 04:00:00,MAITRI,-17.8,981.1,30.0,28.4,290.0,0.40863309352517985,REAL_AWS
2016-09-26 05:00:00,MAITRI,-17.6,980.8,33.0,24.1,281.0,0.3467625899280576,REAL_AWS
2016-09-26 06:00:00,MAITRI,-17.7,980.8,37.0,23.2,288.0,0.33381294964028774,REAL_AWS
2016-09-26 07:00:00,MAITRI,-16.9,980.9,26.0,34.6,273.0,0.49784172661870507,REAL_AWS
2016-09-26 08:00:00,MAITRI,-16.5,981.0,26.0,32.6,275.0,0.4690647482014389,REAL_AWS
2016-09-26 09:00:00,MAITRI,-16.2,981.1,27.0,32.6,270.0,0.4690647482014389,REAL_AWS
2016-09-26 10:00:00,MAITRI,-15.9,981.1,28.0,32.0,267.0,0.460431654676259,REAL_AWS
2016-09-26 11:00:00,MAITRI,-15.5,980.7,28.0,31.1,272.0,0.4474820143884892,REAL_AWS
2016-09-26 12:00:00,MAITRI,-15.8,980.5,31.0,27.4,288.0,0.39424460431654673,REAL_AWS
2016-09-26 13:00:00,MAITRI,-16.1,980.0,35.0,22.2,279.0,0.3194244604316547,REAL_AWS
2016-09-26 14:00:00,MAITRI,-15.0,979.6,33.0,27.3,289.0,0.39280575539568346,REAL_AWS
2016-09-26 15:00:00,MAITRI,-14.9,979.7,31.0,31.2,287.0,0.4489208633093525,REAL_AWS
2016-09-26 16:00:00,MAITRI,-15.4,980.0,32.0,34.3,263.0,0.49352517985611505,REAL_AWS
2016-09-26 17:00:00,MAITRI,-16.1,980.0,38.0,20.1,274.0,0.2892086330935252,REAL_AWS
2016-09-26 18:00:00,MAITRI,-15.8,980.1,36.0,21.8,265.0,0.31366906474820144,REAL_AWS
2016-09-26 19:00:00,MAITRI,-15.8,980.3,36.0,21.1,278.0,0.3035971223021583,REAL_AWS
2016-09-26 20:00:00,MAITRI,-15.2,980.3,31.0,29.7,283.0,0.4273381294964029,REAL_AWS
2016-09-26 21:00:00,MAITRI,-15.2,980.8,31.0,27.1,272.0,0.3899280575539569,REAL_AWS
2016-09-26 22:00:00,MAITRI,-15.0,980.5,32.0,30.9,293.0,0.4446043165467626,REAL_AWS
2016-09-26 23:00:00,MAITRI,-14.8,980.8,29.0,31.3,286.0,0.4503597122302158,REAL_AWS
2016-09-27 00:00:00,MAITRI,-14.7,981.1,28.0,30.0,290.0,0.4316546762589928,REAL_AWS
2016-09-27 01:00:00,MAITRI,-15.1,980.9,27.0,27.2,280.0,0.39136690647482014,REAL_AWS
2016-09-27 02:00:00,MAITRI,-15.0,980.8,29.0,29.0,280.0,0.4172661870503597,REAL_AWS
2016-09-27 03:00:00,MAITRI,-14.8,981.6,27.0,32.1,277.0,0.46187050359712234,REAL_AWS
2016-09-27 04:00:00,MAITRI,-15.2,981.9,30.0,27.4,281.0,0.39424460431654673,REAL_AWS
2016-09-27 05:00:00,MAITRI,-15.2,981.9,28.0,30.0,265.0,0.4316546762589928,REAL_AWS
2016-09-27 06:00:00,MAITRI,-15.2,982.2,32.0,21.3,295.0,0.3064748201438849,REAL_AWS
2016-09-27 07:00:00,MAITRI,-15.5,982.6,34.0,21.0,292.0,0.302158273381295,REAL_AWS
2016-09-27 08:00:00,MAITRI,-14.0,982.4,29.0,20.9,286.0,0.30071942446043165,REAL_AWS
2016-09-27 09:00:00,MAITRI,-12.5,982.7,28.0,26.7,261.0,0.3841726618705036,REAL_AWS
2016-09-27 10:00:00,MAITRI,-11.5,982.9,26.0,27.8,262.0,0.4,REAL_AWS
2016-09-27 11:00:00,MAITRI,-12.3,982.7,31.0,21.0,275.0,0.302158273381295,REAL_AWS
2016-09-27 12:00:00,MAITRI,-12.1,982.6,31.0,14.5,287.0,0.20863309352517986,REAL_AWS
2016-09-27 13:00:00,MAITRI,-10.0,982.7,28.0,17.4,264.0,0.2503597122302158,REAL_AWS
2016-09-27 14:00:00,MAITRI,-10.6,982.6,32.0,21.3,258.0,0.3064748201438849,REAL_AWS
2016-09-27 15:00:00,MAITRI,-11.7,982.6,33.0,20.4,281.0,0.2935251798561151,REAL_AWS
2016-09-27 16:00:00,MAITRI,-12.3,982.8,34.0,19.4,285.0,0.279136690647482,REAL_AWS
2016-09-27 17:00:00,MAITRI,-13.0,983.1,35.0,16.5,303.0,0.23741007194244604,REAL_AWS
2016-09-27 18:00:00,MAITRI,-13.6,982.9,35.0,22.3,338.99999999999994,0.320863309352518,REAL_AWS
2016-09-27 19:00:00,MAITRI,-13.7,983.1,33.0,14.4,329.0,0.20719424460431654,REAL_AWS
2016-09-27 20:00:00,MAITRI,-14.0,982.9,32.0,22.6,350.0,0.3251798561151079,REAL_AWS
2016-09-27 21:00:00,MAITRI,-13.9,983.0,32.0,21.0,319.0,0.302158273381295,REAL_AWS
2016-09-27 22:00:00,MAITRI,-15.3,983.0,33.0,26.7,354.0,0.3841726618705036,REAL_AWS
2016-09-27 23:00:00,MAITRI,-14.9,982.8,33.0,26.8,355.0,0.3856115107913669,REAL_AWS
2016-09-28 00:00:00,MAITRI,-16.1,982.7,34.0,30.5,356.0,0.43884892086330934,REAL_AWS
2016-09-28 01:00:00,MAITRI,-16.3,982.3,34.0,29.8,356.0,0.4287769784172662,REAL_AWS
2016-09-28 02:00:00,MAITRI,-16.2,982.0,32.0,28.8,359.0,0.4143884892086331,REAL_AWS
2016-09-28 03:00:00,MAITRI,-16.4,982.0,32.0,25.0,356.0,0.3597122302158273,REAL_AWS
2016-09-28 04:00:00,MAITRI,-16.6,981.7,32.0,30.1,0.0,0.4330935251798561,REAL_AWS
2016-09-28 05:00:00,MAITRI,-16.0,982.1,30.0,17.1,281.0,0.24604316546762592,REAL_AWS
2016-09-28 06:00:00,MAITRI,-16.3,982.2,32.0,12.9,345.0,0.18561151079136692,REAL_AWS
2016-09-28 07:00:00,MAITRI,-15.3,982.2,33.0,14.9,212.0,0.2143884892086331,REAL_AWS
2016-09-28 08:00:00,MAITRI,-15.6,982.0,36.0,16.2,24.0,0.2330935251798561,REAL_AWS
2016-09-28 09:00:00,MAITRI,-14.1,981.7,40.0,20.9,4.0,0.30071942446043165,REAL_AWS
2016-09-28 10:00:00,MAITRI,-11.8,981.3,33.0,11.7,162.0,0.1683453237410072,REAL_AWS
2016-09-28 11:00:00,MAITRI,-12.6,981.2,37.0,13.5,174.0,0.19424460431654678,REAL_AWS
2016-09-28 12:00:00,MAITRI,-11.6,980.6,36.0,12.1,225.0,0.17410071942446043,REAL_AWS
2016-09-28 13:00:00,MAITRI,-12.3,980.2,36.0,13.8,185.99999999999997,0.1985611510791367,REAL_AWS
2016-09-28 14:00:00,MAITRI,-12.2,979.6,37.0,13.6,215.0,0.19568345323741007,REAL_AWS
2016-09-28 15:00:00,MAITRI,-12.9,979.2,36.0,15.8,181.0,0.2273381294964029,REAL_AWS
2016-09-28 16:00:00,MAITRI,-14.9,979.0,40.0,14.3,162.0,0.20575539568345325,REAL_AWS
2016-09-28 17:00:00,MAITRI,-15.6,978.4,41.0,11.2,334.0,0.16115107913669063,REAL_AWS
2016-09-28 18:00:00,MAITRI,-16.3,978.0,41.0,15.3,296.0,0.22014388489208633,REAL_AWS
2016-09-28 19:00:00,MAITRI,-17.5,977.7,48.0,15.7,295.0,0.22589928057553957,REAL_AWS
2016-09-28 20:00:00,MAITRI,-16.8,977.3,36.0,23.1,322.0,0.33237410071942447,REAL_AWS
2016-09-28 21:00:00,MAITRI,-18.3,977.5,46.0,15.9,245.00000000000003,0.22877697841726619,REAL_AWS
2016-09-28 22:00:00,MAITRI,-17.2,976.9,38.0,23.4,356.99999999999994,0.3366906474820144,REAL_AWS
2016-09-28 23:00:00,MAITRI,-18.9,976.8,41.0,9.5,190.99999999999997,0.1366906474820144,REAL_AWS
2016-09-29 00:00:00,MAITRI,-21.4,977.0,50.0,17.4,111.0,0.2503597122302158,REAL_AWS
2016-09-29 01:00:00,MAITRI,-21.1,976.9,46.0,16.3,118.0,0.23453237410071945,REAL_AWS
2016-09-29 02:00:00,MAITRI,-22.0,977.0,49.0,5.2,250.0,0.0748201438848921,REAL_AWS
2016-09-29 03:00:00,MAITRI,-23.5,976.8,51.0,15.0,264.0,0.2158273381294964,REAL_AWS
2016-09-29 04:00:00,MAITRI,-24.2,977.0,58.0,17.4,295.0,0.2503597122302158,REAL_AWS
2016-09-29 05:00:00,MAITRI,-22.5,977.1,51.0,3.8,350.0,0.05467625899280575,REAL_AWS
2016-09-29 06:00:00,MAITRI,-21.1,977.5,45.0,14.5,257.0,0.20863309352517986,REAL_AWS
2016-09-29 07:00:00,MAITRI,-20.2,977.7,44.0,12.4,48.0,0.17841726618705037,REAL_AWS
2016-09-29 08:00:00,MAITRI,-17.5,978.0,36.0,16.3,252.0,0.23453237410071945,REAL_AWS
2016-09-29 09:00:00,MAITRI,-15.4,978.2,36.0,14.3,153.0,0.20575539568345325,REAL_AWS
2016-09-29 10:00:00,MAITRI,-15.3,978.6,35.0,14.2,170.0,0.20431654676258992,REAL_AWS
2016-09-29 11:00:00,MAITRI,-15.3,978.9,36.0,14.9,252.0,0.2143884892086331,REAL_AWS
2016-09-29 12:00:00,MAITRI,-15.1,979.1,40.0,17.5,179.0,0.2517985611510791,REAL_AWS
2016-09-29 13:00:00,MAITRI,-15.5,979.3,42.0,17.3,188.99999999999997,0.24892086330935254,REAL_AWS
2016-09-29 14:00:00,MAITRI,-15.7,979.4,38.0,11.5,333.0,0.16546762589928057,REAL_AWS
2016-09-29 15:00:00,MAITRI,-17.0,979.4,44.0,1.8,216.0,0.025899280575539568,REAL_AWS
2016-09-29 16:00:00,MAITRI,-16.7,979.4,48.0,13.7,222.99999999999997,0.19712230215827337,REAL_AWS
2016-09-29 17:00:00,MAITRI,-17.3,979.3,51.0,17.2,195.99999999999997,0.24748201438848919,REAL_AWS
2016-09-29 18:00:00,MAITRI,-18.8,979.0,54.0,13.6,282.0,0.19568345323741007,REAL_AWS
2016-09-29 19:00:00,MAITRI,-19.7,979.0,61.0,16.7,288.0,0.24028776978417266,REAL_AWS
2016-09-29 20:00:00,MAITRI,-18.6,978.7,54.0,14.7,279.0,0.21151079136690645,REAL_AWS
2016-09-29 21:00:00,MAITRI,-17.7,978.3,46.0,14.8,248.99999999999997,0.2129496402877698,REAL_AWS
2016-09-29 22:00:00,MAITRI,-18.8,978.2,55.0,14.9,188.0,0.2143884892086331,REAL_AWS
2016-09-29 23:00:00,MAITRI,-19.0,977.9,55.0,14.2,267.0,0.20431654676258992,REAL_AWS
2016-09-30 00:00:00,MAITRI,-18.3,977.5,54.0,16.0,286.0,0.2302158273381295,REAL_AWS
2016-09-30 01:00:00,MAITRI,-18.1,977.0,53.0,15.3,269.0,0.22014388489208633,REAL_AWS
2016-09-30 02:00:00,MAITRI,-18.7,976.3,54.0,12.7,286.0,0.18273381294964028,REAL_AWS
2016-09-30 03:00:00,MAITRI,-19.0,976.0,56.0,14.9,273.0,0.2143884892086331,REAL_AWS
2016-09-30 04:00:00,MAITRI,-16.1,975.2,36.0,22.9,345.0,0.3294964028776978,REAL_AWS
2016-09-30 05:00:00,MAITRI,-15.6,975.2,36.0,18.0,293.0,0.2589928057553957,REAL_AWS
2016-09-30 06:00:00,MAITRI,-15.1,974.9,34.0,28.7,311.99999999999994,0.41294964028776976,REAL_AWS
2016-09-30 07:00:00,MAITRI,-14.8,974.8,35.0,25.8,296.0,0.37122302158273385,REAL_AWS
2016-09-30 08:00:00,MAITRI,-14.5,974.5,35.0,29.5,304.0,0.4244604316546763,REAL_AWS
2016-09-30 09:00:00,MAITRI,-14.1,974.5,36.0,29.3,305.0,0.42158273381294964,REAL_AWS
2016-09-30 10:00:00,MAITRI,-13.7,974.8,37.0,27.5,293.0,0.39568345323741005,REAL_AWS
2016-09-30 11:00:00,MAITRI,-13.2,974.6,38.0,27.3,294.0,0.39280575539568346,REAL_AWS
2016-09-30 12:00:00,MAITRI,-12.9,974.7,38.0,26.2,291.0,0.376978417266187,REAL_AWS
2016-09-30 13:00:00,MAITRI,-12.4,974.7,41.0,26.3,292.0,0.37841726618705035,REAL_AWS
2016-09-30 14:00:00,MAITRI,-12.5,975.0,45.0,23.9,294.0,0.34388489208633094,REAL_AWS
2016-09-30 15:00:00,MAITRI,-12.7,975.5,45.0,23.7,296.0,0.3410071942446043,REAL_AWS
2016-09-30 16:00:00,MAITRI,-13.1,976.0,43.0,25.1,306.0,0.36115107913669064,REAL_AWS
2016-09-30 17:00:00,MAITRI,-13.8,976.6,45.0,25.0,309.0,0.3597122302158273,REAL_AWS
2016-09-30 18:00:00,MAITRI,-14.5,977.5,46.0,23.7,310.0,0.3410071942446043,REAL_AWS
2016-09-30 19:00:00,MAITRI,-15.0,977.6,47.0,26.2,338.0,0.376978417266187,REAL_AWS
2016-09-30 20:00:00,MAITRI,-14.8,978.0,42.0,26.7,344.0,0.3841726618705036,REAL_AWS
2016-09-30 21:00:00,MAITRI,-14.5,978.4,37.0,26.7,338.0,0.3841726618705036,REAL_AWS
2016-09-30 22:00:00,MAITRI,-14.3,978.8,36.0,26.0,331.0,0.37410071942446044,REAL_AWS
2016-09-30 23:00:00,MAITRI,-14.4,979.3,36.0,22.4,311.0,0.32230215827338127,REAL_AWS
2016-10-01 00:00:00,MAITRI,-14.0,979.5,36.0,23.8,304.0,0.3424460431654676,REAL_AWS
2016-10-01 01:00:00,MAITRI,-13.9,979.8,36.0,24.4,305.0,0.35107913669064744,REAL_AWS
2016-10-01 02:00:00,MAITRI,-14.1,979.8,38.0,25.1,309.0,0.36115107913669064,REAL_AWS
2016-10-01 03:00:00,MAITRI,-13.9,979.9,39.0,26.6,314.0,0.3827338129496403,REAL_AWS
2016-10-01 04:00:00,MAITRI,-13.7,980.4,40.0,26.2,311.99999999999994,0.376978417266187,REAL_AWS
2016-10-01 05:00:00,MAITRI,-13.4,981.0,37.0,26.0,304.0,0.37410071942446044,REAL_AWS
2016-10-01 06:00:00,MAITRI,-13.2,981.3,37.0,26.9,311.0,0.3870503597122302,REAL_AWS
2016-10-01 07:00:00,MAITRI,-13.0,981.1,35.0,29.7,307.0,0.4273381294964029,REAL_AWS
2016-10-01 08:00:00,MAITRI,-12.5,981.2,35.0,28.4,304.0,0.40863309352517985,REAL_AWS
2016-10-01 09:00:00,MAITRI,-11.7,981.1,36.0,27.8,304.0,0.4,REAL_AWS
2016-10-01 10:00:00,MAITRI,-11.2,981.4,36.0,28.1,281.0,0.40431654676258993,REAL_AWS
2016-10-01 11:00:00,MAITRI,-11.0,981.4,37.0,31.8,287.0,0.45755395683453237,REAL_AWS
2016-10-01 12:00:00,MAITRI,-11.4,980.7,53.0,32.5,304.0,0.4676258992805755,REAL_AWS
2016-10-01 13:00:00,MAITRI,-11.4,980.7,60.0,33.0,295.0,0.4748201438848921,REAL_AWS
2016-10-01 14:00:00,MAITRI,-11.6,980.3,66.0,35.4,300.0,0.5093525179856115,REAL_AWS
2016-10-01 15:00:00,MAITRI,-11.7,980.2,61.0,36.9,295.0,0.5309352517985612,REAL_AWS
2016-10-01 16:00:00,MAITRI,-12.0,980.2,68.0,37.2,293.0,0.5352517985611511,REAL_AWS
2016-10-01 17:00:00,MAITRI,-12.5,979.9,80.0,33.6,299.0,0.48345323741007196,REAL_AWS
2016-10-01 18:00:00,MAITRI,-12.5,979.9,86.0,35.6,299.0,0.5122302158273382,REAL_AWS
2016-10-01 19:00:00,MAITRI,-12.5,979.7,87.0,39.5,304.0,0.5683453237410072,REAL_AWS
2016-10-01 20:00:00,MAITRI,-12.6,979.6,88.0,39.3,307.0,0.5654676258992806,REAL_AWS
2016-10-01 21:00:00,MAITRI,-12.8,979.2,88.0,39.9,305.0,0.5741007194244604,REAL_AWS
2016-10-01 22:00:00,MAITRI,-12.6,978.8,88.0,41.4,307.0,0.59568345323741,REAL_AWS
2016-10-01 23:00:00,MAITRI,-12.4,978.5,88.0,46.1,310.0,0.6633093525179856,REAL_AWS
2016-10-02 00:00:00,MAITRI,-12.4,978.2,88.0,46.8,311.0,0.6733812949640288,REAL_AWS
2016-10-02 01:00:00,MAITRI,-12.4,977.8,88.0,50.4,311.0,0.7251798561151079,REAL_AWS
2016-10-02 02:00:00,MAITRI,-12.4,977.2,88.0,47.9,311.0,0.6892086330935252,REAL_AWS
2016-10-02 03:00:00,MAITRI,-12.4,977.4,88.0,47.7,311.0,0.6863309352517986,REAL_AWS
2016-10-02 04:00:00,MAITRI,-12.2,976.8,88.0,49.9,310.0,0.7179856115107913,REAL_AWS
2016-10-02 05:00:00,MAITRI,-12.0,976.8,88.0,48.8,311.99999999999994,0.7021582733812949,REAL_AWS
2016-10-02 06:00:00,MAITRI,-11.9,977.2,88.0,42.9,309.0,0.6172661870503597,REAL_AWS
2016-10-02 07:00:00,MAITRI,-11.4,976.8,88.0,44.8,311.0,0.6446043165467625,REAL_AWS
2016-10-02 08:00:00,MAITRI,-11.0,976.3,89.0,41.8,313.0,0.6014388489208633,REAL_AWS
2016-10-02 09:00:00,MAITRI,-10.5,974.8,88.0,39.2,309.0,0.5640287769784174,REAL_AWS
2016-10-02 10:00:00,MAITRI,-9.9,973.7,87.0,43.0,305.0,0.6187050359712231,REAL_AWS
2016-10-02 11:00:00,MAITRI,-9.5,972.5,86.0,45.1,307.0,0.6489208633093525,REAL_AWS
2016-10-02 12:00:00,MAITRI,-9.2,972.3,83.0,41.1,306.0,0.5913669064748202,REAL_AWS
2016-10-02 13:00:00,MAITRI,-9.0,971.6,78.0,42.7,308.0,0.6143884892086331,REAL_AWS
2016-10-02 14:00:00,MAITRI,-8.7,970.8,66.0,42.1,307.0,0.6057553956834533,REAL_AWS
2016-10-02 15:00:00,MAITRI,-8.6,969.4,59.0,42.8,311.0,0.6158273381294964,REAL_AWS
2016-10-02 16:00:00,MAITRI,-8.6,969.1,57.0,41.4,308.0,0.59568345323741,REAL_AWS
2016-10-02 17:00:00,MAITRI,-8.5,968.5,55.0,42.1,309.0,0.6057553956834533,REAL_AWS
2016-10-02 18:00:00,MAITRI,-8.6,968.1,57.0,38.7,306.0,0.5568345323741007,REAL_AWS
2016-10-02 19:00:00,MAITRI,-9.3,967.6,73.0,43.3,310.0,0.6230215827338129,REAL_AWS
2016-10-02 20:00:00,MAITRI,-9.7,967.0,83.0,43.5,311.99999999999994,0.6258992805755396,REAL_AWS
2016-10-02 21:00:00,MAITRI,-9.1,966.2,71.0,43.2,311.0,0.6215827338129497,REAL_AWS
2016-10-02 22:00:00,MAITRI,-8.9,966.0,68.0,39.8,311.0,0.5726618705035971,REAL_AWS
2016-10-02 23:00:00,MAITRI,-8.5,965.8,58.0,33.7,301.0,0.4848920863309353,REAL_AWS
2016-10-03 00:00:00,MAITRI,-8.8,965.6,62.0,32.0,304.0,0.460431654676259,REAL_AWS
2016-10-03 01:00:00,MAITRI,-9.3,965.0,76.0,34.2,311.99999999999994,0.49208633093525184,REAL_AWS
2016-10-03 02:00:00,MAITRI,-9.4,964.7,80.0,34.6,311.99999999999994,0.49784172661870507,REAL_AWS
2016-10-03 03:00:00,MAITRI,-9.4,964.5,85.0,31.7,309.0,0.45611510791366905,REAL_AWS
2016-10-03 04:00:00,MAITRI,-9.5,964.7,85.0,24.0,284.0,0.34532374100719426,REAL_AWS
2016-10-03 05:00:00,MAITRI,-9.7,964.6,86.0,23.1,295.0,0.33237410071942447,REAL_AWS
2016-10-03 06:00:00,MAITRI,-9.6,964.1,87.0,25.1,310.0,0.36115107913669064,REAL_AWS
2016-10-03 07:00:00,MAITRI,-9.5,963.7,88.0,24.4,307.0,0.35107913669064744,REAL_AWS
2016-10-03 08:00:00,MAITRI,-9.3,963.4,89.0,23.5,302.0,0.3381294964028777,REAL_AWS
2016-10-03 09:00:00,MAITRI,-9.2,963.1,89.0,26.8,309.0,0.3856115107913669,REAL_AWS
2016-10-03 10:00:00,MAITRI,-9.1,962.8,89.0,23.2,302.0,0.33381294964028774,REAL_AWS
2016-10-03 11:00:00,MAITRI,-9.1,962.4,89.0,25.4,292.0,0.36546762589928056,REAL_AWS
2016-10-03 12:00:00,MAITRI,-9.1,962.4,87.0,21.6,281.0,0.31079136690647485,REAL_AWS
2016-10-03 13:00:00,MAITRI,-9.5,962.2,86.0,20.6,290.0,0.29640287769784174,REAL_AWS
2016-10-03 14:00:00,MAITRI,-10.0,962.3,83.0,21.0,197.99999999999997,0.302158273381295,REAL_AWS
2016-10-03 15:00:00,MAITRI,-11.5,962.6,86.0,13.9,241.00000000000003,0.2,REAL_AWS
2016-10-03 16:00:00,MAITRI,-11.7,962.9,86.0,14.4,275.0,0.20719424460431654,REAL_AWS
2016-10-03 17:00:00,MAITRI,-11.7,963.1,86.0,15.8,241.00000000000003,0.2273381294964029,REAL_AWS
2016-10-03 18:00:00,MAITRI,-12.1,963.6,86.0,15.1,292.0,0.21726618705035972,REAL_AWS
2016-10-03 19:00:00,MAITRI,-12.2,963.9,87.0,15.4,260.0,0.22158273381294966,REAL_AWS
2016-10-03 20:00:00,MAITRI,-12.5,964.3,86.0,15.0,255.0,0.2158273381294964,REAL_AWS
2016-10-03 21:00:00,MAITRI,-12.8,964.4,85.0,13.5,351.0,0.19424460431654678,REAL_AWS
2016-10-03 22:00:00,MAITRI,-13.2,964.9,84.0,15.2,307.0,0.218705035971223,REAL_AWS
2016-10-03 23:00:00,MAITRI,-13.5,965.1,84.0,15.6,326.0,0.22446043165467625,REAL_AWS
2016-10-04 00:00:00,MAITRI,-13.5,965.4,84.0,15.8,294.0,0.2273381294964029,REAL_AWS
2016-10-04 01:00:00,MAITRI,-14.3,965.8,84.0,16.5,313.0,0.23741007194244604,REAL_AWS
2016-10-04 02:00:00,MAITRI,-14.2,966.1,84.0,18.5,328.0,0.26618705035971224,REAL_AWS
2016-10-04 03:00:00,MAITRI,-14.1,966.4,82.0,20.0,326.0,0.28776978417266186,REAL_AWS
2016-10-04 04:00:00,MAITRI,-14.3,966.8,81.0,20.4,323.0,0.2935251798561151,REAL_AWS
2016-10-04 05:00:00,MAITRI,-14.1,967.3,81.0,19.5,303.0,0.2805755395683453,REAL_AWS
2016-10-04 06:00:00,MAITRI,-14.0,967.6,80.0,23.4,326.0,0.3366906474820144,REAL_AWS
2016-10-04 07:00:00,MAITRI,-14.1,967.9,76.0,23.1,338.99999999999994,0.33237410071942447,REAL_AWS
2016-10-04 08:00:00,MAITRI,-13.9,968.1,70.0,22.0,333.0,0.31654676258992803,REAL_AWS
2016-10-04 09:00:00,MAITRI,-14.5,968.1,65.0,20.0,352.0,0.28776978417266186,REAL_AWS
2016-10-04 10:00:00,MAITRI,-13.9,968.0,62.0,20.8,355.0,0.2992805755395684,REAL_AWS
2016-10-04 11:00:00,MAITRI,-13.4,967.9,61.0,17.9,356.0,0.25755395683453236,REAL_AWS
2016-10-04 12:00:00,MAITRI,-11.5,967.9,64.0,13.3,301.0,0.19136690647482016,REAL_AWS
2016-10-04 13:00:00,MAITRI,-13.3,967.8,60.0,18.1,1.0,0.260431654676259,REAL_AWS
2016-10-04 14:00:00,MAITRI,-14.6,967.5,63.0,19.0,358.0,0.2733812949640288,REAL_AWS
2016-10-04 15:00:00,MAITRI,-15.5,967.0,63.0,22.0,358.0,0.31654676258992803,REAL_AWS
2016-10-04 16:00:00,MAITRI,-14.7,966.8,66.0,18.8,4.0,0.27050359712230215,REAL_AWS
2016-10-04 17:00:00,MAITRI,-15.1,966.6,66.0,18.1,20.0,0.260431654676259,REAL_AWS
2016-10-04 18:00:00,MAITRI,-19.1,966.4,66.0,23.4,10.0,0.3366906474820144,REAL_AWS
2016-10-04 19:00:00,MAITRI,-19.4,966.1,68.0,25.4,7.0,0.36546762589928056,REAL_AWS
2016-10-04 20:00:00,MAITRI,-16.5,965.9,69.0,20.0,6.0,0.28776978417266186,REAL_AWS
2016-10-04 21:00:00,MAITRI,-16.9,965.7,70.0,15.3,315.0,0.22014388489208633,REAL_AWS
2016-10-04 22:00:00,MAITRI,-17.4,965.8,70.0,15.9,331.0,0.22877697841726619,REAL_AWS
2016-10-04 23:00:00,MAITRI,-16.8,965.8,71.0,13.0,132.0,0.18705035971223022,REAL_AWS
2016-10-05 00:00:00,MAITRI,-17.5,965.7,72.0,13.7,158.0,0.19712230215827337,REAL_AWS
2016-10-05 01:00:00,MAITRI,-18.0,965.6,76.0,10.0,251.0,0.14388489208633093,REAL_AWS
2016-10-05 02:00:00,MAITRI,-17.5,965.4,77.0,11.3,172.0,0.16258992805755396,REAL_AWS
2016-10-05 03:00:00,MAITRI,-18.2,965.0,77.0,21.8,344.0,0.31366906474820144,REAL_AWS
2016-10-05 04:00:00,MAITRI,-17.6,964.5,69.0,25.8,350.0,0.37122302158273385,REAL_AWS
2016-10-05 05:00:00,MAITRI,-17.6,964.4,69.0,22.4,347.0,0.32230215827338127,REAL_AWS
2016-10-05 06:00:00,MAITRI,-17.4,964.1,67.0,21.0,358.0,0.302158273381295,REAL_AWS
2016-10-05 07:00:00,MAITRI,-18.5,963.9,65.0,10.4,172.0,0.1496402877697842,REAL_AWS
2016-10-05 08:00:00,MAITRI,-15.3,963.4,68.0,8.2,251.0,0.11798561151079136,REAL_AWS
2016-10-05 09:00:00,MAITRI,-14.3,962.9,66.0,14.0,226.99999999999997,0.2014388489208633,REAL_AWS
2016-10-05 10:00:00,MAITRI,-15.3,962.7,66.0,15.4,160.0,0.22158273381294966,REAL_AWS
2016-10-05 11:00:00,MAITRI,-15.4,962.2,66.0,14.1,280.0,0.2028776978417266,REAL_AWS
2016-10-05 12:00:00,MAITRI,-15.6,961.5,68.0,12.3,240.0,0.17697841726618707,REAL_AWS
2016-10-05 13:00:00,MAITRI,-15.4,961.1,71.0,13.4,252.0,0.19280575539568345,REAL_AWS
2016-10-05 14:00:00,MAITRI,-15.9,960.8,71.0,11.3,283.0,0.16258992805755396,REAL_AWS
2016-10-05 15:00:00,MAITRI,-15.5,960.3,78.0,15.4,280.0,0.22158273381294966,REAL_AWS
2016-10-05 16:00:00,MAITRI,-12.3,960.0,77.0,18.3,272.0,0.2633093525179856,REAL_AWS
2016-10-05 17:00:00,MAITRI,-7.3,959.6,72.0,26.0,310.0,0.37410071942446044,REAL_AWS
2016-10-05 18:00:00,MAITRI,-6.9,959.5,72.0,24.3,289.0,0.3496402877697842,REAL_AWS
2016-10-05 19:00:00,MAITRI,-7.1,959.1,74.0,26.1,314.0,0.37553956834532376,REAL_AWS
2016-10-05 20:00:00,MAITRI,-7.2,958.4,76.0,24.4,311.99999999999994,0.35107913669064744,REAL_AWS
2016-10-05 21:00:00,MAITRI,-6.8,957.7,72.0,27.5,310.0,0.39568345323741005,REAL_AWS
2016-10-05 22:00:00,MAITRI,-6.5,956.7,65.0,28.2,310.0,0.4057553956834532,REAL_AWS
2016-10-05 23:00:00,MAITRI,-6.4,956.1,62.0,22.0,290.0,0.31654676258992803,REAL_AWS
2016-10-06 00:00:00,MAITRI,-6.5,955.3,62.0,20.4,283.0,0.2935251798561151,REAL_AWS
2016-10-06 01:00:00,MAITRI,-6.5,954.7,63.0,22.0,307.0,0.31654676258992803,REAL_AWS
2016-10-06 02:00:00,MAITRI,-6.6,954.0,65.0,22.6,287.0,0.3251798561151079,REAL_AWS
2016-10-06 03:00:00,MAITRI,-6.4,953.3,69.0,24.1,306.0,0.3467625899280576,REAL_AWS
2016-10-06 04:00:00,MAITRI,-6.1,952.5,68.0,24.3,308.0,0.3496402877697842,REAL_AWS
2016-10-06 05:00:00,MAITRI,-6.1,952.0,68.0,25.2,305.0,0.36258992805755397,REAL_AWS
2016-10-06 06:00:00,MAITRI,-6.1,951.6,68.0,26.7,311.0,0.3841726618705036,REAL_AWS
2016-10-06 07:00:00,MAITRI,-5.9,951.3,65.0,27.6,311.99999999999994,0.3971223021582734,REAL_AWS
2016-10-06 08:00:00,MAITRI,-5.7,951.1,67.0,26.5,310.0,0.381294964028777,REAL_AWS
2016-10-06 09:00:00,MAITRI,-4.9,950.6,64.0,24.3,303.0,0.3496402877697842,REAL_AWS
2016-10-06 10:00:00,MAITRI,-4.9,950.6,70.0,24.1,290.0,0.3467625899280576,REAL_AWS
2016-10-06 11:00:00,MAITRI,-5.3,950.9,76.0,22.8,294.0,0.32805755395683456,REAL_AWS
2016-10-06 12:00:00,MAITRI,-5.6,951.1,81.0,21.6,299.0,0.31079136690647485,REAL_AWS
2016-10-06 13:00:00,MAITRI,-5.4,951.3,80.0,22.2,284.0,0.3194244604316547,REAL_AWS
2016-10-06 14:00:00,MAITRI,-5.1,951.4,79.0,29.1,306.0,0.41870503597122305,REAL_AWS
2016-10-06 15:00:00,MAITRI,-5.5,952.0,83.0,26.3,296.0,0.37841726618705035,REAL_AWS
2016-10-06 16:00:00,MAITRI,-5.7,952.0,82.0,30.4,304.0,0.437410071942446,REAL_AWS
2016-10-06 17:00:00,MAITRI,-6.0,952.7,81.0,29.7,306.0,0.4273381294964029,REAL_AWS
2016-10-06 18:00:00,MAITRI,-6.2,952.9,75.0,33.4,313.0,0.4805755395683453,REAL_AWS
2016-10-06 19:00:00,MAITRI,-6.5,953.0,79.0,35.7,313.0,0.5136690647482015,REAL_AWS
2016-10-06 20:00:00,MAITRI,-6.6,952.7,81.0,37.6,314.0,0.5410071942446043,REAL_AWS
2016-10-06 21:00:00,MAITRI,-6.9,953.0,79.0,37.2,311.0,0.5352517985611511,REAL_AWS
2016-10-06 22:00:00,MAITRI,-7.5,953.1,85.0,40.6,311.0,0.5841726618705037,REAL_AWS
2016-10-06 23:00:00,MAITRI,-7.9,953.6,89.0,39.5,309.0,0.5683453237410072,REAL_AWS
2016-10-07 00:00:00,MAITRI,-8.5,954.2,90.0,36.0,305.0,0.5179856115107914,REAL_AWS
2016-10-07 01:00:00,MAITRI,-8.8,954.3,91.0,37.8,311.0,0.5438848920863308,REAL_AWS
2016-10-07 02:00:00,MAITRI,-9.0,954.6,91.0,39.8,306.0,0.5726618705035971,REAL_AWS
2016-10-07 03:00:00,MAITRI,-9.4,955.4,91.0,40.4,309.0,0.581294964028777,REAL_AWS
2016-10-07 04:00:00,MAITRI,-9.6,956.0,90.0,39.3,310.0,0.5654676258992806,REAL_AWS
2016-10-07 05:00:00,MAITRI,-9.8,956.8,90.0,40.9,311.0,0.5884892086330935,REAL_AWS
2016-10-07 06:00:00,MAITRI,-10.1,957.6,90.0,37.5,310.0,0.539568345323741,REAL_AWS
2016-10-07 07:00:00,MAITRI,-10.1,958.1,90.0,37.9,310.0,0.5453237410071943,REAL_AWS
2016-10-07 08:00:00,MAITRI,-9.9,958.4,90.0,37.8,309.0,0.5438848920863308,REAL_AWS
2016-10-07 09:00:00,MAITRI,-9.3,958.2,90.0,33.0,310.0,0.4748201438848921,REAL_AWS
2016-10-07 10:00:00,MAITRI,-8.8,958.4,90.0,32.8,307.0,0.47194244604316543,REAL_AWS
2016-10-07 11:00:00,MAITRI,-8.6,958.4,90.0,29.9,302.0,0.43021582733812946,REAL_AWS
2016-10-07 12:00:00,MAITRI,-8.6,957.9,90.0,38.6,304.0,0.5553956834532374,REAL_AWS
2016-10-07 13:00:00,MAITRI,-9.0,957.9,91.0,46.7,311.99999999999994,0.6719424460431656,REAL_AWS
2016-10-07 14:00:00,MAITRI,-9.3,957.9,91.0,41.6,303.0,0.5985611510791368,REAL_AWS
2016-10-07 15:00:00,MAITRI,-9.3,959.5,91.0,40.9,295.0,0.5884892086330935,REAL_AWS
2016-10-07 16:00:00,MAITRI,-9.3,960.7,91.0,37.9,295.0,0.5453237410071943,REAL_AWS
2016-10-07 17:00:00,MAITRI,-9.3,962.0,91.0,37.0,294.0,0.5323741007194245,REAL_AWS
2016-10-07 18:00:00,MAITRI,-9.4,963.1,91.0,36.9,296.0,0.5309352517985612,REAL_AWS
2016-10-07 19:00:00,MAITRI,-9.7,964.0,91.0,34.4,299.0,0.49496402877697837,REAL_AWS
2016-10-07 20:00:00,MAITRI,-10.1,965.8,90.0,38.1,294.0,0.5482014388489209,REAL_AWS
2016-10-07 21:00:00,MAITRI,-10.3,967.5,90.0,34.2,293.0,0.49208633093525184,REAL_AWS
2016-10-07 22:00:00,MAITRI,-11.0,967.7,89.0,33.3,298.0,0.479136690647482,REAL_AWS
2016-10-07 23:00:00,MAITRI,-11.3,968.3,89.0,34.1,300.0,0.4906474820143885,REAL_AWS
2016-10-08 00:00:00,MAITRI,-11.1,968.5,89.0,32.8,303.0,0.47194244604316543,REAL_AWS
2016-10-08 01:00:00,MAITRI,-10.8,968.7,89.0,37.5,307.0,0.539568345323741,REAL_AWS
2016-10-08 02:00:00,MAITRI,-10.6,969.1,89.0,35.1,305.0,0.5050359712230216,REAL_AWS
2016-10-08 03:00:00,MAITRI,-10.7,969.5,89.0,31.6,295.0,0.4546762589928058,REAL_AWS
2016-10-08 04:00:00,MAITRI,-10.6,969.8,89.0,27.8,296.0,0.4,REAL_AWS
2016-10-08 05:00:00,MAITRI,-10.5,969.7,89.0,28.4,302.0,0.40863309352517985,REAL_AWS
2016-10-08 06:00:00,MAITRI,-10.2,969.6,89.0,35.3,308.0,0.5079136690647481,REAL_AWS
2016-10-08 07:00:00,MAITRI,-10.0,969.5,89.0,35.1,304.0,0.5050359712230216,REAL_AWS
2016-10-08 08:00:00,MAITRI,-10.1,969.6,89.0,32.8,292.0,0.47194244604316543,REAL_AWS
2016-10-08 09:00:00,MAITRI,-9.5,969.1,88.0,32.4,299.0,0.4661870503597122,REAL_AWS
2016-10-08 10:00:00,MAITRI,-9.7,969.5,89.0,26.4,291.0,0.37985611510791367,REAL_AWS
2016-10-08 11:00:00,MAITRI,-8.8,968.8,88.0,26.9,283.0,0.3870503597122302,REAL_AWS
2016-10-08 12:00:00,MAITRI,-8.7,968.8,88.0,29.5,284.0,0.4244604316546763,REAL_AWS
2016-10-08 13:00:00,MAITRI,-8.0,968.2,88.0,23.0,284.0,0.33093525179856115,REAL_AWS
2016-10-08 14:00:00,MAITRI,-7.5,967.4,88.0,21.8,285.0,0.31366906474820144,REAL_AWS
2016-10-08 15:00:00,MAITRI,-7.7,967.0,85.0,21.7,323.0,0.3122302158273381,REAL_AWS
2016-10-08 16:00:00,MAITRI,-8.8,966.6,82.0,24.8,333.0,0.35683453237410073,REAL_AWS
2016-10-08 17:00:00,MAITRI,-8.6,966.7,78.0,23.2,311.99999999999994,0.33381294964028774,REAL_AWS
2016-10-08 18:00:00,MAITRI,-9.4,967.0,75.0,23.3,350.0,0.3352517985611511,REAL_AWS
2016-10-08 19:00:00,MAITRI,-10.0,966.6,72.0,28.1,349.0,0.40431654676258993,REAL_AWS
2016-10-08 20:00:00,MAITRI,-9.7,966.6,68.0,28.0,340.0,0.4028776978417266,REAL_AWS
2016-10-08 21:00:00,MAITRI,-10.3,966.1,66.0,29.0,356.0,0.4172661870503597,REAL_AWS
2016-10-08 22:00:00,MAITRI,-9.8,965.7,59.0,32.6,349.0,0.4690647482014389,REAL_AWS
2016-10-08 23:00:00,MAITRI,-11.2,965.9,56.0,30.0,351.0,0.4316546762589928,REAL_AWS
2016-10-09 00:00:00,MAITRI,-9.8,966.4,49.0,28.3,347.99999999999994,0.4071942446043166,REAL_AWS
2016-10-09 01:00:00,MAITRI,-11.1,965.9,48.0,30.1,359.0,0.4330935251798561,REAL_AWS
2016-10-09 02:00:00,MAITRI,-10.5,966.0,48.0,32.9,347.99999999999994,0.47338129496402875,REAL_AWS
2016-10-09 03:00:00,MAITRI,-10.2,966.0,47.0,30.5,349.0,0.43884892086330934,REAL_AWS
2016-10-09 04:00:00,MAITRI,-10.1,965.7,48.0,25.0,353.0,0.3597122302158273,REAL_AWS
2016-10-09 05:00:00,MAITRI,-10.2,965.7,46.0,28.3,352.0,0.4071942446043166,REAL_AWS
2016-10-09 06:00:00,MAITRI,-9.7,965.3,46.0,29.2,352.0,0.4201438848920863,REAL_AWS
2016-10-09 07:00:00,MAITRI,-8.5,965.3,43.0,25.8,345.0,0.37122302158273385,REAL_AWS
2016-10-09 08:00:00,MAITRI,-8.5,964.7,46.0,27.7,352.0,0.3985611510791367,REAL_AWS
2016-10-09 09:00:00,MAITRI,-7.1,964.6,47.0,30.1,336.0,0.4330935251798561,REAL_AWS
2016-10-09 10:00:00,MAITRI,-6.3,964.6,44.0,26.9,329.0,0.3870503597122302,REAL_AWS
2016-10-09 11:00:00,MAITRI,-5.4,964.2,41.0,25.6,316.0,0.3683453237410072,REAL_AWS
2016-10-09 12:00:00,MAITRI,-4.9,964.2,44.0,23.6,297.0,0.339568345323741,REAL_AWS
2016-10-09 13:00:00,MAITRI,-4.6,963.6,51.0,20.7,346.0,0.297841726618705,REAL_AWS
2016-10-09 14:00:00,MAITRI,-4.6,963.2,50.0,24.1,334.0,0.3467625899280576,REAL_AWS
2016-10-09 15:00:00,MAITRI,-4.6,962.9,49.0,26.4,304.0,0.37985611510791367,REAL_AWS
2016-10-09 16:00:00,MAITRI,-5.0,963.0,52.0,27.5,283.0,0.39568345323741005,REAL_AWS
2016-10-09 17:00:00,MAITRI,-5.3,962.8,54.0,30.4,288.0,0.437410071942446,REAL_AWS
2016-10-09 18:00:00,MAITRI,-5.6,962.9,55.0,27.7,290.0,0.3985611510791367,REAL_AWS
2016-10-09 19:00:00,MAITRI,-5.7,963.0,57.0,26.2,291.0,0.376978417266187,REAL_AWS
2016-10-09 20:00:00,MAITRI,-5.6,963.0,52.0,28.8,280.0,0.4143884892086331,REAL_AWS
2016-10-09 21:00:00,MAITRI,-5.8,962.7,53.0,31.7,290.0,0.45611510791366905,REAL_AWS
2016-10-09 22:00:00,MAITRI,-5.9,962.7,49.0,28.7,289.0,0.41294964028776976,REAL_AWS
2016-10-09 23:00:00,MAITRI,-6.1,962.6,51.0,24.8,292.0,0.35683453237410073,REAL_AWS
2016-10-10 00:00:00,MAITRI,-6.5,962.5,47.0,23.3,293.0,0.3352517985611511,REAL_AWS
2016-10-10 01:00:00,MAITRI,-6.8,962.2,43.0,26.4,279.0,0.37985611510791367,REAL_AWS
2016-10-10 02:00:00,MAITRI,-6.8,961.5,42.0,26.1,287.0,0.37553956834532376,REAL_AWS
2016-10-10 03:00:00,MAITRI,-8.2,960.7,49.0,26.5,292.0,0.381294964028777,REAL_AWS
2016-10-10 04:00:00,MAITRI,-7.7,960.7,53.0,21.4,290.0,0.3079136690647482,REAL_AWS
2016-10-10 05:00:00,MAITRI,-7.6,960.3,53.0,21.6,291.0,0.31079136690647485,REAL_AWS
2016-10-10 06:00:00,MAITRI,-7.3,960.4,54.0,22.6,296.0,0.3251798561151079,REAL_AWS
2016-10-10 07:00:00,MAITRI,-6.1,960.0,39.0,30.8,274.0,0.4431654676258993,REAL_AWS
2016-10-10 08:00:00,MAITRI,-5.8,959.8,38.0,31.9,274.0,0.45899280575539564,REAL_AWS
2016-10-10 09:00:00,MAITRI,-6.3,960.0,53.0,20.6,296.0,0.29640287769784174,REAL_AWS
2016-10-10 10:00:00,MAITRI,-5.4,959.7,46.0,21.3,270.0,0.3064748201438849,REAL_AWS
2016-10-10 11:00:00,MAITRI,-5.5,959.5,52.0,22.3,248.99999999999997,0.320863309352518,REAL_AWS
2016-10-10 12:00:00,MAITRI,-4.8,959.3,47.0,26.3,242.0,0.37841726618705035,REAL_AWS
2016-10-10 13:00:00,MAITRI,-5.4,959.2,49.0,19.9,258.0,0.28633093525179854,REAL_AWS
2016-10-10 14:00:00,MAITRI,-5.7,959.1,49.0,18.5,257.0,0.26618705035971224,REAL_AWS
2016-10-10 15:00:00,MAITRI,-6.6,959.2,50.0,15.8,337.0,0.2273381294964029,REAL_AWS
2016-10-10 16:00:00,MAITRI,-6.8,958.8,54.0,14.8,38.0,0.2129496402877698,REAL_AWS
2016-10-10 17:00:00,MAITRI,-7.1,958.7,54.0,15.3,41.0,0.22014388489208633,REAL_AWS
2016-10-10 18:00:00,MAITRI,-7.1,958.6,50.0,17.9,307.0,0.25755395683453236,REAL_AWS
2016-10-10 19:00:00,MAITRI,-6.4,958.4,40.0,28.4,308.0,0.40863309352517985,REAL_AWS
2016-10-10 20:00:00,MAITRI,-5.8,958.4,36.0,28.5,309.0,0.41007194244604317,REAL_AWS
2016-10-10 21:00:00,MAITRI,-6.0,958.6,37.0,29.1,311.99999999999994,0.41870503597122305,REAL_AWS
2016-10-10 22:00:00,MAITRI,-6.8,958.7,35.0,30.3,338.99999999999994,0.43597122302158275,REAL_AWS
2016-10-10 23:00:00,MAITRI,-7.3,958.6,33.0,32.9,337.0,0.47338129496402875,REAL_AWS
2016-10-11 00:00:00,MAITRI,-7.8,958.8,32.0,32.3,338.0,0.4647482014388489,REAL_AWS
2016-10-11 01:00:00,MAITRI,-7.1,959.0,31.0,27.4,338.99999999999994,0.39424460431654673,REAL_AWS
2016-10-11 02:00:00,MAITRI,-8.3,959.0,33.0,26.6,349.0,0.3827338129496403,REAL_AWS
2016-10-11 03:00:00,MAITRI,-8.6,959.4,33.0,22.8,347.0,0.32805755395683456,REAL_AWS
2016-10-11 04:00:00,MAITRI,-10.6,959.3,34.0,29.6,358.0,0.4258992805755396,REAL_AWS
2016-10-11 05:00:00,MAITRI,-9.9,959.9,35.0,25.4,358.0,0.36546762589928056,REAL_AWS
2016-10-11 06:00:00,MAITRI,-10.4,959.9,40.0,22.2,8.0,0.3194244604316547,REAL_AWS
2016-10-11 07:00:00,MAITRI,-9.7,960.4,41.0,16.9,84.0,0.24316546762589927,REAL_AWS
2016-10-11 08:00:00,MAITRI,-8.4,960.4,43.0,16.0,186.99999999999997,0.2302158273381295,REAL_AWS
2016-10-11 09:00:00,MAITRI,-9.5,960.9,44.0,16.0,245.00000000000003,0.2302158273381295,REAL_AWS
2016-10-11 10:00:00,MAITRI,-8.5,960.9,45.0,22.8,78.0,0.32805755395683456,REAL_AWS
2016-10-11 11:00:00,MAITRI,-8.0,961.4,37.0,19.4,202.0,0.279136690647482,REAL_AWS
2016-10-11 12:00:00,MAITRI,-7.8,961.2,39.0,16.9,169.0,0.24316546762589927,REAL_AWS
2016-10-11 13:00:00,MAITRI,-8.0,961.4,40.0,18.5,179.0,0.26618705035971224,REAL_AWS
2016-10-11 14:00:00,MAITRI,-7.6,960.9,39.0,16.2,73.0,0.2330935251798561,REAL_AWS
2016-10-11 15:00:00,MAITRI,-8.6,960.4,38.0,15.6,152.0,0.22446043165467625,REAL_AWS
2016-10-11 16:00:00,MAITRI,-9.9,959.9,46.0,18.6,0.0,0.26762589928057556,REAL_AWS
2016-10-11 17:00:00,MAITRI,-9.7,959.7,45.0,13.9,139.0,0.2,REAL_AWS
2016-10-11 18:00:00,MAITRI,-11.5,959.3,54.0,18.5,10.0,0.26618705035971224,REAL_AWS
2016-10-11 19:00:00,MAITRI,-12.7,959.0,54.0,22.5,13.0,0.3237410071942446,REAL_AWS
2016-10-11 20:00:00,MAITRI,-13.9,958.6,53.0,24.6,7.0,0.35395683453237414,REAL_AWS
2016-10-11 21:00:00,MAITRI,-13.8,957.8,49.0,23.3,3.0,0.3352517985611511,REAL_AWS
2016-10-11 22:00:00,MAITRI,-13.1,956.9,43.0,27.2,356.99999999999994,0.39136690647482014,REAL_AWS
2016-10-11 23:00:00,MAITRI,-13.6,956.1,40.0,25.9,359.0,0.3726618705035971,REAL_AWS
2016-10-12 00:00:00,MAITRI,-14.3,955.1,44.0,20.8,7.0,0.2992805755395684,REAL_AWS
2016-10-12 01:00:00,MAITRI,-14.3,954.5,38.0,25.6,356.99999999999994,0.3683453237410072,REAL_AWS
2016-10-12 02:00:00,MAITRI,-14.8,953.2,38.0,32.0,0.0,0.460431654676259,REAL_AWS
2016-10-12 03:00:00,MAITRI,-13.8,951.7,38.0,27.9,346.0,0.4014388489208633,REAL_AWS
2016-10-12 04:00:00,MAITRI,-13.7,950.4,36.0,29.7,346.0,0.4273381294964029,REAL_AWS
2016-10-12 05:00:00,MAITRI,-13.4,949.5,36.0,26.4,347.99999999999994,0.37985611510791367,REAL_AWS
2016-10-12 06:00:00,MAITRI,-12.8,948.4,34.0,30.8,352.0,0.4431654676258993,REAL_AWS
2016-10-12 07:00:00,MAITRI,-11.9,947.1,34.0,31.5,353.0,0.45323741007194246,REAL_AWS
2016-10-12 08:00:00,MAITRI,-11.9,946.1,38.0,29.4,0.0,0.4230215827338129,REAL_AWS
2016-10-12 09:00:00,MAITRI,-10.0,945.0,35.0,24.5,355.0,0.35251798561151076,REAL_AWS
2016-10-12 10:00:00,MAITRI,-9.5,944.1,38.0,17.6,315.0,0.25323741007194245,REAL_AWS
2016-10-12 11:00:00,MAITRI,-6.7,943.4,33.0,17.7,163.0,0.25467625899280577,REAL_AWS
2016-10-12 12:00:00,MAITRI,-7.8,942.1,36.0,23.8,343.0,0.3424460431654676,REAL_AWS
2016-10-12 13:00:00,MAITRI,-7.7,941.3,39.0,19.3,320.0,0.2776978417266187,REAL_AWS
2016-10-12 14:00:00,MAITRI,-6.6,941.5,35.0,14.4,302.0,0.20719424460431654,REAL_AWS
2016-10-12 15:00:00,MAITRI,-7.4,941.8,43.0,22.5,291.0,0.3237410071942446,REAL_AWS
2016-10-12 16:00:00,MAITRI,-8.3,941.9,44.0,21.6,252.99999999999997,0.31079136690647485,REAL_AWS
2016-10-12 17:00:00,MAITRI,-8.8,942.8,48.0,18.3,242.0,0.2633093525179856,REAL_AWS
2016-10-12 18:00:00,MAITRI,-10.0,943.3,55.0,17.2,163.0,0.24748201438848919,REAL_AWS
2016-10-12 19:00:00,MAITRI,-9.7,943.6,55.0,17.9,99.0,0.25755395683453236,REAL_AWS
2016-10-12 20:00:00,MAITRI,-5.7,944.4,50.0,29.9,292.0,0.43021582733812946,REAL_AWS
2016-10-12 21:00:00,MAITRI,-5.4,945.1,52.0,29.0,309.0,0.4172661870503597,REAL_AWS
2016-10-12 22:00:00,MAITRI,-5.2,946.1,50.0,32.7,305.0,0.4705035971223022,REAL_AWS
2016-10-12 23:00:00,MAITRI,-5.8,947.7,51.0,32.3,307.0,0.4647482014388489,REAL_AWS
2016-10-13 00:00:00,MAITRI,-5.9,949.2,52.0,29.0,293.0,0.4172661870503597,REAL_AWS
2016-10-13 01:00:00,MAITRI,-6.8,950.1,52.0,28.7,292.0,0.41294964028776976,REAL_AWS
2016-10-13 02:00:00,MAITRI,-6.3,951.0,46.0,28.9,301.0,0.4158273381294964,REAL_AWS
2016-10-13 03:00:00,MAITRI,-6.6,952.3,42.0,28.1,300.0,0.40431654676258993,REAL_AWS
2016-10-13 04:00:00,MAITRI,-6.6,953.6,41.0,34.7,321.0,0.4992805755395684,REAL_AWS
2016-10-13 05:00:00,MAITRI,-6.4,954.0,40.0,35.3,318.0,0.5079136690647481,REAL_AWS
2016-10-13 06:00:00,MAITRI,-7.9,955.5,42.0,35.8,332.0,0.5151079136690647,REAL_AWS
2016-10-13 07:00:00,MAITRI,-7.8,956.5,39.0,39.2,345.0,0.5640287769784174,REAL_AWS
2016-10-13 08:00:00,MAITRI,-7.3,957.8,41.0,40.0,337.0,0.5755395683453237,REAL_AWS
2016-10-13 09:00:00,MAITRI,-7.0,958.9,41.0,37.8,340.0,0.5438848920863308,REAL_AWS
2016-10-13 10:00:00,MAITRI,-6.6,960.0,39.0,38.6,342.0,0.5553956834532374,REAL_AWS
2016-10-13 11:00:00,MAITRI,-6.3,961.1,36.0,39.8,341.0,0.5726618705035971,REAL_AWS
2016-10-13 12:00:00,MAITRI,-5.9,962.1,36.0,33.5,338.99999999999994,0.48201438848920863,REAL_AWS
2016-10-13 13:00:00,MAITRI,-5.9,963.2,33.0,32.0,341.0,0.460431654676259,REAL_AWS
2016-10-13 14:00:00,MAITRI,-6.0,964.1,35.0,29.4,346.0,0.4230215827338129,REAL_AWS
2016-10-13 15:00:00,MAITRI,-7.2,965.6,37.0,28.1,342.0,0.40431654676258993,REAL_AWS
2016-10-13 16:00:00,MAITRI,-8.1,966.0,37.0,33.2,338.99999999999994,0.4776978417266187,REAL_AWS
2016-10-13 17:00:00,MAITRI,-8.9,966.5,37.0,36.1,344.0,0.5194244604316547,REAL_AWS
2016-10-13 18:00:00,MAITRI,-9.6,967.5,38.0,33.2,347.0,0.4776978417266187,REAL_AWS
2016-10-13 19:00:00,MAITRI,-10.2,968.4,34.0,34.9,350.0,0.5021582733812949,REAL_AWS
2016-10-13 20:00:00,MAITRI,-10.3,968.7,32.0,31.2,352.0,0.4489208633093525,REAL_AWS
2016-10-13 21:00:00,MAITRI,-11.0,969.2,33.0,29.9,351.0,0.43021582733812946,REAL_AWS
2016-10-13 22:00:00,MAITRI,-11.4,969.5,31.0,27.2,350.0,0.39136690647482014,REAL_AWS
2016-10-13 23:00:00,MAITRI,-11.7,969.9,33.0,29.8,352.0,0.4287769784172662,REAL_AWS
2016-10-14 00:00:00,MAITRI,-12.5,970.1,34.0,30.5,352.0,0.43884892086330934,REAL_AWS
2016-10-14 01:00:00,MAITRI,-12.7,970.1,32.0,31.9,351.0,0.45899280575539564,REAL_AWS
2016-10-14 02:00:00,MAITRI,-12.9,970.3,32.0,27.0,352.0,0.38848920863309355,REAL_AWS
2016-10-14 03:00:00,MAITRI,-13.8,970.6,32.0,29.4,350.0,0.4230215827338129,REAL_AWS
2016-10-14 04:00:00,MAITRI,-13.6,971.0,31.0,28.8,351.0,0.4143884892086331,REAL_AWS
2016-10-14 05:00:00,MAITRI,-14.3,971.2,36.0,29.2,354.0,0.4201438848920863,REAL_AWS
2016-10-14 06:00:00,MAITRI,-12.7,971.5,37.0,29.4,351.0,0.4230215827338129,REAL_AWS
2016-10-14 07:00:00,MAITRI,-11.8,971.5,36.0,34.9,347.0,0.5021582733812949,REAL_AWS
2016-10-14 08:00:00,MAITRI,-11.1,972.0,37.0,34.0,346.0,0.4892086330935252,REAL_AWS
2016-10-14 09:00:00,MAITRI,-10.3,971.9,37.0,32.6,343.0,0.4690647482014389,REAL_AWS
2016-10-14 10:00:00,MAITRI,-9.3,971.9,39.0,26.8,338.99999999999994,0.3856115107913669,REAL_AWS
2016-10-14 11:00:00,MAITRI,-9.0,971.7,34.0,25.8,346.0,0.37122302158273385,REAL_AWS
2016-10-14 12:00:00,MAITRI,-8.0,971.7,34.0,17.6,353.0,0.25323741007194245,REAL_AWS
2016-10-14 13:00:00,MAITRI,-8.3,971.5,34.0,15.1,323.0,0.21726618705035972,REAL_AWS
2016-10-14 14:00:00,MAITRI,-7.2,971.5,44.0,19.3,179.0,0.2776978417266187,REAL_AWS
2016-10-14 15:00:00,MAITRI,-7.8,970.9,39.0,19.7,119.0,0.28345323741007195,REAL_AWS
2016-10-14 16:00:00,MAITRI,-8.6,970.6,40.0,18.5,20.0,0.26618705035971224,REAL_AWS
2016-10-14 17:00:00,MAITRI,-9.2,970.6,55.0,18.0,305.0,0.2589928057553957,REAL_AWS
2016-10-14 18:00:00,MAITRI,-10.9,970.7,53.0,21.2,292.0,0.30503597122302156,REAL_AWS
2016-10-14 19:00:00,MAITRI,-11.2,971.0,43.0,22.0,287.0,0.31654676258992803,REAL_AWS
2016-10-14 20:00:00,MAITRI,-12.3,971.2,47.0,14.4,256.0,0.20719424460431654,REAL_AWS
2016-10-14 21:00:00,MAITRI,-11.6,970.7,37.0,23.2,304.0,0.33381294964028774,REAL_AWS
2016-10-14 22:00:00,MAITRI,-12.2,970.8,40.0,23.6,291.0,0.339568345323741,REAL_AWS
2016-10-14 23:00:00,MAITRI,-12.4,970.8,39.0,29.3,304.0,0.42158273381294964,REAL_AWS
2016-10-15 00:00:00,MAITRI,-13.3,971.0,43.0,29.1,298.0,0.41870503597122305,REAL_AWS
2016-10-15 01:00:00,MAITRI,-13.9,972.1,49.0,28.6,311.0,0.4115107913669065,REAL_AWS
2016-10-15 02:00:00,MAITRI,-13.6,971.6,44.0,28.2,320.0,0.4057553956834532,REAL_AWS
2016-10-15 03:00:00,MAITRI,-13.2,970.9,40.0,25.0,328.0,0.3597122302158273,REAL_AWS
2016-10-15 04:00:00,MAITRI,-14.4,971.1,46.0,17.0,248.99999999999997,0.2446043165467626,REAL_AWS
2016-10-15 05:00:00,MAITRI,-15.4,971.4,40.0,21.2,305.0,0.30503597122302156,REAL_AWS
2016-10-15 06:00:00,MAITRI,-15.0,971.3,47.0,19.5,320.0,0.2805755395683453,REAL_AWS
2016-10-15 07:00:00,MAITRI,-14.6,970.9,41.0,21.4,301.0,0.3079136690647482,REAL_AWS
2016-10-15 08:00:00,MAITRI,-14.2,970.6,42.0,21.6,283.0,0.31079136690647485,REAL_AWS
2016-10-15 09:00:00,MAITRI,-13.5,970.0,42.0,20.0,260.0,0.28776978417266186,REAL_AWS
2016-10-15 10:00:00,MAITRI,-12.7,969.0,44.0,34.2,271.0,0.49208633093525184,REAL_AWS
2016-10-15 11:00:00,MAITRI,-14.4,969.3,45.0,33.2,270.0,0.4776978417266187,REAL_AWS
2016-10-15 12:00:00,MAITRI,-13.7,968.9,42.0,26.3,291.0,0.37841726618705035,REAL_AWS
2016-10-15 13:00:00,MAITRI,-12.2,967.4,37.0,24.1,301.0,0.3467625899280576,REAL_AWS
2016-10-15 14:00:00,MAITRI,-11.7,966.9,37.0,24.4,298.0,0.35107913669064744,REAL_AWS
2016-10-15 15:00:00,MAITRI,-12.3,966.5,36.0,29.7,273.0,0.4273381294964029,REAL_AWS
2016-10-15 16:00:00,MAITRI,-12.2,965.3,43.0,26.3,286.0,0.37841726618705035,REAL_AWS
2016-10-15 17:00:00,MAITRI,-12.4,964.9,43.0,28.4,282.0,0.40863309352517985,REAL_AWS
2016-10-15 18:00:00,MAITRI,-13.0,964.5,43.0,28.0,289.0,0.4028776978417266,REAL_AWS
2016-10-15 19:00:00,MAITRI,-13.8,964.5,44.0,26.8,283.0,0.3856115107913669,REAL_AWS
2016-10-15 20:00:00,MAITRI,-13.9,964.9,40.0,31.0,289.0,0.4460431654676259,REAL_AWS
2016-10-15 21:00:00,MAITRI,-14.4,965.3,41.0,28.0,284.0,0.4028776978417266,REAL_AWS
2016-10-15 22:00:00,MAITRI,-14.5,964.8,40.0,30.2,292.0,0.43453237410071943,REAL_AWS
2016-10-15 23:00:00,MAITRI,-14.6,964.6,38.0,32.2,293.0,0.46330935251798566,REAL_AWS
2016-10-16 00:00:00,MAITRI,-14.5,964.1,36.0,33.0,291.0,0.4748201438848921,REAL_AWS
2016-10-16 01:00:00,MAITRI,-14.8,964.2,35.0,32.9,291.0,0.47338129496402875,REAL_AWS
2016-10-16 02:00:00,MAITRI,-15.0,964.1,36.0,32.5,296.0,0.4676258992805755,REAL_AWS
2016-10-16 03:00:00,MAITRI,-15.0,964.1,36.0,34.7,293.0,0.4992805755395684,REAL_AWS
2016-10-16 04:00:00,MAITRI,-15.1,964.3,36.0,31.9,296.0,0.45899280575539564,REAL_AWS
2016-10-16 05:00:00,MAITRI,-14.8,964.3,36.0,34.7,297.0,0.4992805755395684,REAL_AWS
2016-10-16 06:00:00,MAITRI,-14.3,964.7,34.0,32.9,287.0,0.47338129496402875,REAL_AWS
2016-10-16 07:00:00,MAITRI,-13.8,964.7,34.0,34.1,279.0,0.4906474820143885,REAL_AWS
2016-10-16 08:00:00,MAITRI,-13.2,964.5,33.0,36.0,279.0,0.5179856115107914,REAL_AWS
2016-10-16 09:00:00,MAITRI,-12.8,964.5,34.0,36.2,283.0,0.520863309352518,REAL_AWS
2016-10-16 10:00:00,MAITRI,-12.1,964.4,33.0,37.0,280.0,0.5323741007194245,REAL_AWS
2016-10-16 11:00:00,MAITRI,-11.4,964.0,33.0,36.7,284.0,0.5280575539568346,REAL_AWS
2016-10-16 12:00:00,MAITRI,-11.3,963.6,36.0,32.9,301.0,0.47338129496402875,REAL_AWS
2016-10-16 13:00:00,MAITRI,-11.2,963.6,38.0,33.8,299.0,0.48633093525179855,REAL_AWS
2016-10-16 14:00:00,MAITRI,-11.2,963.5,35.0,36.3,299.0,0.5223021582733812,REAL_AWS
2016-10-16 15:00:00,MAITRI,-11.6,964.1,38.0,39.6,294.0,0.5697841726618705,REAL_AWS
2016-10-16 16:00:00,MAITRI,-12.0,964.2,40.0,32.7,302.0,0.4705035971223022,REAL_AWS
2016-10-16 17:00:00,MAITRI,-12.3,964.1,42.0,35.3,302.0,0.5079136690647481,REAL_AWS
2016-10-16 18:00:00,MAITRI,-12.3,963.6,40.0,39.2,303.0,0.5640287769784174,REAL_AWS
2016-10-16 19:00:00,MAITRI,-12.5,963.9,42.0,39.2,300.0,0.5640287769784174,REAL_AWS
2016-10-16 20:00:00,MAITRI,-12.7,964.4,42.0,40.2,302.0,0.5784172661870504,REAL_AWS
2016-10-16 21:00:00,MAITRI,-12.5,963.8,43.0,43.7,310.0,0.6287769784172662,REAL_AWS
2016-10-16 22:00:00,MAITRI,-12.2,963.4,41.0,46.1,311.0,0.6633093525179856,REAL_AWS
2016-10-16 23:00:00,MAITRI,-12.2,963.1,39.0,42.6,308.0,0.6129496402877698,REAL_AWS
2016-10-17 00:00:00,MAITRI,-12.5,962.5,39.0,47.3,310.0,0.6805755395683453,REAL_AWS
2016-10-17 01:00:00,MAITRI,-12.6,961.7,38.0,40.3,299.0,0.5798561151079137,REAL_AWS
2016-10-17 02:00:00,MAITRI,-12.6,961.3,35.0,44.8,302.0,0.6446043165467625,REAL_AWS
2016-10-17 03:00:00,MAITRI,-12.5,960.8,33.0,45.5,306.0,0.6546762589928058,REAL_AWS
2016-10-17 04:00:00,MAITRI,-12.9,959.5,30.0,43.3,303.0,0.6230215827338129,REAL_AWS
2016-10-17 05:00:00,MAITRI,-12.1,958.9,31.0,46.4,311.99999999999994,0.6676258992805755,REAL_AWS
2016-10-17 06:00:00,MAITRI,-12.2,957.6,29.0,50.1,313.0,0.720863309352518,REAL_AWS
2016-10-17 07:00:00,MAITRI,-11.4,957.7,32.0,45.5,309.0,0.6546762589928058,REAL_AWS
2016-10-17 08:00:00,MAITRI,-11.0,956.8,33.0,44.4,309.0,0.6388489208633094,REAL_AWS
2016-10-17 09:00:00,MAITRI,-10.3,955.1,35.0,44.4,303.0,0.6388489208633094,REAL_AWS
2016-10-17 10:00:00,MAITRI,-10.0,953.0,36.0,49.9,311.99999999999994,0.7179856115107913,REAL_AWS
2016-10-17 11:00:00,MAITRI,-9.4,951.5,34.0,52.5,311.99999999999994,0.7553956834532374,REAL_AWS
2016-10-17 12:00:00,MAITRI,-8.9,950.2,35.0,45.9,308.0,0.660431654676259,REAL_AWS
2016-10-17 13:00:00,MAITRI,-8.1,949.5,36.0,51.5,315.0,0.7410071942446043,REAL_AWS
2016-10-17 14:00:00,MAITRI,-7.5,948.1,36.0,50.0,313.0,0.7194244604316546,REAL_AWS
2016-10-17 15:00:00,MAITRI,-7.1,946.8,35.0,53.9,315.0,0.7755395683453237,REAL_AWS
2016-10-17 16:00:00,MAITRI,-6.9,946.1,35.0,51.2,316.0,0.7366906474820144,REAL_AWS
2016-10-17 17:00:00,MAITRI,-6.8,945.2,34.0,52.0,317.0,0.7482014388489209,REAL_AWS
2016-10-17 18:00:00,MAITRI,-6.5,944.7,35.0,49.1,313.0,0.706474820143885,REAL_AWS
2016-10-17 19:00:00,MAITRI,-6.1,943.8,35.0,49.5,321.0,0.7122302158273381,REAL_AWS
2016-10-17 20:00:00,MAITRI,-6.3,943.1,37.0,46.6,322.0,0.6705035971223022,REAL_AWS
2016-10-17 21:00:00,MAITRI,-6.2,942.6,37.0,40.1,332.0,0.576978417266187,REAL_AWS
2016-10-17 22:00:00,MAITRI,-5.6,942.3,36.0,46.3,334.0,0.6661870503597122,REAL_AWS
2016-10-17 23:00:00,MAITRI,-5.7,942.5,37.0,42.9,324.0,0.6172661870503597,REAL_AWS
2016-10-18 00:00:00,MAITRI,-5.4,942.1,37.0,42.4,316.0,0.6100719424460431,REAL_AWS
2016-10-18 01:00:00,MAITRI,-5.1,941.8,34.0,40.4,311.99999999999994,0.581294964028777,REAL_AWS
2016-10-18 02:00:00,MAITRI,-5.3,941.9,36.0,32.3,310.0,0.4647482014388489,REAL_AWS
2016-10-18 03:00:00,MAITRI,-5.3,941.5,34.0,36.9,315.0,0.5309352517985612,REAL_AWS
2016-10-18 04:00:00,MAITRI,-5.2,941.0,35.0,36.3,315.0,0.5223021582733812,REAL_AWS
2016-10-18 05:00:00,MAITRI,-5.8,941.6,36.0,29.8,314.0,0.4287769784172662,REAL_AWS
2016-10-18 06:00:00,MAITRI,-5.0,941.4,34.0,29.7,306.0,0.4273381294964029,REAL_AWS
2016-10-18 07:00:00,MAITRI,-5.5,941.4,36.0,27.9,341.0,0.4014388489208633,REAL_AWS
2016-10-18 08:00:00,MAITRI,-4.7,941.7,32.0,31.4,311.99999999999994,0.45179856115107914,REAL_AWS
2016-10-18 09:00:00,MAITRI,-4.5,941.3,33.0,32.6,329.0,0.4690647482014389,REAL_AWS
2016-10-18 10:00:00,MAITRI,-4.3,941.2,34.0,27.5,343.0,0.39568345323741005,REAL_AWS
2016-10-18 11:00:00,MAITRI,-4.1,940.9,37.0,27.3,346.0,0.39280575539568346,REAL_AWS
2016-10-18 12:00:00,MAITRI,-4.0,940.2,40.0,36.7,321.0,0.5280575539568346,REAL_AWS
2016-10-18 13:00:00,MAITRI,-3.3,939.6,38.0,41.5,324.0,0.5971223021582733,REAL_AWS
2016-10-18 14:00:00,MAITRI,-2.9,939.9,38.0,40.9,320.0,0.5884892086330935,REAL_AWS
2016-10-18 15:00:00,MAITRI,-2.9,939.8,39.0,39.7,320.0,0.5712230215827339,REAL_AWS
2016-10-18 16:00:00,MAITRI,-2.6,940.2,38.0,37.6,315.0,0.5410071942446043,REAL_AWS
2016-10-18 17:00:00,MAITRI,-2.9,940.7,41.0,34.8,319.0,0.5007194244604316,REAL_AWS
2016-10-18 18:00:00,MAITRI,-3.4,940.5,42.0,34.6,321.0,0.49784172661870507,REAL_AWS
2016-10-18 19:00:00,MAITRI,-2.9,940.0,42.0,38.0,317.0,0.5467625899280576,REAL_AWS
2016-10-18 20:00:00,MAITRI,-3.0,941.1,52.0,39.8,311.99999999999994,0.5726618705035971,REAL_AWS
2016-10-18 21:00:00,MAITRI,-3.3,942.6,58.0,35.9,310.0,0.516546762589928,REAL_AWS
2016-10-18 22:00:00,MAITRI,-3.7,943.7,61.0,36.6,314.0,0.5266187050359712,REAL_AWS
2016-10-18 23:00:00,MAITRI,-4.2,945.1,60.0,32.7,307.0,0.4705035971223022,REAL_AWS
2016-10-19 00:00:00,MAITRI,-4.7,945.6,57.0,41.7,311.0,0.6000000000000001,REAL_AWS
2016-10-19 01:00:00,MAITRI,-5.1,947.2,64.0,36.6,309.0,0.5266187050359712,REAL_AWS
2016-10-19 02:00:00,MAITRI,-5.5,948.3,65.0,38.4,309.0,0.5525179856115108,REAL_AWS
2016-10-19 03:00:00,MAITRI,-5.5,949.4,60.0,41.8,311.0,0.6014388489208633,REAL_AWS
2016-10-19 04:00:00,MAITRI,-5.4,950.7,56.0,39.0,310.0,0.5611510791366906,REAL_AWS
2016-10-19 05:00:00,MAITRI,-4.7,951.8,51.0,39.9,310.0,0.5741007194244604,REAL_AWS
2016-10-19 06:00:00,MAITRI,-4.0,952.5,49.0,35.8,311.0,0.5151079136690647,REAL_AWS
2016-10-19 07:00:00,MAITRI,-3.5,953.4,47.0,36.3,304.0,0.5223021582733812,REAL_AWS
2016-10-19 08:00:00,MAITRI,-4.1,954.3,50.0,35.7,301.0,0.5136690647482015,REAL_AWS
2016-10-19 09:00:00,MAITRI,-4.2,955.1,55.0,36.0,294.0,0.5179856115107914,REAL_AWS
2016-10-19 10:00:00,MAITRI,-4.3,956.3,57.0,30.7,291.0,0.44172661870503593,REAL_AWS
2016-10-19 11:00:00,MAITRI,-4.2,956.8,55.0,33.4,295.0,0.4805755395683453,REAL_AWS
2016-10-19 12:00:00,MAITRI,-4.0,957.3,55.0,32.6,294.0,0.4690647482014389,REAL_AWS
2016-10-19 13:00:00,MAITRI,-4.1,957.7,58.0,33.7,292.0,0.4848920863309353,REAL_AWS
2016-10-19 14:00:00,MAITRI,-4.7,958.5,59.0,38.9,289.0,0.5597122302158273,REAL_AWS
2016-10-19 15:00:00,MAITRI,-5.0,959.2,59.0,32.5,294.0,0.4676258992805755,REAL_AWS
2016-10-19 16:00:00,MAITRI,-5.1,959.3,57.0,31.0,293.0,0.4460431654676259,REAL_AWS
2016-10-19 17:00:00,MAITRI,-5.2,959.4,59.0,29.7,300.0,0.4273381294964029,REAL_AWS
2016-10-19 18:00:00,MAITRI,-5.5,959.6,62.0,31.2,299.0,0.4489208633093525,REAL_AWS
2016-10-19 19:00:00,MAITRI,-5.7,959.9,63.0,31.4,299.0,0.45179856115107914,REAL_AWS
2016-10-19 20:00:00,MAITRI,-6.1,960.0,67.0,34.3,303.0,0.49352517985611505,REAL_AWS
2016-10-19 21:00:00,MAITRI,-6.4,960.7,63.0,34.4,303.0,0.49496402877697837,REAL_AWS
2016-10-19 22:00:00,MAITRI,-6.3,961.0,61.0,35.3,304.0,0.5079136690647481,REAL_AWS
2016-10-19 23:00:00,MAITRI,-6.5,961.4,63.0,29.9,300.0,0.43021582733812946,REAL_AWS
2016-10-20 00:00:00,MAITRI,-6.5,961.5,62.0,31.9,302.0,0.45899280575539564,REAL_AWS
2016-10-20 01:00:00,MAITRI,-6.7,961.6,65.0,33.4,309.0,0.4805755395683453,REAL_AWS
2016-10-20 02:00:00,MAITRI,-6.9,961.3,68.0,29.7,303.0,0.4273381294964029,REAL_AWS
2016-10-20 03:00:00,MAITRI,-7.2,961.6,73.0,32.1,303.0,0.46187050359712234,REAL_AWS
2016-10-20 04:00:00,MAITRI,-7.2,961.7,74.0,31.2,304.0,0.4489208633093525,REAL_AWS
2016-10-20 05:00:00,MAITRI,-7.2,962.2,74.0,30.5,296.0,0.43884892086330934,REAL_AWS
2016-10-20 06:00:00,MAITRI,-6.7,962.9,73.0,30.4,298.0,0.437410071942446,REAL_AWS
2016-10-20 07:00:00,MAITRI,-6.9,963.8,72.0,27.6,297.0,0.3971223021582734,REAL_AWS
2016-10-20 08:00:00,MAITRI,-6.6,964.6,72.0,24.1,298.0,0.3467625899280576,REAL_AWS
2016-10-20 09:00:00,MAITRI,-6.0,964.5,67.0,25.2,282.0,0.36258992805755397,REAL_AWS
2016-10-20 10:00:00,MAITRI,-6.0,964.0,69.0,29.2,295.0,0.4201438848920863,REAL_AWS
2016-10-20 11:00:00,MAITRI,-5.8,963.6,65.0,26.0,293.0,0.37410071942446044,REAL_AWS
2016-10-20 12:00:00,MAITRI,-5.3,963.0,60.0,26.2,294.0,0.376978417266187,REAL_AWS
2016-10-20 13:00:00,MAITRI,-5.2,962.6,60.0,28.8,293.0,0.4143884892086331,REAL_AWS
2016-10-20 14:00:00,MAITRI,-5.5,962.1,62.0,26.7,296.0,0.3841726618705036,REAL_AWS
2016-10-20 15:00:00,MAITRI,-5.9,961.9,65.0,28.3,294.0,0.4071942446043166,REAL_AWS
2016-10-20 16:00:00,MAITRI,-5.9,961.3,62.0,26.2,301.0,0.376978417266187,REAL_AWS
2016-10-20 17:00:00,MAITRI,-6.2,961.1,62.0,24.1,299.0,0.3467625899280576,REAL_AWS
2016-10-20 18:00:00,MAITRI,-6.3,961.1,61.0,27.3,308.0,0.39280575539568346,REAL_AWS
2016-10-20 19:00:00,MAITRI,-6.3,960.9,63.0,24.3,298.0,0.3496402877697842,REAL_AWS
2016-10-20 20:00:00,MAITRI,-6.7,960.9,72.0,24.5,304.0,0.35251798561151076,REAL_AWS
2016-10-20 21:00:00,MAITRI,-6.9,961.0,72.0,25.0,299.0,0.3597122302158273,REAL_AWS
2016-10-20 22:00:00,MAITRI,-7.2,960.9,64.0,25.1,295.0,0.36115107913669064,REAL_AWS
2016-10-20 23:00:00,MAITRI,-6.8,960.6,48.0,26.6,304.0,0.3827338129496403,REAL_AWS
2016-10-21 00:00:00,MAITRI,-6.8,960.5,44.0,26.2,304.0,0.376978417266187,REAL_AWS
2016-10-21 01:00:00,MAITRI,-7.0,960.5,43.0,26.3,296.0,0.37841726618705035,REAL_AWS
2016-10-21 02:00:00,MAITRI,-7.3,960.3,42.0,27.2,296.0,0.39136690647482014,REAL_AWS
2016-10-21 03:00:00,MAITRI,-7.4,960.2,42.0,25.9,294.0,0.3726618705035971,REAL_AWS
2016-10-21 04:00:00,MAITRI,-7.6,959.9,43.0,27.1,294.0,0.3899280575539569,REAL_AWS
2016-10-21 05:00:00,MAITRI,-7.7,959.8,41.0,29.5,291.0,0.4244604316546763,REAL_AWS
2016-10-21 06:00:00,MAITRI,-7.7,959.8,39.0,28.3,286.0,0.4071942446043166,REAL_AWS
2016-10-21 07:00:00,MAITRI,-7.8,959.6,40.0,31.3,293.0,0.4503597122302158,REAL_AWS
2016-10-21 08:00:00,MAITRI,-8.0,959.8,43.0,29.9,284.0,0.43021582733812946,REAL_AWS
2016-10-21 09:00:00,MAITRI,-8.1,959.4,46.0,30.0,292.0,0.4316546762589928,REAL_AWS
2016-10-21 10:00:00,MAITRI,-8.1,959.4,49.0,29.8,295.0,0.4287769784172662,REAL_AWS
2016-10-21 11:00:00,MAITRI,-8.1,959.2,50.0,30.3,288.0,0.43597122302158275,REAL_AWS
2016-10-21 12:00:00,MAITRI,-8.0,958.7,52.0,30.2,284.0,0.43453237410071943,REAL_AWS
2016-10-21 13:00:00,MAITRI,-8.1,958.3,55.0,28.9,284.0,0.4158273381294964,REAL_AWS
2016-10-21 14:00:00,MAITRI,-8.3,958.0,58.0,32.3,288.0,0.4647482014388489,REAL_AWS
2016-10-21 15:00:00,MAITRI,-8.4,957.6,58.0,35.0,284.0,0.5035971223021583,REAL_AWS
2016-10-21 16:00:00,MAITRI,-8.6,957.5,59.0,33.5,287.0,0.48201438848920863,REAL_AWS
2016-10-21 17:00:00,MAITRI,-8.7,957.4,62.0,32.4,282.0,0.4661870503597122,REAL_AWS
2016-10-21 18:00:00,MAITRI,-8.8,957.2,61.0,31.7,287.0,0.45611510791366905,REAL_AWS
2016-10-21 19:00:00,MAITRI,-9.2,957.3,63.0,34.4,291.0,0.49496402877697837,REAL_AWS
2016-10-21 20:00:00,MAITRI,-9.3,957.1,60.0,35.5,300.0,0.5107913669064749,REAL_AWS
2016-10-21 21:00:00,MAITRI,-9.5,957.2,66.0,36.5,302.0,0.5251798561151079,REAL_AWS
2016-10-21 22:00:00,MAITRI,-9.6,956.7,69.0,39.6,303.0,0.5697841726618705,REAL_AWS
2016-10-21 23:00:00,MAITRI,-9.7,956.4,71.0,39.8,306.0,0.5726618705035971,REAL_AWS
2016-10-22 00:00:00,MAITRI,-9.8,956.6,75.0,42.4,303.0,0.6100719424460431,REAL_AWS
2016-10-22 01:00:00,MAITRI,-10.6,956.3,87.0,43.3,308.0,0.6230215827338129,REAL_AWS
2016-10-22 02:00:00,MAITRI,-10.8,956.1,89.0,44.7,305.0,0.6431654676258993,REAL_AWS
2016-10-22 03:00:00,MAITRI,-11.2,956.5,89.0,45.2,301.0,0.6503597122302158,REAL_AWS
2016-10-22 04:00:00,MAITRI,-11.5,956.4,89.0,42.7,300.0,0.6143884892086331,REAL_AWS
2016-10-22 05:00:00,MAITRI,-11.4,956.4,88.0,43.8,300.0,0.6302158273381294,REAL_AWS
2016-10-22 06:00:00,MAITRI,-11.2,956.6,87.0,41.3,301.0,0.5942446043165467,REAL_AWS
2016-10-22 07:00:00,MAITRI,-11.0,956.4,85.0,41.9,303.0,0.6028776978417266,REAL_AWS
2016-10-22 08:00:00,MAITRI,-10.8,956.0,83.0,42.3,303.0,0.6086330935251798,REAL_AWS
2016-10-22 09:00:00,MAITRI,-10.7,956.1,82.0,43.7,298.0,0.6287769784172662,REAL_AWS
2016-10-22 10:00:00,MAITRI,-11.1,956.1,89.0,40.3,299.0,0.5798561151079137,REAL_AWS
2016-10-22 11:00:00,MAITRI,-10.9,956.6,90.0,39.9,301.0,0.5741007194244604,REAL_AWS
2016-10-22 12:00:00,MAITRI,-11.0,957.2,90.0,40.1,285.0,0.576978417266187,REAL_AWS
2016-10-22 13:00:00,MAITRI,-11.0,958.0,90.0,38.7,275.0,0.5568345323741007,REAL_AWS
2016-10-22 14:00:00,MAITRI,-10.9,959.3,90.0,35.6,271.0,0.5122302158273382,REAL_AWS
2016-10-22 15:00:00,MAITRI,-10.7,959.6,90.0,33.0,273.0,0.4748201438848921,REAL_AWS
2016-10-22 16:00:00,MAITRI,-10.7,959.9,90.0,31.1,283.0,0.4474820143884892,REAL_AWS
2016-10-22 17:00:00,MAITRI,-10.7,959.9,90.0,34.6,282.0,0.49784172661870507,REAL_AWS
2016-10-22 18:00:00,MAITRI,-10.6,960.0,90.0,28.5,286.0,0.41007194244604317,REAL_AWS
2016-10-22 19:00:00,MAITRI,-10.6,960.3,90.0,30.7,285.0,0.44172661870503593,REAL_AWS
2016-10-22 20:00:00,MAITRI,-10.6,960.6,90.0,29.3,295.0,0.42158273381294964,REAL_AWS
2016-10-22 21:00:00,MAITRI,-10.6,960.9,90.0,33.4,284.0,0.4805755395683453,REAL_AWS
2016-10-22 22:00:00,MAITRI,-10.6,961.6,90.0,31.9,281.0,0.45899280575539564,REAL_AWS
2016-10-22 23:00:00,MAITRI,-10.7,962.1,90.0,26.8,290.0,0.3856115107913669,REAL_AWS
2016-10-23 00:00:00,MAITRI,-10.8,962.5,90.0,26.6,292.0,0.3827338129496403,REAL_AWS
2016-10-23 01:00:00,MAITRI,-11.0,962.9,90.0,25.7,293.0,0.36978417266187047,REAL_AWS
2016-10-23 02:00:00,MAITRI,-11.2,963.5,89.0,27.2,295.0,0.39136690647482014,REAL_AWS
2016-10-23 03:00:00,MAITRI,-11.4,963.9,89.0,27.0,295.0,0.38848920863309355,REAL_AWS
2016-10-23 04:00:00,MAITRI,-11.6,964.1,89.0,27.7,294.0,0.3985611510791367,REAL_AWS
2016-10-23 05:00:00,MAITRI,-11.7,964.4,89.0,26.5,299.0,0.381294964028777,REAL_AWS
2016-10-23 06:00:00,MAITRI,-11.8,964.6,89.0,29.6,302.0,0.4258992805755396,REAL_AWS
2016-10-23 07:00:00,MAITRI,-11.8,964.9,89.0,28.1,298.0,0.40431654676258993,REAL_AWS
2016-10-23 08:00:00,MAITRI,-11.7,965.0,89.0,29.7,303.0,0.4273381294964029,REAL_AWS
2016-10-23 09:00:00,MAITRI,-11.4,964.5,89.0,30.2,293.0,0.43453237410071943,REAL_AWS
2016-10-23 10:00:00,MAITRI,-11.2,964.1,89.0,31.6,293.0,0.4546762589928058,REAL_AWS
2016-10-23 11:00:00,MAITRI,-11.2,964.0,89.0,32.6,288.0,0.4690647482014389,REAL_AWS
2016-10-23 12:00:00,MAITRI,-11.1,963.5,89.0,31.8,292.0,0.45755395683453237,REAL_AWS
2016-10-23 13:00:00,MAITRI,-10.8,963.1,88.0,34.3,290.0,0.49352517985611505,REAL_AWS
2016-10-23 14:00:00,MAITRI,-10.6,962.7,88.0,30.1,294.0,0.4330935251798561,REAL_AWS
2016-10-23 15:00:00,MAITRI,-10.6,961.6,87.0,34.6,302.0,0.49784172661870507,REAL_AWS
2016-10-23 16:00:00,MAITRI,-10.4,961.5,85.0,31.2,305.0,0.4489208633093525,REAL_AWS
2016-10-23 17:00:00,MAITRI,-10.3,961.6,82.0,32.4,302.0,0.4661870503597122,REAL_AWS
2016-10-23 18:00:00,MAITRI,-10.5,961.8,79.0,33.5,302.0,0.48201438848920863,REAL_AWS
2016-10-23 19:00:00,MAITRI,-10.3,961.5,75.0,32.6,302.0,0.4690647482014389,REAL_AWS
2016-10-23 20:00:00,MAITRI,-10.0,961.3,69.0,37.3,303.0,0.5366906474820143,REAL_AWS
2016-10-23 21:00:00,MAITRI,-9.7,961.5,59.0,34.7,302.0,0.4992805755395684,REAL_AWS
2016-10-23 22:00:00,MAITRI,-9.7,961.6,58.0,34.7,300.0,0.4992805755395684,REAL_AWS
2016-10-23 23:00:00,MAITRI,-9.7,962.1,57.0,37.5,302.0,0.539568345323741,REAL_AWS
2016-10-24 00:00:00,MAITRI,-9.8,962.6,59.0,36.6,301.0,0.5266187050359712,REAL_AWS
2016-10-24 01:00:00,MAITRI,-10.1,963.4,61.0,33.9,302.0,0.48776978417266187,REAL_AWS
2016-10-24 02:00:00,MAITRI,-10.2,963.8,61.0,34.3,304.0,0.49352517985611505,REAL_AWS
2016-10-24 03:00:00,MAITRI,-10.7,964.3,74.0,35.0,302.0,0.5035971223021583,REAL_AWS
2016-10-24 04:00:00,MAITRI,-11.2,965.2,84.0,33.3,298.0,0.479136690647482,REAL_AWS
2016-10-24 05:00:00,MAITRI,-11.3,965.8,86.0,34.3,292.0,0.49352517985611505,REAL_AWS
2016-10-24 06:00:00,MAITRI,-11.4,966.8,88.0,34.3,299.0,0.49352517985611505,REAL_AWS
2016-10-24 07:00:00,MAITRI,-11.4,967.8,88.0,35.2,304.0,0.5064748201438849,REAL_AWS
2016-10-24 08:00:00,MAITRI,-11.2,968.3,89.0,33.9,295.0,0.48776978417266187,REAL_AWS
2016-10-24 09:00:00,MAITRI,-10.9,968.3,89.0,37.4,293.0,0.5381294964028777,REAL_AWS
2016-10-24 10:00:00,MAITRI,-10.6,968.6,90.0,34.0,302.0,0.4892086330935252,REAL_AWS
2016-10-24 11:00:00,MAITRI,-10.3,968.8,90.0,32.8,297.0,0.47194244604316543,REAL_AWS
2016-10-24 12:00:00,MAITRI,-10.1,968.9,90.0,34.0,301.0,0.4892086330935252,REAL_AWS
2016-10-24 13:00:00,MAITRI,-10.0,968.0,90.0,35.8,303.0,0.5151079136690647,REAL_AWS
2016-10-24 14:00:00,MAITRI,-9.7,967.8,91.0,39.3,305.0,0.5654676258992806,REAL_AWS
2016-10-24 15:00:00,MAITRI,-9.5,967.8,91.0,39.4,308.0,0.5669064748201439,REAL_AWS
2016-10-24 16:00:00,MAITRI,-9.5,967.5,91.0,38.7,304.0,0.5568345323741007,REAL_AWS
2016-10-24 17:00:00,MAITRI,-9.7,967.2,91.0,40.8,303.0,0.5870503597122302,REAL_AWS
2016-10-24 18:00:00,MAITRI,-9.8,967.2,90.0,37.9,307.0,0.5453237410071943,REAL_AWS
2016-10-24 19:00:00,MAITRI,-9.9,966.3,90.0,43.0,309.0,0.6187050359712231,REAL_AWS
2016-10-24 20:00:00,MAITRI,-10.0,964.8,90.0,42.5,304.0,0.6115107913669064,REAL_AWS
2016-10-24 21:00:00,MAITRI,-10.1,963.4,90.0,47.2,303.0,0.679136690647482,REAL_AWS
2016-10-24 22:00:00,MAITRI,-10.0,961.9,90.0,52.1,311.99999999999994,0.7496402877697842,REAL_AWS
2016-10-24 23:00:00,MAITRI,-9.8,961.1,90.0,50.5,311.99999999999994,0.7266187050359713,REAL_AWS
2016-10-25 00:00:00,MAITRI,-9.7,960.0,90.0,55.1,313.0,0.7928057553956834,REAL_AWS
2016-10-25 01:00:00,MAITRI,-8.8,958.4,90.0,56.6,314.0,0.8143884892086332,REAL_AWS
2016-10-25 02:00:00,MAITRI,-8.7,957.6,91.0,48.8,310.0,0.7021582733812949,REAL_AWS
2016-10-25 03:00:00,MAITRI,-8.2,957.1,89.0,54.0,311.99999999999994,0.7769784172661871,REAL_AWS
2016-10-25 04:00:00,MAITRI,-7.9,957.2,88.0,49.5,311.99999999999994,0.7122302158273381,REAL_AWS
2016-10-25 05:00:00,MAITRI,-7.3,957.1,87.0,45.7,311.0,0.6575539568345324,REAL_AWS
2016-10-25 06:00:00,MAITRI,-7.1,958.4,88.0,39.6,291.0,0.5697841726618705,REAL_AWS
2016-10-25 07:00:00,MAITRI,-7.4,959.5,89.0,30.0,284.0,0.4316546762589928,REAL_AWS
2016-10-25 08:00:00,MAITRI,-7.9,960.6,88.0,35.3,282.0,0.5079136690647481,REAL_AWS
2016-10-25 09:00:00,MAITRI,-7.9,961.9,87.0,37.5,281.0,0.539568345323741,REAL_AWS
2016-10-25 10:00:00,MAITRI,-8.0,962.5,89.0,31.6,282.0,0.4546762589928058,REAL_AWS
2016-10-25 11:00:00,MAITRI,-7.8,963.0,89.0,34.8,271.0,0.5007194244604316,REAL_AWS
2016-10-25 12:00:00,MAITRI,-7.5,963.9,87.0,35.8,275.0,0.5151079136690647,REAL_AWS
2016-10-25 13:00:00,MAITRI,-7.4,964.3,87.0,35.1,282.0,0.5050359712230216,REAL_AWS
2016-10-25 14:00:00,MAITRI,-7.3,964.9,86.0,32.6,288.0,0.4690647482014389,REAL_AWS
2016-10-25 15:00:00,MAITRI,-7.3,965.8,87.0,27.7,280.0,0.3985611510791367,REAL_AWS
2016-10-25 16:00:00,MAITRI,-7.3,966.0,85.0,28.5,286.0,0.41007194244604317,REAL_AWS
2016-10-25 17:00:00,MAITRI,-7.5,966.4,84.0,27.2,293.0,0.39136690647482014,REAL_AWS
2016-10-25 18:00:00,MAITRI,-7.3,966.9,80.0,26.3,292.0,0.37841726618705035,REAL_AWS
2016-10-25 19:00:00,MAITRI,-8.0,967.9,79.0,26.8,288.0,0.3856115107913669,REAL_AWS
2016-10-25 20:00:00,MAITRI,-8.5,968.5,78.0,27.1,290.0,0.3899280575539569,REAL_AWS
2016-10-25 21:00:00,MAITRI,-8.7,969.0,76.0,28.1,308.0,0.40431654676258993,REAL_AWS
2016-10-25 22:00:00,MAITRI,-8.4,969.6,72.0,32.1,304.0,0.46187050359712234,REAL_AWS
2016-10-25 23:00:00,MAITRI,-8.8,970.1,72.0,37.3,314.0,0.5366906474820143,REAL_AWS
2016-10-26 00:00:00,MAITRI,-8.8,970.5,70.0,33.1,308.0,0.4762589928057554,REAL_AWS
2016-10-26 01:00:00,MAITRI,-8.2,970.4,69.0,29.0,299.0,0.4172661870503597,REAL_AWS
2016-10-26 02:00:00,MAITRI,-7.3,969.7,64.0,35.5,307.0,0.5107913669064749,REAL_AWS
2016-10-26 03:00:00,MAITRI,-6.9,968.9,67.0,39.2,311.0,0.5640287769784174,REAL_AWS
2016-10-26 04:00:00,MAITRI,-6.9,968.2,78.0,33.6,297.0,0.48345323741007196,REAL_AWS
2016-10-26 05:00:00,MAITRI,-6.5,967.1,80.0,40.0,306.0,0.5755395683453237,REAL_AWS
2016-10-26 06:00:00,MAITRI,-6.7,967.0,87.0,37.1,304.0,0.5338129496402878,REAL_AWS
2016-10-26 07:00:00,MAITRI,-6.4,966.4,85.0,38.3,303.0,0.5510791366906475,REAL_AWS
2016-10-26 08:00:00,MAITRI,-6.1,966.1,80.0,37.8,304.0,0.5438848920863308,REAL_AWS
2016-10-26 09:00:00,MAITRI,-6.2,965.2,85.0,38.0,302.0,0.5467625899280576,REAL_AWS
2016-10-26 10:00:00,MAITRI,-6.0,963.2,80.0,38.1,302.0,0.5482014388489209,REAL_AWS
2016-10-26 11:00:00,MAITRI,-5.3,961.0,66.0,43.6,305.0,0.6273381294964029,REAL_AWS
2016-10-26 12:00:00,MAITRI,-4.8,959.5,59.0,42.0,297.0,0.60431654676259,REAL_AWS
2016-10-26 13:00:00,MAITRI,-3.7,957.8,50.0,41.0,302.0,0.5899280575539568,REAL_AWS
2016-10-26 14:00:00,MAITRI,-3.3,955.9,48.0,45.2,317.0,0.6503597122302158,REAL_AWS
2016-10-26 15:00:00,MAITRI,-3.7,954.6,50.0,48.3,290.0,0.6949640287769784,REAL_AWS
2016-10-26 16:00:00,MAITRI,-4.9,952.8,52.0,50.4,289.0,0.7251798561151079,REAL_AWS
2016-10-26 17:00:00,MAITRI,-5.2,952.5,50.0,49.1,289.0,0.706474820143885,REAL_AWS
2016-10-26 18:00:00,MAITRI,-5.1,951.9,50.0,49.3,305.0,0.7093525179856115,REAL_AWS
2016-10-26 19:00:00,MAITRI,-5.3,951.4,48.0,47.2,296.0,0.679136690647482,REAL_AWS
2016-10-26 20:00:00,MAITRI,-5.7,951.2,51.0,45.2,293.0,0.6503597122302158,REAL_AWS
2016-10-26 21:00:00,MAITRI,-5.8,950.3,52.0,44.3,296.0,0.637410071942446,REAL_AWS
2016-10-26 22:00:00,MAITRI,-6.0,949.8,50.0,44.8,302.0,0.6446043165467625,REAL_AWS
2016-10-26 23:00:00,MAITRI,-6.5,948.6,51.0,45.4,294.0,0.6532374100719425,REAL_AWS
2016-10-27 00:00:00,MAITRI,-6.5,948.4,48.0,44.7,291.0,0.6431654676258993,REAL_AWS
2016-10-27 01:00:00,MAITRI,-6.6,948.9,51.0,43.3,280.0,0.6230215827338129,REAL_AWS
2016-10-27 02:00:00,MAITRI,-7.0,949.0,54.0,44.0,283.0,0.6330935251798561,REAL_AWS
2016-10-27 03:00:00,MAITRI,-7.1,948.6,52.0,43.1,289.0,0.6201438848920864,REAL_AWS
2016-10-27 04:00:00,MAITRI,-7.1,948.6,54.0,41.5,294.0,0.5971223021582733,REAL_AWS
2016-10-27 05:00:00,MAITRI,-6.8,949.4,54.0,40.4,298.0,0.581294964028777,REAL_AWS
2016-10-27 06:00:00,MAITRI,-6.5,949.6,49.0,46.0,309.0,0.6618705035971223,REAL_AWS
2016-10-27 07:00:00,MAITRI,-6.5,950.3,50.0,41.6,320.0,0.5985611510791368,REAL_AWS
2016-10-27 08:00:00,MAITRI,-6.4,950.8,50.0,41.1,308.0,0.5913669064748202,REAL_AWS
2016-10-27 09:00:00,MAITRI,-6.3,950.8,50.0,40.5,304.0,0.5827338129496403,REAL_AWS
2016-10-27 10:00:00,MAITRI,-6.0,951.1,52.0,40.7,302.0,0.585611510791367,REAL_AWS
2016-10-27 11:00:00,MAITRI,-5.9,951.4,52.0,41.9,302.0,0.6028776978417266,REAL_AWS
2016-10-27 12:00:00,MAITRI,-5.6,951.6,53.0,39.0,298.0,0.5611510791366906,REAL_AWS
2016-10-27 13:00:00,MAITRI,-5.3,951.7,50.0,40.8,299.0,0.5870503597122302,REAL_AWS
2016-10-27 14:00:00,MAITRI,-5.3,952.0,53.0,40.5,293.0,0.5827338129496403,REAL_AWS
2016-10-27 15:00:00,MAITRI,-5.3,952.5,55.0,34.7,293.0,0.4992805755395684,REAL_AWS
2016-10-27 16:00:00,MAITRI,-5.5,952.6,54.0,34.8,293.0,0.5007194244604316,REAL_AWS
2016-10-27 17:00:00,MAITRI,-5.6,953.1,54.0,37.0,291.0,0.5323741007194245,REAL_AWS
2016-10-27 18:00:00,MAITRI,-5.8,953.5,55.0,35.6,291.0,0.5122302158273382,REAL_AWS
2016-10-27 19:00:00,MAITRI,-6.1,953.6,56.0,34.9,294.0,0.5021582733812949,REAL_AWS
2016-10-27 20:00:00,MAITRI,-6.2,953.9,54.0,32.1,298.0,0.46187050359712234,REAL_AWS
2016-10-27 21:00:00,MAITRI,-6.9,954.2,55.0,35.7,302.0,0.5136690647482015,REAL_AWS
2016-10-27 22:00:00,MAITRI,-7.0,954.1,55.0,37.8,303.0,0.5438848920863308,REAL_AWS
2016-10-27 23:00:00,MAITRI,-7.0,954.4,56.0,37.9,303.0,0.5453237410071943,REAL_AWS
2016-10-28 00:00:00,MAITRI,-6.9,954.5,54.0,36.9,306.0,0.5309352517985612,REAL_AWS
2016-10-28 01:00:00,MAITRI,-6.8,954.3,50.0,36.0,301.0,0.5179856115107914,REAL_AWS
2016-10-28 02:00:00,MAITRI,-6.6,954.1,45.0,40.5,304.0,0.5827338129496403,REAL_AWS
2016-10-28 03:00:00,MAITRI,-7.0,954.4,50.0,35.6,292.0,0.5122302158273382,REAL_AWS
2016-10-28 04:00:00,MAITRI,-7.2,954.4,52.0,40.6,304.0,0.5841726618705037,REAL_AWS
2016-10-28 05:00:00,MAITRI,-6.7,954.9,47.0,41.1,303.0,0.5913669064748202,REAL_AWS
2016-10-28 06:00:00,MAITRI,-6.6,955.7,48.0,38.8,303.0,0.558273381294964,REAL_AWS
2016-10-28 07:00:00,MAITRI,-6.6,955.9,48.0,37.2,305.0,0.5352517985611511,REAL_AWS
2016-10-28 08:00:00,MAITRI,-6.3,955.6,48.0,37.8,303.0,0.5438848920863308,REAL_AWS
2016-10-28 09:00:00,MAITRI,-6.0,955.6,48.0,37.8,302.0,0.5438848920863308,REAL_AWS
2016-10-28 10:00:00,MAITRI,-5.8,955.4,49.0,37.9,299.0,0.5453237410071943,REAL_AWS
2016-10-28 11:00:00,MAITRI,-5.6,955.6,50.0,34.9,299.0,0.5021582733812949,REAL_AWS
2016-10-28 12:00:00,MAITRI,-5.2,955.2,49.0,33.2,297.0,0.4776978417266187,REAL_AWS
2016-10-28 13:00:00,MAITRI,-5.1,955.1,48.0,37.2,295.0,0.5352517985611511,REAL_AWS
2016-10-28 14:00:00,MAITRI,-5.1,954.8,48.0,36.2,300.0,0.520863309352518,REAL_AWS
2016-10-28 15:00:00,MAITRI,-5.2,954.8,47.0,35.3,304.0,0.5079136690647481,REAL_AWS
2016-10-28 16:00:00,MAITRI,-5.4,954.9,49.0,33.0,302.0,0.4748201438848921,REAL_AWS
2016-10-28 17:00:00,MAITRI,-5.7,954.9,48.0,34.5,308.0,0.49640287769784175,REAL_AWS
2016-10-28 18:00:00,MAITRI,-6.1,954.8,47.0,37.9,311.0,0.5453237410071943,REAL_AWS
2016-10-28 19:00:00,MAITRI,-6.4,955.3,47.0,36.4,309.0,0.5237410071942445,REAL_AWS
2016-10-28 20:00:00,MAITRI,-6.6,955.4,44.0,37.8,307.0,0.5438848920863308,REAL_AWS
2016-10-28 21:00:00,MAITRI,-6.6,955.3,42.0,40.3,311.99999999999994,0.5798561151079137,REAL_AWS
2016-10-28 22:00:00,MAITRI,-6.6,955.1,39.0,43.6,318.0,0.6273381294964029,REAL_AWS
2016-10-28 23:00:00,MAITRI,-6.6,955.1,41.0,39.5,317.0,0.5683453237410072,REAL_AWS
2016-10-29 00:00:00,MAITRI,-6.5,954.7,38.0,39.0,314.0,0.5611510791366906,REAL_AWS
2016-10-29 01:00:00,MAITRI,-6.9,954.9,38.0,39.5,313.0,0.5683453237410072,REAL_AWS
2016-10-29 02:00:00,MAITRI,-8.2,954.8,43.0,41.4,334.0,0.59568345323741,REAL_AWS
2016-10-29 03:00:00,MAITRI,-8.9,954.5,42.0,41.8,344.0,0.6014388489208633,REAL_AWS
2016-10-29 04:00:00,MAITRI,-9.0,954.4,42.0,41.2,341.0,0.5928057553956835,REAL_AWS
2016-10-29 05:00:00,MAITRI,-8.9,954.4,41.0,42.4,342.0,0.6100719424460431,REAL_AWS
2016-10-29 06:00:00,MAITRI,-8.4,954.4,41.0,40.8,342.0,0.5870503597122302,REAL_AWS
2016-10-29 07:00:00,MAITRI,-7.8,954.6,39.0,37.1,344.0,0.5338129496402878,REAL_AWS
2016-10-29 08:00:00,MAITRI,-7.3,954.6,41.0,34.8,347.0,0.5007194244604316,REAL_AWS
2016-10-29 09:00:00,MAITRI,-6.3,954.4,38.0,38.1,331.0,0.5482014388489209,REAL_AWS
2016-10-29 10:00:00,MAITRI,-6.0,954.3,42.0,32.2,329.0,0.46330935251798566,REAL_AWS
2016-10-29 11:00:00,MAITRI,-5.5,954.1,43.0,32.3,331.0,0.4647482014388489,REAL_AWS
2016-10-29 12:00:00,MAITRI,-5.2,954.2,43.0,28.2,343.0,0.4057553956834532,REAL_AWS
2016-10-29 13:00:00,MAITRI,-4.5,954.0,38.0,26.2,338.0,0.376978417266187,REAL_AWS
2016-10-29 14:00:00,MAITRI,-4.2,953.9,39.0,23.7,340.0,0.3410071942446043,REAL_AWS
2016-10-29 15:00:00,MAITRI,-4.5,953.7,38.0,25.1,342.0,0.36115107913669064,REAL_AWS
2016-10-29 16:00:00,MAITRI,-5.2,953.4,42.0,23.5,350.0,0.3381294964028777,REAL_AWS
2016-10-29 17:00:00,MAITRI,-5.9,953.4,40.0,27.2,347.0,0.39136690647482014,REAL_AWS
2016-10-29 18:00:00,MAITRI,-6.7,953.2,39.0,25.3,353.0,0.3640287769784173,REAL_AWS
2016-10-29 19:00:00,MAITRI,-7.9,953.2,37.0,31.1,352.0,0.4474820143884892,REAL_AWS
2016-10-29 20:00:00,MAITRI,-9.1,953.1,38.0,30.7,351.0,0.44172661870503593,REAL_AWS
2016-10-29 21:00:00,MAITRI,-9.9,952.7,38.0,34.5,352.0,0.49640287769784175,REAL_AWS
2016-10-29 22:00:00,MAITRI,-10.1,952.1,35.0,30.7,352.0,0.44172661870503593,REAL_AWS
2016-10-29 23:00:00,MAITRI,-10.1,951.5,35.0,32.4,354.0,0.4661870503597122,REAL_AWS
2016-10-30 00:00:00,MAITRI,-10.7,951.1,37.0,32.0,354.0,0.460431654676259,REAL_AWS
2016-10-30 01:00:00,MAITRI,-10.5,950.6,39.0,30.5,353.0,0.43884892086330934,REAL_AWS
2016-10-30 02:00:00,MAITRI,-9.7,950.1,37.0,31.5,351.0,0.45323741007194246,REAL_AWS
2016-10-30 03:00:00,MAITRI,-9.7,949.5,39.0,33.2,356.0,0.4776978417266187,REAL_AWS
2016-10-30 04:00:00,MAITRI,-9.1,949.2,41.0,33.3,355.0,0.479136690647482,REAL_AWS
2016-10-30 05:00:00,MAITRI,-8.5,948.6,44.0,31.4,355.0,0.45179856115107914,REAL_AWS
2016-10-30 06:00:00,MAITRI,-7.4,948.1,40.0,31.7,354.0,0.45611510791366905,REAL_AWS
2016-10-30 07:00:00,MAITRI,-6.4,947.6,40.0,29.1,354.0,0.41870503597122305,REAL_AWS
2016-10-30 08:00:00,MAITRI,-5.6,946.6,40.0,27.0,353.0,0.38848920863309355,REAL_AWS
2016-10-30 09:00:00,MAITRI,-4.5,945.5,40.0,25.5,353.0,0.3669064748201439,REAL_AWS
2016-10-30 10:00:00,MAITRI,-3.0,944.1,37.0,27.6,345.0,0.3971223021582734,REAL_AWS
2016-10-30 11:00:00,MAITRI,-2.3,942.9,42.0,24.0,355.0,0.34532374100719426,REAL_AWS
2016-10-30 12:00:00,MAITRI,-1.9,941.9,44.0,20.5,352.0,0.2949640287769784,REAL_AWS
2016-10-30 13:00:00,MAITRI,-1.6,941.5,42.0,18.8,192.99999999999997,0.27050359712230215,REAL_AWS
2016-10-30 14:00:00,MAITRI,-0.9,941.0,49.0,24.6,311.99999999999994,0.35395683453237414,REAL_AWS
2016-10-30 15:00:00,MAITRI,-1.2,940.1,54.0,24.5,346.0,0.35251798561151076,REAL_AWS
2016-10-30 16:00:00,MAITRI,-1.9,939.5,58.0,27.1,341.0,0.3899280575539569,REAL_AWS
2016-10-30 17:00:00,MAITRI,-3.2,939.0,83.0,36.5,325.0,0.5251798561151079,REAL_AWS
2016-10-30 18:00:00,MAITRI,-1.6,938.5,50.0,34.2,305.0,0.49208633093525184,REAL_AWS
2016-10-30 19:00:00,MAITRI,-1.9,938.7,49.0,35.7,306.0,0.5136690647482015,REAL_AWS
2016-10-30 20:00:00,MAITRI,-1.9,939.3,46.0,35.7,310.0,0.5136690647482015,REAL_AWS
2016-10-30 21:00:00,MAITRI,-2.1,940.1,47.0,31.1,304.0,0.4474820143884892,REAL_AWS
2016-10-30 22:00:00,MAITRI,-2.5,941.3,50.0,26.1,302.0,0.37553956834532376,REAL_AWS
2016-10-30 23:00:00,MAITRI,-2.7,942.1,49.0,26.2,300.0,0.376978417266187,REAL_AWS
2016-10-31 00:00:00,MAITRI,-3.6,943.3,56.0,25.7,306.0,0.36978417266187047,REAL_AWS
2016-10-31 01:00:00,MAITRI,-3.6,943.2,45.0,36.8,310.0,0.5294964028776978,REAL_AWS
2016-10-31 02:00:00,MAITRI,-3.9,943.3,44.0,40.3,322.0,0.5798561151079137,REAL_AWS
2016-10-31 03:00:00,MAITRI,-3.4,943.1,40.0,40.0,320.0,0.5755395683453237,REAL_AWS
2016-10-31 04:00:00,MAITRI,-2.4,943.3,37.0,42.9,315.0,0.6172661870503597,REAL_AWS
2016-10-31 05:00:00,MAITRI,-1.6,943.5,36.0,49.1,313.0,0.706474820143885,REAL_AWS
2016-10-31 06:00:00,MAITRI,-1.7,942.9,38.0,48.5,311.0,0.697841726618705,REAL_AWS
2016-10-31 07:00:00,MAITRI,-2.0,942.8,48.0,50.3,311.0,0.7237410071942446,REAL_AWS
2016-10-31 08:00:00,MAITRI,-2.2,944.2,55.0,44.1,308.0,0.6345323741007195,REAL_AWS
2016-10-31 09:00:00,MAITRI,-2.3,945.9,60.0,42.1,303.0,0.6057553956834533,REAL_AWS
2016-10-31 10:00:00,MAITRI,-2.6,948.3,67.0,34.6,296.0,0.49784172661870507,REAL_AWS
2016-10-31 11:00:00,MAITRI,-3.3,950.9,81.0,32.4,280.0,0.4661870503597122,REAL_AWS
2016-10-31 12:00:00,MAITRI,-3.3,952.4,73.0,35.4,303.0,0.5093525179856115,REAL_AWS
2016-10-31 13:00:00,MAITRI,-3.8,955.1,76.0,34.5,294.0,0.49640287769784175,REAL_AWS
2016-10-31 14:00:00,MAITRI,-4.3,956.9,82.0,29.9,293.0,0.43021582733812946,REAL_AWS
2016-10-31 15:00:00,MAITRI,-4.9,958.8,85.0,29.9,293.0,0.43021582733812946,REAL_AWS
2016-10-31 16:00:00,MAITRI,-5.3,960.4,85.0,28.3,291.0,0.4071942446043166,REAL_AWS
2016-10-31 17:00:00,MAITRI,-5.1,961.7,76.0,27.9,297.0,0.4014388489208633,REAL_AWS
2016-10-31 18:00:00,MAITRI,-5.5,963.0,77.0,28.7,295.0,0.41294964028776976,REAL_AWS
2016-10-31 19:00:00,MAITRI,-5.2,964.8,71.0,24.1,288.0,0.3467625899280576,REAL_AWS
2016-10-31 20:00:00,MAITRI,-4.6,966.1,68.0,28.6,299.0,0.4115107913669065,REAL_AWS
2016-10-31 21:00:00,MAITRI,-4.2,966.9,68.0,30.2,309.0,0.43453237410071943,REAL_AWS
2016-10-31 22:00:00,MAITRI,-4.0,967.8,58.0,33.0,307.0,0.4748201438848921,REAL_AWS
2016-10-31 23:00:00,MAITRI,-4.0,968.6,55.0,36.4,310.0,0.5237410071942445,REAL_AWS
2016-11-01 00:00:00,MAITRI,-3.8,969.4,46.0,32.6,310.0,0.4690647482014389,REAL_AWS
2016-11-01 01:00:00,MAITRI,-3.9,970.0,44.0,31.9,314.0,0.45899280575539564,REAL_AWS
2016-11-01 02:00:00,MAITRI,-5.0,970.8,46.0,30.6,335.0,0.44028776978417267,REAL_AWS
2016-11-01 03:00:00,MAITRI,-5.1,971.5,41.0,34.4,341.0,0.49496402877697837,REAL_AWS
2016-11-01 04:00:00,MAITRI,-4.8,972.4,38.0,33.5,345.0,0.48201438848920863,REAL_AWS
2016-11-01 05:00:00,MAITRI,-4.8,973.2,41.0,35.9,340.0,0.516546762589928,REAL_AWS
2016-11-01 06:00:00,MAITRI,-5.5,973.8,50.0,33.0,347.0,0.4748201438848921,REAL_AWS
2016-11-01 07:00:00,MAITRI,-3.9,974.6,43.0,35.8,343.0,0.5151079136690647,REAL_AWS
2016-11-01 08:00:00,MAITRI,-2.9,975.1,42.0,32.8,335.0,0.47194244604316543,REAL_AWS
2016-11-01 09:00:00,MAITRI,-1.8,976.0,42.0,28.4,301.0,0.40863309352517985,REAL_AWS
2016-11-01 10:00:00,MAITRI,-1.1,976.9,43.0,31.1,309.0,0.4474820143884892,REAL_AWS
2016-11-01 11:00:00,MAITRI,-1.0,977.4,42.0,29.6,304.0,0.4258992805755396,REAL_AWS
2016-11-01 12:00:00,MAITRI,-0.8,978.2,41.0,27.2,298.0,0.39136690647482014,REAL_AWS
2016-11-01 13:00:00,MAITRI,-0.4,978.4,40.0,29.6,291.0,0.4258992805755396,REAL_AWS
2016-11-01 14:00:00,MAITRI,-0.7,979.1,46.0,30.0,278.0,0.4316546762589928,REAL_AWS
2016-11-01 15:00:00,MAITRI,-1.5,979.7,52.0,28.0,290.0,0.4028776978417266,REAL_AWS
2016-11-01 16:00:00,MAITRI,-2.3,980.4,56.0,27.5,287.0,0.39568345323741005,REAL_AWS
2016-11-01 17:00:00,MAITRI,-2.5,981.0,59.0,21.8,296.0,0.31366906474820144,REAL_AWS
2016-11-01 18:00:00,MAITRI,-2.9,981.4,59.0,21.4,290.0,0.3079136690647482,REAL_AWS
2016-11-01 19:00:00,MAITRI,-3.2,981.7,63.0,17.3,300.0,0.24892086330935254,REAL_AWS
2016-11-01 20:00:00,MAITRI,-3.2,981.8,55.0,22.4,335.0,0.32230215827338127,REAL_AWS
2016-11-01 21:00:00,MAITRI,-3.9,981.8,51.0,23.9,337.0,0.34388489208633094,REAL_AWS
2016-11-01 22:00:00,MAITRI,-5.4,981.4,51.0,27.8,358.0,0.4,REAL_AWS
2016-11-01 23:00:00,MAITRI,-6.4,981.3,46.0,30.6,356.0,0.44028776978417267,REAL_AWS
2016-11-02 00:00:00,MAITRI,-6.7,981.2,38.0,33.3,352.0,0.479136690647482,REAL_AWS
2016-11-02 01:00:00,MAITRI,-7.2,981.0,39.0,31.3,352.0,0.4503597122302158,REAL_AWS
2016-11-02 02:00:00,MAITRI,-7.1,981.2,36.0,30.1,351.0,0.4330935251798561,REAL_AWS
2016-11-02 03:00:00,MAITRI,-7.9,981.1,37.0,29.6,352.0,0.4258992805755396,REAL_AWS
2016-11-02 04:00:00,MAITRI,-7.7,980.8,36.0,30.8,347.0,0.4431654676258993,REAL_AWS
2016-11-02 05:00:00,MAITRI,-7.4,981.0,39.0,28.6,351.0,0.4115107913669065,REAL_AWS
2016-11-02 06:00:00,MAITRI,-6.9,981.0,42.0,27.0,352.0,0.38848920863309355,REAL_AWS
2016-11-02 07:00:00,MAITRI,-5.6,980.5,38.0,26.0,347.0,0.37410071942446044,REAL_AWS
2016-11-02 08:00:00,MAITRI,-5.0,980.5,43.0,27.0,349.0,0.38848920863309355,REAL_AWS
2016-11-02 09:00:00,MAITRI,-4.3,980.0,43.0,27.3,345.0,0.39280575539568346,REAL_AWS
2016-11-02 10:00:00,MAITRI,-3.3,979.8,42.0,22.4,345.0,0.32230215827338127,REAL_AWS
2016-11-02 11:00:00,MAITRI,-2.3,979.6,37.0,16.8,308.0,0.24172661870503598,REAL_AWS
2016-11-02 12:00:00,MAITRI,-1.8,979.0,32.0,17.5,278.0,0.2517985611510791,REAL_AWS
2016-11-02 13:00:00,MAITRI,-1.6,978.7,33.0,21.6,296.0,0.31079136690647485,REAL_AWS
2016-11-02 14:00:00,MAITRI,-1.5,978.3,34.0,20.1,296.0,0.2892086330935252,REAL_AWS
2016-11-02 15:00:00,MAITRI,-1.8,977.9,36.0,20.2,281.0,0.2906474820143885,REAL_AWS
2016-11-02 16:00:00,MAITRI,-1.8,977.7,42.0,15.9,210.00000000000003,0.22877697841726619,REAL_AWS
2016-11-02 17:00:00,MAITRI,-2.8,977.4,47.0,16.0,332.0,0.2302158273381295,REAL_AWS
2016-11-02 18:00:00,MAITRI,-3.6,977.2,56.0,18.5,235.0,0.26618705035971224,REAL_AWS
2016-11-02 19:00:00,MAITRI,-5.0,977.1,60.0,14.8,295.0,0.2129496402877698,REAL_AWS
2016-11-02 20:00:00,MAITRI,-5.6,976.9,49.0,22.1,333.0,0.3179856115107914,REAL_AWS
2016-11-02 21:00:00,MAITRI,-6.1,976.9,48.0,23.7,325.0,0.3410071942446043,REAL_AWS
2016-11-02 22:00:00,MAITRI,-6.2,976.3,45.0,24.0,342.0,0.34532374100719426,REAL_AWS
2016-11-02 23:00:00,MAITRI,-6.6,976.3,46.0,24.1,347.0,0.3467625899280576,REAL_AWS
2016-11-03 00:00:00,MAITRI,-6.9,976.2,48.0,25.3,340.0,0.3640287769784173,REAL_AWS
2016-11-03 01:00:00,MAITRI,-6.9,975.9,47.0,26.7,342.0,0.3841726618705036,REAL_AWS
2016-11-03 02:00:00,MAITRI,-6.6,975.7,49.0,24.9,349.0,0.358273381294964,REAL_AWS
2016-11-03 03:00:00,MAITRI,-6.6,975.3,47.0,23.8,349.0,0.3424460431654676,REAL_AWS
2016-11-03 04:00:00,MAITRI,-6.8,974.7,44.0,27.1,352.0,0.3899280575539569,REAL_AWS
2016-11-03 05:00:00,MAITRI,-5.9,974.0,41.0,24.5,352.0,0.35251798561151076,REAL_AWS
2016-11-03 06:00:00,MAITRI,-6.1,973.4,42.0,28.1,356.99999999999994,0.40431654676258993,REAL_AWS
2016-11-03 07:00:00,MAITRI,-5.8,973.0,39.0,28.4,352.0,0.40863309352517985,REAL_AWS
2016-11-03 08:00:00,MAITRI,-4.7,973.0,39.0,25.8,351.0,0.37122302158273385,REAL_AWS
2016-11-03 09:00:00,MAITRI,-3.4,972.6,40.0,24.0,341.0,0.34532374100719426,REAL_AWS
2016-11-03 10:00:00,MAITRI,-1.6,972.4,36.0,22.8,287.0,0.32805755395683456,REAL_AWS
2016-11-03 11:00:00,MAITRI,-1.1,972.1,39.0,18.6,306.0,0.26762589928057556,REAL_AWS
2016-11-03 12:00:00,MAITRI,-0.8,972.0,42.0,20.2,262.0,0.2906474820143885,REAL_AWS
2016-11-03 13:00:00,MAITRI,0.0,971.5,46.0,18.6,175.0,0.26762589928057556,REAL_AWS
2016-11-03 14:00:00,MAITRI,0.0,971.3,44.0,24.7,247.0,0.3553956834532374,REAL_AWS
2016-11-03 15:00:00,MAITRI,-0.2,971.2,46.0,24.8,252.0,0.35683453237410073,REAL_AWS
2016-11-03 16:00:00,MAITRI,-1.7,971.3,57.0,17.5,216.0,0.2517985611510791,REAL_AWS
2016-11-03 17:00:00,MAITRI,-2.2,971.3,57.0,20.1,262.0,0.2892086330935252,REAL_AWS
2016-11-03 18:00:00,MAITRI,-2.6,971.8,62.0,21.2,247.0,0.30503597122302156,REAL_AWS
2016-11-03 19:00:00,MAITRI,-3.5,972.4,63.0,17.1,286.0,0.24604316546762592,REAL_AWS
2016-11-03 20:00:00,MAITRI,-3.9,973.1,61.0,19.9,292.0,0.28633093525179854,REAL_AWS
2016-11-03 21:00:00,MAITRI,-4.5,973.8,63.0,21.1,281.0,0.3035971223021583,REAL_AWS
2016-11-03 22:00:00,MAITRI,-4.9,974.4,65.0,21.3,311.99999999999994,0.3064748201438849,REAL_AWS
2016-11-03 23:00:00,MAITRI,-5.2,974.9,54.0,25.8,287.0,0.37122302158273385,REAL_AWS
2016-11-04 00:00:00,MAITRI,-4.8,975.0,55.0,27.6,294.0,0.3971223021582734,REAL_AWS
2016-11-04 01:00:00,MAITRI,-4.9,975.3,57.0,30.9,308.0,0.4446043165467626,REAL_AWS
2016-11-04 02:00:00,MAITRI,-5.2,975.5,58.0,32.8,315.0,0.47194244604316543,REAL_AWS
2016-11-04 03:00:00,MAITRI,-4.8,976.3,57.0,29.7,292.0,0.4273381294964029,REAL_AWS
2016-11-04 04:00:00,MAITRI,-4.8,976.9,52.0,28.7,291.0,0.41294964028776976,REAL_AWS
2016-11-04 05:00:00,MAITRI,-4.5,977.4,45.0,30.3,302.0,0.43597122302158275,REAL_AWS
2016-11-04 06:00:00,MAITRI,-4.0,977.4,43.0,28.5,297.0,0.41007194244604317,REAL_AWS
2016-11-04 07:00:00,MAITRI,-3.6,977.7,43.0,27.9,292.0,0.4014388489208633,REAL_AWS
2016-11-04 08:00:00,MAITRI,-2.7,977.8,46.0,24.1,297.0,0.3467625899280576,REAL_AWS
2016-11-04 09:00:00,MAITRI,-2.6,977.7,45.0,29.5,292.0,0.4244604316546763,REAL_AWS
2016-11-04 10:00:00,MAITRI,-1.6,977.5,40.0,29.4,276.0,0.4230215827338129,REAL_AWS
2016-11-04 11:00:00,MAITRI,-1.8,977.1,43.0,27.4,287.0,0.39424460431654673,REAL_AWS
2016-11-04 12:00:00,MAITRI,-1.5,976.8,42.0,25.4,282.0,0.36546762589928056,REAL_AWS
2016-11-04 13:00:00,MAITRI,-0.9,976.3,41.0,25.0,279.0,0.3597122302158273,REAL_AWS
2016-11-04 14:00:00,MAITRI,-0.1,975.8,41.0,22.5,250.0,0.3237410071942446,REAL_AWS
2016-11-04 15:00:00,MAITRI,-0.7,975.3,46.0,18.4,242.0,0.2647482014388489,REAL_AWS
2016-11-04 16:00:00,MAITRI,-0.7,974.7,45.0,18.4,268.0,0.2647482014388489,REAL_AWS
2016-11-04 17:00:00,MAITRI,-1.9,974.1,49.0,16.7,276.0,0.24028776978417266,REAL_AWS
2016-11-04 18:00:00,MAITRI,-1.9,973.6,50.0,19.3,291.0,0.2776978417266187,REAL_AWS
2016-11-04 19:00:00,MAITRI,-2.2,973.1,53.0,18.6,327.0,0.26762589928057556,REAL_AWS
2016-11-04 20:00:00,MAITRI,-2.4,972.3,48.0,25.7,338.0,0.36978417266187047,REAL_AWS
2016-11-04 21:00:00,MAITRI,-2.1,972.0,47.0,24.4,311.0,0.35107913669064744,REAL_AWS
2016-11-04 22:00:00,MAITRI,-1.7,971.5,43.0,29.8,308.0,0.4287769784172662,REAL_AWS
2016-11-04 23:00:00,MAITRI,-2.0,971.2,46.0,31.5,309.0,0.45323741007194246,REAL_AWS
2016-11-05 00:00:00,MAITRI,-2.0,971.2,45.0,30.6,306.0,0.44028776978417267,REAL_AWS
2016-11-05 01:00:00,MAITRI,-2.5,971.6,42.0,30.1,301.0,0.4330935251798561,REAL_AWS
2016-11-05 02:00:00,MAITRI,-2.9,971.8,41.0,31.0,304.0,0.4460431654676259,REAL_AWS
2016-11-05 03:00:00,MAITRI,-3.0,972.1,39.0,30.4,304.0,0.437410071942446,REAL_AWS
2016-11-05 04:00:00,MAITRI,-2.6,972.2,37.0,28.4,294.0,0.40863309352517985,REAL_AWS
2016-11-05 05:00:00,MAITRI,-2.9,971.9,38.0,22.6,287.0,0.3251798561151079,REAL_AWS
2016-11-05 06:00:00,MAITRI,-2.6,971.5,42.0,26.3,295.0,0.37841726618705035,REAL_AWS
2016-11-05 07:00:00,MAITRI,-1.7,971.0,39.0,24.1,290.0,0.3467625899280576,REAL_AWS
2016-11-05 08:00:00,MAITRI,-1.4,970.9,41.0,22.6,259.0,0.3251798561151079,REAL_AWS
2016-11-05 09:00:00,MAITRI,-1.0,970.7,37.0,25.3,282.0,0.3640287769784173,REAL_AWS
2016-11-05 10:00:00,MAITRI,-0.1,970.2,34.0,29.2,266.0,0.4201438848920863,REAL_AWS
2016-11-05 11:00:00,MAITRI,0.9,969.8,40.0,20.1,233.0,0.2892086330935252,REAL_AWS
2016-11-05 12:00:00,MAITRI,1.3,969.3,42.0,21.0,216.0,0.302158273381295,REAL_AWS
2016-11-05 13:00:00,MAITRI,1.6,968.8,44.0,22.1,265.0,0.3179856115107914,REAL_AWS
2016-11-05 14:00:00,MAITRI,1.9,968.1,42.0,29.2,292.0,0.4201438848920863,REAL_AWS
2016-11-05 15:00:00,MAITRI,1.5,967.2,45.0,29.4,301.0,0.4230215827338129,REAL_AWS
2016-11-05 16:00:00,MAITRI,1.2,966.7,44.0,30.7,302.0,0.44172661870503593,REAL_AWS
2016-11-05 17:00:00,MAITRI,0.8,966.1,45.0,28.2,298.0,0.4057553956834532,REAL_AWS
2016-11-05 18:00:00,MAITRI,0.1,966.0,43.0,27.7,288.0,0.3985611510791367,REAL_AWS
2016-11-05 19:00:00,MAITRI,-0.5,965.6,43.0,28.9,290.0,0.4158273381294964,REAL_AWS
2016-11-05 20:00:00,MAITRI,-0.8,965.1,35.0,36.6,310.0,0.5266187050359712,REAL_AWS
2016-11-05 21:00:00,MAITRI,-1.4,965.3,33.0,32.0,302.0,0.460431654676259,REAL_AWS
2016-11-05 22:00:00,MAITRI,-1.9,965.1,32.0,36.3,308.0,0.5223021582733812,REAL_AWS
2016-11-05 23:00:00,MAITRI,-2.9,965.4,34.0,36.7,304.0,0.5280575539568346,REAL_AWS
2016-11-06 00:00:00,MAITRI,-3.7,965.5,35.0,38.0,305.0,0.5467625899280576,REAL_AWS
2016-11-06 01:00:00,MAITRI,-4.5,965.6,38.0,34.2,306.0,0.49208633093525184,REAL_AWS
2016-11-06 02:00:00,MAITRI,-4.8,965.8,34.0,37.5,308.0,0.539568345323741,REAL_AWS
2016-11-06 03:00:00,MAITRI,-4.8,965.7,32.0,43.0,309.0,0.6187050359712231,REAL_AWS
2016-11-06 04:00:00,MAITRI,-4.9,965.9,36.0,32.5,301.0,0.4676258992805755,REAL_AWS
2016-11-06 05:00:00,MAITRI,-4.9,966.3,35.0,41.5,293.0,0.5971223021582733,REAL_AWS
2016-11-06 06:00:00,MAITRI,-4.9,966.5,34.0,38.8,291.0,0.558273381294964,REAL_AWS
2016-11-06 07:00:00,MAITRI,-5.0,967.1,37.0,37.1,292.0,0.5338129496402878,REAL_AWS
2016-11-06 08:00:00,MAITRI,-4.8,967.2,36.0,35.4,290.0,0.5093525179856115,REAL_AWS
2016-11-06 09:00:00,MAITRI,-5.1,967.5,35.0,35.7,285.0,0.5136690647482015,REAL_AWS
2016-11-06 10:00:00,MAITRI,-5.1,966.9,36.0,39.5,287.0,0.5683453237410072,REAL_AWS
2016-11-06 11:00:00,MAITRI,-5.0,967.1,39.0,35.6,283.0,0.5122302158273382,REAL_AWS
2016-11-06 12:00:00,MAITRI,-5.0,967.3,43.0,35.6,279.0,0.5122302158273382,REAL_AWS
2016-11-06 13:00:00,MAITRI,-4.9,967.7,47.0,29.5,279.0,0.4244604316546763,REAL_AWS
2016-11-06 14:00:00,MAITRI,-4.9,967.3,45.0,32.0,281.0,0.460431654676259,REAL_AWS
2016-11-06 15:00:00,MAITRI,-4.7,966.8,43.0,29.4,110.0,0.4230215827338129,REAL_AWS
2016-11-06 16:00:00,MAITRI,-4.9,966.8,45.0,28.3,113.0,0.4071942446043166,REAL_AWS
2016-11-06 17:00:00,MAITRI,-5.2,967.2,47.0,25.4,106.0,0.36546762589928056,REAL_AWS
2016-11-06 18:00:00,MAITRI,-5.6,967.2,50.0,25.2,115.0,0.36258992805755397,REAL_AWS
2016-11-06 19:00:00,MAITRI,-5.8,967.3,49.0,26.2,112.0,0.376978417266187,REAL_AWS
2016-11-06 20:00:00,MAITRI,-6.3,967.3,51.0,26.0,110.0,0.37410071942446044,REAL_AWS
2016-11-06 21:00:00,MAITRI,-6.4,967.6,52.0,26.5,113.0,0.381294964028777,REAL_AWS
2016-11-06 22:00:00,MAITRI,-6.8,967.9,53.0,28.0,114.0,0.4028776978417266,REAL_AWS
2016-11-06 23:00:00,MAITRI,-7.3,968.1,55.0,27.9,114.0,0.4014388489208633,REAL_AWS
2016-11-07 00:00:00,MAITRI,-7.4,968.4,57.0,24.9,114.0,0.358273381294964,REAL_AWS
2016-11-07 01:00:00,MAITRI,-7.6,968.7,57.0,26.0,111.0,0.37410071942446044,REAL_AWS
2016-11-07 02:00:00,MAITRI,-7.9,968.8,61.0,26.9,116.0,0.3870503597122302,REAL_AWS
2016-11-07 03:00:00,MAITRI,-8.0,968.7,54.0,29.2,115.0,0.4201438848920863,REAL_AWS
2016-11-07 04:00:00,MAITRI,-8.2,968.5,50.0,33.8,115.0,0.48633093525179855,REAL_AWS
2016-11-07 05:00:00,MAITRI,-8.3,969.0,52.0,30.9,120.0,0.4446043165467626,REAL_AWS
2016-11-07 06:00:00,MAITRI,-8.3,969.3,51.0,31.0,121.0,0.4460431654676259,REAL_AWS
2016-11-07 07:00:00,MAITRI,-8.1,969.7,52.0,28.1,122.0,0.40431654676258993,REAL_AWS
2016-11-07 08:00:00,MAITRI,-7.8,969.7,51.0,32.7,118.0,0.4705035971223022,REAL_AWS
2016-11-07 09:00:00,MAITRI,-7.4,970.1,53.0,29.8,118.0,0.4287769784172662,REAL_AWS
2016-11-07 10:00:00,MAITRI,-7.0,970.1,55.0,27.4,113.0,0.39424460431654673,REAL_AWS
2016-11-07 11:00:00,MAITRI,-6.6,970.1,57.0,30.4,113.0,0.437410071942446,REAL_AWS
2016-11-07 12:00:00,MAITRI,-6.1,969.8,57.0,28.8,112.0,0.4143884892086331,REAL_AWS
2016-11-07 13:00:00,MAITRI,-5.6,969.4,55.0,26.5,112.0,0.381294964028777,REAL_AWS
2016-11-07 14:00:00,MAITRI,-5.3,969.0,54.0,26.2,112.0,0.376978417266187,REAL_AWS
2016-11-07 15:00:00,MAITRI,-5.4,968.7,57.0,28.8,103.0,0.4143884892086331,REAL_AWS
2016-11-07 16:00:00,MAITRI,-5.6,968.5,59.0,25.8,104.0,0.37122302158273385,REAL_AWS
2016-11-07 17:00:00,MAITRI,-5.4,968.3,58.0,23.6,105.0,0.339568345323741,REAL_AWS
2016-11-07 18:00:00,MAITRI,-5.3,967.8,59.0,23.4,111.0,0.3366906474820144,REAL_AWS
2016-11-07 19:00:00,MAITRI,-5.8,967.6,58.0,24.1,112.0,0.3467625899280576,REAL_AWS
2016-11-07 20:00:00,MAITRI,-5.9,967.5,64.0,24.3,114.0,0.3496402877697842,REAL_AWS
2016-11-07 21:00:00,MAITRI,-6.2,967.2,71.0,21.6,115.0,0.31079136690647485,REAL_AWS
2016-11-07 22:00:00,MAITRI,-6.2,966.9,63.0,24.0,111.0,0.34532374100719426,REAL_AWS
2016-11-07 23:00:00,MAITRI,-6.6,966.7,61.0,26.3,117.0,0.37841726618705035,REAL_AWS
2016-11-08 00:00:00,MAITRI,-6.8,966.9,62.0,24.5,109.0,0.35251798561151076,REAL_AWS
2016-11-08 01:00:00,MAITRI,-6.9,966.8,59.0,24.3,104.0,0.3496402877697842,REAL_AWS
2016-11-08 02:00:00,MAITRI,-7.5,966.1,64.0,25.5,114.0,0.3669064748201439,REAL_AWS
2016-11-08 03:00:00,MAITRI,-7.4,966.0,62.0,27.2,111.0,0.39136690647482014,REAL_AWS
2016-11-08 04:00:00,MAITRI,-7.5,965.9,64.0,25.4,110.0,0.36546762589928056,REAL_AWS
2016-11-08 05:00:00,MAITRI,-7.3,965.9,63.0,25.8,116.0,0.37122302158273385,REAL_AWS
2016-11-08 06:00:00,MAITRI,-7.1,965.7,61.0,25.2,115.0,0.36258992805755397,REAL_AWS
2016-11-08 07:00:00,MAITRI,-6.9,965.6,68.0,26.5,125.0,0.381294964028777,REAL_AWS
2016-11-08 08:00:00,MAITRI,-6.3,965.6,65.0,25.5,121.0,0.3669064748201439,REAL_AWS
2016-11-08 09:00:00,MAITRI,-5.8,965.4,59.0,27.1,120.0,0.3899280575539569,REAL_AWS
2016-11-08 10:00:00,MAITRI,-5.6,965.6,58.0,27.3,118.0,0.39280575539568346,REAL_AWS
2016-11-08 11:00:00,MAITRI,-5.5,965.7,60.0,26.4,117.0,0.37985611510791367,REAL_AWS
2016-11-08 12:00:00,MAITRI,-5.1,965.5,55.0,27.7,113.0,0.3985611510791367,REAL_AWS
2016-11-08 13:00:00,MAITRI,-5.1,965.5,56.0,25.5,111.0,0.3669064748201439,REAL_AWS
2016-11-08 14:00:00,MAITRI,-5.1,965.6,57.0,24.9,104.0,0.358273381294964,REAL_AWS
2016-11-08 15:00:00,MAITRI,-5.2,965.3,55.0,24.2,111.0,0.34820143884892085,REAL_AWS
2016-11-08 16:00:00,MAITRI,-5.2,965.0,54.0,24.5,112.0,0.35251798561151076,REAL_AWS
2016-11-08 17:00:00,MAITRI,-5.2,965.1,55.0,21.2,114.0,0.30503597122302156,REAL_AWS
2016-11-08 18:00:00,MAITRI,-5.6,965.3,54.0,22.8,101.0,0.32805755395683456,REAL_AWS
2016-11-08 19:00:00,MAITRI,-6.0,965.7,55.0,22.5,105.0,0.3237410071942446,REAL_AWS
2016-11-08 20:00:00,MAITRI,-6.4,966.0,60.0,19.0,113.0,0.2733812949640288,REAL_AWS
2016-11-08 21:00:00,MAITRI,-6.5,966.4,60.0,19.4,115.0,0.279136690647482,REAL_AWS
2016-11-08 22:00:00,MAITRI,-6.6,966.6,60.0,15.5,120.0,0.22302158273381295,REAL_AWS
2016-11-08 23:00:00,MAITRI,-6.7,966.9,57.0,18.2,123.0,0.2618705035971223,REAL_AWS
2016-11-09 00:00:00,MAITRI,-6.8,967.0,55.0,20.6,117.0,0.29640287769784174,REAL_AWS
2016-11-09 01:00:00,MAITRI,-7.0,967.1,53.0,21.3,116.0,0.3064748201438849,REAL_AWS
2016-11-09 02:00:00,MAITRI,-7.1,967.4,51.0,22.1,117.0,0.3179856115107914,REAL_AWS
2016-11-09 03:00:00,MAITRI,-7.2,967.7,48.0,20.2,121.0,0.2906474820143885,REAL_AWS
2016-11-09 04:00:00,MAITRI,-6.9,968.0,47.0,21.4,120.0,0.3079136690647482,REAL_AWS
2016-11-09 05:00:00,MAITRI,-6.5,968.7,43.0,24.9,113.0,0.358273381294964,REAL_AWS
2016-11-09 06:00:00,MAITRI,-6.1,969.6,43.0,24.5,118.0,0.35251798561151076,REAL_AWS
2016-11-09 07:00:00,MAITRI,-5.8,970.2,46.0,24.9,114.0,0.358273381294964,REAL_AWS
2016-11-09 08:00:00,MAITRI,-5.3,970.6,47.0,24.6,116.0,0.35395683453237414,REAL_AWS
2016-11-09 09:00:00,MAITRI,-4.9,971.4,48.0,23.6,114.0,0.339568345323741,REAL_AWS
2016-11-09 10:00:00,MAITRI,-4.6,972.1,48.0,23.4,104.0,0.3366906474820144,REAL_AWS
2016-11-09 11:00:00,MAITRI,-4.3,972.4,45.0,24.4,98.0,0.35107913669064744,REAL_AWS
2016-11-09 12:00:00,MAITRI,-4.2,972.9,45.0,26.4,97.0,0.37985611510791367,REAL_AWS
2016-11-09 13:00:00,MAITRI,-4.3,973.5,45.0,27.1,104.0,0.3899280575539569,REAL_AWS
2016-11-09 14:00:00,MAITRI,-4.1,973.8,48.0,25.9,104.0,0.3726618705035971,REAL_AWS
2016-11-09 15:00:00,MAITRI,-4.2,974.3,50.0,23.2,103.0,0.33381294964028774,REAL_AWS
2016-11-09 16:00:00,MAITRI,-4.6,975.0,52.0,22.9,99.0,0.3294964028776978,REAL_AWS
2016-11-09 17:00:00,MAITRI,-4.6,975.7,53.0,24.0,96.0,0.34532374100719426,REAL_AWS
2016-11-09 18:00:00,MAITRI,-5.0,976.2,56.0,24.8,114.0,0.35683453237410073,REAL_AWS
2016-11-09 19:00:00,MAITRI,-5.5,976.8,57.0,23.4,117.0,0.3366906474820144,REAL_AWS
2016-11-09 20:00:00,MAITRI,-5.8,977.4,55.0,24.1,115.0,0.3467625899280576,REAL_AWS
2016-11-09 21:00:00,MAITRI,-6.0,978.0,53.0,26.0,115.0,0.37410071942446044,REAL_AWS
2016-11-09 22:00:00,MAITRI,-6.2,978.5,53.0,22.9,116.0,0.3294964028776978,REAL_AWS
2016-11-09 23:00:00,MAITRI,-6.3,978.7,48.0,27.0,126.0,0.38848920863309355,REAL_AWS
2016-11-10 00:00:00,MAITRI,-6.3,979.1,47.0,26.2,128.0,0.376978417266187,REAL_AWS
2016-11-10 01:00:00,MAITRI,-6.3,979.2,44.0,25.2,120.0,0.36258992805755397,REAL_AWS
2016-11-10 02:00:00,MAITRI,-6.1,979.5,37.0,29.2,124.0,0.4201438848920863,REAL_AWS
2016-11-10 03:00:00,MAITRI,-5.6,979.6,33.0,26.6,115.0,0.3827338129496403,REAL_AWS
2016-11-10 04:00:00,MAITRI,-5.8,980.0,40.0,24.1,113.0,0.3467625899280576,REAL_AWS
2016-11-10 05:00:00,MAITRI,-5.5,980.2,34.0,23.3,106.0,0.3352517985611511,REAL_AWS
2016-11-10 06:00:00,MAITRI,-4.6,979.6,38.0,19.5,105.0,0.2805755395683453,REAL_AWS
2016-11-10 07:00:00,MAITRI,-3.5,979.7,34.0,24.8,105.0,0.35683453237410073,REAL_AWS
2016-11-10 08:00:00,MAITRI,-2.4,979.1,32.0,22.7,104.0,0.32661870503597124,REAL_AWS
2016-11-10 09:00:00,MAITRI,-1.8,978.4,33.0,21.4,87.0,0.3079136690647482,REAL_AWS
2016-11-10 10:00:00,MAITRI,-0.6,977.9,32.0,25.0,86.0,0.3597122302158273,REAL_AWS
2016-11-10 11:00:00,MAITRI,-0.1,977.4,30.0,21.0,105.0,0.302158273381295,REAL_AWS
2016-11-10 12:00:00,MAITRI,0.4,976.8,31.0,18.6,72.0,0.26762589928057556,REAL_AWS
2016-11-10 13:00:00,MAITRI,0.1,976.5,31.0,19.4,61.0,0.279136690647482,REAL_AWS
2016-11-10 14:00:00,MAITRI,-0.3,976.2,32.0,14.0,82.0,0.2014388489208633,REAL_AWS
2016-11-10 15:00:00,MAITRI,-1.0,975.6,32.0,13.2,38.0,0.18992805755395684,REAL_AWS
2016-11-10 16:00:00,MAITRI,-2.1,975.1,37.0,11.0,192.99999999999997,0.15827338129496402,REAL_AWS
2016-11-10 17:00:00,MAITRI,-2.0,974.8,38.0,13.8,256.0,0.1985611510791367,REAL_AWS
2016-11-10 18:00:00,MAITRI,-1.7,974.3,49.0,13.1,153.0,0.1884892086330935,REAL_AWS
2016-11-10 19:00:00,MAITRI,-1.8,973.6,47.0,23.7,154.0,0.3410071942446043,REAL_AWS
2016-11-10 20:00:00,MAITRI,-2.2,973.4,45.0,25.7,149.0,0.36978417266187047,REAL_AWS
2016-11-10 21:00:00,MAITRI,-2.8,973.7,47.0,21.8,144.0,0.31366906474820144,REAL_AWS
2016-11-10 22:00:00,MAITRI,-2.9,973.9,44.0,25.4,151.0,0.36546762589928056,REAL_AWS
2016-11-10 23:00:00,MAITRI,-3.4,974.5,47.0,14.7,92.0,0.21151079136690645,REAL_AWS
2016-11-11 00:00:00,MAITRI,-4.0,974.9,50.0,14.1,117.0,0.2028776978417266,REAL_AWS
2016-11-11 01:00:00,MAITRI,-5.1,975.4,51.0,17.5,93.0,0.2517985611510791,REAL_AWS
2016-11-11 02:00:00,MAITRI,-6.3,975.8,55.0,17.2,115.0,0.24748201438848919,REAL_AWS
2016-11-11 03:00:00,MAITRI,-6.8,976.2,56.0,21.8,127.0,0.31366906474820144,REAL_AWS
2016-11-11 04:00:00,MAITRI,-5.7,976.6,52.0,20.1,122.0,0.2892086330935252,REAL_AWS
2016-11-11 05:00:00,MAITRI,-5.0,977.1,50.0,21.1,114.0,0.3035971223021583,REAL_AWS
2016-11-11 06:00:00,MAITRI,-4.4,977.8,49.0,19.6,111.0,0.2820143884892087,REAL_AWS
2016-11-11 07:00:00,MAITRI,-4.0,978.7,51.0,18.0,37.0,0.2589928057553957,REAL_AWS
2016-11-11 08:00:00,MAITRI,-6.1,979.7,58.0,13.0,325.0,0.18705035971223022,REAL_AWS
2016-11-11 09:00:00,MAITRI,-5.4,980.5,55.0,14.7,358.0,0.21151079136690645,REAL_AWS
2016-11-11 10:00:00,MAITRI,-5.7,980.9,58.0,15.6,5.0,0.22446043165467625,REAL_AWS
2016-11-11 11:00:00,MAITRI,-6.0,981.3,61.0,16.0,2.0,0.2302158273381295,REAL_AWS
2016-11-11 12:00:00,MAITRI,-5.3,981.7,61.0,15.2,4.0,0.218705035971223,REAL_AWS
2016-11-11 13:00:00,MAITRI,-5.5,981.9,61.0,15.1,7.0,0.21726618705035972,REAL_AWS
2016-11-11 14:00:00,MAITRI,-5.8,982.0,65.0,15.7,3.0,0.22589928057553957,REAL_AWS
2016-11-11 15:00:00,MAITRI,-6.2,982.1,69.0,15.3,358.0,0.22014388489208633,REAL_AWS
2016-11-11 16:00:00,MAITRI,-6.7,982.4,73.0,14.9,355.0,0.2143884892086331,REAL_AWS
2016-11-11 17:00:00,MAITRI,-7.2,983.0,75.0,14.2,320.0,0.20431654676258992,REAL_AWS
2016-11-11 18:00:00,MAITRI,-7.8,983.2,78.0,14.0,309.0,0.2014388489208633,REAL_AWS
2016-11-11 19:00:00,MAITRI,-8.0,983.8,78.0,11.8,283.0,0.1697841726618705,REAL_AWS
2016-11-11 20:00:00,MAITRI,-8.7,983.8,80.0,12.9,300.0,0.18561151079136692,REAL_AWS
2016-11-11 21:00:00,MAITRI,-9.1,984.0,78.0,13.3,303.0,0.19136690647482016,REAL_AWS
2016-11-11 22:00:00,MAITRI,-9.6,984.0,77.0,10.3,313.0,0.14820143884892087,REAL_AWS
2016-11-11 23:00:00,MAITRI,-9.8,984.1,76.0,9.1,27.0,0.13093525179856114,REAL_AWS
2016-11-12 00:00:00,MAITRI,-10.0,984.2,75.0,5.9,99.0,0.08489208633093526,REAL_AWS
2016-11-12 01:00:00,MAITRI,-10.3,984.2,76.0,8.9,120.0,0.12805755395683455,REAL_AWS
2016-11-12 02:00:00,MAITRI,-10.4,984.1,77.0,8.5,162.0,0.1223021582733813,REAL_AWS
2016-11-12 03:00:00,MAITRI,-10.1,983.7,77.0,9.6,318.0,0.1381294964028777,REAL_AWS
2016-11-12 04:00:00,MAITRI,-9.1,983.9,75.0,7.0,39.0,0.10071942446043165,REAL_AWS
2016-11-12 05:00:00,MAITRI,-6.8,984.0,68.0,9.0,5.0,0.12949640287769784,REAL_AWS
2016-11-12 06:00:00,MAITRI,-3.8,983.9,54.0,9.6,34.0,0.1381294964028777,REAL_AWS
2016-11-12 07:00:00,MAITRI,-1.1,983.9,45.0,12.2,81.0,0.17553956834532372,REAL_AWS
2016-11-12 08:00:00,MAITRI,0.5,983.6,38.0,16.2,107.0,0.2330935251798561,REAL_AWS
2016-11-12 09:00:00,MAITRI,1.1,984.0,35.0,15.4,113.0,0.22158273381294966,REAL_AWS
2016-11-12 10:00:00,MAITRI,1.5,983.7,26.0,14.3,131.0,0.20575539568345325,REAL_AWS
2016-11-12 11:00:00,MAITRI,1.5,983.7,27.0,12.2,126.0,0.17553956834532372,REAL_AWS
2016-11-12 12:00:00,MAITRI,1.5,983.9,27.0,13.0,147.0,0.18705035971223022,REAL_AWS
2016-11-12 13:00:00,MAITRI,1.5,983.7,30.0,10.8,149.0,0.15539568345323743,REAL_AWS
2016-11-12 14:00:00,MAITRI,1.8,983.6,31.0,10.0,251.0,0.14388489208633093,REAL_AWS
2016-11-12 15:00:00,MAITRI,2.7,983.3,27.0,13.9,320.0,0.2,REAL_AWS
2016-11-12 16:00:00,MAITRI,1.9,983.3,38.0,16.3,246.0,0.23453237410071945,REAL_AWS
2016-11-12 17:00:00,MAITRI,1.3,983.5,35.0,18.6,257.0,0.26762589928057556,REAL_AWS
2016-11-12 18:00:00,MAITRI,1.0,983.7,40.0,12.5,278.0,0.17985611510791366,REAL_AWS
2016-11-12 19:00:00,MAITRI,-0.3,983.9,56.0,11.9,176.0,0.1712230215827338,REAL_AWS
2016-11-12 20:00:00,MAITRI,-1.0,984.1,54.0,17.0,165.0,0.2446043165467626,REAL_AWS
2016-11-12 21:00:00,MAITRI,-1.5,984.2,52.0,18.3,181.99999999999997,0.2633093525179856,REAL_AWS
2016-11-12 22:00:00,MAITRI,-0.8,984.7,45.0,23.8,161.0,0.3424460431654676,REAL_AWS
2016-11-12 23:00:00,MAITRI,-2.5,985.2,47.0,22.6,173.0,0.3251798561151079,REAL_AWS
2016-11-13 00:00:00,MAITRI,-2.1,985.8,42.0,24.5,162.0,0.35251798561151076,REAL_AWS
2016-11-13 01:00:00,MAITRI,-2.4,986.0,38.0,22.3,173.0,0.320863309352518,REAL_AWS
2016-11-13 02:00:00,MAITRI,-3.4,986.2,40.0,24.0,175.0,0.34532374100719426,REAL_AWS
2016-11-13 03:00:00,MAITRI,-4.0,986.3,41.0,25.4,180.0,0.36546762589928056,REAL_AWS
2016-11-13 04:00:00,MAITRI,-2.9,986.7,34.0,25.2,173.0,0.36258992805755397,REAL_AWS
2016-11-13 05:00:00,MAITRI,-2.9,986.6,37.0,24.7,173.0,0.3553956834532374,REAL_AWS
2016-11-13 06:00:00,MAITRI,-2.4,986.7,37.0,24.1,174.0,0.3467625899280576,REAL_AWS
2016-11-13 07:00:00,MAITRI,-1.6,986.7,38.0,24.0,174.0,0.34532374100719426,REAL_AWS
2016-11-13 08:00:00,MAITRI,-0.8,986.7,38.0,20.3,174.0,0.2920863309352518,REAL_AWS
2016-11-13 09:00:00,MAITRI,0.2,986.5,40.0,19.2,173.0,0.2762589928057554,REAL_AWS
2016-11-13 10:00:00,MAITRI,1.2,986.5,37.0,17.0,173.0,0.2446043165467626,REAL_AWS
2016-11-13 11:00:00,MAITRI,3.1,986.4,37.0,14.1,1.0,0.2028776978417266,REAL_AWS
2016-11-13 12:00:00,MAITRI,3.3,986.5,38.0,15.8,4.0,0.2273381294964029,REAL_AWS
2016-11-13 13:00:00,MAITRI,2.8,986.7,33.0,15.2,358.0,0.218705035971223,REAL_AWS
2016-11-13 14:00:00,MAITRI,2.5,986.8,34.0,11.1,306.0,0.15971223021582734,REAL_AWS
2016-11-13 15:00:00,MAITRI,2.4,986.8,37.0,12.9,1.0,0.18561151079136692,REAL_AWS
2016-11-13 16:00:00,MAITRI,1.6,986.6,38.0,11.4,356.99999999999994,0.16402877697841728,REAL_AWS
2016-11-13 17:00:00,MAITRI,1.2,986.7,40.0,5.8,124.0,0.08345323741007193,REAL_AWS
2016-11-13 18:00:00,MAITRI,0.7,986.8,44.0,12.7,113.0,0.18273381294964028,REAL_AWS
2016-11-13 19:00:00,MAITRI,0.1,987.0,38.0,17.7,87.0,0.25467625899280577,REAL_AWS
2016-11-13 20:00:00,MAITRI,-0.8,987.4,43.0,20.8,114.0,0.2992805755395684,REAL_AWS
2016-11-13 21:00:00,MAITRI,-1.8,987.8,41.0,23.8,126.0,0.3424460431654676,REAL_AWS
2016-11-13 22:00:00,MAITRI,-2.9,987.6,45.0,25.3,118.0,0.3640287769784173,REAL_AWS
2016-11-13 23:00:00,MAITRI,-2.6,988.0,40.0,30.9,134.0,0.4446043165467626,REAL_AWS
2016-11-14 00:00:00,MAITRI,-3.2,987.7,38.0,34.1,136.0,0.4906474820143885,REAL_AWS
2016-11-14 01:00:00,MAITRI,-3.4,988.1,37.0,33.1,132.0,0.4762589928057554,REAL_AWS
2016-11-14 02:00:00,MAITRI,-3.5,988.9,35.0,29.1,124.0,0.41870503597122305,REAL_AWS
2016-11-14 03:00:00,MAITRI,-3.5,989.0,34.0,27.2,120.0,0.39136690647482014,REAL_AWS
2016-11-14 04:00:00,MAITRI,-3.1,988.9,34.0,25.8,109.0,0.37122302158273385,REAL_AWS
2016-11-14 05:00:00,MAITRI,-3.4,989.0,34.0,30.9,127.0,0.4446043165467626,REAL_AWS
2016-11-14 06:00:00,MAITRI,-3.1,989.3,34.0,28.2,119.0,0.4057553956834532,REAL_AWS
2016-11-14 07:00:00,MAITRI,-2.9,988.9,37.0,29.5,120.0,0.4244604316546763,REAL_AWS
2016-11-14 08:00:00,MAITRI,-2.6,989.1,36.0,32.1,112.0,0.46187050359712234,REAL_AWS
2016-11-14 09:00:00,MAITRI,-2.1,989.1,37.0,30.6,113.0,0.44028776978417267,REAL_AWS
2016-11-14 10:00:00,MAITRI,-1.9,989.2,41.0,29.0,84.0,0.4172661870503597,REAL_AWS
2016-11-14 11:00:00,MAITRI,-1.7,989.5,41.0,30.8,90.0,0.4431654676258993,REAL_AWS
2016-11-14 12:00:00,MAITRI,-1.6,989.1,41.0,28.4,98.0,0.40863309352517985,REAL_AWS
2016-11-14 13:00:00,MAITRI,-1.5,988.4,42.0,24.3,102.0,0.3496402877697842,REAL_AWS
2016-11-14 14:00:00,MAITRI,-1.3,987.9,45.0,25.0,108.0,0.3597122302158273,REAL_AWS
2016-11-14 15:00:00,MAITRI,-1.7,987.6,44.0,28.7,93.0,0.41294964028776976,REAL_AWS
2016-11-14 16:00:00,MAITRI,-1.7,987.2,44.0,22.5,103.0,0.3237410071942446,REAL_AWS
2016-11-14 17:00:00,MAITRI,-1.8,986.9,42.0,23.4,105.0,0.3366906474820144,REAL_AWS
2016-11-14 18:00:00,MAITRI,-2.0,986.8,44.0,21.1,111.0,0.3035971223021583,REAL_AWS
2016-11-14 19:00:00,MAITRI,-2.5,986.5,41.0,24.5,113.0,0.35251798561151076,REAL_AWS
2016-11-14 20:00:00,MAITRI,-3.0,986.3,41.0,23.8,114.0,0.3424460431654676,REAL_AWS
2016-11-14 21:00:00,MAITRI,-3.6,986.2,42.0,21.6,103.0,0.31079136690647485,REAL_AWS
2016-11-14 22:00:00,MAITRI,-4.5,986.0,49.0,16.3,118.0,0.23453237410071945,REAL_AWS
2016-11-14 23:00:00,MAITRI,-5.5,985.7,52.0,17.0,112.0,0.2446043165467626,REAL_AWS
2016-11-15 00:00:00,MAITRI,-4.1,984.8,36.0,23.6,124.0,0.339568345323741,REAL_AWS
2016-11-15 01:00:00,MAITRI,-4.2,984.6,39.0,24.9,135.0,0.358273381294964,REAL_AWS
2016-11-15 02:00:00,MAITRI,-4.1,984.3,37.0,27.9,140.0,0.4014388489208633,REAL_AWS
2016-11-15 03:00:00,MAITRI,-3.8,984.3,35.0,28.7,140.0,0.41294964028776976,REAL_AWS
2016-11-15 04:00:00,MAITRI,-3.5,984.0,35.0,29.0,144.0,0.4172661870503597,REAL_AWS
2016-11-15 05:00:00,MAITRI,-3.2,984.2,34.0,27.2,135.0,0.39136690647482014,REAL_AWS
2016-11-15 06:00:00,MAITRI,-3.0,984.4,32.0,30.2,137.0,0.43453237410071943,REAL_AWS
2016-11-15 07:00:00,MAITRI,-2.5,985.0,37.0,22.1,113.0,0.3179856115107914,REAL_AWS
2016-11-15 08:00:00,MAITRI,-1.9,985.0,34.0,23.4,110.0,0.3366906474820144,REAL_AWS
2016-11-15 09:00:00,MAITRI,-1.6,985.1,34.0,22.1,107.0,0.3179856115107914,REAL_AWS
2016-11-15 10:00:00,MAITRI,-0.7,985.4,32.0,26.9,76.0,0.3870503597122302,REAL_AWS
2016-11-15 11:00:00,MAITRI,0.3,985.3,33.0,24.0,73.0,0.34532374100719426,REAL_AWS
2016-11-15 12:00:00,MAITRI,0.4,985.2,35.0,21.6,73.0,0.31079136690647485,REAL_AWS
2016-11-15 13:00:00,MAITRI,0.2,985.4,38.0,21.0,75.0,0.302158273381295,REAL_AWS
2016-11-15 14:00:00,MAITRI,-0.1,985.5,38.0,22.3,79.0,0.320863309352518,REAL_AWS
2016-11-15 15:00:00,MAITRI,-1.2,985.6,42.0,26.3,64.0,0.37841726618705035,REAL_AWS
2016-11-15 16:00:00,MAITRI,-1.2,985.9,44.0,23.1,82.0,0.33237410071942447,REAL_AWS
2016-11-15 17:00:00,MAITRI,-1.6,986.0,45.0,20.1,80.0,0.2892086330935252,REAL_AWS
2016-11-15 18:00:00,MAITRI,-2.4,986.5,52.0,17.6,63.0,0.25323741007194245,REAL_AWS
2016-11-15 19:00:00,MAITRI,-3.1,986.8,55.0,13.3,80.0,0.19136690647482016,REAL_AWS
2016-11-15 20:00:00,MAITRI,-3.6,987.0,56.0,13.0,72.0,0.18705035971223022,REAL_AWS
2016-11-15 21:00:00,MAITRI,-4.4,987.2,56.0,11.7,71.0,0.1683453237410072,REAL_AWS
2016-11-15 22:00:00,MAITRI,-4.4,987.3,55.0,14.3,110.0,0.20575539568345325,REAL_AWS
2016-11-15 23:00:00,MAITRI,-4.3,987.4,48.0,16.2,112.0,0.2330935251798561,REAL_AWS
2016-11-16 00:00:00,MAITRI,-4.2,987.5,45.0,14.2,121.0,0.20431654676258992,REAL_AWS
2016-11-16 01:00:00,MAITRI,-4.6,987.6,43.0,22.7,155.0,0.32661870503597124,REAL_AWS
2016-11-16 02:00:00,MAITRI,-4.8,987.7,45.0,23.7,148.0,0.3410071942446043,REAL_AWS
2016-11-16 03:00:00,MAITRI,-4.2,987.6,44.0,21.2,157.0,0.30503597122302156,REAL_AWS
2016-11-16 04:00:00,MAITRI,-4.0,987.4,40.0,23.2,158.0,0.33381294964028774,REAL_AWS
2016-11-16 05:00:00,MAITRI,-3.8,987.4,38.0,25.3,154.0,0.3640287769784173,REAL_AWS
2016-11-16 06:00:00,MAITRI,-2.4,987.4,37.0,18.8,131.0,0.27050359712230215,REAL_AWS
2016-11-16 07:00:00,MAITRI,-1.3,987.3,38.0,19.4,111.0,0.279136690647482,REAL_AWS
2016-11-16 08:00:00,MAITRI,-1.3,987.7,39.0,24.1,88.0,0.3467625899280576,REAL_AWS
2016-11-16 09:00:00,MAITRI,-0.3,987.3,38.0,20.4,93.0,0.2935251798561151,REAL_AWS
2016-11-16 10:00:00,MAITRI,0.0,987.3,44.0,15.3,71.0,0.22014388489208633,REAL_AWS
2016-11-16 11:00:00,MAITRI,-0.1,987.1,45.0,10.8,50.0,0.15539568345323743,REAL_AWS
2016-11-16 12:00:00,MAITRI,0.8,986.7,45.0,13.0,24.0,0.18705035971223022,REAL_AWS
2016-11-16 13:00:00,MAITRI,1.0,986.1,42.0,9.5,39.0,0.1366906474820144,REAL_AWS
2016-11-16 14:00:00,MAITRI,0.9,985.6,44.0,10.2,338.99999999999994,0.14676258992805755,REAL_AWS
2016-11-16 15:00:00,MAITRI,1.7,985.3,44.0,11.7,79.0,0.1683453237410072,REAL_AWS
2016-11-16 16:00:00,MAITRI,0.8,984.9,47.0,13.5,44.0,0.19424460431654678,REAL_AWS
2016-11-16 17:00:00,MAITRI,0.7,984.4,41.0,11.7,86.0,0.1683453237410072,REAL_AWS
2016-11-16 18:00:00,MAITRI,-0.1,984.1,47.0,8.9,127.0,0.12805755395683455,REAL_AWS
2016-11-16 19:00:00,MAITRI,-0.6,984.1,46.0,10.3,38.0,0.14820143884892087,REAL_AWS
2016-11-16 20:00:00,MAITRI,-0.9,984.0,52.0,11.4,112.0,0.16402877697841728,REAL_AWS
2016-11-16 21:00:00,MAITRI,-1.8,983.7,57.0,17.8,101.0,0.2561151079136691,REAL_AWS
2016-11-16 22:00:00,MAITRI,-2.6,983.1,59.0,15.6,107.0,0.22446043165467625,REAL_AWS
2016-11-16 23:00:00,MAITRI,-2.7,982.6,55.0,18.8,110.0,0.27050359712230215,REAL_AWS
2016-11-17 00:00:00,MAITRI,-2.9,982.2,55.0,18.2,130.0,0.2618705035971223,REAL_AWS
2016-11-17 01:00:00,MAITRI,-2.6,981.3,52.0,16.4,124.0,0.23597122302158272,REAL_AWS
2016-11-17 02:00:00,MAITRI,-2.2,980.7,55.0,14.9,104.0,0.2143884892086331,REAL_AWS
2016-11-17 03:00:00,MAITRI,-1.5,979.7,51.0,19.7,111.0,0.28345323741007195,REAL_AWS
2016-11-17 04:00:00,MAITRI,-1.0,979.2,48.0,20.7,114.0,0.297841726618705,REAL_AWS
2016-11-17 05:00:00,MAITRI,-1.0,978.5,49.0,19.2,116.0,0.2762589928057554,REAL_AWS
2016-11-17 06:00:00,MAITRI,-0.5,977.6,43.0,20.5,125.0,0.2949640287769784,REAL_AWS
2016-11-17 07:00:00,MAITRI,-0.1,977.4,41.0,22.3,114.0,0.320863309352518,REAL_AWS
2016-11-17 08:00:00,MAITRI,-0.1,977.1,38.0,25.6,95.0,0.3683453237410072,REAL_AWS
2016-11-17 09:00:00,MAITRI,-0.9,976.6,53.0,17.3,79.0,0.24892086330935254,REAL_AWS
2016-11-17 10:00:00,MAITRI,-0.7,976.1,38.0,25.4,92.0,0.36546762589928056,REAL_AWS
2016-11-17 11:00:00,MAITRI,-1.1,975.9,44.0,23.3,88.0,0.3352517985611511,REAL_AWS
2016-11-17 12:00:00,MAITRI,-0.6,975.4,50.0,19.0,85.0,0.2733812949640288,REAL_AWS
2016-11-17 13:00:00,MAITRI,-0.9,975.0,51.0,19.0,99.0,0.2733812949640288,REAL_AWS
2016-11-17 14:00:00,MAITRI,-1.2,974.6,52.0,24.6,109.0,0.35395683453237414,REAL_AWS
2016-11-17 15:00:00,MAITRI,-1.9,974.7,62.0,26.5,106.0,0.381294964028777,REAL_AWS
2016-11-17 16:00:00,MAITRI,-2.3,974.5,68.0,22.9,110.0,0.3294964028776978,REAL_AWS
2016-11-17 17:00:00,MAITRI,-2.2,974.1,69.0,25.4,114.0,0.36546762589928056,REAL_AWS
2016-11-17 18:00:00,MAITRI,-2.3,974.3,68.0,24.5,116.0,0.35251798561151076,REAL_AWS
2016-11-17 19:00:00,MAITRI,-2.5,974.3,74.0,22.1,125.0,0.3179856115107914,REAL_AWS
2016-11-17 20:00:00,MAITRI,-3.0,974.1,79.0,28.9,134.0,0.4158273381294964,REAL_AWS
2016-11-17 21:00:00,MAITRI,-3.2,974.1,80.0,28.8,131.0,0.4143884892086331,REAL_AWS
2016-11-17 22:00:00,MAITRI,-2.8,973.8,66.0,23.2,127.0,0.33381294964028774,REAL_AWS
2016-11-17 23:00:00,MAITRI,-3.0,973.5,71.0,31.2,132.0,0.4489208633093525,REAL_AWS
2016-11-18 00:00:00,MAITRI,-2.9,973.6,75.0,26.3,122.0,0.37841726618705035,REAL_AWS
2016-11-18 01:00:00,MAITRI,-3.1,973.5,73.0,30.9,134.0,0.4446043165467626,REAL_AWS
2016-11-18 02:00:00,MAITRI,-2.3,973.9,62.0,24.1,117.0,0.3467625899280576,REAL_AWS
2016-11-18 03:00:00,MAITRI,-2.7,974.1,72.0,24.4,125.0,0.35107913669064744,REAL_AWS
2016-11-18 04:00:00,MAITRI,-3.1,974.1,78.0,31.3,138.0,0.4503597122302158,REAL_AWS
2016-11-18 05:00:00,MAITRI,-2.6,974.3,70.0,27.2,134.0,0.39136690647482014,REAL_AWS
2016-11-18 06:00:00,MAITRI,-1.8,974.8,60.0,23.5,122.0,0.3381294964028777,REAL_AWS
2016-11-18 07:00:00,MAITRI,-1.4,975.2,59.0,20.1,117.0,0.2892086330935252,REAL_AWS
2016-11-18 08:00:00,MAITRI,-1.4,975.5,55.0,24.4,127.0,0.35107913669064744,REAL_AWS
2016-11-18 09:00:00,MAITRI,-1.6,975.9,51.0,22.9,125.0,0.3294964028776978,REAL_AWS
2016-11-18 10:00:00,MAITRI,-1.4,976.2,51.0,19.0,112.0,0.2733812949640288,REAL_AWS
2016-11-18 11:00:00,MAITRI,-0.8,976.0,49.0,21.3,103.0,0.3064748201438849,REAL_AWS
2016-11-18 12:00:00,MAITRI,-0.9,975.9,48.0,21.5,100.0,0.30935251798561153,REAL_AWS
2016-11-18 13:00:00,MAITRI,-0.7,975.7,48.0,21.6,96.0,0.31079136690647485,REAL_AWS
2016-11-18 14:00:00,MAITRI,-1.0,975.7,52.0,19.1,105.0,0.2748201438848921,REAL_AWS
2016-11-18 15:00:00,MAITRI,-1.0,975.6,51.0,16.6,105.0,0.23884892086330936,REAL_AWS
2016-11-18 16:00:00,MAITRI,-0.7,975.7,50.0,16.0,104.0,0.2302158273381295,REAL_AWS
2016-11-18 17:00:00,MAITRI,-1.0,976.0,49.0,14.4,91.0,0.20719424460431654,REAL_AWS
2016-11-18 18:00:00,MAITRI,-1.3,976.0,51.0,14.3,81.0,0.20575539568345325,REAL_AWS
2016-11-18 19:00:00,MAITRI,-1.7,976.0,49.0,14.0,98.0,0.2014388489208633,REAL_AWS
2016-11-18 20:00:00,MAITRI,-2.6,975.8,54.0,14.7,151.0,0.21151079136690645,REAL_AWS
2016-11-18 21:00:00,MAITRI,-3.1,975.9,50.0,13.5,157.0,0.19424460431654678,REAL_AWS
2016-11-18 22:00:00,MAITRI,-4.0,975.8,55.0,16.7,182.99999999999997,0.24028776978417266,REAL_AWS
2016-11-18 23:00:00,MAITRI,-3.7,975.6,46.0,14.4,175.0,0.20719424460431654,REAL_AWS
2016-11-19 00:00:00,MAITRI,-4.3,975.6,45.0,10.7,141.0,0.1539568345323741,REAL_AWS
2016-11-19 01:00:00,MAITRI,-4.6,975.3,41.0,20.9,170.0,0.30071942446043165,REAL_AWS
2016-11-19 02:00:00,MAITRI,-4.0,975.1,39.0,25.9,169.0,0.3726618705035971,REAL_AWS
2016-11-19 03:00:00,MAITRI,-3.8,975.1,37.0,30.2,165.0,0.43453237410071943,REAL_AWS
2016-11-19 04:00:00,MAITRI,-3.7,975.3,39.0,26.8,168.0,0.3856115107913669,REAL_AWS
2016-11-19 05:00:00,MAITRI,-3.1,975.5,38.0,25.4,171.0,0.36546762589928056,REAL_AWS
2016-11-19 06:00:00,MAITRI,-2.6,976.7,39.0,24.1,140.0,0.3467625899280576,REAL_AWS
2016-11-19 07:00:00,MAITRI,-1.5,977.3,35.0,15.2,128.0,0.218705035971223,REAL_AWS
2016-11-19 08:00:00,MAITRI,-1.4,977.3,39.0,17.3,155.0,0.24892086330935254,REAL_AWS
2016-11-19 09:00:00,MAITRI,-0.7,977.1,41.0,17.2,151.0,0.24748201438848919,REAL_AWS
2016-11-19 10:00:00,MAITRI,0.3,977.2,38.0,15.4,115.0,0.22158273381294966,REAL_AWS
2016-11-19 11:00:00,MAITRI,-0.8,977.1,39.0,14.0,122.0,0.2014388489208633,REAL_AWS
2016-11-19 12:00:00,MAITRI,-0.4,977.0,37.0,15.6,112.0,0.22446043165467625,REAL_AWS
2016-11-19 13:00:00,MAITRI,-0.3,976.9,36.0,16.1,101.0,0.23165467625899283,REAL_AWS
2016-11-19 14:00:00,MAITRI,0.2,976.6,36.0,13.9,119.0,0.2,REAL_AWS
2016-11-19 15:00:00,MAITRI,0.4,976.4,35.0,19.7,82.0,0.28345323741007195,REAL_AWS
2016-11-19 16:00:00,MAITRI,0.5,976.1,32.0,12.4,114.0,0.17841726618705037,REAL_AWS
2016-11-19 17:00:00,MAITRI,-0.5,975.6,44.0,12.1,172.0,0.17410071942446043,REAL_AWS
2016-11-19 18:00:00,MAITRI,-1.4,975.4,47.0,16.5,173.0,0.23741007194244604,REAL_AWS
2016-11-19 19:00:00,MAITRI,-1.8,975.3,44.0,19.7,164.0,0.28345323741007195,REAL_AWS
2016-11-19 20:00:00,MAITRI,-1.8,975.7,41.0,18.2,119.0,0.2618705035971223,REAL_AWS
2016-11-19 21:00:00,MAITRI,-2.8,976.0,53.0,13.3,115.0,0.19136690647482016,REAL_AWS
2016-11-19 22:00:00,MAITRI,-3.8,976.1,51.0,21.4,132.0,0.3079136690647482,REAL_AWS
2016-11-19 23:00:00,MAITRI,-4.6,976.6,56.0,19.5,108.0,0.2805755395683453,REAL_AWS
2016-11-20 00:00:00,MAITRI,-4.6,976.9,54.0,19.2,123.0,0.2762589928057554,REAL_AWS
2016-11-20 01:00:00,MAITRI,-4.6,977.1,55.0,22.9,126.0,0.3294964028776978,REAL_AWS
2016-11-20 02:00:00,MAITRI,-5.0,977.1,58.0,24.0,133.0,0.34532374100719426,REAL_AWS
2016-11-20 03:00:00,MAITRI,-4.9,977.0,60.0,20.3,124.0,0.2920863309352518,REAL_AWS
2016-11-20 04:00:00,MAITRI,-4.8,977.1,59.0,26.4,136.0,0.37985611510791367,REAL_AWS
2016-11-20 05:00:00,MAITRI,-4.7,977.4,63.0,21.9,127.0,0.3151079136690647,REAL_AWS
2016-11-20 06:00:00,MAITRI,-4.1,977.4,61.0,18.9,114.0,0.2719424460431654,REAL_AWS
2016-11-20 07:00:00,MAITRI,-3.4,977.4,56.0,21.1,113.0,0.3035971223021583,REAL_AWS
2016-11-20 08:00:00,MAITRI,-3.0,977.4,49.0,20.8,111.0,0.2992805755395684,REAL_AWS
2016-11-20 09:00:00,MAITRI,-2.4,977.3,46.0,21.9,104.0,0.3151079136690647,REAL_AWS
2016-11-20 10:00:00,MAITRI,-2.2,977.3,41.0,26.5,87.0,0.381294964028777,REAL_AWS
2016-11-20 11:00:00,MAITRI,-1.0,977.0,36.0,25.1,74.0,0.36115107913669064,REAL_AWS
2016-11-20 12:00:00,MAITRI,-1.0,976.6,32.0,23.8,94.0,0.3424460431654676,REAL_AWS
2016-11-20 13:00:00,MAITRI,0.0,976.3,33.0,21.2,77.0,0.30503597122302156,REAL_AWS
2016-11-20 14:00:00,MAITRI,-0.3,975.8,37.0,17.7,78.0,0.25467625899280577,REAL_AWS
2016-11-20 15:00:00,MAITRI,-0.7,975.3,38.0,16.3,62.0,0.23453237410071945,REAL_AWS
2016-11-20 16:00:00,MAITRI,-1.8,975.1,41.0,13.9,42.0,0.2,REAL_AWS
2016-11-20 17:00:00,MAITRI,-2.1,974.8,46.0,12.0,20.0,0.17266187050359713,REAL_AWS
2016-11-20 18:00:00,MAITRI,-2.3,974.6,47.0,11.8,190.0,0.1697841726618705,REAL_AWS
2016-11-20 19:00:00,MAITRI,-2.6,974.3,52.0,12.3,172.0,0.17697841726618707,REAL_AWS
2016-11-20 20:00:00,MAITRI,-3.0,973.9,46.0,14.6,177.0,0.21007194244604316,REAL_AWS
2016-11-20 21:00:00,MAITRI,-3.8,973.6,48.0,10.0,201.00000000000003,0.14388489208633093,REAL_AWS
2016-11-20 22:00:00,MAITRI,-5.6,973.2,51.0,17.8,188.0,0.2561151079136691,REAL_AWS
2016-11-20 23:00:00,MAITRI,-6.1,972.8,53.0,16.8,192.99999999999997,0.24172661870503598,REAL_AWS
2016-11-21 00:00:00,MAITRI,-6.2,972.6,51.0,17.3,192.00000000000003,0.24892086330935254,REAL_AWS
2016-11-21 01:00:00,MAITRI,-5.5,972.5,42.0,20.0,183.99999999999997,0.28776978417266186,REAL_AWS
2016-11-21 02:00:00,MAITRI,-4.4,972.4,44.0,18.5,163.0,0.26618705035971224,REAL_AWS
2016-11-21 03:00:00,MAITRI,-4.9,972.0,42.0,18.9,172.0,0.2719424460431654,REAL_AWS
2016-11-21 04:00:00,MAITRI,-4.3,971.9,39.0,21.5,175.0,0.30935251798561153,REAL_AWS
2016-11-21 05:00:00,MAITRI,-3.5,972.5,39.0,10.7,53.0,0.1539568345323741,REAL_AWS
2016-11-21 06:00:00,MAITRI,-3.2,972.7,49.0,5.8,51.0,0.08345323741007193,REAL_AWS
2016-11-21 07:00:00,MAITRI,-1.5,972.5,31.0,22.4,121.0,0.32230215827338127,REAL_AWS
2016-11-21 08:00:00,MAITRI,-1.4,973.0,29.0,24.8,113.0,0.35683453237410073,REAL_AWS
2016-11-21 09:00:00,MAITRI,-1.3,973.0,30.0,25.7,94.0,0.36978417266187047,REAL_AWS
2016-11-21 10:00:00,MAITRI,-1.4,972.8,32.0,23.4,94.0,0.3366906474820144,REAL_AWS
2016-11-21 11:00:00,MAITRI,-0.3,972.7,29.0,23.4,85.0,0.3366906474820144,REAL_AWS
2016-11-21 12:00:00,MAITRI,-0.7,972.5,34.0,22.0,84.0,0.31654676258992803,REAL_AWS
2016-11-21 13:00:00,MAITRI,-0.8,972.3,27.0,21.4,97.0,0.3079136690647482,REAL_AWS
2016-11-21 14:00:00,MAITRI,-1.1,972.1,29.0,21.4,78.0,0.3079136690647482,REAL_AWS
2016-11-21 15:00:00,MAITRI,-1.3,971.8,32.0,15.8,126.0,0.2273381294964029,REAL_AWS
2016-11-21 16:00:00,MAITRI,-1.1,971.7,34.0,14.3,131.0,0.20575539568345325,REAL_AWS
2016-11-21 17:00:00,MAITRI,-1.0,971.5,37.0,15.5,138.0,0.22302158273381295,REAL_AWS
2016-11-21 18:00:00,MAITRI,-1.4,971.4,44.0,17.5,152.0,0.2517985611510791,REAL_AWS
2016-11-21 19:00:00,MAITRI,-1.7,971.5,43.0,12.7,122.0,0.18273381294964028,REAL_AWS
2016-11-21 20:00:00,MAITRI,-3.3,971.4,41.0,19.5,171.0,0.2805755395683453,REAL_AWS
2016-11-21 21:00:00,MAITRI,-4.6,971.2,49.0,21.2,181.99999999999997,0.30503597122302156,REAL_AWS
2016-11-21 22:00:00,MAITRI,-4.6,971.1,46.0,20.6,179.0,0.29640287769784174,REAL_AWS
2016-11-21 23:00:00,MAITRI,-5.4,971.1,43.0,23.8,181.99999999999997,0.3424460431654676,REAL_AWS
2016-11-22 00:00:00,MAITRI,-6.9,971.2,47.0,28.9,182.99999999999997,0.4158273381294964,REAL_AWS
2016-11-22 01:00:00,MAITRI,-6.0,971.1,41.0,24.3,175.0,0.3496402877697842,REAL_AWS
2016-11-22 02:00:00,MAITRI,-6.2,971.2,40.0,26.0,175.0,0.37410071942446044,REAL_AWS
2016-11-22 03:00:00,MAITRI,-5.3,971.4,36.0,23.7,175.0,0.3410071942446043,REAL_AWS
2016-11-22 04:00:00,MAITRI,-5.4,971.6,36.0,25.4,176.0,0.36546762589928056,REAL_AWS
2016-11-22 05:00:00,MAITRI,-5.2,971.7,37.0,25.5,175.0,0.3669064748201439,REAL_AWS
2016-11-22 06:00:00,MAITRI,-4.4,971.9,41.0,21.4,174.0,0.3079136690647482,REAL_AWS
2016-11-22 07:00:00,MAITRI,-3.0,972.1,35.0,18.3,172.0,0.2633093525179856,REAL_AWS
2016-11-22 08:00:00,MAITRI,-2.3,972.8,60.0,18.1,5.0,0.260431654676259,REAL_AWS
2016-11-22 09:00:00,MAITRI,-2.2,972.9,37.0,10.1,131.0,0.14532374100719425,REAL_AWS
2016-11-22 10:00:00,MAITRI,-0.1,973.0,35.0,14.0,355.0,0.2014388489208633,REAL_AWS
2016-11-22 11:00:00,MAITRI,-0.2,972.9,28.0,15.9,356.0,0.22877697841726619,REAL_AWS
2016-11-22 12:00:00,MAITRI,-0.8,972.7,32.0,18.3,318.0,0.2633093525179856,REAL_AWS
2016-11-22 13:00:00,MAITRI,-0.1,972.4,32.0,15.5,299.0,0.22302158273381295,REAL_AWS
2016-11-22 14:00:00,MAITRI,0.0,972.1,35.0,17.1,285.0,0.24604316546762592,REAL_AWS
2016-11-22 15:00:00,MAITRI,-1.0,971.7,37.0,20.5,314.0,0.2949640287769784,REAL_AWS
2016-11-22 16:00:00,MAITRI,-1.7,971.3,42.0,18.0,307.0,0.2589928057553957,REAL_AWS
2016-11-22 17:00:00,MAITRI,-1.2,971.0,41.0,7.9,333.0,0.11366906474820145,REAL_AWS
2016-11-22 18:00:00,MAITRI,-1.8,970.9,48.0,20.5,171.0,0.2949640287769784,REAL_AWS
2016-11-22 19:00:00,MAITRI,-3.5,971.3,53.0,17.1,108.0,0.24604316546762592,REAL_AWS
2016-11-22 20:00:00,MAITRI,-4.0,971.2,55.0,15.7,127.0,0.22589928057553957,REAL_AWS
2016-11-22 21:00:00,MAITRI,-4.6,971.0,52.0,12.4,115.0,0.17841726618705037,REAL_AWS
2016-11-22 22:00:00,MAITRI,-4.9,971.1,49.0,8.5,297.0,0.1223021582733813,REAL_AWS
2016-11-22 23:00:00,MAITRI,-4.0,971.3,41.0,14.9,110.0,0.2143884892086331,REAL_AWS
2016-11-23 00:00:00,MAITRI,-5.1,970.7,37.0,23.7,172.0,0.3410071942446043,REAL_AWS
2016-11-23 01:00:00,MAITRI,-5.1,970.6,33.0,24.9,167.0,0.358273381294964,REAL_AWS
2016-11-23 02:00:00,MAITRI,-5.5,970.3,31.0,31.2,162.0,0.4489208633093525,REAL_AWS
2016-11-23 03:00:00,MAITRI,-5.9,970.2,33.0,32.0,167.0,0.460431654676259,REAL_AWS
2016-11-23 04:00:00,MAITRI,-5.9,970.3,41.0,28.4,165.0,0.40863309352517985,REAL_AWS
2016-11-23 05:00:00,MAITRI,-5.5,970.2,41.0,29.1,163.0,0.41870503597122305,REAL_AWS
2016-11-23 06:00:00,MAITRI,-4.9,970.3,42.0,29.0,155.0,0.4172661870503597,REAL_AWS
2016-11-23 07:00:00,MAITRI,-3.3,970.8,30.0,27.8,130.0,0.4,REAL_AWS
2016-11-23 08:00:00,MAITRI,-3.0,970.9,36.0,25.5,129.0,0.3669064748201439,REAL_AWS
2016-11-23 09:00:00,MAITRI,-2.5,971.2,31.0,28.8,115.0,0.4143884892086331,REAL_AWS
2016-11-23 10:00:00,MAITRI,-2.2,971.2,33.0,25.6,112.0,0.3683453237410072,REAL_AWS
2016-11-23 11:00:00,MAITRI,-1.9,971.2,35.0,24.3,117.0,0.3496402877697842,REAL_AWS
2016-11-23 12:00:00,MAITRI,-1.6,971.1,30.0,20.5,104.0,0.2949640287769784,REAL_AWS
2016-11-23 13:00:00,MAITRI,-0.8,971.1,29.0,16.5,107.0,0.23741007194244604,REAL_AWS
2016-11-23 14:00:00,MAITRI,-0.6,971.1,33.0,14.2,50.0,0.20431654676258992,REAL_AWS
2016-11-23 15:00:00,MAITRI,-1.9,971.0,39.0,14.5,359.0,0.20863309352517986,REAL_AWS
2016-11-23 16:00:00,MAITRI,-2.7,971.0,56.0,14.1,359.0,0.2028776978417266,REAL_AWS
2016-11-23 17:00:00,MAITRI,-3.2,970.7,57.0,13.4,329.0,0.19280575539568345,REAL_AWS
2016-11-23 18:00:00,MAITRI,-3.7,970.6,60.0,11.4,277.0,0.16402877697841728,REAL_AWS
2016-11-23 19:00:00,MAITRI,-4.0,970.2,54.0,14.4,188.99999999999997,0.20719424460431654,REAL_AWS
2016-11-23 20:00:00,MAITRI,-4.6,970.0,58.0,13.1,323.0,0.1884892086330935,REAL_AWS
2016-11-23 21:00:00,MAITRI,-5.8,969.8,44.0,16.2,183.99999999999997,0.2330935251798561,REAL_AWS
2016-11-23 22:00:00,MAITRI,-6.0,969.9,58.0,11.1,97.0,0.15971223021582734,REAL_AWS
2016-11-23 23:00:00,MAITRI,-6.8,970.0,53.0,11.5,145.0,0.16546762589928057,REAL_AWS
2016-11-24 00:00:00,MAITRI,-7.3,970.2,50.0,10.1,46.0,0.14532374100719425,REAL_AWS
2016-11-24 01:00:00,MAITRI,-8.9,970.6,67.0,15.4,112.0,0.22158273381294966,REAL_AWS
2016-11-24 02:00:00,MAITRI,-8.9,970.9,64.0,14.9,76.0,0.2143884892086331,REAL_AWS
2016-11-24 03:00:00,MAITRI,-8.4,971.1,41.0,16.0,170.0,0.2302158273381295,REAL_AWS
2016-11-24 04:00:00,MAITRI,-8.1,971.5,59.0,8.9,55.0,0.12805755395683455,REAL_AWS
2016-11-24 05:00:00,MAITRI,-7.5,971.8,55.0,9.5,334.0,0.1366906474820144,REAL_AWS
2016-11-24 06:00:00,MAITRI,-6.7,972.2,58.0,13.5,16.0,0.19424460431654678,REAL_AWS
2016-11-24 07:00:00,MAITRI,-6.2,972.7,55.0,12.9,85.0,0.18561151079136692,REAL_AWS
2016-11-24 08:00:00,MAITRI,-7.2,973.4,65.0,15.8,35.0,0.2273381294964029,REAL_AWS
2016-11-24 09:00:00,MAITRI,-6.2,973.5,59.0,12.4,39.0,0.17841726618705037,REAL_AWS
2016-11-24 10:00:00,MAITRI,-4.6,973.7,56.0,13.6,57.0,0.19568345323741007,REAL_AWS
2016-11-24 11:00:00,MAITRI,-4.5,974.1,55.0,16.3,68.0,0.23453237410071945,REAL_AWS
2016-11-24 12:00:00,MAITRI,-4.8,974.3,58.0,14.9,87.0,0.2143884892086331,REAL_AWS
2016-11-24 13:00:00,MAITRI,-6.4,974.4,66.0,16.7,62.0,0.24028776978417266,REAL_AWS
2016-11-24 14:00:00,MAITRI,-6.3,974.4,64.0,16.9,70.0,0.24316546762589927,REAL_AWS
2016-11-24 15:00:00,MAITRI,-6.2,974.4,61.0,13.4,83.0,0.19280575539568345,REAL_AWS
2016-11-24 16:00:00,MAITRI,-6.6,974.5,62.0,17.7,81.0,0.25467625899280577,REAL_AWS
2016-11-24 17:00:00,MAITRI,-7.2,974.8,62.0,20.9,84.0,0.30071942446043165,REAL_AWS
2016-11-24 18:00:00,MAITRI,-8.0,974.7,65.0,18.0,117.0,0.2589928057553957,REAL_AWS
2016-11-24 19:00:00,MAITRI,-8.1,974.7,64.0,16.9,119.0,0.24316546762589927,REAL_AWS
2016-11-24 20:00:00,MAITRI,-8.4,974.7,65.0,19.1,130.0,0.2748201438848921,REAL_AWS
2016-11-24 21:00:00,MAITRI,-8.7,974.7,66.0,15.9,128.0,0.22877697841726619,REAL_AWS
2016-11-24 22:00:00,MAITRI,-8.8,974.5,67.0,13.4,113.0,0.19280575539568345,REAL_AWS
2016-11-24 23:00:00,MAITRI,-8.7,974.4,64.0,13.3,132.0,0.19136690647482016,REAL_AWS
2016-11-25 00:00:00,MAITRI,-9.3,974.1,58.0,19.0,168.0,0.2733812949640288,REAL_AWS
2016-11-25 01:00:00,MAITRI,-9.0,974.0,57.0,18.0,170.0,0.2589928057553957,REAL_AWS
2016-11-25 02:00:00,MAITRI,-9.5,973.9,53.0,22.9,164.0,0.3294964028776978,REAL_AWS
2016-11-25 03:00:00,MAITRI,-9.5,974.1,57.0,20.4,141.0,0.2935251798561151,REAL_AWS
2016-11-25 04:00:00,MAITRI,-8.6,974.2,51.0,18.7,126.0,0.26906474820143883,REAL_AWS
2016-11-25 05:00:00,MAITRI,-8.5,974.3,56.0,20.3,119.0,0.2920863309352518,REAL_AWS
2016-11-25 06:00:00,MAITRI,-7.9,974.4,53.0,20.1,110.0,0.2892086330935252,REAL_AWS
2016-11-25 07:00:00,MAITRI,-7.5,974.7,57.0,19.3,110.0,0.2776978417266187,REAL_AWS
2016-11-25 08:00:00,MAITRI,-7.7,974.8,57.0,19.6,95.0,0.2820143884892087,REAL_AWS
2016-11-25 09:00:00,MAITRI,-6.6,974.6,54.0,18.5,111.0,0.26618705035971224,REAL_AWS
2016-11-25 10:00:00,MAITRI,-5.9,974.3,54.0,21.1,89.0,0.3035971223021583,REAL_AWS
2016-11-25 11:00:00,MAITRI,-3.9,974.2,49.0,20.0,76.0,0.28776978417266186,REAL_AWS
2016-11-25 12:00:00,MAITRI,-2.8,974.2,46.0,20.1,87.0,0.2892086330935252,REAL_AWS
2016-11-25 13:00:00,MAITRI,-3.6,974.1,49.0,14.2,87.0,0.20431654676258992,REAL_AWS
2016-11-25 14:00:00,MAITRI,-3.1,973.9,46.0,19.6,68.0,0.2820143884892087,REAL_AWS
2016-11-25 15:00:00,MAITRI,-3.6,973.7,45.0,16.5,82.0,0.23741007194244604,REAL_AWS
2016-11-25 16:00:00,MAITRI,-3.8,973.5,43.0,18.5,75.0,0.26618705035971224,REAL_AWS
2016-11-25 17:00:00,MAITRI,-4.5,973.6,43.0,16.0,86.0,0.2302158273381295,REAL_AWS
2016-11-25 18:00:00,MAITRI,-5.1,973.5,43.0,15.7,77.0,0.22589928057553957,REAL_AWS
2016-11-25 19:00:00,MAITRI,-5.7,973.4,47.0,13.4,62.0,0.19280575539568345,REAL_AWS
2016-11-25 20:00:00,MAITRI,-5.8,973.2,51.0,9.7,147.0,0.139568345323741,REAL_AWS
2016-11-25 21:00:00,MAITRI,-6.4,972.9,59.0,14.8,163.0,0.2129496402877698,REAL_AWS
2016-11-25 22:00:00,MAITRI,-7.0,972.7,50.0,15.3,162.0,0.22014388489208633,REAL_AWS
2016-11-25 23:00:00,MAITRI,-7.1,972.5,57.0,15.3,176.0,0.22014388489208633,REAL_AWS
2016-11-26 00:00:00,MAITRI,-7.7,972.3,57.0,15.6,180.0,0.22446043165467625,REAL_AWS
2016-11-26 01:00:00,MAITRI,-8.4,972.1,56.0,17.0,181.0,0.2446043165467626,REAL_AWS
2016-11-26 02:00:00,MAITRI,-8.6,972.0,58.0,9.1,22.0,0.13093525179856114,REAL_AWS
2016-11-26 03:00:00,MAITRI,-8.4,972.1,69.0,8.6,296.0,0.12374100719424459,REAL_AWS
2016-11-26 04:00:00,MAITRI,-7.7,972.1,62.0,9.2,6.0,0.13237410071942446,REAL_AWS
2016-11-26 05:00:00,MAITRI,-7.6,972.5,64.0,15.1,98.0,0.21726618705035972,REAL_AWS
2016-11-26 06:00:00,MAITRI,-7.3,972.8,60.0,11.7,75.0,0.1683453237410072,REAL_AWS
2016-11-26 07:00:00,MAITRI,-6.5,972.8,53.0,15.6,74.0,0.22446043165467625,REAL_AWS
2016-11-26 08:00:00,MAITRI,-5.9,972.8,43.0,18.8,100.0,0.27050359712230215,REAL_AWS
2016-11-26 09:00:00,MAITRI,-6.2,972.9,48.0,21.0,93.0,0.302158273381295,REAL_AWS
2016-11-26 10:00:00,MAITRI,-5.6,972.7,49.0,20.3,70.0,0.2920863309352518,REAL_AWS
2016-11-26 11:00:00,MAITRI,-6.0,973.0,64.0,16.9,104.0,0.24316546762589927,REAL_AWS
2016-11-26 12:00:00,MAITRI,-5.9,973.1,54.0,21.8,90.0,0.31366906474820144,REAL_AWS
2016-11-26 13:00:00,MAITRI,-5.9,973.4,57.0,18.5,91.0,0.26618705035971224,REAL_AWS
2016-11-26 14:00:00,MAITRI,-5.9,973.6,61.0,20.5,69.0,0.2949640287769784,REAL_AWS
2016-11-26 15:00:00,MAITRI,-5.8,973.6,63.0,17.4,93.0,0.2503597122302158,REAL_AWS
2016-11-26 16:00:00,MAITRI,-5.5,973.7,66.0,15.3,67.0,0.22014388489208633,REAL_AWS
2016-11-26 17:00:00,MAITRI,-5.6,973.9,69.0,16.5,68.0,0.23741007194244604,REAL_AWS
2016-11-26 18:00:00,MAITRI,-5.6,974.0,69.0,12.2,86.0,0.17553956834532372,REAL_AWS
2016-11-26 19:00:00,MAITRI,-5.4,974.2,65.0,14.4,79.0,0.20719424460431654,REAL_AWS
2016-11-26 20:00:00,MAITRI,-5.5,974.5,63.0,14.5,77.0,0.20863309352517986,REAL_AWS
2016-11-26 21:00:00,MAITRI,-5.8,974.7,62.0,14.9,78.0,0.2143884892086331,REAL_AWS
2016-11-26 22:00:00,MAITRI,-6.2,974.9,61.0,14.1,85.0,0.2028776978417266,REAL_AWS
2016-11-26 23:00:00,MAITRI,-6.6,975.0,65.0,14.9,117.0,0.2143884892086331,REAL_AWS
2016-11-27 00:00:00,MAITRI,-7.5,975.1,56.0,18.8,155.0,0.27050359712230215,REAL_AWS
2016-11-27 01:00:00,MAITRI,-8.1,975.1,56.0,22.1,158.0,0.3179856115107914,REAL_AWS
2016-11-27 02:00:00,MAITRI,-7.7,975.0,54.0,19.4,156.0,0.279136690647482,REAL_AWS
2016-11-27 03:00:00,MAITRI,-7.2,975.0,48.0,18.5,143.0,0.26618705035971224,REAL_AWS
2016-11-27 04:00:00,MAITRI,-7.0,974.9,47.0,20.9,153.0,0.30071942446043165,REAL_AWS
2016-11-27 05:00:00,MAITRI,-5.8,974.9,41.0,18.2,125.0,0.2618705035971223,REAL_AWS
2016-11-27 06:00:00,MAITRI,-5.3,975.0,41.0,23.3,133.0,0.3352517985611511,REAL_AWS
2016-11-27 07:00:00,MAITRI,-4.5,975.2,43.0,21.1,127.0,0.3035971223021583,REAL_AWS
2016-11-27 08:00:00,MAITRI,-3.6,975.3,42.0,22.1,114.0,0.3179856115107914,REAL_AWS
2016-11-27 09:00:00,MAITRI,-3.0,975.5,39.0,19.8,118.0,0.28489208633093527,REAL_AWS
2016-11-27 10:00:00,MAITRI,-1.9,975.7,34.0,18.8,104.0,0.27050359712230215,REAL_AWS
2016-11-27 11:00:00,MAITRI,-0.5,975.8,31.0,20.1,84.0,0.2892086330935252,REAL_AWS
2016-11-27 12:00:00,MAITRI,0.2,976.0,32.0,19.4,68.0,0.279136690647482,REAL_AWS
2016-11-27 13:00:00,MAITRI,-0.2,976.0,39.0,17.7,74.0,0.25467625899280577,REAL_AWS
2016-11-27 14:00:00,MAITRI,-1.1,976.2,42.0,15.8,53.0,0.2273381294964029,REAL_AWS
2016-11-27 15:00:00,MAITRI,-1.3,976.2,36.0,15.9,71.0,0.22877697841726619,REAL_AWS
2016-11-27 16:00:00,MAITRI,-1.6,976.3,35.0,12.7,68.0,0.18273381294964028,REAL_AWS
2016-11-27 17:00:00,MAITRI,-2.3,976.2,29.0,14.6,63.0,0.21007194244604316,REAL_AWS
2016-11-27 18:00:00,MAITRI,-2.7,976.4,36.0,11.2,62.0,0.16115107913669063,REAL_AWS
2016-11-27 19:00:00,MAITRI,-2.7,976.6,41.0,5.6,107.0,0.08057553956834532,REAL_AWS
2016-11-27 20:00:00,MAITRI,-4.2,976.5,55.0,15.3,180.0,0.22014388489208633,REAL_AWS
2016-11-27 21:00:00,MAITRI,-6.2,976.6,54.0,19.1,181.0,0.2748201438848921,REAL_AWS
2016-11-27 22:00:00,MAITRI,-6.6,976.6,53.0,19.7,181.99999999999997,0.28345323741007195,REAL_AWS
2016-11-27 23:00:00,MAITRI,-7.0,976.5,52.0,19.3,181.0,0.2776978417266187,REAL_AWS
2016-11-28 00:00:00,MAITRI,-7.6,976.1,50.0,22.2,180.0,0.3194244604316547,REAL_AWS
2016-11-28 01:00:00,MAITRI,-7.5,976.1,48.0,20.2,181.0,0.2906474820143885,REAL_AWS
2016-11-28 02:00:00,MAITRI,-8.3,975.8,44.0,25.6,181.0,0.3683453237410072,REAL_AWS
2016-11-28 03:00:00,MAITRI,-6.1,975.7,37.0,16.7,175.0,0.24028776978417266,REAL_AWS
2016-11-28 04:00:00,MAITRI,-7.0,975.4,41.0,22.3,181.0,0.320863309352518,REAL_AWS
2016-11-28 05:00:00,MAITRI,-5.0,975.3,35.0,21.1,164.0,0.3035971223021583,REAL_AWS
2016-11-28 06:00:00,MAITRI,-4.1,975.5,46.0,7.4,7.0,0.1064748201438849,REAL_AWS
2016-11-28 07:00:00,MAITRI,-3.0,975.5,45.0,13.3,4.0,0.19136690647482016,REAL_AWS
2016-11-28 08:00:00,MAITRI,-1.9,975.5,38.0,12.0,87.0,0.17266187050359713,REAL_AWS
2016-11-28 09:00:00,MAITRI,0.1,975.3,34.0,18.5,76.0,0.26618705035971224,REAL_AWS
2016-11-28 10:00:00,MAITRI,-0.2,975.2,28.0,19.6,63.0,0.2820143884892087,REAL_AWS
2016-11-28 11:00:00,MAITRI,-1.2,975.1,49.0,15.1,358.0,0.21726618705035972,REAL_AWS
2016-11-28 12:00:00,MAITRI,-2.1,975.0,48.0,13.7,22.0,0.19712230215827337,REAL_AWS
2016-11-28 13:00:00,MAITRI,-2.9,975.0,51.0,13.9,349.0,0.2,REAL_AWS
2016-11-28 14:00:00,MAITRI,-3.2,974.7,47.0,13.7,3.0,0.19712230215827337,REAL_AWS
2016-11-28 15:00:00,MAITRI,-3.1,974.4,53.0,14.8,356.0,0.2129496402877698,REAL_AWS
2016-11-28 16:00:00,MAITRI,-3.9,974.0,59.0,12.8,0.0,0.1841726618705036,REAL_AWS
2016-11-28 17:00:00,MAITRI,-4.7,973.9,67.0,9.3,321.0,0.13381294964028778,REAL_AWS
2016-11-28 18:00:00,MAITRI,-5.2,973.5,70.0,14.4,321.0,0.20719424460431654,REAL_AWS
2016-11-28 19:00:00,MAITRI,-5.5,973.3,72.0,15.4,323.0,0.22158273381294966,REAL_AWS
2016-11-28 20:00:00,MAITRI,-5.6,973.0,71.0,10.7,292.0,0.1539568345323741,REAL_AWS
2016-11-28 21:00:00,MAITRI,-6.0,972.7,72.0,11.6,16.0,0.16690647482014387,REAL_AWS
2016-11-28 22:00:00,MAITRI,-6.7,972.7,72.0,10.0,30.0,0.14388489208633093,REAL_AWS
2016-11-28 23:00:00,MAITRI,-7.0,972.5,72.0,9.1,27.0,0.13093525179856114,REAL_AWS
2016-11-29 00:00:00,MAITRI,-7.3,972.3,73.0,10.9,355.0,0.15683453237410072,REAL_AWS
2016-11-29 01:00:00,MAITRI,-7.9,972.2,74.0,7.4,177.0,0.1064748201438849,REAL_AWS
2016-11-29 02:00:00,MAITRI,-8.0,971.7,77.0,9.0,49.0,0.12949640287769784,REAL_AWS
2016-11-29 03:00:00,MAITRI,-7.4,971.5,69.0,10.3,358.0,0.14820143884892087,REAL_AWS
2016-11-29 04:00:00,MAITRI,-4.6,970.9,36.0,21.1,170.0,0.3035971223021583,REAL_AWS
2016-11-29 05:00:00,MAITRI,-4.3,971.2,55.0,10.4,359.0,0.1496402877697842,REAL_AWS
2016-11-29 06:00:00,MAITRI,-3.3,971.2,48.0,7.1,333.0,0.10215827338129496,REAL_AWS
2016-11-29 07:00:00,MAITRI,-2.0,971.4,43.0,13.7,69.0,0.19712230215827337,REAL_AWS
2016-11-29 08:00:00,MAITRI,-0.1,971.5,35.0,21.0,123.0,0.302158273381295,REAL_AWS
2016-11-29 09:00:00,MAITRI,0.1,971.9,28.0,22.4,92.0,0.32230215827338127,REAL_AWS
2016-11-29 10:00:00,MAITRI,0.6,971.9,30.0,18.3,89.0,0.2633093525179856,REAL_AWS
2016-11-29 11:00:00,MAITRI,0.9,971.9,28.0,15.8,103.0,0.2273381294964029,REAL_AWS
2016-11-29 12:00:00,MAITRI,1.3,971.8,31.0,16.6,115.0,0.23884892086330936,REAL_AWS
2016-11-29 13:00:00,MAITRI,2.6,971.6,35.0,17.1,47.0,0.24604316546762592,REAL_AWS
2016-11-29 14:00:00,MAITRI,1.0,971.8,38.0,14.0,23.0,0.2014388489208633,REAL_AWS
2016-11-29 15:00:00,MAITRI,1.0,971.5,38.0,14.4,6.0,0.20719424460431654,REAL_AWS
2016-11-29 16:00:00,MAITRI,0.7,971.3,46.0,13.6,356.99999999999994,0.19568345323741007,REAL_AWS
2016-11-29 17:00:00,MAITRI,-0.1,971.2,49.0,12.8,347.0,0.1841726618705036,REAL_AWS
2016-11-29 18:00:00,MAITRI,0.4,971.1,48.0,13.9,171.0,0.2,REAL_AWS
2016-11-29 19:00:00,MAITRI,-0.8,970.9,49.0,17.5,182.99999999999997,0.2517985611510791,REAL_AWS
2016-11-29 20:00:00,MAITRI,-2.5,970.8,46.0,22.2,188.99999999999997,0.3194244604316547,REAL_AWS
2016-11-29 21:00:00,MAITRI,-2.5,970.6,41.0,20.7,172.0,0.297841726618705,REAL_AWS
2016-11-29 22:00:00,MAITRI,-2.3,970.8,42.0,18.7,178.0,0.26906474820143883,REAL_AWS
2016-11-29 23:00:00,MAITRI,-3.8,970.8,40.0,22.5,177.0,0.3237410071942446,REAL_AWS
2016-11-30 00:00:00,MAITRI,-4.9,970.6,39.0,26.7,181.0,0.3841726618705036,REAL_AWS
2016-11-30 01:00:00,MAITRI,-5.4,970.2,39.0,27.0,180.0,0.38848920863309355,REAL_AWS
2016-11-30 02:00:00,MAITRI,-5.1,969.8,37.0,28.1,181.0,0.40431654676258993,REAL_AWS
2016-11-30 03:00:00,MAITRI,-4.9,969.7,38.0,27.9,178.0,0.4014388489208633,REAL_AWS
2016-11-30 04:00:00,MAITRI,-3.7,969.9,33.0,27.6,174.0,0.3971223021582734,REAL_AWS
2016-11-30 05:00:00,MAITRI,-3.9,970.1,41.0,25.5,180.0,0.3669064748201439,REAL_AWS
2016-11-30 06:00:00,MAITRI,-1.6,970.5,32.0,19.5,170.0,0.2805755395683453,REAL_AWS
2016-11-30 07:00:00,MAITRI,-0.8,970.7,38.0,22.5,173.0,0.3237410071942446,REAL_AWS
2016-11-30 08:00:00,MAITRI,0.0,970.8,37.0,22.4,167.0,0.32230215827338127,REAL_AWS
2016-11-30 09:00:00,MAITRI,1.4,971.1,35.0,17.3,169.0,0.24892086330935254,REAL_AWS
2016-11-30 10:00:00,MAITRI,1.8,971.3,40.0,13.6,177.0,0.19568345323741007,REAL_AWS
2016-11-30 11:00:00,MAITRI,3.1,971.4,28.0,19.2,101.0,0.2762589928057554,REAL_AWS
2016-11-30 12:00:00,MAITRI,3.1,971.6,28.0,17.3,125.0,0.24892086330935254,REAL_AWS
2016-11-30 13:00:00,MAITRI,3.4,971.5,30.0,17.3,84.0,0.24892086330935254,REAL_AWS
2016-11-30 14:00:00,MAITRI,3.8,971.4,38.0,14.0,47.0,0.2014388489208633,REAL_AWS
2016-11-30 15:00:00,MAITRI,2.8,971.0,38.0,12.3,354.0,0.17697841726618707,REAL_AWS
2016-11-30 16:00:00,MAITRI,2.6,970.8,44.0,11.4,244.0,0.16402877697841728,REAL_AWS
2016-11-30 17:00:00,MAITRI,2.3,970.4,44.0,16.4,212.0,0.23597122302158272,REAL_AWS
2016-11-30 18:00:00,MAITRI,1.4,970.6,48.0,14.2,64.0,0.20431654676258992,REAL_AWS
2016-11-30 19:00:00,MAITRI,0.9,970.5,46.0,13.1,152.0,0.1884892086330935,REAL_AWS
2016-11-30 20:00:00,MAITRI,0.8,970.7,46.0,8.8,79.0,0.12661870503597122,REAL_AWS
2016-11-30 21:00:00,MAITRI,-0.1,970.9,54.0,17.3,167.0,0.24892086330935254,REAL_AWS
2016-11-30 22:00:00,MAITRI,-0.9,971.2,56.0,18.5,164.0,0.26618705035971224,REAL_AWS
2016-11-30 23:00:00,MAITRI,-1.1,971.0,44.0,19.8,169.0,0.28489208633093527,REAL_AWS
2016-12-01 00:00:00,MAITRI,-1.6,971.0,41.0,26.6,165.0,0.3827338129496403,REAL_AWS
2016-12-01 01:00:00,MAITRI,-1.8,971.3,42.0,23.9,171.0,0.34388489208633094,REAL_AWS
2016-12-01 02:00:00,MAITRI,-1.5,971.6,39.0,25.2,170.0,0.36258992805755397,REAL_AWS
2016-12-01 03:00:00,MAITRI,-1.6,971.8,41.0,27.7,169.0,0.3985611510791367,REAL_AWS
2016-12-01 04:00:00,MAITRI,-0.9,972.2,41.0,30.1,163.0,0.4330935251798561,REAL_AWS
2016-12-01 05:00:00,MAITRI,-0.2,972.8,42.0,28.3,158.0,0.4071942446043166,REAL_AWS
2016-12-01 06:00:00,MAITRI,0.5,973.2,44.0,26.9,160.0,0.3870503597122302,REAL_AWS
2016-12-01 07:00:00,MAITRI,1.8,973.2,41.0,25.0,163.0,0.3597122302158273,REAL_AWS
2016-12-01 08:00:00,MAITRI,2.3,973.8,46.0,23.1,143.0,0.33237410071942447,REAL_AWS
2016-12-01 09:00:00,MAITRI,3.8,973.8,41.0,19.7,129.0,0.28345323741007195,REAL_AWS
2016-12-01 10:00:00,MAITRI,3.6,974.1,45.0,21.0,128.0,0.302158273381295,REAL_AWS
2016-12-01 11:00:00,MAITRI,4.1,974.6,44.0,25.0,107.0,0.3597122302158273,REAL_AWS
2016-12-01 12:00:00,MAITRI,3.4,975.1,50.0,24.2,105.0,0.34820143884892085,REAL_AWS
2016-12-01 13:00:00,MAITRI,3.4,975.8,50.0,25.7,112.0,0.36978417266187047,REAL_AWS
2016-12-01 14:00:00,MAITRI,3.3,976.2,52.0,20.3,111.0,0.2920863309352518,REAL_AWS
2016-12-01 15:00:00,MAITRI,3.6,976.3,50.0,21.3,101.0,0.3064748201438849,REAL_AWS
2016-12-01 16:00:00,MAITRI,3.8,976.6,46.0,21.9,103.0,0.3151079136690647,REAL_AWS
2016-12-01 17:00:00,MAITRI,3.6,977.0,48.0,25.5,105.0,0.3669064748201439,REAL_AWS
2016-12-01 18:00:00,MAITRI,2.7,977.5,53.0,24.2,108.0,0.34820143884892085,REAL_AWS
2016-12-01 19:00:00,MAITRI,2.0,977.8,58.0,23.7,113.0,0.3410071942446043,REAL_AWS
2016-12-01 20:00:00,MAITRI,1.5,978.5,61.0,21.4,116.0,0.3079136690647482,REAL_AWS
2016-12-01 21:00:00,MAITRI,1.3,979.0,62.0,19.9,115.0,0.28633093525179854,REAL_AWS
2016-12-01 22:00:00,MAITRI,0.6,979.3,69.0,19.8,114.0,0.28489208633093527,REAL_AWS
2016-12-01 23:00:00,MAITRI,0.0,979.5,75.0,23.0,127.0,0.33093525179856115,REAL_AWS
2016-12-02 00:00:00,MAITRI,0.2,979.1,69.0,26.1,132.0,0.37553956834532376,REAL_AWS
2016-12-02 01:00:00,MAITRI,0.9,978.7,60.0,23.8,136.0,0.3424460431654676,REAL_AWS
2016-12-02 02:00:00,MAITRI,1.3,978.6,57.0,20.1,127.0,0.2892086330935252,REAL_AWS
2016-12-02 03:00:00,MAITRI,0.9,978.9,59.0,17.8,109.0,0.2561151079136691,REAL_AWS
2016-12-02 04:00:00,MAITRI,0.4,978.6,60.0,16.2,112.0,0.2330935251798561,REAL_AWS
2016-12-02 05:00:00,MAITRI,0.8,978.1,57.0,21.4,95.0,0.3079136690647482,REAL_AWS
2016-12-02 06:00:00,MAITRI,1.2,977.4,55.0,22.9,119.0,0.3294964028776978,REAL_AWS
2016-12-02 07:00:00,MAITRI,0.9,977.7,60.0,20.2,105.0,0.2906474820143885,REAL_AWS
2016-12-02 08:00:00,MAITRI,0.8,977.3,61.0,16.6,101.0,0.23884892086330936,REAL_AWS
2016-12-02 09:00:00,MAITRI,1.5,976.7,52.0,27.8,113.0,0.4,REAL_AWS
2016-12-02 10:00:00,MAITRI,1.3,976.8,52.0,26.3,96.0,0.37841726618705035,REAL_AWS
2016-12-02 11:00:00,MAITRI,1.5,976.6,55.0,24.8,89.0,0.35683453237410073,REAL_AWS
2016-12-02 12:00:00,MAITRI,1.5,976.0,49.0,26.0,94.0,0.37410071942446044,REAL_AWS
2016-12-02 13:00:00,MAITRI,1.6,975.6,46.0,27.3,92.0,0.39280575539568346,REAL_AWS
2016-12-02 14:00:00,MAITRI,1.8,975.3,49.0,24.4,98.0,0.35107913669064744,REAL_AWS
2016-12-02 15:00:00,MAITRI,1.9,974.9,46.0,27.8,88.0,0.4,REAL_AWS
2016-12-02 16:00:00,MAITRI,1.8,974.8,52.0,24.1,81.0,0.3467625899280576,REAL_AWS
2016-12-02 17:00:00,MAITRI,1.4,974.7,53.0,19.9,90.0,0.28633093525179854,REAL_AWS
2016-12-02 18:00:00,MAITRI,0.9,974.5,60.0,18.5,79.0,0.26618705035971224,REAL_AWS
2016-12-02 19:00:00,MAITRI,0.8,974.4,53.0,18.5,104.0,0.26618705035971224,REAL_AWS
2016-12-02 20:00:00,MAITRI,0.5,974.5,55.0,16.1,110.0,0.23165467625899283,REAL_AWS
2016-12-02 21:00:00,MAITRI,0.1,974.7,59.0,16.4,61.0,0.23597122302158272,REAL_AWS
2016-12-02 22:00:00,MAITRI,-0.8,974.9,63.0,12.8,59.0,0.1841726618705036,REAL_AWS
2016-12-02 23:00:00,MAITRI,-1.5,975.4,60.0,15.4,96.0,0.22158273381294966,REAL_AWS
2016-12-03 00:00:00,MAITRI,-1.2,975.6,56.0,21.4,100.0,0.3079136690647482,REAL_AWS
2016-12-03 01:00:00,MAITRI,-1.3,976.0,56.0,20.3,98.0,0.2920863309352518,REAL_AWS
2016-12-03 02:00:00,MAITRI,-1.2,976.4,54.0,20.0,103.0,0.28776978417266186,REAL_AWS
2016-12-03 03:00:00,MAITRI,-1.0,976.4,51.0,19.1,109.0,0.2748201438848921,REAL_AWS
2016-12-03 04:00:00,MAITRI,-0.8,976.6,53.0,17.0,97.0,0.2446043165467626,REAL_AWS
2016-12-03 05:00:00,MAITRI,-1.2,976.8,59.0,15.7,38.0,0.22589928057553957,REAL_AWS
2016-12-03 06:00:00,MAITRI,-1.8,977.6,58.0,16.0,51.0,0.2302158273381295,REAL_AWS
2016-12-03 07:00:00,MAITRI,-0.3,977.6,54.0,12.7,42.0,0.18273381294964028,REAL_AWS
2016-12-03 08:00:00,MAITRI,1.8,977.7,49.0,17.6,74.0,0.25323741007194245,REAL_AWS
2016-12-03 09:00:00,MAITRI,2.5,977.7,40.0,24.0,93.0,0.34532374100719426,REAL_AWS
2016-12-03 10:00:00,MAITRI,2.9,977.5,38.0,25.0,99.0,0.3597122302158273,REAL_AWS
2016-12-03 11:00:00,MAITRI,3.3,977.4,38.0,25.6,90.0,0.3683453237410072,REAL_AWS
2016-12-03 12:00:00,MAITRI,3.8,977.1,35.0,25.4,85.0,0.36546762589928056,REAL_AWS
2016-12-03 13:00:00,MAITRI,4.5,976.8,39.0,19.1,75.0,0.2748201438848921,REAL_AWS
2016-12-03 14:00:00,MAITRI,4.4,976.5,39.0,21.2,81.0,0.30503597122302156,REAL_AWS
2016-12-03 15:00:00,MAITRI,4.2,976.1,38.0,22.1,93.0,0.3179856115107914,REAL_AWS
2016-12-03 16:00:00,MAITRI,3.6,976.0,38.0,19.9,90.0,0.28633093525179854,REAL_AWS
2016-12-03 17:00:00,MAITRI,3.1,975.7,50.0,16.5,139.0,0.23741007194244604,REAL_AWS
2016-12-03 18:00:00,MAITRI,2.8,975.4,46.0,14.9,116.0,0.2143884892086331,REAL_AWS
2016-12-03 19:00:00,MAITRI,2.7,975.5,43.0,16.0,95.0,0.2302158273381295,REAL_AWS
2016-12-03 20:00:00,MAITRI,2.4,975.2,46.0,13.8,118.0,0.1985611510791367,REAL_AWS
2016-12-03 21:00:00,MAITRI,1.6,975.1,49.0,16.2,122.0,0.2330935251798561,REAL_AWS
2016-12-03 22:00:00,MAITRI,1.7,974.9,41.0,20.2,114.0,0.2906474820143885,REAL_AWS
2016-12-03 23:00:00,MAITRI,1.6,974.8,39.0,20.1,115.0,0.2892086330935252,REAL_AWS
2016-12-04 00:00:00,MAITRI,1.6,974.5,40.0,19.7,119.0,0.28345323741007195,REAL_AWS
2016-12-04 01:00:00,MAITRI,1.3,973.7,38.0,25.8,157.0,0.37122302158273385,REAL_AWS
2016-12-04 02:00:00,MAITRI,0.9,974.0,38.0,27.6,155.0,0.3971223021582734,REAL_AWS
2016-12-04 03:00:00,MAITRI,1.0,974.0,35.0,26.3,157.0,0.37841726618705035,REAL_AWS
2016-12-04 04:00:00,MAITRI,0.7,974.0,35.0,27.4,155.0,0.39424460431654673,REAL_AWS
2016-12-04 05:00:00,MAITRI,1.9,974.4,34.0,22.7,133.0,0.32661870503597124,REAL_AWS
2016-12-04 06:00:00,MAITRI,2.4,974.6,30.0,17.2,130.0,0.24748201438848919,REAL_AWS
2016-12-04 07:00:00,MAITRI,2.7,973.9,42.0,14.0,173.0,0.2014388489208633,REAL_AWS
2016-12-04 08:00:00,MAITRI,3.1,974.2,41.0,14.3,118.0,0.20575539568345325,REAL_AWS
2016-12-04 09:00:00,MAITRI,2.8,974.5,31.0,17.8,123.0,0.2561151079136691,REAL_AWS
2016-12-04 10:00:00,MAITRI,3.0,974.2,33.0,15.9,107.0,0.22877697841726619,REAL_AWS
2016-12-04 11:00:00,MAITRI,3.3,974.0,29.0,13.6,122.0,0.19568345323741007,REAL_AWS
2016-12-04 12:00:00,MAITRI,2.9,973.8,35.0,11.7,152.0,0.1683453237410072,REAL_AWS
2016-12-04 13:00:00,MAITRI,3.1,973.4,34.0,13.5,155.0,0.19424460431654678,REAL_AWS
2016-12-04 14:00:00,MAITRI,3.2,973.1,37.0,9.2,178.0,0.13237410071942446,REAL_AWS
2016-12-04 15:00:00,MAITRI,3.7,972.7,36.0,7.9,207.0,0.11366906474820145,REAL_AWS
2016-12-04 16:00:00,MAITRI,4.0,972.6,38.0,15.4,346.0,0.22158273381294966,REAL_AWS
2016-12-04 17:00:00,MAITRI,3.3,972.6,35.0,10.7,353.0,0.1539568345323741,REAL_AWS
2016-12-04 18:00:00,MAITRI,3.5,972.5,35.0,10.0,207.0,0.14388489208633093,REAL_AWS
2016-12-04 19:00:00,MAITRI,3.2,972.7,45.0,10.2,211.0,0.14676258992805755,REAL_AWS
2016-12-04 20:00:00,MAITRI,1.7,973.0,56.0,17.4,186.99999999999997,0.2503597122302158,REAL_AWS
2016-12-04 21:00:00,MAITRI,2.4,973.3,46.0,17.6,154.0,0.25323741007194245,REAL_AWS
2016-12-04 22:00:00,MAITRI,1.4,973.5,46.0,21.8,149.0,0.31366906474820144,REAL_AWS
2016-12-04 23:00:00,MAITRI,1.2,973.7,41.0,20.5,146.0,0.2949640287769784,REAL_AWS
2016-12-05 00:00:00,MAITRI,0.6,973.9,39.0,18.2,168.0,0.2618705035971223,REAL_AWS
2016-12-05 01:00:00,MAITRI,0.5,974.4,41.0,26.8,153.0,0.3856115107913669,REAL_AWS
2016-12-05 02:00:00,MAITRI,-0.1,974.8,42.0,26.9,150.0,0.3870503597122302,REAL_AWS
2016-12-05 03:00:00,MAITRI,-0.1,975.1,43.0,21.8,152.0,0.31366906474820144,REAL_AWS
2016-12-05 04:00:00,MAITRI,0.2,975.6,39.0,22.5,138.0,0.3237410071942446,REAL_AWS
2016-12-05 05:00:00,MAITRI,0.2,975.7,38.0,25.3,138.0,0.3640287769784173,REAL_AWS
2016-12-05 06:00:00,MAITRI,0.7,975.9,39.0,22.6,140.0,0.3251798561151079,REAL_AWS
2016-12-05 07:00:00,MAITRI,1.6,976.0,35.0,22.5,133.0,0.3237410071942446,REAL_AWS
2016-12-05 08:00:00,MAITRI,2.3,976.0,36.0,24.4,131.0,0.35107913669064744,REAL_AWS
2016-12-05 09:00:00,MAITRI,2.7,975.8,41.0,21.5,156.0,0.30935251798561153,REAL_AWS
2016-12-05 10:00:00,MAITRI,3.0,975.6,44.0,19.4,144.0,0.279136690647482,REAL_AWS
2016-12-05 11:00:00,MAITRI,4.3,975.7,39.0,17.7,112.0,0.25467625899280577,REAL_AWS
2016-12-05 12:00:00,MAITRI,4.3,976.1,39.0,20.6,114.0,0.29640287769784174,REAL_AWS
2016-12-05 13:00:00,MAITRI,4.3,976.2,34.0,20.8,100.0,0.2992805755395684,REAL_AWS
2016-12-05 14:00:00,MAITRI,4.1,976.1,38.0,18.3,120.0,0.2633093525179856,REAL_AWS
2016-12-05 15:00:00,MAITRI,3.3,976.6,45.0,19.4,66.0,0.279136690647482,REAL_AWS
2016-12-05 16:00:00,MAITRI,2.9,976.4,43.0,20.0,83.0,0.28776978417266186,REAL_AWS
2016-12-05 17:00:00,MAITRI,2.2,976.6,50.0,11.4,77.0,0.16402877697841728,REAL_AWS
2016-12-05 18:00:00,MAITRI,1.2,976.6,50.0,15.0,66.0,0.2158273381294964,REAL_AWS
2016-12-05 19:00:00,MAITRI,1.2,976.6,53.0,11.1,273.0,0.15971223021582734,REAL_AWS
2016-12-05 20:00:00,MAITRI,1.3,976.6,51.0,6.7,353.0,0.09640287769784173,REAL_AWS
2016-12-05 21:00:00,MAITRI,0.8,976.8,47.0,19.2,114.0,0.2762589928057554,REAL_AWS
2016-12-05 22:00:00,MAITRI,0.1,976.2,37.0,21.1,128.0,0.3035971223021583,REAL_AWS
2016-12-05 23:00:00,MAITRI,-0.4,975.6,35.0,27.4,146.0,0.39424460431654673,REAL_AWS
2016-12-06 00:00:00,MAITRI,-1.9,975.7,38.0,28.8,163.0,0.4143884892086331,REAL_AWS
2016-12-06 01:00:00,MAITRI,-2.1,975.4,38.0,31.1,163.0,0.4474820143884892,REAL_AWS
2016-12-06 02:00:00,MAITRI,-1.9,975.1,37.0,30.5,153.0,0.43884892086330934,REAL_AWS
2016-12-06 03:00:00,MAITRI,-2.0,975.1,42.0,27.3,152.0,0.39280575539568346,REAL_AWS
2016-12-06 04:00:00,MAITRI,-2.1,975.2,44.0,27.6,152.0,0.3971223021582734,REAL_AWS
2016-12-06 05:00:00,MAITRI,-0.8,975.7,44.0,18.5,101.0,0.26618705035971224,REAL_AWS
2016-12-06 06:00:00,MAITRI,-0.4,975.5,43.0,16.0,115.0,0.2302158273381295,REAL_AWS
2016-12-06 07:00:00,MAITRI,0.4,974.7,38.0,21.7,124.0,0.3122302158273381,REAL_AWS
2016-12-06 08:00:00,MAITRI,1.3,974.1,35.0,22.7,132.0,0.32661870503597124,REAL_AWS
2016-12-06 09:00:00,MAITRI,2.0,973.1,36.0,23.5,127.0,0.3381294964028777,REAL_AWS
2016-12-06 10:00:00,MAITRI,2.4,972.7,36.0,24.3,117.0,0.3496402877697842,REAL_AWS
2016-12-06 11:00:00,MAITRI,2.9,972.0,37.0,22.9,117.0,0.3294964028776978,REAL_AWS
2016-12-06 12:00:00,MAITRI,3.0,971.7,37.0,19.6,93.0,0.2820143884892087,REAL_AWS
2016-12-06 13:00:00,MAITRI,4.7,971.0,31.0,19.3,75.0,0.2776978417266187,REAL_AWS
2016-12-06 14:00:00,MAITRI,3.4,970.8,34.0,17.2,67.0,0.24748201438848919,REAL_AWS
2016-12-06 15:00:00,MAITRI,2.9,970.4,38.0,11.2,350.0,0.16115107913669063,REAL_AWS
2016-12-06 16:00:00,MAITRI,2.1,970.3,42.0,13.0,45.0,0.18705035971223022,REAL_AWS
2016-12-06 17:00:00,MAITRI,1.7,970.1,41.0,14.4,132.0,0.20719424460431654,REAL_AWS
2016-12-06 18:00:00,MAITRI,1.6,969.9,39.0,12.9,116.0,0.18561151079136692,REAL_AWS
2016-12-06 19:00:00,MAITRI,1.4,969.8,42.0,14.8,123.0,0.2129496402877698,REAL_AWS
2016-12-06 20:00:00,MAITRI,1.0,969.8,48.0,15.6,113.0,0.22446043165467625,REAL_AWS
2016-12-06 21:00:00,MAITRI,-0.2,969.9,53.0,17.4,113.0,0.2503597122302158,REAL_AWS
2016-12-06 22:00:00,MAITRI,-0.7,969.8,54.0,17.9,114.0,0.25755395683453236,REAL_AWS
2016-12-06 23:00:00,MAITRI,-0.8,969.8,52.0,17.5,109.0,0.2517985611510791,REAL_AWS
2016-12-07 00:00:00,MAITRI,-1.4,969.7,56.0,16.2,106.0,0.2330935251798561,REAL_AWS
2016-12-07 01:00:00,MAITRI,-1.5,969.7,54.0,17.3,104.0,0.24892086330935254,REAL_AWS
2016-12-07 02:00:00,MAITRI,-1.5,969.8,58.0,20.6,106.0,0.29640287769784174,REAL_AWS
2016-12-07 03:00:00,MAITRI,-1.5,970.0,58.0,23.6,92.0,0.339568345323741,REAL_AWS
2016-12-07 04:00:00,MAITRI,-1.5,970.3,59.0,27.3,101.0,0.39280575539568346,REAL_AWS
2016-12-07 05:00:00,MAITRI,-1.5,970.4,58.0,20.0,105.0,0.28776978417266186,REAL_AWS
2016-12-07 06:00:00,MAITRI,-1.1,970.4,57.0,22.1,106.0,0.3179856115107914,REAL_AWS
2016-12-07 07:00:00,MAITRI,-0.9,970.6,58.0,23.0,101.0,0.33093525179856115,REAL_AWS
2016-12-07 08:00:00,MAITRI,-1.0,971.0,60.0,20.9,97.0,0.30071942446043165,REAL_AWS
2016-12-07 09:00:00,MAITRI,-1.0,971.3,60.0,27.0,83.0,0.38848920863309355,REAL_AWS
2016-12-07 10:00:00,MAITRI,-1.7,971.4,65.0,27.5,96.0,0.39568345323741005,REAL_AWS
2016-12-07 11:00:00,MAITRI,-0.9,971.1,61.0,25.3,93.0,0.3640287769784173,REAL_AWS
2016-12-07 12:00:00,MAITRI,-0.5,971.0,59.0,24.0,96.0,0.34532374100719426,REAL_AWS
2016-12-07 13:00:00,MAITRI,0.2,971.3,60.0,23.6,89.0,0.339568345323741,REAL_AWS
2016-12-07 14:00:00,MAITRI,0.6,971.2,54.0,25.6,84.0,0.3683453237410072,REAL_AWS
2016-12-07 15:00:00,MAITRI,1.0,970.8,50.0,20.2,103.0,0.2906474820143885,REAL_AWS
2016-12-07 16:00:00,MAITRI,1.3,970.8,50.0,22.4,101.0,0.32230215827338127,REAL_AWS
2016-12-07 17:00:00,MAITRI,1.1,971.0,53.0,23.0,83.0,0.33093525179856115,REAL_AWS
2016-12-07 18:00:00,MAITRI,0.4,971.3,57.0,19.9,102.0,0.28633093525179854,REAL_AWS
2016-12-07 19:00:00,MAITRI,-0.2,971.7,57.0,21.6,110.0,0.31079136690647485,REAL_AWS
2016-12-07 20:00:00,MAITRI,-0.5,972.1,59.0,21.8,107.0,0.31366906474820144,REAL_AWS
2016-12-07 21:00:00,MAITRI,-1.0,972.3,60.0,19.2,114.0,0.2762589928057554,REAL_AWS
2016-12-07 22:00:00,MAITRI,-1.1,972.4,57.0,19.1,109.0,0.2748201438848921,REAL_AWS
2016-12-07 23:00:00,MAITRI,-1.2,972.3,55.0,18.9,121.0,0.2719424460431654,REAL_AWS
2016-12-08 00:00:00,MAITRI,-1.4,972.4,56.0,18.8,112.0,0.27050359712230215,REAL_AWS
2016-12-08 01:00:00,MAITRI,-1.5,972.6,54.0,21.8,114.0,0.31366906474820144,REAL_AWS
2016-12-08 02:00:00,MAITRI,-1.7,972.6,54.0,21.3,113.0,0.3064748201438849,REAL_AWS
2016-12-08 03:00:00,MAITRI,-1.5,972.7,52.0,23.3,116.0,0.3352517985611511,REAL_AWS
2016-12-08 04:00:00,MAITRI,-1.1,972.7,50.0,20.8,108.0,0.2992805755395684,REAL_AWS
2016-12-08 05:00:00,MAITRI,-0.5,972.7,47.0,19.7,103.0,0.28345323741007195,REAL_AWS
2016-12-08 06:00:00,MAITRI,0.0,972.8,45.0,17.9,106.0,0.25755395683453236,REAL_AWS
2016-12-08 07:00:00,MAITRI,0.7,972.8,43.0,23.5,94.0,0.3381294964028777,REAL_AWS
2016-12-08 08:00:00,MAITRI,1.2,973.0,42.0,21.8,91.0,0.31366906474820144,REAL_AWS
2016-12-08 09:00:00,MAITRI,1.1,973.0,40.0,24.9,91.0,0.358273381294964,REAL_AWS
2016-12-08 10:00:00,MAITRI,1.7,972.8,44.0,18.9,66.0,0.2719424460431654,REAL_AWS
2016-12-08 11:00:00,MAITRI,2.5,972.5,43.0,18.8,69.0,0.27050359712230215,REAL_AWS
2016-12-08 12:00:00,MAITRI,2.3,972.5,46.0,15.5,65.0,0.22302158273381295,REAL_AWS
2016-12-08 13:00:00,MAITRI,2.7,972.3,47.0,18.5,57.0,0.26618705035971224,REAL_AWS
2016-12-08 14:00:00,MAITRI,2.3,972.1,47.0,17.0,33.0,0.2446043165467626,REAL_AWS
2016-12-08 15:00:00,MAITRI,1.2,972.1,55.0,14.7,35.0,0.21151079136690645,REAL_AWS
2016-12-08 16:00:00,MAITRI,0.9,971.8,57.0,11.6,22.0,0.16690647482014387,REAL_AWS
2016-12-08 17:00:00,MAITRI,0.4,971.6,63.0,14.3,354.0,0.20575539568345325,REAL_AWS
2016-12-08 18:00:00,MAITRI,-0.4,971.8,67.0,14.9,4.0,0.2143884892086331,REAL_AWS
2016-12-08 19:00:00,MAITRI,-1.3,972.3,73.0,15.8,8.0,0.2273381294964029,REAL_AWS
2016-12-08 20:00:00,MAITRI,-1.7,972.6,69.0,17.3,75.0,0.24892086330935254,REAL_AWS
2016-12-08 21:00:00,MAITRI,-1.9,972.5,61.0,14.9,89.0,0.2143884892086331,REAL_AWS
2016-12-08 22:00:00,MAITRI,-2.1,972.4,59.0,13.2,103.0,0.18992805755395684,REAL_AWS
2016-12-08 23:00:00,MAITRI,-2.1,972.3,60.0,14.0,151.0,0.2014388489208633,REAL_AWS
2016-12-09 00:00:00,MAITRI,-2.3,972.1,61.0,12.7,169.0,0.18273381294964028,REAL_AWS
2016-12-09 01:00:00,MAITRI,-2.1,971.5,58.0,9.8,110.0,0.14100719424460434,REAL_AWS
2016-12-09 02:00:00,MAITRI,-2.1,971.3,59.0,6.1,52.0,0.08776978417266186,REAL_AWS
2016-12-09 03:00:00,MAITRI,-2.2,971.2,61.0,10.7,55.0,0.1539568345323741,REAL_AWS
2016-12-09 04:00:00,MAITRI,-2.4,971.2,56.0,9.8,11.0,0.14100719424460434,REAL_AWS
2016-12-09 05:00:00,MAITRI,-2.0,971.1,55.0,9.8,351.0,0.14100719424460434,REAL_AWS
2016-12-09 06:00:00,MAITRI,-0.8,971.0,52.0,10.9,42.0,0.15683453237410072,REAL_AWS
2016-12-09 07:00:00,MAITRI,0.8,970.7,42.0,20.2,80.0,0.2906474820143885,REAL_AWS
2016-12-09 08:00:00,MAITRI,2.1,970.5,47.0,15.1,23.0,0.21726618705035972,REAL_AWS
2016-12-09 09:00:00,MAITRI,1.0,970.5,57.0,16.4,342.0,0.23597122302158272,REAL_AWS
2016-12-09 10:00:00,MAITRI,1.4,970.5,45.0,14.1,15.0,0.2028776978417266,REAL_AWS
2016-12-09 11:00:00,MAITRI,2.2,970.5,43.0,13.4,5.0,0.19280575539568345,REAL_AWS
2016-12-09 12:00:00,MAITRI,2.7,970.6,44.0,7.9,82.0,0.11366906474820145,REAL_AWS
2016-12-09 13:00:00,MAITRI,1.3,970.6,46.0,13.2,146.0,0.18992805755395684,REAL_AWS
2016-12-09 14:00:00,MAITRI,1.5,970.2,45.0,9.3,190.0,0.13381294964028778,REAL_AWS
2016-12-09 15:00:00,MAITRI,3.1,970.0,40.0,12.6,4.0,0.18129496402877698,REAL_AWS
2016-12-09 16:00:00,MAITRI,2.8,969.8,42.0,13.7,356.0,0.19712230215827337,REAL_AWS
2016-12-09 17:00:00,MAITRI,2.7,969.6,43.0,10.3,239.0,0.14820143884892087,REAL_AWS
2016-12-09 18:00:00,MAITRI,2.9,969.6,48.0,12.6,221.99999999999997,0.18129496402877698,REAL_AWS
2016-12-09 19:00:00,MAITRI,2.5,969.3,54.0,16.7,182.99999999999997,0.24028776978417266,REAL_AWS
2016-12-09 20:00:00,MAITRI,1.3,969.3,55.0,18.4,181.0,0.2647482014388489,REAL_AWS
2016-12-09 21:00:00,MAITRI,1.0,969.8,51.0,12.5,123.0,0.17985611510791366,REAL_AWS
2016-12-09 22:00:00,MAITRI,-0.4,969.7,51.0,22.9,182.99999999999997,0.3294964028776978,REAL_AWS
2016-12-09 23:00:00,MAITRI,-0.3,969.8,48.0,15.7,179.0,0.22589928057553957,REAL_AWS
2016-12-10 00:00:00,MAITRI,-0.9,969.8,52.0,19.9,184.99999999999997,0.28633093525179854,REAL_AWS
2016-12-10 01:00:00,MAITRI,-1.4,969.7,49.0,25.2,182.99999999999997,0.36258992805755397,REAL_AWS
2016-12-10 02:00:00,MAITRI,-1.7,969.7,44.0,26.5,181.99999999999997,0.381294964028777,REAL_AWS
2016-12-10 03:00:00,MAITRI,-1.6,969.9,44.0,24.6,181.0,0.35395683453237414,REAL_AWS
2016-12-10 04:00:00,MAITRI,-0.5,970.1,41.0,25.4,174.0,0.36546762589928056,REAL_AWS
2016-12-10 05:00:00,MAITRI,0.8,970.3,37.0,23.7,171.0,0.3410071942446043,REAL_AWS
2016-12-10 06:00:00,MAITRI,1.1,970.8,43.0,22.2,173.0,0.3194244604316547,REAL_AWS
2016-12-10 07:00:00,MAITRI,2.1,971.4,41.0,20.4,164.0,0.2935251798561151,REAL_AWS
2016-12-10 08:00:00,MAITRI,3.7,971.8,34.0,15.7,127.0,0.22589928057553957,REAL_AWS
2016-12-10 09:00:00,MAITRI,3.5,972.2,38.0,16.6,137.0,0.23884892086330936,REAL_AWS
2016-12-10 10:00:00,MAITRI,5.2,972.4,30.0,14.1,27.0,0.2028776978417266,REAL_AWS
2016-12-10 11:00:00,MAITRI,4.9,972.3,30.0,13.9,356.99999999999994,0.2,REAL_AWS
2016-12-10 12:00:00,MAITRI,5.0,972.4,28.0,14.2,4.0,0.20431654676258992,REAL_AWS
2016-12-10 13:00:00,MAITRI,4.3,972.4,32.0,13.9,336.0,0.2,REAL_AWS
2016-12-10 14:00:00,MAITRI,4.2,972.4,32.0,13.8,318.0,0.1985611510791367,REAL_AWS
2016-12-10 15:00:00,MAITRI,3.7,972.4,32.0,14.6,324.0,0.21007194244604316,REAL_AWS
2016-12-10 16:00:00,MAITRI,3.8,972.3,39.0,15.2,269.0,0.218705035971223,REAL_AWS
2016-12-10 17:00:00,MAITRI,2.3,972.2,39.0,19.2,320.0,0.2762589928057554,REAL_AWS
2016-12-10 18:00:00,MAITRI,1.8,972.0,36.0,20.0,311.99999999999994,0.28776978417266186,REAL_AWS
2016-12-10 19:00:00,MAITRI,1.2,971.9,42.0,20.3,301.0,0.2920863309352518,REAL_AWS
2016-12-10 20:00:00,MAITRI,1.0,971.8,50.0,16.8,310.0,0.24172661870503598,REAL_AWS
2016-12-10 21:00:00,MAITRI,0.8,972.0,59.0,10.5,114.0,0.1510791366906475,REAL_AWS
2016-12-10 22:00:00,MAITRI,-0.1,972.1,62.0,11.5,107.0,0.16546762589928057,REAL_AWS
2016-12-10 23:00:00,MAITRI,-1.1,972.3,65.0,11.3,149.0,0.16258992805755396,REAL_AWS
2016-12-11 00:00:00,MAITRI,-1.0,972.1,60.0,13.6,169.0,0.19568345323741007,REAL_AWS
2016-12-11 01:00:00,MAITRI,-1.3,972.1,59.0,15.9,168.0,0.22877697841726619,REAL_AWS
2016-12-11 02:00:00,MAITRI,-1.4,972.1,64.0,15.1,99.0,0.21726618705035972,REAL_AWS
2016-12-11 03:00:00,MAITRI,-1.0,972.1,62.0,15.3,121.0,0.22014388489208633,REAL_AWS
2016-12-11 04:00:00,MAITRI,-0.8,972.4,54.0,13.4,82.0,0.19280575539568345,REAL_AWS
2016-12-11 05:00:00,MAITRI,-0.4,972.3,55.0,13.9,77.0,0.2,REAL_AWS
2016-12-11 06:00:00,MAITRI,0.9,972.5,51.0,12.3,52.0,0.17697841726618707,REAL_AWS
2016-12-11 07:00:00,MAITRI,2.2,972.6,51.0,16.0,70.0,0.2302158273381295,REAL_AWS
2016-12-11 08:00:00,MAITRI,1.2,972.8,61.0,12.3,1.0,0.17697841726618707,REAL_AWS
2016-12-11 09:00:00,MAITRI,1.5,972.9,57.0,13.2,0.0,0.18992805755395684,REAL_AWS
2016-12-11 10:00:00,MAITRI,2.0,973.1,54.0,12.2,35.0,0.17553956834532372,REAL_AWS
2016-12-11 11:00:00,MAITRI,2.4,973.3,45.0,15.3,25.0,0.22014388489208633,REAL_AWS
2016-12-11 12:00:00,MAITRI,2.7,973.4,44.0,11.7,63.0,0.1683453237410072,REAL_AWS
2016-12-11 13:00:00,MAITRI,3.6,973.6,34.0,13.4,76.0,0.19280575539568345,REAL_AWS
2016-12-11 14:00:00,MAITRI,1.2,973.5,47.0,13.6,148.0,0.19568345323741007,REAL_AWS
2016-12-11 15:00:00,MAITRI,1.2,973.2,47.0,13.9,155.0,0.2,REAL_AWS
2016-12-11 16:00:00,MAITRI,0.7,973.0,53.0,13.3,157.0,0.19136690647482016,REAL_AWS
2016-12-11 17:00:00,MAITRI,0.9,972.9,55.0,8.5,19.0,0.1223021582733813,REAL_AWS
2016-12-11 18:00:00,MAITRI,0.2,972.9,60.0,13.1,352.0,0.1884892086330935,REAL_AWS
2016-12-11 19:00:00,MAITRI,-0.3,972.7,56.0,10.4,49.0,0.1496402877697842,REAL_AWS
2016-12-11 20:00:00,MAITRI,-0.7,972.9,59.0,10.8,63.0,0.15539568345323743,REAL_AWS
2016-12-11 21:00:00,MAITRI,-1.0,973.0,58.0,9.0,90.0,0.12949640287769784,REAL_AWS
2016-12-11 22:00:00,MAITRI,-1.5,973.1,63.0,11.3,141.0,0.16258992805755396,REAL_AWS
2016-12-11 23:00:00,MAITRI,-2.0,973.3,74.0,11.0,82.0,0.15827338129496402,REAL_AWS
2016-12-12 00:00:00,MAITRI,-2.2,973.5,67.0,10.1,118.0,0.14532374100719425,REAL_AWS
2016-12-12 01:00:00,MAITRI,-2.0,973.6,61.0,18.0,164.0,0.2589928057553957,REAL_AWS
2016-12-12 02:00:00,MAITRI,-1.5,973.9,60.0,18.2,154.0,0.2618705035971223,REAL_AWS
2016-12-12 03:00:00,MAITRI,-0.7,974.0,50.0,13.6,94.0,0.19568345323741007,REAL_AWS
2016-12-12 04:00:00,MAITRI,-1.1,974.1,53.0,13.1,104.0,0.1884892086330935,REAL_AWS
2016-12-12 05:00:00,MAITRI,-0.2,974.3,45.0,19.2,160.0,0.2762589928057554,REAL_AWS
2016-12-12 06:00:00,MAITRI,1.0,974.8,45.0,18.1,111.0,0.260431654676259,REAL_AWS
2016-12-12 07:00:00,MAITRI,1.9,974.8,41.0,19.8,122.0,0.28489208633093527,REAL_AWS
2016-12-12 08:00:00,MAITRI,2.3,975.5,43.0,19.1,114.0,0.2748201438848921,REAL_AWS
2016-12-12 09:00:00,MAITRI,2.8,976.1,41.0,18.7,97.0,0.26906474820143883,REAL_AWS
2016-12-12 10:00:00,MAITRI,3.2,976.5,41.0,17.7,126.0,0.25467625899280577,REAL_AWS
2016-12-12 11:00:00,MAITRI,4.3,976.9,41.0,18.3,19.0,0.2633093525179856,REAL_AWS
2016-12-12 12:00:00,MAITRI,3.4,977.3,40.0,13.6,356.99999999999994,0.19568345323741007,REAL_AWS
2016-12-12 13:00:00,MAITRI,3.3,977.2,43.0,10.3,260.0,0.14820143884892087,REAL_AWS
2016-12-12 14:00:00,MAITRI,2.9,977.0,45.0,14.4,236.00000000000003,0.20719424460431654,REAL_AWS
2016-12-12 15:00:00,MAITRI,3.3,976.9,42.0,9.8,238.0,0.14100719424460434,REAL_AWS
2016-12-12 16:00:00,MAITRI,3.9,977.0,44.0,10.7,242.0,0.1539568345323741,REAL_AWS
2016-12-12 17:00:00,MAITRI,2.6,977.3,60.0,12.2,151.0,0.17553956834532372,REAL_AWS
2016-12-12 18:00:00,MAITRI,2.9,977.3,54.0,8.4,101.0,0.12086330935251799,REAL_AWS
2016-12-12 19:00:00,MAITRI,2.1,977.5,62.0,9.8,351.0,0.14100719424460434,REAL_AWS
2016-12-12 20:00:00,MAITRI,1.4,977.5,63.0,8.7,320.0,0.1251798561151079,REAL_AWS
2016-12-12 21:00:00,MAITRI,1.7,977.6,59.0,12.5,94.0,0.17985611510791366,REAL_AWS
2016-12-12 22:00:00,MAITRI,1.1,977.7,55.0,10.2,113.0,0.14676258992805755,REAL_AWS
2016-12-12 23:00:00,MAITRI,0.7,977.8,45.0,19.1,182.99999999999997,0.2748201438848921,REAL_AWS
2016-12-13 00:00:00,MAITRI,0.9,977.5,37.0,20.4,176.0,0.2935251798561151,REAL_AWS
2016-12-13 01:00:00,MAITRI,-1.5,977.1,46.0,26.8,182.99999999999997,0.3856115107913669,REAL_AWS
2016-12-13 02:00:00,MAITRI,-1.5,977.0,52.0,23.8,192.00000000000003,0.3424460431654676,REAL_AWS
2016-12-13 03:00:00,MAITRI,-0.8,976.8,46.0,23.5,181.99999999999997,0.3381294964028777,REAL_AWS
2016-12-13 04:00:00,MAITRI,-0.6,976.6,42.0,26.5,182.99999999999997,0.381294964028777,REAL_AWS
2016-12-13 05:00:00,MAITRI,0.8,977.2,39.0,12.0,171.0,0.17266187050359713,REAL_AWS
2016-12-13 06:00:00,MAITRI,1.9,977.1,41.0,14.2,185.99999999999997,0.20431654676258992,REAL_AWS
2016-12-13 07:00:00,MAITRI,2.9,976.9,42.0,13.4,151.0,0.19280575539568345,REAL_AWS
2016-12-13 08:00:00,MAITRI,4.2,977.0,37.0,7.3,78.0,0.10503597122302158,REAL_AWS
2016-12-13 09:00:00,MAITRI,4.4,977.0,45.0,13.9,143.0,0.2,REAL_AWS
2016-12-13 10:00:00,MAITRI,5.1,977.2,33.0,5.1,58.0,0.07338129496402877,REAL_AWS
2016-12-13 11:00:00,MAITRI,5.7,977.5,35.0,12.0,118.0,0.17266187050359713,REAL_AWS
2016-12-13 12:00:00,MAITRI,5.8,977.2,31.0,24.3,100.0,0.3496402877697842,REAL_AWS
2016-12-13 13:00:00,MAITRI,5.8,977.3,41.0,18.3,119.0,0.2633093525179856,REAL_AWS
2016-12-13 14:00:00,MAITRI,5.8,977.2,38.0,18.1,107.0,0.260431654676259,REAL_AWS
2016-12-13 15:00:00,MAITRI,6.2,977.1,40.0,17.8,74.0,0.2561151079136691,REAL_AWS
2016-12-13 16:00:00,MAITRI,5.9,976.8,45.0,12.0,131.0,0.17266187050359713,REAL_AWS
2016-12-13 17:00:00,MAITRI,4.9,976.8,45.0,2.5,27.0,0.03597122302158273,REAL_AWS
2016-12-13 18:00:00,MAITRI,5.3,976.4,34.0,19.3,133.0,0.2776978417266187,REAL_AWS
2016-12-13 19:00:00,MAITRI,4.8,976.1,34.0,23.2,133.0,0.33381294964028774,REAL_AWS
2016-12-13 20:00:00,MAITRI,3.5,976.3,35.0,23.0,143.0,0.33093525179856115,REAL_AWS
2016-12-13 21:00:00,MAITRI,3.0,976.3,37.0,23.2,149.0,0.33381294964028774,REAL_AWS
2016-12-13 22:00:00,MAITRI,2.2,976.2,35.0,24.4,157.0,0.35107913669064744,REAL_AWS
2016-12-13 23:00:00,MAITRI,1.6,976.0,35.0,25.7,169.0,0.36978417266187047,REAL_AWS
2016-12-14 00:00:00,MAITRI,1.1,975.5,34.0,29.7,169.0,0.4273381294964029,REAL_AWS
2016-12-14 01:00:00,MAITRI,0.5,975.4,37.0,31.4,165.0,0.45179856115107914,REAL_AWS
2016-12-14 02:00:00,MAITRI,0.7,975.4,32.0,30.6,164.0,0.44028776978417267,REAL_AWS
2016-12-14 03:00:00,MAITRI,0.8,975.1,37.0,27.4,165.0,0.39424460431654673,REAL_AWS
2016-12-14 04:00:00,MAITRI,0.9,975.2,38.0,31.5,153.0,0.45323741007194246,REAL_AWS
2016-12-14 05:00:00,MAITRI,0.9,975.2,36.0,32.0,158.0,0.460431654676259,REAL_AWS
2016-12-14 06:00:00,MAITRI,2.3,975.7,43.0,24.0,148.0,0.34532374100719426,REAL_AWS
2016-12-14 07:00:00,MAITRI,3.3,975.7,36.0,17.8,109.0,0.2561151079136691,REAL_AWS
2016-12-14 08:00:00,MAITRI,3.8,975.4,34.0,24.0,114.0,0.34532374100719426,REAL_AWS
2016-12-14 09:00:00,MAITRI,4.7,975.6,33.0,23.7,113.0,0.3410071942446043,REAL_AWS
2016-12-14 10:00:00,MAITRI,5.2,975.4,34.0,22.3,106.0,0.320863309352518,REAL_AWS
2016-12-14 11:00:00,MAITRI,5.3,975.3,33.0,25.3,97.0,0.3640287769784173,REAL_AWS
2016-12-14 12:00:00,MAITRI,5.3,975.2,35.0,24.2,100.0,0.34820143884892085,REAL_AWS
2016-12-14 13:00:00,MAITRI,5.6,975.4,37.0,21.8,96.0,0.31366906474820144,REAL_AWS
2016-12-14 14:00:00,MAITRI,5.2,975.4,44.0,20.5,68.0,0.2949640287769784,REAL_AWS
2016-12-14 15:00:00,MAITRI,5.1,975.4,40.0,15.0,86.0,0.2158273381294964,REAL_AWS
2016-12-14 16:00:00,MAITRI,3.3,975.6,44.0,18.4,29.0,0.2647482014388489,REAL_AWS
2016-12-14 17:00:00,MAITRI,3.0,975.4,43.0,13.0,157.0,0.18705035971223022,REAL_AWS
2016-12-14 18:00:00,MAITRI,2.6,975.5,44.0,7.4,164.0,0.1064748201438849,REAL_AWS
2016-12-14 19:00:00,MAITRI,2.8,975.9,44.0,10.3,148.0,0.14820143884892087,REAL_AWS
2016-12-14 20:00:00,MAITRI,2.1,976.2,46.0,12.7,126.0,0.18273381294964028,REAL_AWS
2016-12-14 21:00:00,MAITRI,1.9,976.1,48.0,15.0,112.0,0.2158273381294964,REAL_AWS
2016-12-14 22:00:00,MAITRI,0.9,975.7,47.0,24.6,132.0,0.35395683453237414,REAL_AWS
2016-12-14 23:00:00,MAITRI,0.7,975.9,41.0,26.1,130.0,0.37553956834532376,REAL_AWS
2016-12-15 00:00:00,MAITRI,0.4,976.1,38.0,28.4,137.0,0.40863309352517985,REAL_AWS
2016-12-15 01:00:00,MAITRI,-0.3,976.6,43.0,28.7,148.0,0.41294964028776976,REAL_AWS
2016-12-15 02:00:00,MAITRI,-0.5,976.4,42.0,30.8,149.0,0.4431654676258993,REAL_AWS
2016-12-15 03:00:00,MAITRI,-0.6,976.6,37.0,30.1,159.0,0.4330935251798561,REAL_AWS
2016-12-15 04:00:00,MAITRI,-0.5,976.9,40.0,26.5,164.0,0.381294964028777,REAL_AWS
2016-12-15 05:00:00,MAITRI,-0.2,977.2,38.0,30.5,155.0,0.43884892086330934,REAL_AWS
2016-12-15 06:00:00,MAITRI,0.3,977.9,42.0,24.9,154.0,0.358273381294964,REAL_AWS
2016-12-15 07:00:00,MAITRI,1.3,978.5,40.0,24.0,137.0,0.34532374100719426,REAL_AWS
2016-12-15 08:00:00,MAITRI,2.1,978.8,32.0,26.9,137.0,0.3870503597122302,REAL_AWS
2016-12-15 09:00:00,MAITRI,2.3,978.6,37.0,30.1,137.0,0.4330935251798561,REAL_AWS
2016-12-15 10:00:00,MAITRI,2.7,978.9,39.0,23.1,125.0,0.33237410071942447,REAL_AWS
2016-12-15 11:00:00,MAITRI,3.3,979.5,38.0,23.2,105.0,0.33381294964028774,REAL_AWS
2016-12-15 12:00:00,MAITRI,3.9,979.8,34.0,21.9,100.0,0.3151079136690647,REAL_AWS
2016-12-15 13:00:00,MAITRI,4.0,980.2,36.0,20.2,95.0,0.2906474820143885,REAL_AWS
2016-12-15 14:00:00,MAITRI,4.9,980.6,36.0,19.3,82.0,0.2776978417266187,REAL_AWS
2016-12-15 15:00:00,MAITRI,3.5,980.3,45.0,14.9,133.0,0.2143884892086331,REAL_AWS
2016-12-15 16:00:00,MAITRI,2.9,980.1,51.0,17.0,149.0,0.2446043165467626,REAL_AWS
2016-12-15 17:00:00,MAITRI,3.0,980.2,51.0,16.2,145.0,0.2330935251798561,REAL_AWS
2016-12-15 18:00:00,MAITRI,3.3,980.2,43.0,17.7,136.0,0.25467625899280577,REAL_AWS
2016-12-15 19:00:00,MAITRI,2.8,980.3,41.0,19.7,148.0,0.28345323741007195,REAL_AWS
2016-12-15 20:00:00,MAITRI,2.3,980.2,51.0,19.9,165.0,0.28633093525179854,REAL_AWS
2016-12-15 21:00:00,MAITRI,1.9,980.1,52.0,21.8,164.0,0.31366906474820144,REAL_AWS
2016-12-15 22:00:00,MAITRI,0.7,980.0,45.0,23.0,172.0,0.33093525179856115,REAL_AWS
2016-12-15 23:00:00,MAITRI,0.1,979.8,44.0,24.3,172.0,0.3496402877697842,REAL_AWS
2016-12-16 00:00:00,MAITRI,0.4,979.8,44.0,25.1,169.0,0.36115107913669064,REAL_AWS
2016-12-16 01:00:00,MAITRI,0.5,979.6,38.0,30.6,158.0,0.44028776978417267,REAL_AWS
2016-12-16 02:00:00,MAITRI,0.4,979.1,38.0,31.5,165.0,0.45323741007194246,REAL_AWS
2016-12-16 03:00:00,MAITRI,0.4,978.9,36.0,32.6,163.0,0.4690647482014389,REAL_AWS
2016-12-16 04:00:00,MAITRI,0.3,979.1,37.0,31.7,162.0,0.45611510791366905,REAL_AWS
2016-12-16 05:00:00,MAITRI,-0.2,979.1,39.0,33.5,161.0,0.48201438848920863,REAL_AWS
2016-12-16 06:00:00,MAITRI,-0.2,979.2,44.0,30.7,162.0,0.44172661870503593,REAL_AWS
2016-12-16 07:00:00,MAITRI,0.6,979.8,45.0,27.5,160.0,0.39568345323741005,REAL_AWS
2016-12-16 08:00:00,MAITRI,1.7,980.1,38.0,23.1,136.0,0.33237410071942447,REAL_AWS
2016-12-16 09:00:00,MAITRI,2.1,980.1,35.0,24.5,130.0,0.35251798561151076,REAL_AWS
2016-12-16 10:00:00,MAITRI,2.5,980.1,32.0,21.7,109.0,0.3122302158273381,REAL_AWS
2016-12-16 11:00:00,MAITRI,3.3,979.5,34.0,20.8,105.0,0.2992805755395684,REAL_AWS
2016-12-16 12:00:00,MAITRI,3.3,979.1,39.0,20.1,97.0,0.2892086330935252,REAL_AWS
2016-12-16 13:00:00,MAITRI,4.0,978.9,28.0,26.4,96.0,0.37985611510791367,REAL_AWS
2016-12-16 14:00:00,MAITRI,3.3,978.5,43.0,20.8,104.0,0.2992805755395684,REAL_AWS
2016-12-16 15:00:00,MAITRI,3.0,978.1,41.0,20.3,111.0,0.2920863309352518,REAL_AWS
2016-12-16 16:00:00,MAITRI,3.1,977.5,42.0,18.0,114.0,0.2589928057553957,REAL_AWS
2016-12-16 17:00:00,MAITRI,3.0,977.3,41.0,17.1,117.0,0.24604316546762592,REAL_AWS
2016-12-16 18:00:00,MAITRI,2.6,976.8,47.0,13.8,148.0,0.1985611510791367,REAL_AWS
2016-12-16 19:00:00,MAITRI,2.0,976.3,48.0,14.9,182.99999999999997,0.2143884892086331,REAL_AWS
2016-12-16 20:00:00,MAITRI,1.3,976.4,52.0,15.8,148.0,0.2273381294964029,REAL_AWS
2016-12-16 21:00:00,MAITRI,0.6,976.2,55.0,17.9,144.0,0.25755395683453236,REAL_AWS
2016-12-16 22:00:00,MAITRI,-0.2,975.4,51.0,21.7,152.0,0.3122302158273381,REAL_AWS
2016-12-16 23:00:00,MAITRI,-0.2,975.2,46.0,20.5,148.0,0.2949640287769784,REAL_AWS
2016-12-17 00:00:00,MAITRI,-0.2,975.0,42.0,19.8,165.0,0.28489208633093527,REAL_AWS
2016-12-17 01:00:00,MAITRI,-1.2,974.5,43.0,25.6,176.0,0.3683453237410072,REAL_AWS
2016-12-17 02:00:00,MAITRI,-2.0,974.3,45.0,27.3,177.0,0.39280575539568346,REAL_AWS
2016-12-17 03:00:00,MAITRI,-1.2,974.1,42.0,25.7,174.0,0.36978417266187047,REAL_AWS
2016-12-17 04:00:00,MAITRI,-0.3,973.9,38.0,30.5,170.0,0.43884892086330934,REAL_AWS
2016-12-17 05:00:00,MAITRI,-0.2,974.4,47.0,23.4,166.0,0.3366906474820144,REAL_AWS
2016-12-17 06:00:00,MAITRI,0.4,974.8,47.0,23.9,148.0,0.34388489208633094,REAL_AWS
2016-12-17 07:00:00,MAITRI,1.2,975.1,39.0,25.0,150.0,0.3597122302158273,REAL_AWS
2016-12-17 08:00:00,MAITRI,2.4,975.4,39.0,18.4,127.0,0.2647482014388489,REAL_AWS
2016-12-17 09:00:00,MAITRI,2.7,975.1,34.0,20.6,112.0,0.29640287769784174,REAL_AWS
2016-12-17 10:00:00,MAITRI,3.0,974.9,32.0,22.1,102.0,0.3179856115107914,REAL_AWS
2016-12-17 11:00:00,MAITRI,3.5,974.6,36.0,23.1,87.0,0.33237410071942447,REAL_AWS
2016-12-17 12:00:00,MAITRI,3.9,974.5,34.0,20.8,105.0,0.2992805755395684,REAL_AWS
2016-12-17 13:00:00,MAITRI,4.5,974.8,38.0,18.7,86.0,0.26906474820143883,REAL_AWS
2016-12-17 14:00:00,MAITRI,4.0,974.9,38.0,22.9,76.0,0.3294964028776978,REAL_AWS
2016-12-17 15:00:00,MAITRI,3.3,974.8,44.0,18.9,64.0,0.2719424460431654,REAL_AWS
2016-12-17 16:00:00,MAITRI,2.5,974.8,47.0,19.3,67.0,0.2776978417266187,REAL_AWS
2016-12-17 17:00:00,MAITRI,2.2,975.1,46.0,19.4,77.0,0.279136690647482,REAL_AWS
2016-12-17 18:00:00,MAITRI,1.9,975.4,49.0,16.9,96.0,0.24316546762589927,REAL_AWS
2016-12-17 19:00:00,MAITRI,1.3,975.6,55.0,12.8,119.0,0.1841726618705036,REAL_AWS
2016-12-17 20:00:00,MAITRI,0.9,975.9,54.0,15.7,129.0,0.22589928057553957,REAL_AWS
2016-12-17 21:00:00,MAITRI,0.2,975.9,56.0,15.2,144.0,0.218705035971223,REAL_AWS
2016-12-17 22:00:00,MAITRI,-0.4,975.8,58.0,16.8,140.0,0.24172661870503598,REAL_AWS
2016-12-17 23:00:00,MAITRI,-0.6,975.8,56.0,17.1,138.0,0.24604316546762592,REAL_AWS
2016-12-18 00:00:00,MAITRI,-0.7,976.2,52.0,16.8,131.0,0.24172661870503598,REAL_AWS
2016-12-18 01:00:00,MAITRI,-0.8,976.2,52.0,19.3,114.0,0.2776978417266187,REAL_AWS
2016-12-18 02:00:00,MAITRI,-0.7,976.7,52.0,19.7,116.0,0.28345323741007195,REAL_AWS
2016-12-18 03:00:00,MAITRI,-0.6,976.9,49.0,21.5,130.0,0.30935251798561153,REAL_AWS
2016-12-18 04:00:00,MAITRI,-0.5,977.0,50.0,21.1,130.0,0.3035971223021583,REAL_AWS
2016-12-18 05:00:00,MAITRI,-0.5,977.1,55.0,19.2,125.0,0.2762589928057554,REAL_AWS
2016-12-18 06:00:00,MAITRI,0.2,977.3,55.0,15.8,120.0,0.2273381294964029,REAL_AWS
2016-12-18 07:00:00,MAITRI,0.9,977.2,53.0,17.9,115.0,0.25755395683453236,REAL_AWS
2016-12-18 08:00:00,MAITRI,1.7,977.6,45.0,22.3,82.0,0.320863309352518,REAL_AWS
2016-12-18 09:00:00,MAITRI,2.2,977.6,45.0,22.0,93.0,0.31654676258992803,REAL_AWS
2016-12-18 10:00:00,MAITRI,3.2,977.9,44.0,21.3,88.0,0.3064748201438849,REAL_AWS
2016-12-18 11:00:00,MAITRI,4.0,977.9,41.0,21.6,67.0,0.31079136690647485,REAL_AWS
2016-12-18 12:00:00,MAITRI,3.2,978.0,47.0,21.9,78.0,0.3151079136690647,REAL_AWS
2016-12-18 13:00:00,MAITRI,2.8,978.0,50.0,18.5,76.0,0.26618705035971224,REAL_AWS
2016-12-18 14:00:00,MAITRI,3.5,977.9,48.0,19.6,74.0,0.2820143884892087,REAL_AWS
2016-12-18 15:00:00,MAITRI,3.4,977.9,50.0,19.3,72.0,0.2776978417266187,REAL_AWS
2016-12-18 16:00:00,MAITRI,3.2,978.1,53.0,18.2,74.0,0.2618705035971223,REAL_AWS
2016-12-18 17:00:00,MAITRI,2.6,978.1,52.0,18.2,96.0,0.2618705035971223,REAL_AWS
2016-12-18 18:00:00,MAITRI,2.1,978.5,59.0,20.7,79.0,0.297841726618705,REAL_AWS
2016-12-18 19:00:00,MAITRI,1.5,978.7,67.0,17.8,69.0,0.2561151079136691,REAL_AWS
2016-12-18 20:00:00,MAITRI,1.2,978.6,65.0,23.2,85.0,0.33381294964028774,REAL_AWS
2016-12-18 21:00:00,MAITRI,0.6,978.7,69.0,18.0,116.0,0.2589928057553957,REAL_AWS
2016-12-18 22:00:00,MAITRI,0.4,978.6,67.0,18.7,110.0,0.26906474820143883,REAL_AWS
2016-12-18 23:00:00,MAITRI,0.2,978.7,66.0,17.2,102.0,0.24748201438848919,REAL_AWS
2016-12-19 00:00:00,MAITRI,0.2,978.7,65.0,17.3,99.0,0.24892086330935254,REAL_AWS
2016-12-19 01:00:00,MAITRI,-0.1,978.7,67.0,19.4,88.0,0.279136690647482,REAL_AWS
2016-12-19 02:00:00,MAITRI,-0.1,978.6,64.0,19.0,96.0,0.2733812949640288,REAL_AWS
2016-12-19 03:00:00,MAITRI,-0.3,978.6,65.0,15.8,105.0,0.2273381294964029,REAL_AWS
2016-12-19 04:00:00,MAITRI,-0.1,978.4,60.0,15.7,117.0,0.22589928057553957,REAL_AWS
2016-12-19 05:00:00,MAITRI,0.2,978.4,54.0,18.1,75.0,0.260431654676259,REAL_AWS
2016-12-19 06:00:00,MAITRI,1.0,978.2,47.0,19.8,73.0,0.28489208633093527,REAL_AWS
2016-12-19 07:00:00,MAITRI,2.2,978.0,45.0,19.5,84.0,0.2805755395683453,REAL_AWS
2016-12-19 08:00:00,MAITRI,2.2,978.0,40.0,22.3,93.0,0.320863309352518,REAL_AWS
2016-12-19 09:00:00,MAITRI,3.5,977.9,43.0,16.4,85.0,0.23597122302158272,REAL_AWS
2016-12-19 10:00:00,MAITRI,2.7,978.2,45.0,22.1,67.0,0.3179856115107914,REAL_AWS
2016-12-19 11:00:00,MAITRI,2.1,978.8,48.0,20.8,80.0,0.2992805755395684,REAL_AWS
2016-12-19 12:00:00,MAITRI,2.6,978.8,49.0,17.1,85.0,0.24604316546762592,REAL_AWS
