date,station_code,item_code,category,item_name,quantity,unit,minimum_required,daily_usage,days_remaining,resupply_event,resupply_quantity,inventory_status,data_source
2016-01-01,MAITRI,FOOD-M01,FOOD,Food Supplies,1840.0,kg,1200,2.5,736.0,False,0.0,AVAILABLE,SIMULATED_OPERATIONAL
2016-01-01,MAITRI,MED-M01,MEDICAL,Medical Supplies,420.0,units,300,0.15,2800.0,False,0.0,AVAILABLE,SIMULATED_OPERATIONAL
2016-01-01,MAITRI,SPR-M01,SPARES,Mechanical Spare Parts,185.0,units,150,0.2,925.0,False,0.0,AVAILABLE,SIMULATED_OPERATIONAL
2016-01-01,MAITRI,BAT-M01,SPARES,Battery Components,97.2,units,100,0.5,194.4,True,25.2,LOW,SIMULATED_OPERATIONAL
2016-01-02,MAITRI,FOOD-M01,FOOD,Food Supplies,1837.5,kg,1200,2.5,735.0,False,0.0,AVAILABLE,SIMULATED_OPERATIONAL
2016-01-02,MAITRI,MED-M01,MEDICAL,Medical Supplies,419.85,units,300,0.15,2799.0000000000005,False,0.0,AVAILABLE,SIMULATED_OPERATIONAL
2016-01-02,MAITRI,SPR-M01,SPARES,Mechanical Spare Parts,184.8,units,150,0.2,924.0,False,0.0,AVAILABLE,SIMULATED_OPERATIONAL
2016-01-02,MAITRI,BAT-M01,SPARES,Battery Components,96.7,units,100,0.5,193.4,True,25.2,LOW,SIMULATED_OPERATIONAL
2016-01-03,MAITRI,FOOD-M01,FOOD,Food Supplies,1835.0,kg,1200,2.5,734.0,False,0.0,AVAILABLE,SIMULATED_OPERATIONAL
2016-01-03,MAITRI,MED-M01,MEDICAL,Medical Supplies,419.7,units,300,0.15,2798.0,False,0.0,AVAILABLE,SIMULATED_OPERATIONAL
2016-01-03,MAITRI,SPR-M01,SPARES,Mechanical Spare Parts,184.6,units,150,0.2,922.9999999999999,False,0.0,AVAILABLE,SIMULATED_OPERATIONAL
2016-01-03,MAITRI,BAT-M01,SPARES,Battery Components,96.2,units,100,0.5,192.4,True,25.2,LOW,SIMULATED_OPERATIONAL
2016-01-04,MAITRI,FOOD-M01,FOOD,Food Supplies,1832.5,kg,1200,2.5,733.0,False,0.0,AVAILABLE,SIMULATED_OPERATIONAL
2016-01-04,MAITRI,MED-M01,MEDICAL,Medical Supplies,419.55,units,300,0.15,2797.0,False,0.0,AVAILABLE,SIMULATED_OPERATIONAL
2016-01-04,MAITRI,SPR-M01,SPARES,Mechanical Spare Parts,184.4,units,150,0.2,922.0,False,0.0,AVAILABLE,SIMULATED_OPERATIONAL
2016-01-04,MAITRI,BAT-M01,SPARES,Battery Components,95.7,units,100,0.5,191.4,True,25.2,LOW,SIMULATED_OPERATIONAL
2016-01-05,MAITRI,FOOD-M01,FOOD,Food Supplies,1830.0,kg,1200,2.5,732.0,False,0.0,AVAILABLE,SIMULATED_OPERATIONAL
2016-01-05,MAITRI,MED-M01,MEDICAL,Medical Supplies,419.4,units,300,0.15,2796.0,False,0.0,AVAILABLE,SIMULATED_OPERATIONAL
2016-01-05,MAITRI,SPR-M01,SPARES,Mechanical Spare Parts,184.2,units,150,0.2,920.9999999999999,False,0.0,AVAILABLE,SIMULATED_OPERATIONAL
2016-01-05,MAITRI,BAT-M01,SPARES,Battery Components,95.2,units,100,0.5,190.4,True,25.2,LOW,SIMULATED_OPERATIONAL
2016-01-06,MAITRI,FOOD-M01,FOOD,Food Supplies,1827.5,kg,1200,2.5,731.0,False,0.0,AVAILABLE,SIMULATED_OPERATIONAL
2016-01-06,MAITRI,MED-M01,MEDICAL,Medical Supplies,419.25,units,300,0.15,2795.0,False,0.0,AVAILABLE,SIMULATED_OPERATIONAL
2016-01-06,MAITRI,SPR-M01,SPARES,Mechanical Spare Parts,184.0,units,150,0.2,920.0,False,0.0,AVAILABLE,SIMULATED_OPERATIONAL
2016-01-06,MAITRI,BAT-M01,SPARES,Battery Components,94.7,units,100,0.5,189.4,True,25.2,LOW,SIMULATED_OPERATIONAL
2016-01-07,MAITRI,FOOD-M01,FOOD,Food Supplies,1825.0,kg,1200,2.5,730.0,False,0.0,AVAILABLE,SIMULATED_OPERATIONAL
2016-01-07,MAITRI,MED-M01,MEDICAL,Medical Supplies,419.1,units,300,0.15,2794.0000000000005,False,0.0,AVAILABLE,SIMULATED_OPERATIONAL
2016-01-07,MAITRI,SPR-M01,SPARES,Mechanical Spare Parts,183.8,units,150,0.2,919.0,False,0.0,AVAILABLE,SIMULATED_OPERATIONAL
2016-01-07,MAITRI,BAT-M01,SPARES,Battery Components,94.2,units,100,0.5,188.4,True,25.2,LOW,SIMULATED_OPERATIONAL
2016-01-08,MAITRI,FOOD-M01,FOOD,Food Supplies,1822.5,kg,1200,2.5,729.0,False,0.0,AVAILABLE,SIMULATED_OPERATIONAL
2016-01-08,MAITRI,MED-M01,MEDICAL,Medical Supplies,418.95,units,300,0.15,2793.0,False,0.0,AVAILABLE,SIMULATED_OPERATIONAL
2016-01-08,MAITRI,SPR-M01,SPARES,Mechanical Spare Parts,183.6,units,150,0.2,917.9999999999999,False,0.0,AVAILABLE,SIMULATED_OPERATIONAL
2016-01-08,MAITRI,BAT-M01,SPARES,Battery Components,93.7,units,100,0.5,187.4,True,25.2,LOW,SIMULATED_OPERATIONAL
2016-01-09,MAITRI,FOOD-M01,FOOD,Food Supplies,1820.0,kg,1200,2.5,728.0,False,0.0,AVAILABLE,SIMULATED_OPERATIONAL
2016-01-09,MAITRI,MED-M01,MEDICAL,Medical Supplies,418.8,units,300,0.15,2792.0,False,0.0,AVAILABLE,SIMULATED_OPERATIONAL
2016-01-09,MAITRI,SPR-M01,SPARES,Mechanical Spare Parts,183.4,units,150,0.2,917.0,False,0.0,AVAILABLE,SIMULATED_OPERATIONAL
2016-01-09,MAITRI,BAT-M01,SPARES,Battery Components,93.2,units,100,0.5,186.4,True,25.2,LOW,SIMULATED_OPERATIONAL
2016-01-10,MAITRI,FOOD-M01,FOOD,Food Supplies,1817.5,kg,1200,2.5,727.0,False,0.0,AVAILABLE,SIMULATED_OPERATIONAL
2016-01-10,MAITRI,MED-M01,MEDICAL,Medical Supplies,418.65,units,300,0.15,2791.0,False,0.0,AVAILABLE,SIMULATED_OPERATIONAL
2016-01-10,MAITRI,SPR-M01,SPARES,Mechanical Spare Parts,183.2,units,150,0.2,915.9999999999999,False,0.0,AVAILABLE,SIMULATED_OPERATIONAL
2016-01-10,MAITRI,BAT-M01,SPARES,Battery Components,92.7,units,100,0.5,185.4,True,25.2,LOW,SIMULATED_OPERATIONAL
2016-01-11,MAITRI,FOOD-M01,FOOD,Food Supplies,1815.0,kg,1200,2.5,726.0,False,0.0,AVAILABLE,SIMULATED_OPERATIONAL
2016-01-11,MAITRI,MED-M01,MEDICAL,Medical Supplies,418.5,units,300,0.15,2790.0,False,0.0,AVAILABLE,SIMULATED_OPERATIONAL
2016-01-11,MAITRI,SPR-M01,SPARES,Mechanical Spare Parts,183.0,units,150,0.2,915.0,False,0.0,AVAILABLE,SIMULATED_OPERATIONAL
2016-01-11,MAITRI,BAT-M01,SPARES,Battery Components,92.2,units,100,0.5,184.4,True,25.2,LOW,SIMULATED_OPERATIONAL
2016-01-12,MAITRI,FOOD-M01,FOOD,Food Supplies,1812.5,kg,1200,2.5,725.0,False,0.0,AVAILABLE,SIMULATED_OPERATIONAL
2016-01-12,MAITRI,MED-M01,MEDICAL,Medical Supplies,418.35,units,300,0.15,2789.0000000000005,False,0.0,AVAILABLE,SIMULATED_OPERATIONAL
2016-01-12,MAITRI,SPR-M01,SPARES,Mechanical Spare Parts,182.8,units,150,0.2,914.0,False,0.0,AVAILABLE,SIMULATED_OPERATIONAL
2016-01-12,MAITRI,BAT-M01,SPARES,Battery Components,91.7,units,100,0.5,183.4,True,25.2,LOW,SIMULATED_OPERATIONAL
2016-01-13,MAITRI,FOOD-M01,FOOD,Food Supplies,1810.0,kg,1200,2.5,724.0,False,0.0,AVAILABLE,SIMULATED_OPERATIONAL
2016-01-13,MAITRI,MED-M01,MEDICAL,Medical Supplies,418.2,units,300,0.15,2788.0,False,0.0,AVAILABLE,SIMULATED_OPERATIONAL
2016-01-13,MAITRI,SPR-M01,SPARES,Mechanical Spare Parts,182.6,units,150,0.2,912.9999999999999,False,0.0,AVAILABLE,SIMULATED_OPERATIONAL
2016-01-13,MAITRI,BAT-M01,SPARES,Battery Components,91.2,units,100,0.5,182.4,True,25.2,LOW,SIMULATED_OPERATIONAL
2016-01-14,MAITRI,FOOD-M01,FOOD,Food Supplies,1807.5,kg,1200,2.5,723.0,False,0.0,AVAILABLE,SIMULATED_OPERATIONAL
2016-01-14,MAITRI,MED-M01,MEDICAL,Medical Supplies,418.05,units,300,0.15,2787.0,False,0.0,AVAILABLE,SIMULATED_OPERATIONAL
2016-01-14,MAITRI,SPR-M01,SPARES,Mechanical Spare Parts,182.4,units,150,0.2,912.0,False,0.0,AVAILABLE,SIMULATED_OPERATIONAL
2016-01-14,MAITRI,BAT-M01,SPARES,Battery Components,90.7,units,100,0.5,181.4,True,25.2,LOW,SIMULATED_OPERATIONAL
2016-01-15,MAITRI,FOOD-M01,FOOD,Food Supplies,1805.0,kg,1200,2.5,722.0,False,0.0,AVAILABLE,SIMULATED_OPERATIONAL
2016-01-15,MAITRI,MED-M01,MEDICAL,Medical Supplies,417.9,units,300,0.15,2786.0,False,0.0,AVAILABLE,SIMULATED_OPERATIONAL
2016-01-15,MAITRI,SPR-M01,SPARES,Mechanical Spare Parts,182.2,units,150,0.2,910.9999999999999,False,0.0,AVAILABLE,SIMULATED_OPERATIONAL
2016-01-15,MAITRI,BAT-M01,SPARES,Battery Components,90.2,units,100,0.5,180.4,True,25.2,LOW,SIMULATED_OPERATIONAL
2016-01-16,MAITRI,FOOD-M01,FOOD,Food Supplies,1802.5,kg,1200,2.5,721.0,False,0.0,AVAILABLE,SIMULATED_OPERATIONAL
2016-01-16,MAITRI,MED-M01,MEDICAL,Medical Supplies,417.75,units,300,0.15,2785.0,False,0.0,AVAILABLE,SIMULATED_OPERATIONAL
2016-01-16,MAITRI,SPR-M01,SPARES,Mechanical Spare Parts,182.0,units,150,0.2,910.0,False,0.0,AVAILABLE,SIMULATED_OPERATIONAL
2016-01-16,MAITRI,BAT-M01,SPARES,Battery Components,89.7,units,100,0.5,179.4,True,25.2,LOW,SIMULATED_OPERATIONAL
2016-01-17,MAITRI,FOOD-M01,FOOD,Food Supplies,1800.0,kg,1200,2.5,720.0,False,0.0,AVAILABLE,SIMULATED_OPERATIONAL
2016-01-17,MAITRI,MED-M01,MEDICAL,Medical Supplies,417.6,units,300,0.15,2784.0000000000005,False,0.0,AVAILABLE,SIMULATED_OPERATIONAL
2016-01-17,MAITRI,SPR-M01,SPARES,Mechanical Spare Parts,181.8,units,150,0.2,909.0,False,0.0,AVAILABLE,SIMULATED_OPERATIONAL
2016-01-17,MAITRI,BAT-M01,SPARES,Battery Components,89.2,units,100,0.5,178.4,True,25.2,LOW,SIMULATED_OPERATIONAL
2016-01-18,MAITRI,FOOD-M01,FOOD,Food Supplies,1797.5,kg,1200,2.5,719.0,False,0.0,AVAILABLE,SIMULATED_OPERATIONAL
2016-01-18,MAITRI,MED-M01,MEDICAL,Medical Supplies,417.45,units,300,0.15,2783.0,False,0.0,AVAILABLE,SIMULATED_OPERATIONAL
2016-01-18,MAITRI,SPR-M01,SPARES,Mechanical Spare Parts,181.6,units,150,0.2,907.9999999999999,False,0.0,AVAILABLE,SIMULATED_OPERATIONAL
2016-01-18,MAITRI,BAT-M01,SPARES,Battery Components,88.7,units,100,0.5,177.4,True,25.2,LOW,SIMULATED_OPERATIONAL
2016-01-19,MAITRI,FOOD-M01,FOOD,Food Supplies,1795.0,kg,1200,2.5,718.0,False,0.0,AVAILABLE,SIMULATED_OPERATIONAL
2016-01-19,MAITRI,MED-M01,MEDICAL,Medical Supplies,417.3,units,300,0.15,2782.0,False,0.0,AVAILABLE,SIMULATED_OPERATIONAL
2016-01-19,MAITRI,SPR-M01,SPARES,Mechanical Spare Parts,181.4,units,150,0.2,907.0,False,0.0,AVAILABLE,SIMULATED_OPERATIONAL
2016-01-19,MAITRI,BAT-M01,SPARES,Battery Components,88.2,units,100,0.5,176.4,True,25.2,LOW,SIMULATED_OPERATIONAL
2016-01-20,MAITRI,FOOD-M01,FOOD,Food Supplies,1792.5,kg,1200,2.5,717.0,False,0.0,AVAILABLE,SIMULATED_OPERATIONAL
2016-01-20,MAITRI,MED-M01,MEDICAL,Medical Supplies,417.15,units,300,0.15,2781.0,False,0.0,AVAILABLE,SIMULATED_OPERATIONAL
2016-01-20,MAITRI,SPR-M01,SPARES,Mechanical Spare Parts,181.2,units,150,0.2,905.9999999999999,False,0.0,AVAILABLE,SIMULATED_OPERATIONAL
2016-01-20,MAITRI,BAT-M01,SPARES,Battery Components,87.7,units,100,0.5,175.4,True,25.2,LOW,SIMULATED_OPERATIONAL
2016-01-21,MAITRI,FOOD-M01,FOOD,Food Supplies,1790.0,kg,1200,2.5,716.0,False,0.0,AVAILABLE,SIMULATED_OPERATIONAL
2016-01-21,MAITRI,MED-M01,MEDICAL,Medical Supplies,417.0,units,300,0.15,2780.0,False,0.0,AVAILABLE,SIMULATED_OPERATIONAL
2016-01-21,MAITRI,SPR-M01,SPARES,Mechanical Spare Parts,181.0,units,150,0.2,905.0,False,0.0,AVAILABLE,SIMULATED_OPERATIONAL
2016-01-21,MAITRI,BAT-M01,SPARES,Battery Components,87.2,units,100,0.5,174.4,True,25.2,LOW,SIMULATED_OPERATIONAL
2016-01-22,MAITRI,FOOD-M01,FOOD,Food Supplies,1787.5,kg,1200,2.5,715.0,False,0.0,AVAILABLE,SIMULATED_OPERATIONAL
2016-01-22,MAITRI,MED-M01,MEDICAL,Medical Supplies,416.85,units,300,0.15,2779.0000000000005,False,0.0,AVAILABLE,SIMULATED_OPERATIONAL
2016-01-22,MAITRI,SPR-M01,SPARES,Mechanical Spare Parts,180.8,units,150,0.2,904.0,False,0.0,AVAILABLE,SIMULATED_OPERATIONAL
2016-01-22,MAITRI,BAT-M01,SPARES,Battery Components,86.7,units,100,0.5,173.4,True,25.2,LOW,SIMULATED_OPERATIONAL
2016-01-23,MAITRI,FOOD-M01,FOOD,Food Supplies,1785.0,kg,1200,2.5,714.0,False,0.0,AVAILABLE,SIMULATED_OPERATIONAL
2016-01-23,MAITRI,MED-M01,MEDICAL,Medical Supplies,416.7,units,300,0.15,2778.0,False,0.0,AVAILABLE,SIMULATED_OPERATIONAL
2016-01-23,MAITRI,SPR-M01,SPARES,Mechanical Spare Parts,180.6,units,150,0.2,902.9999999999999,False,0.0,AVAILABLE,SIMULATED_OPERATIONAL
2016-01-23,MAITRI,BAT-M01,SPARES,Battery Components,86.2,units,100,0.5,172.4,True,25.2,LOW,SIMULATED_OPERATIONAL
2016-01-24,MAITRI,FOOD-M01,FOOD,Food Supplies,1782.5,kg,1200,2.5,713.0,False,0.0,AVAILABLE,SIMULATED_OPERATIONAL
2016-01-24,MAITRI,MED-M01,MEDICAL,Medical Supplies,416.55,units,300,0.15,2777.0,False,0.0,AVAILABLE,SIMULATED_OPERATIONAL
2016-01-24,MAITRI,SPR-M01,SPARES,Mechanical Spare Parts,180.4,units,150,0.2,902.0,False,0.0,AVAILABLE,SIMULATED_OPERATIONAL
2016-01-24,MAITRI,BAT-M01,SPARES,Battery Components,85.7,units,100,0.5,171.4,True,25.2,LOW,SIMULATED_OPERATIONAL
2016-01-25,MAITRI,FOOD-M01,FOOD,Food Supplies,1780.0,kg,1200,2.5,712.0,False,0.0,AVAILABLE,SIMULATED_OPERATIONAL
2016-01-25,MAITRI,MED-M01,MEDICAL,Medical Supplies,416.4,units,300,0.15,2776.0,False,0.0,AVAILABLE,SIMULATED_OPERATIONAL
2016-01-25,MAITRI,SPR-M01,SPARES,Mechanical Spare Parts,180.2,units,150,0.2,900.9999999999999,False,0.0,AVAILABLE,SIMULATED_OPERATIONAL
2016-01-25,MAITRI,BAT-M01,SPARES,Battery Components,85.2,units,100,0.5,170.4,True,25.2,LOW,SIMULATED_OPERATIONAL
2016-01-26,MAITRI,FOOD-M01,FOOD,Food Supplies,1777.5,kg,1200,2.5,711.0,False,0.0,AVAILABLE,SIMULATED_OPERATIONAL
2016-01-26,MAITRI,MED-M01,MEDICAL,Medical Supplies,416.25,units,300,0.15,2775.0,False,0.0,AVAILABLE,SIMULATED_OPERATIONAL
2016-01-26,MAITRI,SPR-M01,SPARES,Mechanical Spare Parts,180.0,units,150,0.2,900.0,False,0.0,AVAILABLE,SIMULATED_OPERATIONAL
2016-01-26,MAITRI,BAT-M01,SPARES,Battery Components,84.7,units,100,0.5,169.4,True,25.2,LOW,SIMULATED_OPERATIONAL
2016-01-27,MAITRI,FOOD-M01,FOOD,Food Supplies,1775.0,kg,1200,2.5,710.0,False,0.0,AVAILABLE,SIMULATED_OPERATIONAL
2016-01-27,MAITRI,MED-M01,MEDICAL,Medical Supplies,416.1,units,300,0.15,2774.0000000000005,False,0.0,AVAILABLE,SIMULATED_OPERATIONAL
2016-01-27,MAITRI,SPR-M01,SPARES,Mechanical Spare Parts,179.8,units,150,0.2,899.0,False,0.0,AVAILABLE,SIMULATED_OPERATIONAL
2016-01-27,MAITRI,BAT-M01,SPARES,Battery Components,84.2,units,100,0.5,168.4,True,25.2,LOW,SIMULATED_OPERATIONAL
2016-01-28,MAITRI,FOOD-M01,FOOD,Food Supplies,1772.5,kg,1200,2.5,709.0,False,0.0,AVAILABLE,SIMULATED_OPERATIONAL
2016-01-28,MAITRI,MED-M01,MEDICAL,Medical Supplies,415.95,units,300,0.15,2773.0,False,0.0,AVAILABLE,SIMULATED_OPERATIONAL
2016-01-28,MAITRI,SPR-M01,SPARES,Mechanical Spare Parts,179.6,units,150,0.2,897.9999999999999,False,0.0,AVAILABLE,SIMULATED_OPERATIONAL
2016-01-28,MAITRI,BAT-M01,SPARES,Battery Components,83.7,units,100,0.5,167.4,True,25.2,LOW,SIMULATED_OPERATIONAL
2016-01-29,MAITRI,FOOD-M01,FOOD,Food Supplies,1770.0,kg,1200,2.5,708.0,False,0.0,AVAILABLE,SIMULATED_OPERATIONAL
2016-01-29,MAITRI,MED-M01,MEDICAL,Medical Supplies,415.8,units,300,0.15,2772.0,False,0.0,AVAILABLE,SIMULATED_OPERATIONAL
2016-01-29,MAITRI,SPR-M01,SPARES,Mechanical Spare Parts,179.4,units,150,0.2,897.0,False,0.0,AVAILABLE,SIMULATED_OPERATIONAL
2016-01-29,MAITRI,BAT-M01,SPARES,Battery Components,83.2,units,100,0.5,166.4,True,25.2,LOW,SIMULATED_OPERATIONAL
2016-01-30,MAITRI,FOOD-M01,FOOD,Food Supplies,1767.5,kg,1200,2.5,707.0,False,0.0,AVAILABLE,SIMULATED_OPERATIONAL
2016-01-30,MAITRI,MED-M01,MEDICAL,Medical Supplies,415.65,units,300,0.15,2771.0,False,0.0,AVAILABLE,SIMULATED_OPERATIONAL
2016-01-30,MAITRI,SPR-M01,SPARES,Mechanical Spare Parts,179.2,units,150,0.2,895.9999999999999,False,0.0,AVAILABLE,SIMULATED_OPERATIONAL
2016-01-30,MAITRI,BAT-M01,SPARES,Battery Components,82.7,units,100,0.5,165.4,True,25.2,LOW,SIMULATED_OPERATIONAL
2016-01-31,MAITRI,FOOD-M01,FOOD,Food Supplies,1765.0,kg,1200,2.5,706.0,False,0.0,AVAILABLE,SIMULATED_OPERATIONAL
2016-01-31,MAITRI,MED-M01,MEDICAL,Medical Supplies,415.5,units,300,0.15,2770.0,False,0.0,AVAILABLE,SIMULATED_OPERATIONAL
2016-01-31,MAITRI,SPR-M01,SPARES,Mechanical Spare Parts,179.0,units,150,0.2,895.0,False,0.0,AVAILABLE,SIMULATED_OPERATIONAL
2016-01-31,MAITRI,BAT-M01,SPARES,Battery Components,82.2,units,100,0.5,164.4,True,25.2,LOW,SIMULATED_OPERATIONAL
2016-02-01,MAITRI,FOOD-M01,FOOD,Food Supplies,1762.5,kg,1200,2.5,705.0,False,0.0,AVAILABLE,SIMULATED_OPERATIONAL
2016-02-01,MAITRI,MED-M01,MEDICAL,Medical Supplies,415.35,units,300,0.15,2769.0000000000005,False,0.0,AVAILABLE,SIMULATED_OPERATIONAL
2016-02-01,MAITRI,SPR-M01,SPARES,Mechanical Spare Parts,178.8,units,150,0.2,894.0,False,0.0,AVAILABLE,SIMULATED_OPERATIONAL
2016-02-01,MAITRI,BAT-M01,SPARES,Battery Components,81.7,units,100,0.5,163.4,True,25.2,LOW,SIMULATED_OPERATIONAL
2016-02-02,MAITRI,FOOD-M01,FOOD,Food Supplies,1760.0,kg,1200,2.5,704.0,False,0.0,AVAILABLE,SIMULATED_OPERATIONAL
2016-02-02,MAITRI,MED-M01,MEDICAL,Medical Supplies,415.2,units,300,0.15,2768.0,False,0.0,AVAILABLE,SIMULATED_OPERATIONAL
2016-02-02,MAITRI,SPR-M01,SPARES,Mechanical Spare Parts,178.6,units,150,0.2,892.9999999999999,False,0.0,AVAILABLE,SIMULATED_OPERATIONAL
2016-02-02,MAITRI,BAT-M01,SPARES,Battery Components,81.2,units,100,0.5,162.4,True,25.2,LOW,SIMULATED_OPERATIONAL
2016-02-03,MAITRI,FOOD-M01,FOOD,Food Supplies,1757.5,kg,1200,2.5,703.0,False,0.0,AVAILABLE,SIMULATED_OPERATIONAL
2016-02-03,MAITRI,MED-M01,MEDICAL,Medical Supplies,415.05,units,300,0.15,2767.0,False,0.0,AVAILABLE,SIMULATED_OPERATIONAL
2016-02-03,MAITRI,SPR-M01,SPARES,Mechanical Spare Parts,178.4,units,150,0.2,892.0,False,0.0,AVAILABLE,SIMULATED_OPERATIONAL
2016-02-03,MAITRI,BAT-M01,SPARES,Battery Components,80.7,units,100,0.5,161.4,True,25.2,LOW,SIMULATED_OPERATIONAL
2016-02-04,MAITRI,FOOD-M01,FOOD,Food Supplies,1755.0,kg,1200,2.5,702.0,False,0.0,AVAILABLE,SIMULATED_OPERATIONAL
2016-02-04,MAITRI,MED-M01,MEDICAL,Medical Supplies,414.9,units,300,0.15,2766.0,False,0.0,AVAILABLE,SIMULATED_OPERATIONAL
2016-02-04,MAITRI,SPR-M01,SPARES,Mechanical Spare Parts,178.2,units,150,0.2,890.9999999999999,False,0.0,AVAILABLE,SIMULATED_OPERATIONAL
2016-02-04,MAITRI,BAT-M01,SPARES,Battery Components,80.2,units,100,0.5,160.4,True,25.2,LOW,SIMULATED_OPERATIONAL
2016-02-05,MAITRI,FOOD-M01,FOOD,Food Supplies,1752.5,kg,1200,2.5,701.0,False,0.0,AVAILABLE,SIMULATED_OPERATIONAL
2016-02-05,MAITRI,MED-M01,MEDICAL,Medical Supplies,414.75,units,300,0.15,2765.0,False,0.0,AVAILABLE,SIMULATED_OPERATIONAL
2016-02-05,MAITRI,SPR-M01,SPARES,Mechanical Spare Parts,178.0,units,150,0.2,890.0,False,0.0,AVAILABLE,SIMULATED_OPERATIONAL
2016-02-05,MAITRI,BAT-M01,SPARES,Battery Components,79.7,units,100,0.5,159.4,True,25.2,LOW,SIMULATED_OPERATIONAL
2016-02-06,MAITRI,FOOD-M01,FOOD,Food Supplies,1750.0,kg,1200,2.5,700.0,False,0.0,AVAILABLE,SIMULATED_OPERATIONAL
2016-02-06,MAITRI,MED-M01,MEDICAL,Medical Supplies,414.6,units,300,0.15,2764.0000000000005,False,0.0,AVAILABLE,SIMULATED_OPERATIONAL
2016-02-06,MAITRI,SPR-M01,SPARES,Mechanical Spare Parts,177.8,units,150,0.2,889.0,False,0.0,AVAILABLE,SIMULATED_OPERATIONAL
2016-02-06,MAITRI,BAT-M01,SPARES,Battery Components,79.2,units,100,0.5,158.4,True,25.2,LOW,SIMULATED_OPERATIONAL
2016-02-07,MAITRI,FOOD-M01,FOOD,Food Supplies,1747.5,kg,1200,2.5,699.0,False,0.0,AVAILABLE,SIMULATED_OPERATIONAL
2016-02-07,MAITRI,MED-M01,MEDICAL,Medical Supplies,414.45,units,300,0.15,2763.0,False,0.0,AVAILABLE,SIMULATED_OPERATIONAL
2016-02-07,MAITRI,SPR-M01,SPARES,Mechanical Spare Parts,177.6,units,150,0.2,887.9999999999999,False,0.0,AVAILABLE,SIMULATED_OPERATIONAL
2016-02-07,MAITRI,BAT-M01,SPARES,Battery Components,78.7,units,100,0.5,157.4,True,25.2,LOW,SIMULATED_OPERATIONAL
2016-02-08,MAITRI,FOOD-M01,FOOD,Food Supplies,1745.0,kg,1200,2.5,698.0,False,0.0,AVAILABLE,SIMULATED_OPERATIONAL
2016-02-08,MAITRI,MED-M01,MEDICAL,Medical Supplies,414.3,units,300,0.15,2762.0,False,0.0,AVAILABLE,SIMULATED_OPERATIONAL
2016-02-08,MAITRI,SPR-M01,SPARES,Mechanical Spare Parts,177.4,units,150,0.2,887.0,False,0.0,AVAILABLE,SIMULATED_OPERATIONAL
2016-02-08,MAITRI,BAT-M01,SPARES,Battery Components,78.2,units,100,0.5,156.4,True,25.2,LOW,SIMULATED_OPERATIONAL
2016-02-09,MAITRI,FOOD-M01,FOOD,Food Supplies,1742.5,kg,1200,2.5,697.0,False,0.0,AVAILABLE,SIMULATED_OPERATIONAL
2016-02-09,MAITRI,MED-M01,MEDICAL,Medical Supplies,414.15,units,300,0.15,2761.0,False,0.0,AVAILABLE,SIMULATED_OPERATIONAL
2016-02-09,MAITRI,SPR-M01,SPARES,Mechanical Spare Parts,177.2,units,150,0.2,885.9999999999999,False,0.0,AVAILABLE,SIMULATED_OPERATIONAL
2016-02-09,MAITRI,BAT-M01,SPARES,Battery Components,77.7,units,100,0.5,155.4,True,25.2,LOW,SIMULATED_OPERATIONAL
2016-02-10,MAITRI,FOOD-M01,FOOD,Food Supplies,1740.0,kg,1200,2.5,696.0,False,0.0,AVAILABLE,SIMULATED_OPERATIONAL
2016-02-10,MAITRI,MED-M01,MEDICAL,Medical Supplies,414.0,units,300,0.15,2760.0,False,0.0,AVAILABLE,SIMULATED_OPERATIONAL
2016-02-10,MAITRI,SPR-M01,SPARES,Mechanical Spare Parts,177.0,units,150,0.2,885.0,False,0.0,AVAILABLE,SIMULATED_OPERATIONAL
2016-02-10,MAITRI,BAT-M01,SPARES,Battery Components,77.2,units,100,0.5,154.4,True,25.2,LOW,SIMULATED_OPERATIONAL
2016-02-11,MAITRI,FOOD-M01,FOOD,Food Supplies,1737.5,kg,1200,2.5,695.0,False,0.0,AVAILABLE,SIMULATED_OPERATIONAL
2016-02-11,MAITRI,MED-M01,MEDICAL,Medical Supplies,413.85,units,300,0.15,2759.0000000000005,False,0.0,AVAILABLE,SIMULATED_OPERATIONAL
2016-02-11,MAITRI,SPR-M01,SPARES,Mechanical Spare Parts,176.8,units,150,0.2,884.0,False,0.0,AVAILABLE,SIMULATED_OPERATIONAL
2016-02-11,MAITRI,BAT-M01,SPARES,Battery Components,76.7,units,100,0.5,153.4,True,25.2,LOW,SIMULATED_OPERATIONAL
2016-02-12,MAITRI,FOOD-M01,FOOD,Food Supplies,1735.0,kg,1200,2.5,694.0,False,0.0,AVAILABLE,SIMULATED_OPERATIONAL
2016-02-12,MAITRI,MED-M01,MEDICAL,Medical Supplies,413.7,units,300,0.15,2758.0,False,0.0,AVAILABLE,SIMULATED_OPERATIONAL
2016-02-12,MAITRI,SPR-M01,SPARES,Mechanical Spare Parts,176.6,units,150,0.2,882.9999999999999,False,0.0,AVAILABLE,SIMULATED_OPERATIONAL
2016-02-12,MAITRI,BAT-M01,SPARES,Battery Components,76.2,units,100,0.5,152.4,True,25.2,LOW,SIMULATED_OPERATIONAL
2016-02-13,MAITRI,FOOD-M01,FOOD,Food Supplies,1732.5,kg,1200,2.5,693.0,False,0.0,AVAILABLE,SIMULATED_OPERATIONAL
2016-02-13,MAITRI,MED-M01,MEDICAL,Medical Supplies,413.55,units,300,0.15,2757.0,False,0.0,AVAILABLE,SIMULATED_OPERATIONAL
2016-02-13,MAITRI,SPR-M01,SPARES,Mechanical Spare Parts,176.4,units,150,0.2,882.0,False,0.0,AVAILABLE,SIMULATED_OPERATIONAL
2016-02-13,MAITRI,BAT-M01,SPARES,Battery Components,75.7,units,100,0.5,151.4,True,25.2,LOW,SIMULATED_OPERATIONAL
2016-02-14,MAITRI,FOOD-M01,FOOD,Food Supplies,1730.0,kg,1200,2.5,692.0,False,0.0,AVAILABLE,SIMULATED_OPERATIONAL
2016-02-14,MAITRI,MED-M01,MEDICAL,Medical Supplies,413.4,units,300,0.15,2756.0,False,0.0,AVAILABLE,SIMULATED_OPERATIONAL
2016-02-14,MAITRI,SPR-M01,SPARES,Mechanical Spare Parts,176.2,units,150,0.2,880.9999999999999,False,0.0,AVAILABLE,SIMULATED_OPERATIONAL
2016-02-14,MAITRI,BAT-M01,SPARES,Battery Components,75.2,units,100,0.5,150.4,True,25.2,LOW,SIMULATED_OPERATIONAL
2016-02-15,MAITRI,FOOD-M01,FOOD,Food Supplies,1727.5,kg,1200,2.5,691.0,False,0.0,AVAILABLE,SIMULATED_OPERATIONAL
2016-02-15,MAITRI,MED-M01,MEDICAL,Medical Supplies,413.25,units,300,0.15,2755.0,False,0.0,AVAILABLE,SIMULATED_OPERATIONAL
2016-02-15,MAITRI,SPR-M01,SPARES,Mechanical Spare Parts,176.0,units,150,0.2,880.0,False,0.0,AVAILABLE,SIMULATED_OPERATIONAL
2016-02-15,MAITRI,BAT-M01,SPARES,Battery Components,74.7,units,100,0.5,149.4,True,25.2,LOW,SIMULATED_OPERATIONAL
2016-02-16,MAITRI,FOOD-M01,FOOD,Food Supplies,1725.0,kg,1200,2.5,690.0,False,0.0,AVAILABLE,SIMULATED_OPERATIONAL
2016-02-16,MAITRI,MED-M01,MEDICAL,Medical Supplies,413.1,units,300,0.15,2754.0000000000005,False,0.0,AVAILABLE,SIMULATED_OPERATIONAL
2016-02-16,MAITRI,SPR-M01,SPARES,Mechanical Spare Parts,175.8,units,150,0.2,879.0,False,0.0,AVAILABLE,SIMULATED_OPERATIONAL
2016-02-16,MAITRI,BAT-M01,SPARES,Battery Components,74.2,units,100,0.5,148.4,True,25.2,LOW,SIMULATED_OPERATIONAL
2016-02-17,MAITRI,FOOD-M01,FOOD,Food Supplies,1722.5,kg,1200,2.5,689.0,False,0.0,AVAILABLE,SIMULATED_OPERATIONAL
2016-02-17,MAITRI,MED-M01,MEDICAL,Medical Supplies,412.95,units,300,0.15,2753.0,False,0.0,AVAILABLE,SIMULATED_OPERATIONAL
2016-02-17,MAITRI,SPR-M01,SPARES,Mechanical Spare Parts,175.6,units,150,0.2,877.9999999999999,False,0.0,AVAILABLE,SIMULATED_OPERATIONAL
2016-02-17,MAITRI,BAT-M01,SPARES,Battery Components,73.7,units,100,0.5,147.4,True,25.2,LOW,SIMULATED_OPERATIONAL
2016-02-18,MAITRI,FOOD-M01,FOOD,Food Supplies,1720.0,kg,1200,2.5,688.0,False,0.0,AVAILABLE,SIMULATED_OPERATIONAL
2016-02-18,MAITRI,MED-M01,MEDICAL,Medical Supplies,412.8,units,300,0.15,2752.0,False,0.0,AVAILABLE,SIMULATED_OPERATIONAL
2016-02-18,MAITRI,SPR-M01,SPARES,Mechanical Spare Parts,175.4,units,150,0.2,877.0,False,0.0,AVAILABLE,SIMULATED_OPERATIONAL
2016-02-18,MAITRI,BAT-M01,SPARES,Battery Components,73.2,units,100,0.5,146.4,True,25.2,LOW,SIMULATED_OPERATIONAL
2016-02-19,MAITRI,FOOD-M01,FOOD,Food Supplies,1717.5,kg,1200,2.5,687.0,False,0.0,AVAILABLE,SIMULATED_OPERATIONAL
2016-02-19,MAITRI,MED-M01,MEDICAL,Medical Supplies,412.65,units,300,0.15,2751.0,False,0.0,AVAILABLE,SIMULATED_OPERATIONAL
2016-02-19,MAITRI,SPR-M01,SPARES,Mechanical Spare Parts,175.2,units,150,0.2,875.9999999999999,False,0.0,AVAILABLE,SIMULATED_OPERATIONAL
2016-02-19,MAITRI,BAT-M01,SPARES,Battery Components,72.7,units,100,0.5,145.4,True,25.2,LOW,SIMULATED_OPERATIONAL
2016-02-20,MAITRI,FOOD-M01,FOOD,Food Supplies,1715.0,kg,1200,2.5,686.0,False,0.0,AVAILABLE,SIMULATED_OPERATIONAL
2016-02-20,MAITRI,MED-M01,MEDICAL,Medical Supplies,412.5,units,300,0.15,2750.0,False,0.0,AVAILABLE,SIMULATED_OPERATIONAL
2016-02-20,MAITRI,SPR-M01,SPARES,Mechanical Spare Parts,175.0,units,150,0.2,875.0,False,0.0,AVAILABLE,SIMULATED_OPERATIONAL
2016-02-20,MAITRI,BAT-M01,SPARES,Battery Components,72.2,units,100,0.5,144.4,True,25.2,LOW,SIMULATED_OPERATIONAL
2016-02-21,MAITRI,FOOD-M01,FOOD,Food Supplies,1712.5,kg,1200,2.5,685.0,False,0.0,AVAILABLE,SIMULATED_OPERATIONAL
2016-02-21,MAITRI,MED-M01,MEDICAL,Medical Supplies,412.35,units,300,0.15,2749.0000000000005,False,0.0,AVAILABLE,SIMULATED_OPERATIONAL
2016-02-21,MAITRI,SPR-M01,SPARES,Mechanical Spare Parts,174.8,units,150,0.2,874.0,False,0.0,AVAILABLE,SIMULATED_OPERATIONAL
2016-02-21,MAITRI,BAT-M01,SPARES,Battery Components,71.7,units,100,0.5,143.4,True,25.2,LOW,SIMULATED_OPERATIONAL
2016-02-22,MAITRI,FOOD-M01,FOOD,Food Supplies,1710.0,kg,1200,2.5,684.0,False,0.0,AVAILABLE,SIMULATED_OPERATIONAL
2016-02-22,MAITRI,MED-M01,MEDICAL,Medical Supplies,412.2,units,300,0.15,2748.0,False,0.0,AVAILABLE,SIMULATED_OPERATIONAL
2016-02-22,MAITRI,SPR-M01,SPARES,Mechanical Spare Parts,174.6,units,150,0.2,872.9999999999999,False,0.0,AVAILABLE,SIMULATED_OPERATIONAL
2016-02-22,MAITRI,BAT-M01,SPARES,Battery Components,71.2,units,100,0.5,142.4,True,25.2,LOW,SIMULATED_OPERATIONAL
2016-02-23,MAITRI,FOOD-M01,FOOD,Food Supplies,1707.5,kg,1200,2.5,683.0,False,0.0,AVAILABLE,SIMULATED_OPERATIONAL
2016-02-23,MAITRI,MED-M01,MEDICAL,Medical Supplies,412.05,units,300,0.15,2747.0,False,0.0,AVAILABLE,SIMULATED_OPERATIONAL
2016-02-23,MAITRI,SPR-M01,SPARES,Mechanical Spare Parts,174.4,units,150,0.2,872.0,False,0.0,AVAILABLE,SIMULATED_OPERATIONAL
2016-02-23,MAITRI,BAT-M01,SPARES,Battery Components,70.7,units,100,0.5,141.4,True,25.2,LOW,SIMULATED_OPERATIONAL
2016-02-24,MAITRI,FOOD-M01,FOOD,Food Supplies,1705.0,kg,1200,2.5,682.0,False,0.0,AVAILABLE,SIMULATED_OPERATIONAL
2016-02-24,MAITRI,MED-M01,MEDICAL,Medical Supplies,411.9,units,300,0.15,2746.0,False,0.0,AVAILABLE,SIMULATED_OPERATIONAL
2016-02-24,MAITRI,SPR-M01,SPARES,Mechanical Spare Parts,174.2,units,150,0.2,870.9999999999999,False,0.0,AVAILABLE,SIMULATED_OPERATIONAL
2016-02-24,MAITRI,BAT-M01,SPARES,Battery Components,70.2,units,100,0.5,140.4,True,25.2,LOW,SIMULATED_OPERATIONAL
2016-02-25,MAITRI,FOOD-M01,FOOD,Food Supplies,1702.5,kg,1200,2.5,681.0,False,0.0,AVAILABLE,SIMULATED_OPERATIONAL
2016-02-25,MAITRI,MED-M01,MEDICAL,Medical Supplies,411.75,units,300,0.15,2745.0,False,0.0,AVAILABLE,SIMULATED_OPERATIONAL
2016-02-25,MAITRI,SPR-M01,SPARES,Mechanical Spare Parts,174.0,units,150,0.2,870.0,False,0.0,AVAILABLE,SIMULATED_OPERATIONAL
2016-02-25,MAITRI,BAT-M01,SPARES,Battery Components,69.7,units,100,0.5,139.4,True,25.2,LOW,SIMULATED_OPERATIONAL
2016-02-26,MAITRI,FOOD-M01,FOOD,Food Supplies,1700.0,kg,1200,2.5,680.0,False,0.0,AVAILABLE,SIMULATED_OPERATIONAL
2016-02-26,MAITRI,MED-M01,MEDICAL,Medical Supplies,411.6,units,300,0.15,2744.0000000000005,False,0.0,AVAILABLE,SIMULATED_OPERATIONAL
2016-02-26,MAITRI,SPR-M01,SPARES,Mechanical Spare Parts,173.8,units,150,0.2,869.0,False,0.0,AVAILABLE,SIMULATED_OPERATIONAL
2016-02-26,MAITRI,BAT-M01,SPARES,Battery Components,69.2,units,100,0.5,138.4,True,25.2,LOW,SIMULATED_OPERATIONAL
2016-02-27,MAITRI,FOOD-M01,FOOD,Food Supplies,1697.5,kg,1200,2.5,679.0,False,0.0,AVAILABLE,SIMULATED_OPERATIONAL
2016-02-27,MAITRI,MED-M01,MEDICAL,Medical Supplies,411.45,units,300,0.15,2743.0,False,0.0,AVAILABLE,SIMULATED_OPERATIONAL
2016-02-27,MAITRI,SPR-M01,SPARES,Mechanical Spare Parts,173.6,units,150,0.2,867.9999999999999,False,0.0,AVAILABLE,SIMULATED_OPERATIONAL
2016-02-27,MAITRI,BAT-M01,SPARES,Battery Components,68.7,units,100,0.5,137.4,True,25.2,LOW,SIMULATED_OPERATIONAL
2016-02-28,MAITRI,FOOD-M01,FOOD,Food Supplies,1695.0,kg,1200,2.5,678.0,False,0.0,AVAILABLE,SIMULATED_OPERATIONAL
2016-02-28,MAITRI,MED-M01,MEDICAL,Medical Supplies,411.3,units,300,0.15,2742.0,False,0.0,AVAILABLE,SIMULATED_OPERATIONAL
2016-02-28,MAITRI,SPR-M01,SPARES,Mechanical Spare Parts,173.4,units,150,0.2,867.0,False,0.0,AVAILABLE,SIMULATED_OPERATIONAL
2016-02-28,MAITRI,BAT-M01,SPARES,Battery Components,68.2,units,100,0.5,136.4,True,25.2,LOW,SIMULATED_OPERATIONAL
2016-02-29,MAITRI,FOOD-M01,FOOD,Food Supplies,1692.5,kg,1200,2.5,677.0,False,0.0,AVAILABLE,SIMULATED_OPERATIONAL
2016-02-29,MAITRI,MED-M01,MEDICAL,Medical Supplies,411.15,units,300,0.15,2741.0,False,0.0,AVAILABLE,SIMULATED_OPERATIONAL
2016-02-29,MAITRI,SPR-M01,SPARES,Mechanical Spare Parts,173.2,units,150,0.2,865.9999999999999,False,0.0,AVAILABLE,SIMULATED_OPERATIONAL
2016-02-29,MAITRI,BAT-M01,SPARES,Battery Components,67.7,units,100,0.5,135.4,True,25.2,LOW,SIMULATED_OPERATIONAL
2016-03-01,MAITRI,FOOD-M01,FOOD,Food Supplies,1690.0,kg,1200,2.5,676.0,False,0.0,AVAILABLE,SIMULATED_OPERATIONAL
2016-03-01,MAITRI,MED-M01,MEDICAL,Medical Supplies,411.0,units,300,0.15,2740.0,False,0.0,AVAILABLE,SIMULATED_OPERATIONAL
2016-03-01,MAITRI,SPR-M01,SPARES,Mechanical Spare Parts,173.0,units,150,0.2,865.0,False,0.0,AVAILABLE,SIMULATED_OPERATIONAL
2016-03-01,MAITRI,BAT-M01,SPARES,Battery Components,67.2,units,100,0.5,134.4,True,25.2,LOW,SIMULATED_OPERATIONAL
2016-03-02,MAITRI,FOOD-M01,FOOD,Food Supplies,1687.5,kg,1200,2.5,675.0,False,0.0,AVAILABLE,SIMULATED_OPERATIONAL
2016-03-02,MAITRI,MED-M01,MEDICAL,Medical Supplies,410.85,units,300,0.15,2739.0000000000005,False,0.0,AVAILABLE,SIMULATED_OPERATIONAL
2016-03-02,MAITRI,SPR-M01,SPARES,Mechanical Spare Parts,172.8,units,150,0.2,864.0,False,0.0,AVAILABLE,SIMULATED_OPERATIONAL
2016-03-02,MAITRI,BAT-M01,SPARES,Battery Components,66.7,units,100,0.5,133.4,True,25.2,LOW,SIMULATED_OPERATIONAL
2016-03-03,MAITRI,FOOD-M01,FOOD,Food Supplies,1685.0,kg,1200,2.5,674.0,False,0.0,AVAILABLE,SIMULATED_OPERATIONAL
2016-03-03,MAITRI,MED-M01,MEDICAL,Medical Supplies,410.7,units,300,0.15,2738.0,False,0.0,AVAILABLE,SIMULATED_OPERATIONAL
2016-03-03,MAITRI,SPR-M01,SPARES,Mechanical Spare Parts,172.6,units,150,0.2,862.9999999999999,False,0.0,AVAILABLE,SIMULATED_OPERATIONAL
2016-03-03,MAITRI,BAT-M01,SPARES,Battery Components,66.2,units,100,0.5,132.4,True,25.2,LOW,SIMULATED_OPERATIONAL
2016-03-04,MAITRI,FOOD-M01,FOOD,Food Supplies,1682.5,kg,1200,2.5,673.0,False,0.0,AVAILABLE,SIMULATED_OPERATIONAL
2016-03-04,MAITRI,MED-M01,MEDICAL,Medical Supplies,410.55,units,300,0.15,2737.0,False,0.0,AVAILABLE,SIMULATED_OPERATIONAL
2016-03-04,MAITRI,SPR-M01,SPARES,Mechanical Spare Parts,172.4,units,150,0.2,862.0,False,0.0,AVAILABLE,SIMULATED_OPERATIONAL
2016-03-04,MAITRI,BAT-M01,SPARES,Battery Components,65.7,units,100,0.5,131.4,True,25.2,LOW,SIMULATED_OPERATIONAL
2016-03-05,MAITRI,FOOD-M01,FOOD,Food Supplies,1680.0,kg,1200,2.5,672.0,False,0.0,AVAILABLE,SIMULATED_OPERATIONAL
2016-03-05,MAITRI,MED-M01,MEDICAL,Medical Supplies,410.4,units,300,0.15,2736.0,False,0.0,AVAILABLE,SIMULATED_OPERATIONAL
2016-03-05,MAITRI,SPR-M01,SPARES,Mechanical Spare Parts,172.2,units,150,0.2,860.9999999999999,False,0.0,AVAILABLE,SIMULATED_OPERATIONAL
2016-03-05,MAITRI,BAT-M01,SPARES,Battery Components,65.2,units,100,0.5,130.4,True,25.2,LOW,SIMULATED_OPERATIONAL
2016-03-06,MAITRI,FOOD-M01,FOOD,Food Supplies,1677.5,kg,1200,2.5,671.0,False,0.0,AVAILABLE,SIMULATED_OPERATIONAL
2016-03-06,MAITRI,MED-M01,MEDICAL,Medical Supplies,410.25,units,300,0.15,2735.0,False,0.0,AVAILABLE,SIMULATED_OPERATIONAL
2016-03-06,MAITRI,SPR-M01,SPARES,Mechanical Spare Parts,172.0,units,150,0.2,860.0,False,0.0,AVAILABLE,SIMULATED_OPERATIONAL
2016-03-06,MAITRI,BAT-M01,SPARES,Battery Components,64.7,units,100,0.5,129.4,True,25.2,LOW,SIMULATED_OPERATIONAL
2016-03-07,MAITRI,FOOD-M01,FOOD,Food Supplies,1675.0,kg,1200,2.5,670.0,False,0.0,AVAILABLE,SIMULATED_OPERATIONAL
2016-03-07,MAITRI,MED-M01,MEDICAL,Medical Supplies,410.1,units,300,0.15,2734.0000000000005,False,0.0,AVAILABLE,SIMULATED_OPERATIONAL
2016-03-07,MAITRI,SPR-M01,SPARES,Mechanical Spare Parts,171.8,units,150,0.2,859.0,False,0.0,AVAILABLE,SIMULATED_OPERATIONAL
2016-03-07,MAITRI,BAT-M01,SPARES,Battery Components,64.2,units,100,0.5,128.4,True,25.2,LOW,SIMULATED_OPERATIONAL
2016-03-08,MAITRI,FOOD-M01,FOOD,Food Supplies,1672.5,kg,1200,2.5,669.0,False,0.0,AVAILABLE,SIMULATED_OPERATIONAL
2016-03-08,MAITRI,MED-M01,MEDICAL,Medical Supplies,409.95,units,300,0.15,2733.0,False,0.0,AVAILABLE,SIMULATED_OPERATIONAL
2016-03-08,MAITRI,SPR-M01,SPARES,Mechanical Spare Parts,171.6,units,150,0.2,857.9999999999999,False,0.0,AVAILABLE,SIMULATED_OPERATIONAL
2016-03-08,MAITRI,BAT-M01,SPARES,Battery Components,63.7,units,100,0.5,127.4,True,25.2,LOW,SIMULATED_OPERATIONAL
2016-03-09,MAITRI,FOOD-M01,FOOD,Food Supplies,1670.0,kg,1200,2.5,668.0,False,0.0,AVAILABLE,SIMULATED_OPERATIONAL
2016-03-09,MAITRI,MED-M01,MEDICAL,Medical Supplies,409.8,units,300,0.15,2732.0,False,0.0,AVAILABLE,SIMULATED_OPERATIONAL
2016-03-09,MAITRI,SPR-M01,SPARES,Mechanical Spare Parts,171.4,units,150,0.2,857.0,False,0.0,AVAILABLE,SIMULATED_OPERATIONAL
2016-03-09,MAITRI,BAT-M01,SPARES,Battery Components,63.2,units,100,0.5,126.4,True,25.2,LOW,SIMULATED_OPERATIONAL
2016-03-10,MAITRI,FOOD-M01,FOOD,Food Supplies,1667.5,kg,1200,2.5,667.0,False,0.0,AVAILABLE,SIMULATED_OPERATIONAL
2016-03-10,MAITRI,MED-M01,MEDICAL,Medical Supplies,409.65,units,300,0.15,2731.0,False,0.0,AVAILABLE,SIMULATED_OPERATIONAL
2016-03-10,MAITRI,SPR-M01,SPARES,Mechanical Spare Parts,171.2,units,150,0.2,855.9999999999999,False,0.0,AVAILABLE,SIMULATED_OPERATIONAL
2016-03-10,MAITRI,BAT-M01,SPARES,Battery Components,62.7,units,100,0.5,125.4,True,25.2,LOW,SIMULATED_OPERATIONAL
2016-03-11,MAITRI,FOOD-M01,FOOD,Food Supplies,1665.0,kg,1200,2.5,666.0,False,0.0,AVAILABLE,SIMULATED_OPERATIONAL
2016-03-11,MAITRI,MED-M01,MEDICAL,Medical Supplies,409.5,units,300,0.15,2730.0,False,0.0,AVAILABLE,SIMULATED_OPERATIONAL
2016-03-11,MAITRI,SPR-M01,SPARES,Mechanical Spare Parts,171.0,units,150,0.2,855.0,False,0.0,AVAILABLE,SIMULATED_OPERATIONAL
2016-03-11,MAITRI,BAT-M01,SPARES,Battery Components,62.2,units,100,0.5,124.4,True,25.2,LOW,SIMULATED_OPERATIONAL
2016-03-12,MAITRI,FOOD-M01,FOOD,Food Supplies,1662.5,kg,1200,2.5,665.0,False,0.0,AVAILABLE,SIMULATED_OPERATIONAL
2016-03-12,MAITRI,MED-M01,MEDICAL,Medical Supplies,409.35,units,300,0.15,2729.0000000000005,False,0.0,AVAILABLE,SIMULATED_OPERATIONAL
2016-03-12,MAITRI,SPR-M01,SPARES,Mechanical Spare Parts,170.8,units,150,0.2,854.0,False,0.0,AVAILABLE,SIMULATED_OPERATIONAL
2016-03-12,MAITRI,BAT-M01,SPARES,Battery Components,61.7,units,100,0.5,123.4,True,25.2,LOW,SIMULATED_OPERATIONAL
2016-03-13,MAITRI,FOOD-M01,FOOD,Food Supplies,1660.0,kg,1200,2.5,664.0,False,0.0,AVAILABLE,SIMULATED_OPERATIONAL
2016-03-13,MAITRI,MED-M01,MEDICAL,Medical Supplies,409.2,units,300,0.15,2728.0,False,0.0,AVAILABLE,SIMULATED_OPERATIONAL
2016-03-13,MAITRI,SPR-M01,SPARES,Mechanical Spare Parts,170.6,units,150,0.2,852.9999999999999,False,0.0,AVAILABLE,SIMULATED_OPERATIONAL
2016-03-13,MAITRI,BAT-M01,SPARES,Battery Components,61.2,units,100,0.5,122.4,True,25.2,LOW,SIMULATED_OPERATIONAL
2016-03-14,MAITRI,FOOD-M01,FOOD,Food Supplies,1657.5,kg,1200,2.5,663.0,False,0.0,AVAILABLE,SIMULATED_OPERATIONAL
2016-03-14,MAITRI,MED-M01,MEDICAL,Medical Supplies,409.05,units,300,0.15,2727.0,False,0.0,AVAILABLE,SIMULATED_OPERATIONAL
2016-03-14,MAITRI,SPR-M01,SPARES,Mechanical Spare Parts,170.4,units,150,0.2,852.0,False,0.0,AVAILABLE,SIMULATED_OPERATIONAL
2016-03-14,MAITRI,BAT-M01,SPARES,Battery Components,60.7,units,100,0.5,121.4,True,25.2,LOW,SIMULATED_OPERATIONAL
2016-03-15,MAITRI,FOOD-M01,FOOD,Food Supplies,1655.0,kg,1200,2.5,662.0,False,0.0,AVAILABLE,SIMULATED_OPERATIONAL
2016-03-15,MAITRI,MED-M01,MEDICAL,Medical Supplies,408.9,units,300,0.15,2726.0,False,0.0,AVAILABLE,SIMULATED_OPERATIONAL
2016-03-15,MAITRI,SPR-M01,SPARES,Mechanical Spare Parts,170.2,units,150,0.2,850.9999999999999,False,0.0,AVAILABLE,SIMULATED_OPERATIONAL
2016-03-15,MAITRI,BAT-M01,SPARES,Battery Components,60.2,units,100,0.5,120.4,True,25.2,LOW,SIMULATED_OPERATIONAL
2016-03-16,MAITRI,FOOD-M01,FOOD,Food Supplies,1652.5,kg,1200,2.5,661.0,False,0.0,AVAILABLE,SIMULATED_OPERATIONAL
2016-03-16,MAITRI,MED-M01,MEDICAL,Medical Supplies,408.75,units,300,0.15,2725.0,False,0.0,AVAILABLE,SIMULATED_OPERATIONAL
2016-03-16,MAITRI,SPR-M01,SPARES,Mechanical Spare Parts,170.0,units,150,0.2,850.0,False,0.0,AVAILABLE,SIMULATED_OPERATIONAL
2016-03-16,MAITRI,BAT-M01,SPARES,Battery Components,59.7,units,100,0.5,119.4,True,25.2,LOW,SIMULATED_OPERATIONAL
2016-03-17,MAITRI,FOOD-M01,FOOD,Food Supplies,1650.0,kg,1200,2.5,660.0,False,0.0,AVAILABLE,SIMULATED_OPERATIONAL
2016-03-17,MAITRI,MED-M01,MEDICAL,Medical Supplies,408.6,units,300,0.15,2724.0000000000005,False,0.0,AVAILABLE,SIMULATED_OPERATIONAL
2016-03-17,MAITRI,SPR-M01,SPARES,Mechanical Spare Parts,169.8,units,150,0.2,849.0,False,0.0,AVAILABLE,SIMULATED_OPERATIONAL
2016-03-17,MAITRI,BAT-M01,SPARES,Battery Components,59.2,units,100,0.5,118.4,True,25.2,LOW,SIMULATED_OPERATIONAL
2016-03-18,MAITRI,FOOD-M01,FOOD,Food Supplies,1647.5,kg,1200,2.5,659.0,False,0.0,AVAILABLE,SIMULATED_OPERATIONAL
2016-03-18,MAITRI,MED-M01,MEDICAL,Medical Supplies,408.45,units,300,0.15,2723.0,False,0.0,AVAILABLE,SIMULATED_OPERATIONAL
2016-03-18,MAITRI,SPR-M01,SPARES,Mechanical Spare Parts,169.6,units,150,0.2,847.9999999999999,False,0.0,AVAILABLE,SIMULATED_OPERATIONAL
2016-03-18,MAITRI,BAT-M01,SPARES,Battery Components,58.7,units,100,0.5,117.4,True,25.2,LOW,SIMULATED_OPERATIONAL
2016-03-19,MAITRI,FOOD-M01,FOOD,Food Supplies,1645.0,kg,1200,2.5,658.0,False,0.0,AVAILABLE,SIMULATED_OPERATIONAL
2016-03-19,MAITRI,MED-M01,MEDICAL,Medical Supplies,408.3,units,300,0.15,2722.0,False,0.0,AVAILABLE,SIMULATED_OPERATIONAL
2016-03-19,MAITRI,SPR-M01,SPARES,Mechanical Spare Parts,169.4,units,150,0.2,847.0,False,0.0,AVAILABLE,SIMULATED_OPERATIONAL
2016-03-19,MAITRI,BAT-M01,SPARES,Battery Components,58.2,units,100,0.5,116.4,True,25.2,LOW,SIMULATED_OPERATIONAL
2016-03-20,MAITRI,FOOD-M01,FOOD,Food Supplies,1642.5,kg,1200,2.5,657.0,False,0.0,AVAILABLE,SIMULATED_OPERATIONAL
2016-03-20,MAITRI,MED-M01,MEDICAL,Medical Supplies,408.15,units,300,0.15,2721.0,False,0.0,AVAILABLE,SIMULATED_OPERATIONAL
2016-03-20,MAITRI,SPR-M01,SPARES,Mechanical Spare Parts,169.2,units,150,0.2,845.9999999999999,False,0.0,AVAILABLE,SIMULATED_OPERATIONAL
2016-03-20,MAITRI,BAT-M01,SPARES,Battery Components,57.7,units,100,0.5,115.4,True,25.2,LOW,SIMULATED_OPERATIONAL
2016-03-21,MAITRI,FOOD-M01,FOOD,Food Supplies,1640.0,kg,1200,2.5,656.0,False,0.0,AVAILABLE,SIMULATED_OPERATIONAL
2016-03-21,MAITRI,MED-M01,MEDICAL,Medical Supplies,408.0,units,300,0.15,2720.0,False,0.0,AVAILABLE,SIMULATED_OPERATIONAL
2016-03-21,MAITRI,SPR-M01,SPARES,Mechanical Spare Parts,169.0,units,150,0.2,845.0,False,0.0,AVAILABLE,SIMULATED_OPERATIONAL
2016-03-21,MAITRI,BAT-M01,SPARES,Battery Components,57.2,units,100,0.5,114.4,True,25.2,LOW,SIMULATED_OPERATIONAL
2016-03-22,MAITRI,FOOD-M01,FOOD,Food Supplies,1637.5,kg,1200,2.5,655.0,False,0.0,AVAILABLE,SIMULATED_OPERATIONAL
2016-03-22,MAITRI,MED-M01,MEDICAL,Medical Supplies,407.85,units,300,0.15,2719.0000000000005,False,0.0,AVAILABLE,SIMULATED_OPERATIONAL
2016-03-22,MAITRI,SPR-M01,SPARES,Mechanical Spare Parts,168.8,units,150,0.2,844.0,False,0.0,AVAILABLE,SIMULATED_OPERATIONAL
2016-03-22,MAITRI,BAT-M01,SPARES,Battery Components,56.7,units,100,0.5,113.4,True,25.2,LOW,SIMULATED_OPERATIONAL
2016-03-23,MAITRI,FOOD-M01,FOOD,Food Supplies,1635.0,kg,1200,2.5,654.0,False,0.0,AVAILABLE,SIMULATED_OPERATIONAL
2016-03-23,MAITRI,MED-M01,MEDICAL,Medical Supplies,407.7,units,300,0.15,2718.0,False,0.0,AVAILABLE,SIMULATED_OPERATIONAL
2016-03-23,MAITRI,SPR-M01,SPARES,Mechanical Spare Parts,168.6,units,150,0.2,842.9999999999999,False,0.0,AVAILABLE,SIMULATED_OPERATIONAL
2016-03-23,MAITRI,BAT-M01,SPARES,Battery Components,56.2,units,100,0.5,112.4,True,25.2,LOW,SIMULATED_OPERATIONAL
2016-03-24,MAITRI,FOOD-M01,FOOD,Food Supplies,1632.5,kg,1200,2.5,653.0,False,0.0,AVAILABLE,SIMULATED_OPERATIONAL
2016-03-24,MAITRI,MED-M01,MEDICAL,Medical Supplies,407.55,units,300,0.15,2717.0,False,0.0,AVAILABLE,SIMULATED_OPERATIONAL
2016-03-24,MAITRI,SPR-M01,SPARES,Mechanical Spare Parts,168.4,units,150,0.2,842.0,False,0.0,AVAILABLE,SIMULATED_OPERATIONAL
2016-03-24,MAITRI,BAT-M01,SPARES,Battery Components,55.7,units,100,0.5,111.4,True,25.2,LOW,SIMULATED_OPERATIONAL
2016-03-25,MAITRI,FOOD-M01,FOOD,Food Supplies,1630.0,kg,1200,2.5,652.0,False,0.0,AVAILABLE,SIMULATED_OPERATIONAL
2016-03-25,MAITRI,MED-M01,MEDICAL,Medical Supplies,407.4,units,300,0.15,2716.0,False,0.0,AVAILABLE,SIMULATED_OPERATIONAL
2016-03-25,MAITRI,SPR-M01,SPARES,Mechanical Spare Parts,168.2,units,150,0.2,840.9999999999999,False,0.0,AVAILABLE,SIMULATED_OPERATIONAL
2016-03-25,MAITRI,BAT-M01,SPARES,Battery Components,55.2,units,100,0.5,110.4,True,25.2,LOW,SIMULATED_OPERATIONAL
2016-03-26,MAITRI,FOOD-M01,FOOD,Food Supplies,1627.5,kg,1200,2.5,651.0,False,0.0,AVAILABLE,SIMULATED_OPERATIONAL
2016-03-26,MAITRI,MED-M01,MEDICAL,Medical Supplies,407.25,units,300,0.15,2715.0,False,0.0,AVAILABLE,SIMULATED_OPERATIONAL
2016-03-26,MAITRI,SPR-M01,SPARES,Mechanical Spare Parts,168.0,units,150,0.2,840.0,False,0.0,AVAILABLE,SIMULATED_OPERATIONAL
2016-03-26,MAITRI,BAT-M01,SPARES,Battery Components,54.7,units,100,0.5,109.4,True,25.2,LOW,SIMULATED_OPERATIONAL
2016-03-27,MAITRI,FOOD-M01,FOOD,Food Supplies,1625.0,kg,1200,2.5,650.0,False,0.0,AVAILABLE,SIMULATED_OPERATIONAL
2016-03-27,MAITRI,MED-M01,MEDICAL,Medical Supplies,407.1,units,300,0.15,2714.0000000000005,False,0.0,AVAILABLE,SIMULATED_OPERATIONAL
2016-03-27,MAITRI,SPR-M01,SPARES,Mechanical Spare Parts,167.8,units,150,0.2,839.0,False,0.0,AVAILABLE,SIMULATED_OPERATIONAL
2016-03-27,MAITRI,BAT-M01,SPARES,Battery Components,54.2,units,100,0.5,108.4,True,25.2,LOW,SIMULATED_OPERATIONAL
2016-03-28,MAITRI,FOOD-M01,FOOD,Food Supplies,1622.5,kg,1200,2.5,649.0,False,0.0,AVAILABLE,SIMULATED_OPERATIONAL
2016-03-28,MAITRI,MED-M01,MEDICAL,Medical Supplies,406.95,units,300,0.15,2713.0,False,0.0,AVAILABLE,SIMULATED_OPERATIONAL
2016-03-28,MAITRI,SPR-M01,SPARES,Mechanical Spare Parts,167.6,units,150,0.2,837.9999999999999,False,0.0,AVAILABLE,SIMULATED_OPERATIONAL
2016-03-28,MAITRI,BAT-M01,SPARES,Battery Components,53.7,units,100,0.5,107.4,True,25.2,LOW,SIMULATED_OPERATIONAL
2016-03-29,MAITRI,FOOD-M01,FOOD,Food Supplies,1620.0,kg,1200,2.5,648.0,False,0.0,AVAILABLE,SIMULATED_OPERATIONAL
2016-03-29,MAITRI,MED-M01,MEDICAL,Medical Supplies,406.8,units,300,0.15,2712.0,False,0.0,AVAILABLE,SIMULATED_OPERATIONAL
2016-03-29,MAITRI,SPR-M01,SPARES,Mechanical Spare Parts,167.4,units,150,0.2,837.0,False,0.0,AVAILABLE,SIMULATED_OPERATIONAL
2016-03-29,MAITRI,BAT-M01,SPARES,Battery Components,53.2,units,100,0.5,106.4,True,25.2,LOW,SIMULATED_OPERATIONAL
2016-03-30,MAITRI,FOOD-M01,FOOD,Food Supplies,1617.5,kg,1200,2.5,647.0,False,0.0,AVAILABLE,SIMULATED_OPERATIONAL
2016-03-30,MAITRI,MED-M01,MEDICAL,Medical Supplies,406.65,units,300,0.15,2711.0,False,0.0,AVAILABLE,SIMULATED_OPERATIONAL
2016-03-30,MAITRI,SPR-M01,SPARES,Mechanical Spare Parts,167.2,units,150,0.2,835.9999999999999,False,0.0,AVAILABLE,SIMULATED_OPERATIONAL
2016-03-30,MAITRI,BAT-M01,SPARES,Battery Components,52.7,units,100,0.5,105.4,True,25.2,LOW,SIMULATED_OPERATIONAL
2016-03-31,MAITRI,FOOD-M01,FOOD,Food Supplies,1615.0,kg,1200,2.5,646.0,False,0.0,AVAILABLE,SIMULATED_OPERATIONAL
2016-03-31,MAITRI,MED-M01,MEDICAL,Medical Supplies,406.5,units,300,0.15,2710.0,False,0.0,AVAILABLE,SIMULATED_OPERATIONAL
2016-03-31,MAITRI,SPR-M01,SPARES,Mechanical Spare Parts,167.0,units,150,0.2,835.0,False,0.0,AVAILABLE,SIMULATED_OPERATIONAL
2016-03-31,MAITRI,BAT-M01,SPARES,Battery Components,52.2,units,100,0.5,104.4,True,25.2,LOW,SIMULATED_OPERATIONAL
2016-04-01,MAITRI,FOOD-M01,FOOD,Food Supplies,1612.5,kg,1200,2.5,645.0,False,0.0,AVAILABLE,SIMULATED_OPERATIONAL
2016-04-01,MAITRI,MED-M01,MEDICAL,Medical Supplies,406.35,units,300,0.15,2709.0000000000005,False,0.0,AVAILABLE,SIMULATED_OPERATIONAL
2016-04-01,MAITRI,SPR-M01,SPARES,Mechanical Spare Parts,166.8,units,150,0.2,834.0,False,0.0,AVAILABLE,SIMULATED_OPERATIONAL
2016-04-01,MAITRI,BAT-M01,SPARES,Battery Components,51.7,units,100,0.5,103.4,True,25.2,LOW,SIMULATED_OPERATIONAL
2016-04-02,MAITRI,FOOD-M01,FOOD,Food Supplies,1610.0,kg,1200,2.5,644.0,False,0.0,AVAILABLE,SIMULATED_OPERATIONAL
2016-04-02,MAITRI,MED-M01,MEDICAL,Medical Supplies,406.2,units,300,0.15,2708.0,False,0.0,AVAILABLE,SIMULATED_OPERATIONAL
2016-04-02,MAITRI,SPR-M01,SPARES,Mechanical Spare Parts,166.6,units,150,0.2,832.9999999999999,False,0.0,AVAILABLE,SIMULATED_OPERATIONAL
2016-04-02,MAITRI,BAT-M01,SPARES,Battery Components,51.2,units,100,0.5,102.4,True,25.2,LOW,SIMULATED_OPERATIONAL
2016-04-03,MAITRI,FOOD-M01,FOOD,Food Supplies,1607.5,kg,1200,2.5,643.0,False,0.0,AVAILABLE,SIMULATED_OPERATIONAL
2016-04-03,MAITRI,MED-M01,MEDICAL,Medical Supplies,406.05,units,300,0.15,2707.0,False,0.0,AVAILABLE,SIMULATED_OPERATIONAL
2016-04-03,MAITRI,SPR-M01,SPARES,Mechanical Spare Parts,166.4,units,150,0.2,832.0,False,0.0,AVAILABLE,SIMULATED_OPERATIONAL
2016-04-03,MAITRI,BAT-M01,SPARES,Battery Components,50.7,units,100,0.5,101.4,True,25.2,LOW,SIMULATED_OPERATIONAL
2016-04-04,MAITRI,FOOD-M01,FOOD,Food Supplies,1605.0,kg,1200,2.5,642.0,False,0.0,AVAILABLE,SIMULATED_OPERATIONAL
2016-04-04,MAITRI,MED-M01,MEDICAL,Medical Supplies,405.9,units,300,0.15,2706.0,False,0.0,AVAILABLE,SIMULATED_OPERATIONAL
2016-04-04,MAITRI,SPR-M01,SPARES,Mechanical Spare Parts,166.2,units,150,0.2,830.9999999999999,False,0.0,AVAILABLE,SIMULATED_OPERATIONAL
2016-04-04,MAITRI,BAT-M01,SPARES,Battery Components,50.2,units,100,0.5,100.4,True,25.2,LOW,SIMULATED_OPERATIONAL
2016-04-05,MAITRI,FOOD-M01,FOOD,Food Supplies,1602.5,kg,1200,2.5,641.0,False,0.0,AVAILABLE,SIMULATED_OPERATIONAL
2016-04-05,MAITRI,MED-M01,MEDICAL,Medical Supplies,405.75,units,300,0.15,2705.0,False,0.0,AVAILABLE,SIMULATED_OPERATIONAL
2016-04-05,MAITRI,SPR-M01,SPARES,Mechanical Spare Parts,166.0,units,150,0.2,830.0,False,0.0,AVAILABLE,SIMULATED_OPERATIONAL
2016-04-05,MAITRI,BAT-M01,SPARES,Battery Components,49.7,units,100,0.5,99.4,True,25.2,CRITICAL,SIMULATED_OPERATIONAL
2016-04-06,MAITRI,FOOD-M01,FOOD,Food Supplies,1600.0,kg,1200,2.5,640.0,False,0.0,AVAILABLE,SIMULATED_OPERATIONAL
2016-04-06,MAITRI,MED-M01,MEDICAL,Medical Supplies,405.6,units,300,0.15,2704.0000000000005,False,0.0,AVAILABLE,SIMULATED_OPERATIONAL
2016-04-06,MAITRI,SPR-M01,SPARES,Mechanical Spare Parts,165.8,units,150,0.2,829.0,False,0.0,AVAILABLE,SIMULATED_OPERATIONAL
2016-04-06,MAITRI,BAT-M01,SPARES,Battery Components,49.2,units,100,0.5,98.4,True,25.2,CRITICAL,SIMULATED_OPERATIONAL
2016-04-07,MAITRI,FOOD-M01,FOOD,Food Supplies,1597.5,kg,1200,2.5,639.0,False,0.0,AVAILABLE,SIMULATED_OPERATIONAL
2016-04-07,MAITRI,MED-M01,MEDICAL,Medical Supplies,405.45,units,300,0.15,2703.0,False,0.0,AVAILABLE,SIMULATED_OPERATIONAL
2016-04-07,MAITRI,SPR-M01,SPARES,Mechanical Spare Parts,165.6,units,150,0.2,827.9999999999999,False,0.0,AVAILABLE,SIMULATED_OPERATIONAL
2016-04-07,MAITRI,BAT-M01,SPARES,Battery Components,48.7,units,100,0.5,97.4,True,25.2,CRITICAL,SIMULATED_OPERATIONAL
2016-04-08,MAITRI,FOOD-M01,FOOD,Food Supplies,1595.0,kg,1200,2.5,638.0,False,0.0,AVAILABLE,SIMULATED_OPERATIONAL
2016-04-08,MAITRI,MED-M01,MEDICAL,Medical Supplies,405.3,units,300,0.15,2702.0,False,0.0,AVAILABLE,SIMULATED_OPERATIONAL
2016-04-08,MAITRI,SPR-M01,SPARES,Mechanical Spare Parts,165.4,units,150,0.2,827.0,False,0.0,AVAILABLE,SIMULATED_OPERATIONAL
2016-04-08,MAITRI,BAT-M01,SPARES,Battery Components,48.2,units,100,0.5,96.4,True,25.2,CRITICAL,SIMULATED_OPERATIONAL
2016-04-09,MAITRI,FOOD-M01,FOOD,Food Supplies,1592.5,kg,1200,2.5,637.0,False,0.0,AVAILABLE,SIMULATED_OPERATIONAL
2016-04-09,MAITRI,MED-M01,MEDICAL,Medical Supplies,405.15,units,300,0.15,2701.0,False,0.0,AVAILABLE,SIMULATED_OPERATIONAL
2016-04-09,MAITRI,SPR-M01,SPARES,Mechanical Spare Parts,165.2,units,150,0.2,825.9999999999999,False,0.0,AVAILABLE,SIMULATED_OPERATIONAL
2016-04-09,MAITRI,BAT-M01,SPARES,Battery Components,47.7,units,100,0.5,95.4,True,25.2,CRITICAL,SIMULATED_OPERATIONAL
2016-04-10,MAITRI,FOOD-M01,FOOD,Food Supplies,1590.0,kg,1200,2.5,636.0,False,0.0,AVAILABLE,SIMULATED_OPERATIONAL
2016-04-10,MAITRI,MED-M01,MEDICAL,Medical Supplies,405.0,units,300,0.15,2700.0,False,0.0,AVAILABLE,SIMULATED_OPERATIONAL
2016-04-10,MAITRI,SPR-M01,SPARES,Mechanical Spare Parts,165.0,units,150,0.2,825.0,False,0.0,AVAILABLE,SIMULATED_OPERATIONAL
2016-04-10,MAITRI,BAT-M01,SPARES,Battery Components,47.2,units,100,0.5,94.4,True,25.2,CRITICAL,SIMULATED_OPERATIONAL
2016-04-11,MAITRI,FOOD-M01,FOOD,Food Supplies,1587.5,kg,1200,2.5,635.0,False,0.0,AVAILABLE,SIMULATED_OPERATIONAL
2016-04-11,MAITRI,MED-M01,MEDICAL,Medical Supplies,404.85,units,300,0.15,2699.0000000000005,False,0.0,AVAILABLE,SIMULATED_OPERATIONAL
2016-04-11,MAITRI,SPR-M01,SPARES,Mechanical Spare Parts,164.8,units,150,0.2,824.0,False,0.0,AVAILABLE,SIMULATED_OPERATIONAL
2016-04-11,MAITRI,BAT-M01,SPARES,Battery Components,46.7,units,100,0.5,93.4,True,25.2,CRITICAL,SIMULATED_OPERATIONAL
2016-04-12,MAITRI,FOOD-M01,FOOD,Food Supplies,1585.0,kg,1200,2.5,634.0,False,0.0,AVAILABLE,SIMULATED_OPERATIONAL
2016-04-12,MAITRI,MED-M01,MEDICAL,Medical Supplies,404.7,units,300,0.15,2698.0,False,0.0,AVAILABLE,SIMULATED_OPERATIONAL
2016-04-12,MAITRI,SPR-M01,SPARES,Mechanical Spare Parts,164.6,units,150,0.2,822.9999999999999,False,0.0,AVAILABLE,SIMULATED_OPERATIONAL
2016-04-12,MAITRI,BAT-M01,SPARES,Battery Components,46.2,units,100,0.5,92.4,True,25.2,CRITICAL,SIMULATED_OPERATIONAL
2016-04-13,MAITRI,FOOD-M01,FOOD,Food Supplies,1582.5,kg,1200,2.5,633.0,False,0.0,AVAILABLE,SIMULATED_OPERATIONAL
2016-04-13,MAITRI,MED-M01,MEDICAL,Medical Supplies,404.55,units,300,0.15,2697.0,False,0.0,AVAILABLE,SIMULATED_OPERATIONAL
2016-04-13,MAITRI,SPR-M01,SPARES,Mechanical Spare Parts,164.4,units,150,0.2,822.0,False,0.0,AVAILABLE,SIMULATED_OPERATIONAL
2016-04-13,MAITRI,BAT-M01,SPARES,Battery Components,45.7,units,100,0.5,91.4,True,25.2,CRITICAL,SIMULATED_OPERATIONAL
2016-04-14,MAITRI,FOOD-M01,FOOD,Food Supplies,1580.0,kg,1200,2.5,632.0,False,0.0,AVAILABLE,SIMULATED_OPERATIONAL
2016-04-14,MAITRI,MED-M01,MEDICAL,Medical Supplies,404.4,units,300,0.15,2696.0,False,0.0,AVAILABLE,SIMULATED_OPERATIONAL
2016-04-14,MAITRI,SPR-M01,SPARES,Mechanical Spare Parts,164.2,units,150,0.2,820.9999999999999,False,0.0,AVAILABLE,SIMULATED_OPERATIONAL
2016-04-14,MAITRI,BAT-M01,SPARES,Battery Components,45.2,units,100,0.5,90.4,True,25.2,CRITICAL,SIMULATED_OPERATIONAL
2016-04-15,MAITRI,FOOD-M01,FOOD,Food Supplies,1577.5,kg,1200,2.5,631.0,False,0.0,AVAILABLE,SIMULATED_OPERATIONAL
2016-04-15,MAITRI,MED-M01,MEDICAL,Medical Supplies,404.25,units,300,0.15,2695.0,False,0.0,AVAILABLE,SIMULATED_OPERATIONAL
2016-04-15,MAITRI,SPR-M01,SPARES,Mechanical Spare Parts,164.0,units,150,0.2,820.0,False,0.0,AVAILABLE,SIMULATED_OPERATIONAL
2016-04-15,MAITRI,BAT-M01,SPARES,Battery Components,44.7,units,100,0.5,89.4,True,25.2,CRITICAL,SIMULATED_OPERATIONAL
2016-04-16,MAITRI,FOOD-M01,FOOD,Food Supplies,1575.0,kg,1200,2.5,630.0,False,0.0,AVAILABLE,SIMULATED_OPERATIONAL
2016-04-16,MAITRI,MED-M01,MEDICAL,Medical Supplies,404.1,units,300,0.15,2694.0000000000005,False,0.0,AVAILABLE,SIMULATED_OPERATIONAL
2016-04-16,MAITRI,SPR-M01,SPARES,Mechanical Spare Parts,163.8,units,150,0.2,819.0,False,0.0,AVAILABLE,SIMULATED_OPERATIONAL
2016-04-16,MAITRI,BAT-M01,SPARES,Battery Components,44.2,units,100,0.5,88.4,True,25.2,CRITICAL,SIMULATED_OPERATIONAL
2016-04-17,MAITRI,FOOD-M01,FOOD,Food Supplies,1572.5,kg,1200,2.5,629.0,False,0.0,AVAILABLE,SIMULATED_OPERATIONAL
2016-04-17,MAITRI,MED-M01,MEDICAL,Medical Supplies,403.95,units,300,0.15,2693.0,False,0.0,AVAILABLE,SIMULATED_OPERATIONAL
2016-04-17,MAITRI,SPR-M01,SPARES,Mechanical Spare Parts,163.6,units,150,0.2,817.9999999999999,False,0.0,AVAILABLE,SIMULATED_OPERATIONAL
2016-04-17,MAITRI,BAT-M01,SPARES,Battery Components,43.7,units,100,0.5,87.4,True,25.2,CRITICAL,SIMULATED_OPERATIONAL
2016-04-18,MAITRI,FOOD-M01,FOOD,Food Supplies,1570.0,kg,1200,2.5,628.0,False,0.0,AVAILABLE,SIMULATED_OPERATIONAL
2016-04-18,MAITRI,MED-M01,MEDICAL,Medical Supplies,403.8,units,300,0.15,2692.0,False,0.0,AVAILABLE,SIMULATED_OPERATIONAL
2016-04-18,MAITRI,SPR-M01,SPARES,Mechanical Spare Parts,163.4,units,150,0.2,817.0,False,0.0,AVAILABLE,SIMULATED_OPERATIONAL
2016-04-18,MAITRI,BAT-M01,SPARES,Battery Components,43.2,units,100,0.5,86.4,True,25.2,CRITICAL,SIMULATED_OPERATIONAL
2016-04-19,MAITRI,FOOD-M01,FOOD,Food Supplies,1567.5,kg,1200,2.5,627.0,False,0.0,AVAILABLE,SIMULATED_OPERATIONAL
2016-04-19,MAITRI,MED-M01,MEDICAL,Medical Supplies,403.65,units,300,0.15,2691.0,False,0.0,AVAILABLE,SIMULATED_OPERATIONAL
2016-04-19,MAITRI,SPR-M01,SPARES,Mechanical Spare Parts,163.2,units,150,0.2,815.9999999999999,False,0.0,AVAILABLE,SIMULATED_OPERATIONAL
2016-04-19,MAITRI,BAT-M01,SPARES,Battery Components,42.7,units,100,0.5,85.4,True,25.2,CRITICAL,SIMULATED_OPERATIONAL
2016-04-20,MAITRI,FOOD-M01,FOOD,Food Supplies,1565.0,kg,1200,2.5,626.0,False,0.0,AVAILABLE,SIMULATED_OPERATIONAL
2016-04-20,MAITRI,MED-M01,MEDICAL,Medical Supplies,403.5,units,300,0.15,2690.0,False,0.0,AVAILABLE,SIMULATED_OPERATIONAL
2016-04-20,MAITRI,SPR-M01,SPARES,Mechanical Spare Parts,163.0,units,150,0.2,815.0,False,0.0,AVAILABLE,SIMULATED_OPERATIONAL
2016-04-20,MAITRI,BAT-M01,SPARES,Battery Components,42.2,units,100,0.5,84.4,True,25.2,CRITICAL,SIMULATED_OPERATIONAL
2016-04-21,MAITRI,FOOD-M01,FOOD,Food Supplies,1562.5,kg,1200,2.5,625.0,False,0.0,AVAILABLE,SIMULATED_OPERATIONAL
2016-04-21,MAITRI,MED-M01,MEDICAL,Medical Supplies,403.35,units,300,0.15,2689.0000000000005,False,0.0,AVAILABLE,SIMULATED_OPERATIONAL
2016-04-21,MAITRI,SPR-M01,SPARES,Mechanical Spare Parts,162.8,units,150,0.2,814.0,False,0.0,AVAILABLE,SIMULATED_OPERATIONAL
2016-04-21,MAITRI,BAT-M01,SPARES,Battery Components,41.7,units,100,0.5,83.4,True,25.2,CRITICAL,SIMULATED_OPERATIONAL
2016-04-22,MAITRI,FOOD-M01,FOOD,Food Supplies,1560.0,kg,1200,2.5,624.0,False,0.0,AVAILABLE,SIMULATED_OPERATIONAL
2016-04-22,MAITRI,MED-M01,MEDICAL,Medical Supplies,403.2,units,300,0.15,2688.0,False,0.0,AVAILABLE,SIMULATED_OPERATIONAL
2016-04-22,MAITRI,SPR-M01,SPARES,Mechanical Spare Parts,162.6,units,150,0.2,812.9999999999999,False,0.0,AVAILABLE,SIMULATED_OPERATIONAL
2016-04-22,MAITRI,BAT-M01,SPARES,Battery Components,41.2,units,100,0.5,82.4,True,25.2,CRITICAL,SIMULATED_OPERATIONAL
2016-04-23,MAITRI,FOOD-M01,FOOD,Food Supplies,1557.5,kg,1200,2.5,623.0,False,0.0,AVAILABLE,SIMULATED_OPERATIONAL
2016-04-23,MAITRI,MED-M01,MEDICAL,Medical Supplies,403.05,units,300,0.15,2687.0,False,0.0,AVAILABLE,SIMULATED_OPERATIONAL
2016-04-23,MAITRI,SPR-M01,SPARES,Mechanical Spare Parts,162.4,units,150,0.2,812.0,False,0.0,AVAILABLE,SIMULATED_OPERATIONAL
2016-04-23,MAITRI,BAT-M01,SPARES,Battery Components,40.7,units,100,0.5,81.4,True,25.2,CRITICAL,SIMULATED_OPERATIONAL
2016-04-24,MAITRI,FOOD-M01,FOOD,Food Supplies,1555.0,kg,1200,2.5,622.0,False,0.0,AVAILABLE,SIMULATED_OPERATIONAL
2016-04-24,MAITRI,MED-M01,MEDICAL,Medical Supplies,402.9,units,300,0.15,2686.0,False,0.0,AVAILABLE,SIMULATED_OPERATIONAL
2016-04-24,MAITRI,SPR-M01,SPARES,Mechanical Spare Parts,162.2,units,150,0.2,810.9999999999999,False,0.0,AVAILABLE,SIMULATED_OPERATIONAL
2016-04-24,MAITRI,BAT-M01,SPARES,Battery Components,40.2,units,100,0.5,80.4,True,25.2,CRITICAL,SIMULATED_OPERATIONAL
2016-04-25,MAITRI,FOOD-M01,FOOD,Food Supplies,1552.5,kg,1200,2.5,621.0,False,0.0,AVAILABLE,SIMULATED_OPERATIONAL
2016-04-25,MAITRI,MED-M01,MEDICAL,Medical Supplies,402.75,units,300,0.15,2685.0,False,0.0,AVAILABLE,SIMULATED_OPERATIONAL
2016-04-25,MAITRI,SPR-M01,SPARES,Mechanical Spare Parts,162.0,units,150,0.2,810.0,False,0.0,AVAILABLE,SIMULATED_OPERATIONAL
2016-04-25,MAITRI,BAT-M01,SPARES,Battery Components,39.7,units,100,0.5,79.4,True,25.2,CRITICAL,SIMULATED_OPERATIONAL
2016-04-26,MAITRI,FOOD-M01,FOOD,Food Supplies,1550.0,kg,1200,2.5,620.0,False,0.0,AVAILABLE,SIMULATED_OPERATIONAL
2016-04-26,MAITRI,MED-M01,MEDICAL,Medical Supplies,402.6,units,300,0.15,2684.0000000000005,False,0.0,AVAILABLE,SIMULATED_OPERATIONAL
2016-04-26,MAITRI,SPR-M01,SPARES,Mechanical Spare Parts,161.8,units,150,0.2,809.0,False,0.0,AVAILABLE,SIMULATED_OPERATIONAL
2016-04-26,MAITRI,BAT-M01,SPARES,Battery Components,39.2,units,100,0.5,78.4,True,25.2,CRITICAL,SIMULATED_OPERATIONAL
2016-04-27,MAITRI,FOOD-M01,FOOD,Food Supplies,1547.5,kg,1200,2.5,619.0,False,0.0,AVAILABLE,SIMULATED_OPERATIONAL
2016-04-27,MAITRI,MED-M01,MEDICAL,Medical Supplies,402.45,units,300,0.15,2683.0,False,0.0,AVAILABLE,SIMULATED_OPERATIONAL
2016-04-27,MAITRI,SPR-M01,SPARES,Mechanical Spare Parts,161.6,units,150,0.2,807.9999999999999,False,0.0,AVAILABLE,SIMULATED_OPERATIONAL
2016-04-27,MAITRI,BAT-M01,SPARES,Battery Components,38.7,units,100,0.5,77.4,True,25.2,CRITICAL,SIMULATED_OPERATIONAL
2016-04-28,MAITRI,FOOD-M01,FOOD,Food Supplies,1545.0,kg,1200,2.5,618.0,False,0.0,AVAILABLE,SIMULATED_OPERATIONAL
2016-04-28,MAITRI,MED-M01,MEDICAL,Medical Supplies,402.3,units,300,0.15,2682.0,False,0.0,AVAILABLE,SIMULATED_OPERATIONAL
2016-04-28,MAITRI,SPR-M01,SPARES,Mechanical Spare Parts,161.4,units,150,0.2,807.0,False,0.0,AVAILABLE,SIMULATED_OPERATIONAL
2016-04-28,MAITRI,BAT-M01,SPARES,Battery Components,38.2,units,100,0.5,76.4,True,25.2,CRITICAL,SIMULATED_OPERATIONAL
2016-04-29,MAITRI,FOOD-M01,FOOD,Food Supplies,1542.5,kg,1200,2.5,617.0,False,0.0,AVAILABLE,SIMULATED_OPERATIONAL
2016-04-29,MAITRI,MED-M01,MEDICAL,Medical Supplies,402.15,units,300,0.15,2681.0,False,0.0,AVAILABLE,SIMULATED_OPERATIONAL
2016-04-29,MAITRI,SPR-M01,SPARES,Mechanical Spare Parts,161.2,units,150,0.2,805.9999999999999,False,0.0,AVAILABLE,SIMULATED_OPERATIONAL
2016-04-29,MAITRI,BAT-M01,SPARES,Battery Components,37.7,units,100,0.5,75.4,True,25.2,CRITICAL,SIMULATED_OPERATIONAL
2016-04-30,MAITRI,FOOD-M01,FOOD,Food Supplies,1540.0,kg,1200,2.5,616.0,False,0.0,AVAILABLE,SIMULATED_OPERATIONAL
2016-04-30,MAITRI,MED-M01,MEDICAL,Medical Supplies,402.0,units,300,0.15,2680.0,False,0.0,AVAILABLE,SIMULATED_OPERATIONAL
2016-04-30,MAITRI,SPR-M01,SPARES,Mechanical Spare Parts,161.0,units,150,0.2,805.0,False,0.0,AVAILABLE,SIMULATED_OPERATIONAL
2016-04-30,MAITRI,BAT-M01,SPARES,Battery Components,37.2,units,100,0.5,74.4,True,25.2,CRITICAL,SIMULATED_OPERATIONAL
2016-05-01,MAITRI,FOOD-M01,FOOD,Food Supplies,1537.5,kg,1200,2.5,615.0,False,0.0,AVAILABLE,SIMULATED_OPERATIONAL
2016-05-01,MAITRI,MED-M01,MEDICAL,Medical Supplies,401.85,units,300,0.15,2679.0000000000005,False,0.0,AVAILABLE,SIMULATED_OPERATIONAL
2016-05-01,MAITRI,SPR-M01,SPARES,Mechanical Spare Parts,160.8,units,150,0.2,804.0,False,0.0,AVAILABLE,SIMULATED_OPERATIONAL
2016-05-01,MAITRI,BAT-M01,SPARES,Battery Components,36.7,units,100,0.5,73.4,True,25.2,CRITICAL,SIMULATED_OPERATIONAL
2016-05-02,MAITRI,FOOD-M01,FOOD,Food Supplies,1535.0,kg,1200,2.5,614.0,False,0.0,AVAILABLE,SIMULATED_OPERATIONAL
2016-05-02,MAITRI,MED-M01,MEDICAL,Medical Supplies,401.7,units,300,0.15,2678.0,False,0.0,AVAILABLE,SIMULATED_OPERATIONAL
2016-05-02,MAITRI,SPR-M01,SPARES,Mechanical Spare Parts,160.6,units,150,0.2,802.9999999999999,False,0.0,AVAILABLE,SIMULATED_OPERATIONAL
2016-05-02,MAITRI,BAT-M01,SPARES,Battery Components,36.2,units,100,0.5,72.4,True,25.2,CRITICAL,SIMULATED_OPERATIONAL
2016-05-03,MAITRI,FOOD-M01,FOOD,Food Supplies,1532.5,kg,1200,2.5,613.0,False,0.0,AVAILABLE,SIMULATED_OPERATIONAL
2016-05-03,MAITRI,MED-M01,MEDICAL,Medical Supplies,401.55,units,300,0.15,2677.0,False,0.0,AVAILABLE,SIMULATED_OPERATIONAL
2016-05-03,MAITRI,SPR-M01,SPARES,Mechanical Spare Parts,160.4,units,150,0.2,802.0,False,0.0,AVAILABLE,SIMULATED_OPERATIONAL
2016-05-03,MAITRI,BAT-M01,SPARES,Battery Components,35.7,units,100,0.5,71.4,True,25.2,CRITICAL,SIMULATED_OPERATIONAL
2016-05-04,MAITRI,FOOD-M01,FOOD,Food Supplies,1530.0,kg,1200,2.5,612.0,False,0.0,AVAILABLE,SIMULATED_OPERATIONAL
2016-05-04,MAITRI,MED-M01,MEDICAL,Medical Supplies,401.4,units,300,0.15,2676.0,False,0.0,AVAILABLE,SIMULATED_OPERATIONAL
2016-05-04,MAITRI,SPR-M01,SPARES,Mechanical Spare Parts,160.2,units,150,0.2,800.9999999999999,False,0.0,AVAILABLE,SIMULATED_OPERATIONAL
2016-05-04,MAITRI,BAT-M01,SPARES,Battery Components,35.2,units,100,0.5,70.4,True,25.2,CRITICAL,SIMULATED_OPERATIONAL
2016-05-05,MAITRI,FOOD-M01,FOOD,Food Supplies,1527.5,kg,1200,2.5,611.0,False,0.0,AVAILABLE,SIMULATED_OPERATIONAL
2016-05-05,MAITRI,MED-M01,MEDICAL,Medical Supplies,401.25,units,300,0.15,2675.0,False,0.0,AVAILABLE,SIMULATED_OPERATIONAL
2016-05-05,MAITRI,SPR-M01,SPARES,Mechanical Spare Parts,160.0,units,150,0.2,800.0,False,0.0,AVAILABLE,SIMULATED_OPERATIONAL
2016-05-05,MAITRI,BAT-M01,SPARES,Battery Components,34.7,units,100,0.5,69.4,True,25.2,CRITICAL,SIMULATED_OPERATIONAL
2016-05-06,MAITRI,FOOD-M01,FOOD,Food Supplies,1525.0,kg,1200,2.5,610.0,False,0.0,AVAILABLE,SIMULATED_OPERATIONAL
2016-05-06,MAITRI,MED-M01,MEDICAL,Medical Supplies,401.1,units,300,0.15,2674.0000000000005,False,0.0,AVAILABLE,SIMULATED_OPERATIONAL
2016-05-06,MAITRI,SPR-M01,SPARES,Mechanical Spare Parts,159.8,units,150,0.2,799.0,False,0.0,AVAILABLE,SIMULATED_OPERATIONAL
2016-05-06,MAITRI,BAT-M01,SPARES,Battery Components,34.2,units,100,0.5,68.4,True,25.2,CRITICAL,SIMULATED_OPERATIONAL
2016-05-07,MAITRI,FOOD-M01,FOOD,Food Supplies,1522.5,kg,1200,2.5,609.0,False,0.0,AVAILABLE,SIMULATED_OPERATIONAL
2016-05-07,MAITRI,MED-M01,MEDICAL,Medical Supplies,400.95,units,300,0.15,2673.0,False,0.0,AVAILABLE,SIMULATED_OPERATIONAL
2016-05-07,MAITRI,SPR-M01,SPARES,Mechanical Spare Parts,159.6,units,150,0.2,797.9999999999999,False,0.0,AVAILABLE,SIMULATED_OPERATIONAL
2016-05-07,MAITRI,BAT-M01,SPARES,Battery Components,33.7,units,100,0.5,67.4,True,25.2,CRITICAL,SIMULATED_OPERATIONAL
2016-05-08,MAITRI,FOOD-M01,FOOD,Food Supplies,1520.0,kg,1200,2.5,608.0,False,0.0,AVAILABLE,SIMULATED_OPERATIONAL
2016-05-08,MAITRI,MED-M01,MEDICAL,Medical Supplies,400.8,units,300,0.15,2672.0,False,0.0,AVAILABLE,SIMULATED_OPERATIONAL
2016-05-08,MAITRI,SPR-M01,SPARES,Mechanical Spare Parts,159.4,units,150,0.2,797.0,False,0.0,AVAILABLE,SIMULATED_OPERATIONAL
2016-05-08,MAITRI,BAT-M01,SPARES,Battery Components,33.2,units,100,0.5,66.4,True,25.2,CRITICAL,SIMULATED_OPERATIONAL
2016-05-09,MAITRI,FOOD-M01,FOOD,Food Supplies,1517.5,kg,1200,2.5,607.0,False,0.0,AVAILABLE,SIMULATED_OPERATIONAL
2016-05-09,MAITRI,MED-M01,MEDICAL,Medical Supplies,400.65,units,300,0.15,2671.0,False,0.0,AVAILABLE,SIMULATED_OPERATIONAL
2016-05-09,MAITRI,SPR-M01,SPARES,Mechanical Spare Parts,159.2,units,150,0.2,795.9999999999999,False,0.0,AVAILABLE,SIMULATED_OPERATIONAL
2016-05-09,MAITRI,BAT-M01,SPARES,Battery Components,32.7,units,100,0.5,65.4,True,25.2,CRITICAL,SIMULATED_OPERATIONAL
2016-05-10,MAITRI,FOOD-M01,FOOD,Food Supplies,1515.0,kg,1200,2.5,606.0,False,0.0,AVAILABLE,SIMULATED_OPERATIONAL
2016-05-10,MAITRI,MED-M01,MEDICAL,Medical Supplies,400.5,units,300,0.15,2670.0,False,0.0,AVAILABLE,SIMULATED_OPERATIONAL
2016-05-10,MAITRI,SPR-M01,SPARES,Mechanical Spare Parts,159.0,units,150,0.2,795.0,False,0.0,AVAILABLE,SIMULATED_OPERATIONAL
2016-05-10,MAITRI,BAT-M01,SPARES,Battery Components,32.2,units,100,0.5,64.4,True,25.2,CRITICAL,SIMULATED_OPERATIONAL
2016-05-11,MAITRI,FOOD-M01,FOOD,Food Supplies,1512.5,kg,1200,2.5,605.0,False,0.0,AVAILABLE,SIMULATED_OPERATIONAL
2016-05-11,MAITRI,MED-M01,MEDICAL,Medical Supplies,400.35,units,300,0.15,2669.0000000000005,False,0.0,AVAILABLE,SIMULATED_OPERATIONAL
2016-05-11,MAITRI,SPR-M01,SPARES,Mechanical Spare Parts,158.8,units,150,0.2,794.0,False,0.0,AVAILABLE,SIMULATED_OPERATIONAL
2016-05-11,MAITRI,BAT-M01,SPARES,Battery Components,31.7,units,100,0.5,63.4,True,25.2,CRITICAL,SIMULATED_OPERATIONAL
2016-05-12,MAITRI,FOOD-M01,FOOD,Food Supplies,1510.0,kg,1200,2.5,604.0,False,0.0,AVAILABLE,SIMULATED_OPERATIONAL
2016-05-12,MAITRI,MED-M01,MEDICAL,Medical Supplies,400.2,units,300,0.15,2668.0,False,0.0,AVAILABLE,SIMULATED_OPERATIONAL
2016-05-12,MAITRI,SPR-M01,SPARES,Mechanical Spare Parts,158.6,units,150,0.2,792.9999999999999,False,0.0,AVAILABLE,SIMULATED_OPERATIONAL
2016-05-12,MAITRI,BAT-M01,SPARES,Battery Components,31.2,units,100,0.5,62.4,True,25.2,CRITICAL,SIMULATED_OPERATIONAL
2016-05-13,MAITRI,FOOD-M01,FOOD,Food Supplies,1507.5,kg,1200,2.5,603.0,False,0.0,AVAILABLE,SIMULATED_OPERATIONAL
2016-05-13,MAITRI,MED-M01,MEDICAL,Medical Supplies,400.05,units,300,0.15,2667.0,False,0.0,AVAILABLE,SIMULATED_OPERATIONAL
2016-05-13,MAITRI,SPR-M01,SPARES,Mechanical Spare Parts,158.4,units,150,0.2,792.0,False,0.0,AVAILABLE,SIMULATED_OPERATIONAL
2016-05-13,MAITRI,BAT-M01,SPARES,Battery Components,30.7,units,100,0.5,61.4,True,25.2,CRITICAL,SIMULATED_OPERATIONAL
2016-05-14,MAITRI,FOOD-M01,FOOD,Food Supplies,1505.0,kg,1200,2.5,602.0,False,0.0,AVAILABLE,SIMULATED_OPERATIONAL
2016-05-14,MAITRI,MED-M01,MEDICAL,Medical Supplies,399.9,units,300,0.15,2666.0,False,0.0,AVAILABLE,SIMULATED_OPERATIONAL
2016-05-14,MAITRI,SPR-M01,SPARES,Mechanical Spare Parts,158.2,units,150,0.2,790.9999999999999,False,0.0,AVAILABLE,SIMULATED_OPERATIONAL
2016-05-14,MAITRI,BAT-M01,SPARES,Battery Components,30.2,units,100,0.5,60.4,True,25.2,CRITICAL,SIMULATED_OPERATIONAL
2016-05-15,MAITRI,FOOD-M01,FOOD,Food Supplies,1502.5,kg,1200,2.5,601.0,False,0.0,AVAILABLE,SIMULATED_OPERATIONAL
2016-05-15,MAITRI,MED-M01,MEDICAL,Medical Supplies,399.75,units,300,0.15,2665.0,False,0.0,AVAILABLE,SIMULATED_OPERATIONAL
2016-05-15,MAITRI,SPR-M01,SPARES,Mechanical Spare Parts,158.0,units,150,0.2,790.0,False,0.0,AVAILABLE,SIMULATED_OPERATIONAL
2016-05-15,MAITRI,BAT-M01,SPARES,Battery Components,29.7,units,100,0.5,59.4,True,25.2,CRITICAL,SIMULATED_OPERATIONAL
2016-05-16,MAITRI,FOOD-M01,FOOD,Food Supplies,1500.0,kg,1200,2.5,600.0,False,0.0,AVAILABLE,SIMULATED_OPERATIONAL
2016-05-16,MAITRI,MED-M01,MEDICAL,Medical Supplies,399.6,units,300,0.15,2664.0000000000005,False,0.0,AVAILABLE,SIMULATED_OPERATIONAL
2016-05-16,MAITRI,SPR-M01,SPARES,Mechanical Spare Parts,157.8,units,150,0.2,789.0,False,0.0,AVAILABLE,SIMULATED_OPERATIONAL
2016-05-16,MAITRI,BAT-M01,SPARES,Battery Components,29.2,units,100,0.5,58.4,True,25.2,CRITICAL,SIMULATED_OPERATIONAL
2016-05-17,MAITRI,FOOD-M01,FOOD,Food Supplies,1497.5,kg,1200,2.5,599.0,False,0.0,AVAILABLE,SIMULATED_OPERATIONAL
2016-05-17,MAITRI,MED-M01,MEDICAL,Medical Supplies,399.45,units,300,0.15,2663.0,False,0.0,AVAILABLE,SIMULATED_OPERATIONAL
2016-05-17,MAITRI,SPR-M01,SPARES,Mechanical Spare Parts,157.6,units,150,0.2,787.9999999999999,False,0.0,AVAILABLE,SIMULATED_OPERATIONAL
2016-05-17,MAITRI,BAT-M01,SPARES,Battery Components,28.7,units,100,0.5,57.4,True,25.2,CRITICAL,SIMULATED_OPERATIONAL
2016-05-18,MAITRI,FOOD-M01,FOOD,Food Supplies,1495.0,kg,1200,2.5,598.0,False,0.0,AVAILABLE,SIMULATED_OPERATIONAL
2016-05-18,MAITRI,MED-M01,MEDICAL,Medical Supplies,399.3,units,300,0.15,2662.0,False,0.0,AVAILABLE,SIMULATED_OPERATIONAL
2016-05-18,MAITRI,SPR-M01,SPARES,Mechanical Spare Parts,157.4,units,150,0.2,787.0,False,0.0,AVAILABLE,SIMULATED_OPERATIONAL
2016-05-18,MAITRI,BAT-M01,SPARES,Battery Components,28.2,units,100,0.5,56.4,True,25.2,CRITICAL,SIMULATED_OPERATIONAL
2016-05-19,MAITRI,FOOD-M01,FOOD,Food Supplies,1492.5,kg,1200,2.5,597.0,False,0.0,AVAILABLE,SIMULATED_OPERATIONAL
2016-05-19,MAITRI,MED-M01,MEDICAL,Medical Supplies,399.15,units,300,0.15,2661.0,False,0.0,AVAILABLE,SIMULATED_OPERATIONAL
2016-05-19,MAITRI,SPR-M01,SPARES,Mechanical Spare Parts,157.2,units,150,0.2,785.9999999999999,False,0.0,AVAILABLE,SIMULATED_OPERATIONAL
2016-05-19,MAITRI,BAT-M01,SPARES,Battery Components,27.7,units,100,0.5,55.4,True,25.2,CRITICAL,SIMULATED_OPERATIONAL
2016-05-20,MAITRI,FOOD-M01,FOOD,Food Supplies,1490.0,kg,1200,2.5,596.0,False,0.0,AVAILABLE,SIMULATED_OPERATIONAL
2016-05-20,MAITRI,MED-M01,MEDICAL,Medical Supplies,399.0,units,300,0.15,2660.0,False,0.0,AVAILABLE,SIMULATED_OPERATIONAL
2016-05-20,MAITRI,SPR-M01,SPARES,Mechanical Spare Parts,157.0,units,150,0.2,785.0,False,0.0,AVAILABLE,SIMULATED_OPERATIONAL
2016-05-20,MAITRI,BAT-M01,SPARES,Battery Components,27.2,units,100,0.5,54.4,True,25.2,CRITICAL,SIMULATED_OPERATIONAL
2016-05-21,MAITRI,FOOD-M01,FOOD,Food Supplies,1487.5,kg,1200,2.5,595.0,False,0.0,AVAILABLE,SIMULATED_OPERATIONAL
2016-05-21,MAITRI,MED-M01,MEDICAL,Medical Supplies,398.85,units,300,0.15,2659.0000000000005,False,0.0,AVAILABLE,SIMULATED_OPERATIONAL
2016-05-21,MAITRI,SPR-M01,SPARES,Mechanical Spare Parts,156.8,units,150,0.2,784.0,False,0.0,AVAILABLE,SIMULATED_OPERATIONAL
2016-05-21,MAITRI,BAT-M01,SPARES,Battery Components,26.7,units,100,0.5,53.4,True,25.2,CRITICAL,SIMULATED_OPERATIONAL
2016-05-22,MAITRI,FOOD-M01,FOOD,Food Supplies,1485.0,kg,1200,2.5,594.0,False,0.0,AVAILABLE,SIMULATED_OPERATIONAL
2016-05-22,MAITRI,MED-M01,MEDICAL,Medical Supplies,398.7,units,300,0.15,2658.0,False,0.0,AVAILABLE,SIMULATED_OPERATIONAL
2016-05-22,MAITRI,SPR-M01,SPARES,Mechanical Spare Parts,156.6,units,150,0.2,782.9999999999999,False,0.0,AVAILABLE,SIMULATED_OPERATIONAL
2016-05-22,MAITRI,BAT-M01,SPARES,Battery Components,26.2,units,100,0.5,52.4,True,25.2,CRITICAL,SIMULATED_OPERATIONAL
2016-05-23,MAITRI,FOOD-M01,FOOD,Food Supplies,1482.5,kg,1200,2.5,593.0,False,0.0,AVAILABLE,SIMULATED_OPERATIONAL
2016-05-23,MAITRI,MED-M01,MEDICAL,Medical Supplies,398.55,units,300,0.15,2657.0,False,0.0,AVAILABLE,SIMULATED_OPERATIONAL
2016-05-23,MAITRI,SPR-M01,SPARES,Mechanical Spare Parts,156.4,units,150,0.2,782.0,False,0.0,AVAILABLE,SIMULATED_OPERATIONAL
2016-05-23,MAITRI,BAT-M01,SPARES,Battery Components,25.7,units,100,0.5,51.4,True,25.2,CRITICAL,SIMULATED_OPERATIONAL
2016-05-24,MAITRI,FOOD-M01,FOOD,Food Supplies,1480.0,kg,1200,2.5,592.0,False,0.0,AVAILABLE,SIMULATED_OPERATIONAL
2016-05-24,MAITRI,MED-M01,MEDICAL,Medical Supplies,398.4,units,300,0.15,2656.0,False,0.0,AVAILABLE,SIMULATED_OPERATIONAL
2016-05-24,MAITRI,SPR-M01,SPARES,Mechanical Spare Parts,156.2,units,150,0.2,780.9999999999999,False,0.0,AVAILABLE,SIMULATED_OPERATIONAL
2016-05-24,MAITRI,BAT-M01,SPARES,Battery Components,25.2,units,100,0.5,50.4,True,25.2,CRITICAL,SIMULATED_OPERATIONAL
2016-05-25,MAITRI,FOOD-M01,FOOD,Food Supplies,1477.5,kg,1200,2.5,591.0,False,0.0,AVAILABLE,SIMULATED_OPERATIONAL
2016-05-25,MAITRI,MED-M01,MEDICAL,Medical Supplies,398.25,units,300,0.15,2655.0,False,0.0,AVAILABLE,SIMULATED_OPERATIONAL
2016-05-25,MAITRI,SPR-M01,SPARES,Mechanical Spare Parts,156.0,units,150,0.2,780.0,False,0.0,AVAILABLE,SIMULATED_OPERATIONAL
2016-05-25,MAITRI,BAT-M01,SPARES,Battery Components,25.2,units,100,0.5,50.4,True,25.2,CRITICAL,SIMULATED_OPERATIONAL
2016-05-26,MAITRI,FOOD-M01,FOOD,Food Supplies,1475.0,kg,1200,2.5,590.0,False,0.0,AVAILABLE,SIMULATED_OPERATIONAL
2016-05-26,MAITRI,MED-M01,MEDICAL,Medical Supplies,398.1,units,300,0.15,2654.0000000000005,False,0.0,AVAILABLE,SIMULATED_OPERATIONAL
2016-05-26,MAITRI,SPR-M01,SPARES,Mechanical Spare Parts,155.8,units,150,0.2,779.0,False,0.0,AVAILABLE,SIMULATED_OPERATIONAL
2016-05-26,MAITRI,BAT-M01,SPARES,Battery Components,25.2,units,100,0.5,50.4,True,25.2,CRITICAL,SIMULATED_OPERATIONAL
2016-05-27,MAITRI,FOOD-M01,FOOD,Food Supplies,1472.5,kg,1200,2.5,589.0,False,0.0,AVAILABLE,SIMULATED_OPERATIONAL
2016-05-27,MAITRI,MED-M01,MEDICAL,Medical Supplies,397.95,units,300,0.15,2653.0,False,0.0,AVAILABLE,SIMULATED_OPERATIONAL
2016-05-27,MAITRI,SPR-M01,SPARES,Mechanical Spare Parts,155.6,units,150,0.2,777.9999999999999,False,0.0,AVAILABLE,SIMULATED_OPERATIONAL
2016-05-27,MAITRI,BAT-M01,SPARES,Battery Components,25.2,units,100,0.5,50.4,True,25.2,CRITICAL,SIMULATED_OPERATIONAL
2016-05-28,MAITRI,FOOD-M01,FOOD,Food Supplies,1470.0,kg,1200,2.5,588.0,False,0.0,AVAILABLE,SIMULATED_OPERATIONAL
2016-05-28,MAITRI,MED-M01,MEDICAL,Medical Supplies,397.8,units,300,0.15,2652.0,False,0.0,AVAILABLE,SIMULATED_OPERATIONAL
2016-05-28,MAITRI,SPR-M01,SPARES,Mechanical Spare Parts,155.4,units,150,0.2,777.0,False,0.0,AVAILABLE,SIMULATED_OPERATIONAL
2016-05-28,MAITRI,BAT-M01,SPARES,Battery Components,25.2,units,100,0.5,50.4,True,25.2,CRITICAL,SIMULATED_OPERATIONAL
2016-05-29,MAITRI,FOOD-M01,FOOD,Food Supplies,1467.5,kg,1200,2.5,587.0,False,0.0,AVAILABLE,SIMULATED_OPERATIONAL
2016-05-29,MAITRI,MED-M01,MEDICAL,Medical Supplies,397.65,units,300,0.15,2651.0,False,0.0,AVAILABLE,SIMULATED_OPERATIONAL
2016-05-29,MAITRI,SPR-M01,SPARES,Mechanical Spare Parts,155.2,units,150,0.2,775.9999999999999,False,0.0,AVAILABLE,SIMULATED_OPERATIONAL
2016-05-29,MAITRI,BAT-M01,SPARES,Battery Components,25.2,units,100,0.5,50.4,True,25.2,CRITICAL,SIMULATED_OPERATIONAL
2016-05-30,MAITRI,FOOD-M01,FOOD,Food Supplies,1465.0,kg,1200,2.5,586.0,False,0.0,AVAILABLE,SIMULATED_OPERATIONAL
2016-05-30,MAITRI,MED-M01,MEDICAL,Medical Supplies,397.5,units,300,0.15,2650.0,False,0.0,AVAILABLE,SIMULATED_OPERATIONAL
2016-05-30,MAITRI,SPR-M01,SPARES,Mechanical Spare Parts,155.0,units,150,0.2,775.0,False,0.0,AVAILABLE,SIMULATED_OPERATIONAL
2016-05-30,MAITRI,BAT-M01,SPARES,Battery Components,25.2,units,100,0.5,50.4,True,25.2,CRITICAL,SIMULATED_OPERATIONAL
2016-05-31,MAITRI,FOOD-M01,FOOD,Food Supplies,1462.5,kg,1200,2.5,585.0,False,0.0,AVAILABLE,SIMULATED_OPERATIONAL
2016-05-31,MAITRI,MED-M01,MEDICAL,Medical Supplies,397.35,units,300,0.15,2649.0000000000005,False,0.0,AVAILABLE,SIMULATED_OPERATIONAL
2016-05-31,MAITRI,SPR-M01,SPARES,Mechanical Spare Parts,154.8,units,150,0.2,774.0,False,0.0,AVAILABLE,SIMULATED_OPERATIONAL
2016-05-31,MAITRI,BAT-M01,SPARES,Battery Components,25.2,units,100,0.5,50.4,True,25.2,CRITICAL,SIMULATED_OPERATIONAL
2016-06-01,MAITRI,FOOD-M01,FOOD,Food Supplies,1460.0,kg,1200,2.5,584.0,False,0.0,AVAILABLE,SIMULATED_OPERATIONAL
2016-06-01,MAITRI,MED-M01,MEDICAL,Medical Supplies,397.2,units,300,0.15,2648.0,False,0.0,AVAILABLE,SIMULATED_OPERATIONAL
2016-06-01,MAITRI,SPR-M01,SPARES,Mechanical Spare Parts,154.6,units,150,0.2,772.9999999999999,False,0.0,AVAILABLE,SIMULATED_OPERATIONAL
2016-06-01,MAITRI,BAT-M01,SPARES,Battery Components,25.2,units,100,0.5,50.4,True,25.2,CRITICAL,SIMULATED_OPERATIONAL
2016-06-02,MAITRI,FOOD-M01,FOOD,Food Supplies,1457.5,kg,1200,2.5,583.0,False,0.0,AVAILABLE,SIMULATED_OPERATIONAL
2016-06-02,MAITRI,MED-M01,MEDICAL,Medical Supplies,397.05,units,300,0.15,2647.0,False,0.0,AVAILABLE,SIMULATED_OPERATIONAL
2016-06-02,MAITRI,SPR-M01,SPARES,Mechanical Spare Parts,154.4,units,150,0.2,772.0,False,0.0,AVAILABLE,SIMULATED_OPERATIONAL
2016-06-02,MAITRI,BAT-M01,SPARES,Battery Components,25.2,units,100,0.5,50.4,True,25.2,CRITICAL,SIMULATED_OPERATIONAL
2016-06-03,MAITRI,FOOD-M01,FOOD,Food Supplies,1455.0,kg,1200,2.5,582.0,False,0.0,AVAILABLE,SIMULATED_OPERATIONAL
2016-06-03,MAITRI,MED-M01,MEDICAL,Medical Supplies,396.9,units,300,0.15,2646.0,False,0.0,AVAILABLE,SIMULATED_OPERATIONAL
2016-06-03,MAITRI,SPR-M01,SPARES,Mechanical Spare Parts,154.2,units,150,0.2,770.9999999999999,False,0.0,AVAILABLE,SIMULATED_OPERATIONAL
2016-06-03,MAITRI,BAT-M01,SPARES,Battery Components,25.2,units,100,0.5,50.4,True,25.2,CRITICAL,SIMULATED_OPERATIONAL
2016-06-04,MAITRI,FOOD-M01,FOOD,Food Supplies,1452.5,kg,1200,2.5,581.0,False,0.0,AVAILABLE,SIMULATED_OPERATIONAL
2016-06-04,MAITRI,MED-M01,MEDICAL,Medical Supplies,396.75,units,300,0.15,2645.0,False,0.0,AVAILABLE,SIMULATED_OPERATIONAL
2016-06-04,MAITRI,SPR-M01,SPARES,Mechanical Spare Parts,154.0,units,150,0.2,770.0,False,0.0,AVAILABLE,SIMULATED_OPERATIONAL
2016-06-04,MAITRI,BAT-M01,SPARES,Battery Components,25.2,units,100,0.5,50.4,True,25.2,CRITICAL,SIMULATED_OPERATIONAL
2016-06-05,MAITRI,FOOD-M01,FOOD,Food Supplies,1450.0,kg,1200,2.5,580.0,False,0.0,AVAILABLE,SIMULATED_OPERATIONAL
2016-06-05,MAITRI,MED-M01,MEDICAL,Medical Supplies,396.6,units,300,0.15,2644.0000000000005,False,0.0,AVAILABLE,SIMULATED_OPERATIONAL
2016-06-05,MAITRI,SPR-M01,SPARES,Mechanical Spare Parts,153.8,units,150,0.2,769.0,False,0.0,AVAILABLE,SIMULATED_OPERATIONAL
2016-06-05,MAITRI,BAT-M01,SPARES,Battery Components,25.2,units,100,0.5,50.4,True,25.2,CRITICAL,SIMULATED_OPERATIONAL
2016-06-06,MAITRI,FOOD-M01,FOOD,Food Supplies,1447.5,kg,1200,2.5,579.0,False,0.0,AVAILABLE,SIMULATED_OPERATIONAL
2016-06-06,MAITRI,MED-M01,MEDICAL,Medical Supplies,396.45,units,300,0.15,2643.0,False,0.0,AVAILABLE,SIMULATED_OPERATIONAL
2016-06-06,MAITRI,SPR-M01,SPARES,Mechanical Spare Parts,153.6,units,150,0.2,767.9999999999999,False,0.0,AVAILABLE,SIMULATED_OPERATIONAL
2016-06-06,MAITRI,BAT-M01,SPARES,Battery Components,25.2,units,100,0.5,50.4,True,25.2,CRITICAL,SIMULATED_OPERATIONAL
2016-06-07,MAITRI,FOOD-M01,FOOD,Food Supplies,1445.0,kg,1200,2.5,578.0,False,0.0,AVAILABLE,SIMULATED_OPERATIONAL
2016-06-07,MAITRI,MED-M01,MEDICAL,Medical Supplies,396.3,units,300,0.15,2642.0,False,0.0,AVAILABLE,SIMULATED_OPERATIONAL
2016-06-07,MAITRI,SPR-M01,SPARES,Mechanical Spare Parts,153.4,units,150,0.2,767.0,False,0.0,AVAILABLE,SIMULATED_OPERATIONAL
2016-06-07,MAITRI,BAT-M01,SPARES,Battery Components,25.2,units,100,0.5,50.4,True,25.2,CRITICAL,SIMULATED_OPERATIONAL
2016-06-08,MAITRI,FOOD-M01,FOOD,Food Supplies,1442.5,kg,1200,2.5,577.0,False,0.0,AVAILABLE,SIMULATED_OPERATIONAL
2016-06-08,MAITRI,MED-M01,MEDICAL,Medical Supplies,396.15,units,300,0.15,2641.0,False,0.0,AVAILABLE,SIMULATED_OPERATIONAL
2016-06-08,MAITRI,SPR-M01,SPARES,Mechanical Spare Parts,153.2,units,150,0.2,765.9999999999999,False,0.0,AVAILABLE,SIMULATED_OPERATIONAL
2016-06-08,MAITRI,BAT-M01,SPARES,Battery Components,25.2,units,100,0.5,50.4,True,25.2,CRITICAL,SIMULATED_OPERATIONAL
2016-06-09,MAITRI,FOOD-M01,FOOD,Food Supplies,1440.0,kg,1200,2.5,576.0,False,0.0,AVAILABLE,SIMULATED_OPERATIONAL
2016-06-09,MAITRI,MED-M01,MEDICAL,Medical Supplies,396.0,units,300,0.15,2640.0,False,0.0,AVAILABLE,SIMULATED_OPERATIONAL
2016-06-09,MAITRI,SPR-M01,SPARES,Mechanical Spare Parts,153.0,units,150,0.2,765.0,False,0.0,AVAILABLE,SIMULATED_OPERATIONAL
2016-06-09,MAITRI,BAT-M01,SPARES,Battery Components,25.2,units,100,0.5,50.4,True,25.2,CRITICAL,SIMULATED_OPERATIONAL
2016-06-10,MAITRI,FOOD-M01,FOOD,Food Supplies,1437.5,kg,1200,2.5,575.0,False,0.0,AVAILABLE,SIMULATED_OPERATIONAL
2016-06-10,MAITRI,MED-M01,MEDICAL,Medical Supplies,395.85,units,300,0.15,2639.0000000000005,False,0.0,AVAILABLE,SIMULATED_OPERATIONAL
2016-06-10,MAITRI,SPR-M01,SPARES,Mechanical Spare Parts,152.8,units,150,0.2,764.0,False,0.0,AVAILABLE,SIMULATED_OPERATIONAL
2016-06-10,MAITRI,BAT-M01,SPARES,Battery Components,25.2,units,100,0.5,50.4,True,25.2,CRITICAL,SIMULATED_OPERATIONAL
2016-06-11,MAITRI,FOOD-M01,FOOD,Food Supplies,1435.0,kg,1200,2.5,574.0,False,0.0,AVAILABLE,SIMULATED_OPERATIONAL
2016-06-11,MAITRI,MED-M01,MEDICAL,Medical Supplies,395.7,units,300,0.15,2638.0,False,0.0,AVAILABLE,SIMULATED_OPERATIONAL
2016-06-11,MAITRI,SPR-M01,SPARES,Mechanical Spare Parts,152.6,units,150,0.2,762.9999999999999,False,0.0,AVAILABLE,SIMULATED_OPERATIONAL
2016-06-11,MAITRI,BAT-M01,SPARES,Battery Components,25.2,units,100,0.5,50.4,True,25.2,CRITICAL,SIMULATED_OPERATIONAL
2016-06-12,MAITRI,FOOD-M01,FOOD,Food Supplies,1432.5,kg,1200,2.5,573.0,False,0.0,AVAILABLE,SIMULATED_OPERATIONAL
2016-06-12,MAITRI,MED-M01,MEDICAL,Medical Supplies,395.55,units,300,0.15,2637.0,False,0.0,AVAILABLE,SIMULATED_OPERATIONAL
2016-06-12,MAITRI,SPR-M01,SPARES,Mechanical Spare Parts,152.4,units,150,0.2,762.0,False,0.0,AVAILABLE,SIMULATED_OPERATIONAL
2016-06-12,MAITRI,BAT-M01,SPARES,Battery Components,25.2,units,100,0.5,50.4,True,25.2,CRITICAL,SIMULATED_OPERATIONAL
2016-06-13,MAITRI,FOOD-M01,FOOD,Food Supplies,1430.0,kg,1200,2.5,572.0,False,0.0,AVAILABLE,SIMULATED_OPERATIONAL
2016-06-13,MAITRI,MED-M01,MEDICAL,Medical Supplies,395.4,units,300,0.15,2636.0,False,0.0,AVAILABLE,SIMULATED_OPERATIONAL
2016-06-13,MAITRI,SPR-M01,SPARES,Mechanical Spare Parts,152.2,units,150,0.2,760.9999999999999,False,0.0,AVAILABLE,SIMULATED_OPERATIONAL
2016-06-13,MAITRI,BAT-M01,SPARES,Battery Components,25.2,units,100,0.5,50.4,True,25.2,CRITICAL,SIMULATED_OPERATIONAL
2016-06-14,MAITRI,FOOD-M01,FOOD,Food Supplies,1427.5,kg,1200,2.5,571.0,False,0.0,AVAILABLE,SIMULATED_OPERATIONAL
2016-06-14,MAITRI,MED-M01,MEDICAL,Medical Supplies,395.25,units,300,0.15,2635.0,False,0.0,AVAILABLE,SIMULATED_OPERATIONAL
2016-06-14,MAITRI,SPR-M01,SPARES,Mechanical Spare Parts,152.0,units,150,0.2,760.0,False,0.0,AVAILABLE,SIMULATED_OPERATIONAL
2016-06-14,MAITRI,BAT-M01,SPARES,Battery Components,25.2,units,100,0.5,50.4,True,25.2,CRITICAL,SIMULATED_OPERATIONAL
2016-06-15,MAITRI,FOOD-M01,FOOD,Food Supplies,1425.0,kg,1200,2.5,570.0,False,0.0,AVAILABLE,SIMULATED_OPERATIONAL
2016-06-15,MAITRI,MED-M01,MEDICAL,Medical Supplies,395.1,units,300,0.15,2634.0000000000005,False,0.0,AVAILABLE,SIMULATED_OPERATIONAL
2016-06-15,MAITRI,SPR-M01,SPARES,Mechanical Spare Parts,151.8,units,150,0.2,759.0,False,0.0,AVAILABLE,SIMULATED_OPERATIONAL
2016-06-15,MAITRI,BAT-M01,SPARES,Battery Components,25.2,units,100,0.5,50.4,True,25.2,CRITICAL,SIMULATED_OPERATIONAL
2016-06-16,MAITRI,FOOD-M01,FOOD,Food Supplies,1422.5,kg,1200,2.5,569.0,False,0.0,AVAILABLE,SIMULATED_OPERATIONAL
2016-06-16,MAITRI,MED-M01,MEDICAL,Medical Supplies,394.95,units,300,0.15,2633.0,False,0.0,AVAILABLE,SIMULATED_OPERATIONAL
2016-06-16,MAITRI,SPR-M01,SPARES,Mechanical Spare Parts,151.6,units,150,0.2,757.9999999999999,False,0.0,AVAILABLE,SIMULATED_OPERATIONAL
2016-06-16,MAITRI,BAT-M01,SPARES,Battery Components,25.2,units,100,0.5,50.4,True,25.2,CRITICAL,SIMULATED_OPERATIONAL
2016-06-17,MAITRI,FOOD-M01,FOOD,Food Supplies,1420.0,kg,1200,2.5,568.0,False,0.0,AVAILABLE,SIMULATED_OPERATIONAL
2016-06-17,MAITRI,MED-M01,MEDICAL,Medical Supplies,394.8,units,300,0.15,2632.0,False,0.0,AVAILABLE,SIMULATED_OPERATIONAL
2016-06-17,MAITRI,SPR-M01,SPARES,Mechanical Spare Parts,151.4,units,150,0.2,757.0,False,0.0,AVAILABLE,SIMULATED_OPERATIONAL
2016-06-17,MAITRI,BAT-M01,SPARES,Battery Components,25.2,units,100,0.5,50.4,True,25.2,CRITICAL,SIMULATED_OPERATIONAL
2016-06-18,MAITRI,FOOD-M01,FOOD,Food Supplies,1417.5,kg,1200,2.5,567.0,False,0.0,AVAILABLE,SIMULATED_OPERATIONAL
2016-06-18,MAITRI,MED-M01,MEDICAL,Medical Supplies,394.65,units,300,0.15,2631.0,False,0.0,AVAILABLE,SIMULATED_OPERATIONAL
2016-06-18,MAITRI,SPR-M01,SPARES,Mechanical Spare Parts,151.2,units,150,0.2,755.9999999999999,False,0.0,AVAILABLE,SIMULATED_OPERATIONAL
2016-06-18,MAITRI,BAT-M01,SPARES,Battery Components,25.2,units,100,0.5,50.4,True,25.2,CRITICAL,SIMULATED_OPERATIONAL
2016-06-19,MAITRI,FOOD-M01,FOOD,Food Supplies,1415.0,kg,1200,2.5,566.0,False,0.0,AVAILABLE,SIMULATED_OPERATIONAL
2016-06-19,MAITRI,MED-M01,MEDICAL,Medical Supplies,394.5,units,300,0.15,2630.0,False,0.0,AVAILABLE,SIMULATED_OPERATIONAL
2016-06-19,MAITRI,SPR-M01,SPARES,Mechanical Spare Parts,151.0,units,150,0.2,755.0,False,0.0,AVAILABLE,SIMULATED_OPERATIONAL
2016-06-19,MAITRI,BAT-M01,SPARES,Battery Components,25.2,units,100,0.5,50.4,True,25.2,CRITICAL,SIMULATED_OPERATIONAL
2016-06-20,MAITRI,FOOD-M01,FOOD,Food Supplies,1412.5,kg,1200,2.5,565.0,False,0.0,AVAILABLE,SIMULATED_OPERATIONAL
2016-06-20,MAITRI,MED-M01,MEDICAL,Medical Supplies,394.35,units,300,0.15,2629.0000000000005,False,0.0,AVAILABLE,SIMULATED_OPERATIONAL
2016-06-20,MAITRI,SPR-M01,SPARES,Mechanical Spare Parts,150.8,units,150,0.2,754.0,False,0.0,AVAILABLE,SIMULATED_OPERATIONAL
2016-06-20,MAITRI,BAT-M01,SPARES,Battery Components,25.2,units,100,0.5,50.4,True,25.2,CRITICAL,SIMULATED_OPERATIONAL
2016-06-21,MAITRI,FOOD-M01,FOOD,Food Supplies,1410.0,kg,1200,2.5,564.0,False,0.0,AVAILABLE,SIMULATED_OPERATIONAL
2016-06-21,MAITRI,MED-M01,MEDICAL,Medical Supplies,394.2,units,300,0.15,2628.0,False,0.0,AVAILABLE,SIMULATED_OPERATIONAL
2016-06-21,MAITRI,SPR-M01,SPARES,Mechanical Spare Parts,150.6,units,150,0.2,752.9999999999999,False,0.0,AVAILABLE,SIMULATED_OPERATIONAL
2016-06-21,MAITRI,BAT-M01,SPARES,Battery Components,25.2,units,100,0.5,50.4,True,25.2,CRITICAL,SIMULATED_OPERATIONAL
2016-06-22,MAITRI,FOOD-M01,FOOD,Food Supplies,1407.5,kg,1200,2.5,563.0,False,0.0,AVAILABLE,SIMULATED_OPERATIONAL
2016-06-22,MAITRI,MED-M01,MEDICAL,Medical Supplies,394.05,units,300,0.15,2627.0,False,0.0,AVAILABLE,SIMULATED_OPERATIONAL
2016-06-22,MAITRI,SPR-M01,SPARES,Mechanical Spare Parts,150.4,units,150,0.2,752.0,False,0.0,AVAILABLE,SIMULATED_OPERATIONAL
2016-06-22,MAITRI,BAT-M01,SPARES,Battery Components,25.2,units,100,0.5,50.4,True,25.2,CRITICAL,SIMULATED_OPERATIONAL
2016-06-23,MAITRI,FOOD-M01,FOOD,Food Supplies,1405.0,kg,1200,2.5,562.0,False,0.0,AVAILABLE,SIMULATED_OPERATIONAL
2016-06-23,MAITRI,MED-M01,MEDICAL,Medical Supplies,393.9,units,300,0.15,2626.0,False,0.0,AVAILABLE,SIMULATED_OPERATIONAL
2016-06-23,MAITRI,SPR-M01,SPARES,Mechanical Spare Parts,150.2,units,150,0.2,750.9999999999999,False,0.0,AVAILABLE,SIMULATED_OPERATIONAL
2016-06-23,MAITRI,BAT-M01,SPARES,Battery Components,25.2,units,100,0.5,50.4,True,25.2,CRITICAL,SIMULATED_OPERATIONAL
2016-06-24,MAITRI,FOOD-M01,FOOD,Food Supplies,1402.5,kg,1200,2.5,561.0,False,0.0,AVAILABLE,SIMULATED_OPERATIONAL
2016-06-24,MAITRI,MED-M01,MEDICAL,Medical Supplies,393.75,units,300,0.15,2625.0,False,0.0,AVAILABLE,SIMULATED_OPERATIONAL
2016-06-24,MAITRI,SPR-M01,SPARES,Mechanical Spare Parts,150.0,units,150,0.2,750.0,False,0.0,AVAILABLE,SIMULATED_OPERATIONAL
2016-06-24,MAITRI,BAT-M01,SPARES,Battery Components,25.2,units,100,0.5,50.4,True,25.2,CRITICAL,SIMULATED_OPERATIONAL
2016-06-25,MAITRI,FOOD-M01,FOOD,Food Supplies,1400.0,kg,1200,2.5,560.0,False,0.0,AVAILABLE,SIMULATED_OPERATIONAL
2016-06-25,MAITRI,MED-M01,MEDICAL,Medical Supplies,393.6,units,300,0.15,2624.0000000000005,False,0.0,AVAILABLE,SIMULATED_OPERATIONAL
2016-06-25,MAITRI,SPR-M01,SPARES,Mechanical Spare Parts,149.8,units,150,0.2,749.0,False,0.0,LOW,SIMULATED_OPERATIONAL
2016-06-25,MAITRI,BAT-M01,SPARES,Battery Components,25.2,units,100,0.5,50.4,True,25.2,CRITICAL,SIMULATED_OPERATIONAL
2016-06-26,MAITRI,FOOD-M01,FOOD,Food Supplies,1397.5,kg,1200,2.5,559.0,False,0.0,AVAILABLE,SIMULATED_OPERATIONAL
2016-06-26,MAITRI,MED-M01,MEDICAL,Medical Supplies,393.45,units,300,0.15,2623.0,False,0.0,AVAILABLE,SIMULATED_OPERATIONAL
2016-06-26,MAITRI,SPR-M01,SPARES,Mechanical Spare Parts,149.6,units,150,0.2,747.9999999999999,False,0.0,LOW,SIMULATED_OPERATIONAL
2016-06-26,MAITRI,BAT-M01,SPARES,Battery Components,25.2,units,100,0.5,50.4,True,25.2,CRITICAL,SIMULATED_OPERATIONAL
2016-06-27,MAITRI,FOOD-M01,FOOD,Food Supplies,1395.0,kg,1200,2.5,558.0,False,0.0,AVAILABLE,SIMULATED_OPERATIONAL
2016-06-27,MAITRI,MED-M01,MEDICAL,Medical Supplies,393.3,units,300,0.15,2622.0,False,0.0,AVAILABLE,SIMULATED_OPERATIONAL
2016-06-27,MAITRI,SPR-M01,SPARES,Mechanical Spare Parts,149.4,units,150,0.2,747.0,False,0.0,LOW,SIMULATED_OPERATIONAL
2016-06-27,MAITRI,BAT-M01,SPARES,Battery Components,25.2,units,100,0.5,50.4,True,25.2,CRITICAL,SIMULATED_OPERATIONAL
2016-06-28,MAITRI,FOOD-M01,FOOD,Food Supplies,1392.5,kg,1200,2.5,557.0,False,0.0,AVAILABLE,SIMULATED_OPERATIONAL
2016-06-28,MAITRI,MED-M01,MEDICAL,Medical Supplies,393.15,units,300,0.15,2621.0,False,0.0,AVAILABLE,SIMULATED_OPERATIONAL
2016-06-28,MAITRI,SPR-M01,SPARES,Mechanical Spare Parts,149.2,units,150,0.2,745.9999999999999,False,0.0,LOW,SIMULATED_OPERATIONAL
2016-06-28,MAITRI,BAT-M01,SPARES,Battery Components,25.2,units,100,0.5,50.4,True,25.2,CRITICAL,SIMULATED_OPERATIONAL
2016-06-29,MAITRI,FOOD-M01,FOOD,Food Supplies,1390.0,kg,1200,2.5,556.0,False,0.0,AVAILABLE,SIMULATED_OPERATIONAL
2016-06-29,MAITRI,MED-M01,MEDICAL,Medical Supplies,393.0,units,300,0.15,2620.0,False,0.0,AVAILABLE,SIMULATED_OPERATIONAL
2016-06-29,MAITRI,SPR-M01,SPARES,Mechanical Spare Parts,149.0,units,150,0.2,745.0,False,0.0,LOW,SIMULATED_OPERATIONAL
2016-06-29,MAITRI,BAT-M01,SPARES,Battery Components,25.2,units,100,0.5,50.4,True,25.2,CRITICAL,SIMULATED_OPERATIONAL
2016-06-30,MAITRI,FOOD-M01,FOOD,Food Supplies,1387.5,kg,1200,2.5,555.0,False,0.0,AVAILABLE,SIMULATED_OPERATIONAL
2016-06-30,MAITRI,MED-M01,MEDICAL,Medical Supplies,392.85,units,300,0.15,2619.0000000000005,False,0.0,AVAILABLE,SIMULATED_OPERATIONAL
2016-06-30,MAITRI,SPR-M01,SPARES,Mechanical Spare Parts,148.8,units,150,0.2,744.0,False,0.0,LOW,SIMULATED_OPERATIONAL
2016-06-30,MAITRI,BAT-M01,SPARES,Battery Components,25.2,units,100,0.5,50.4,True,25.2,CRITICAL,SIMULATED_OPERATIONAL
2016-07-01,MAITRI,FOOD-M01,FOOD,Food Supplies,1385.0,kg,1200,2.5,554.0,False,0.0,AVAILABLE,SIMULATED_OPERATIONAL
2016-07-01,MAITRI,MED-M01,MEDICAL,Medical Supplies,392.7,units,300,0.15,2618.0,False,0.0,AVAILABLE,SIMULATED_OPERATIONAL
2016-07-01,MAITRI,SPR-M01,SPARES,Mechanical Spare Parts,148.6,units,150,0.2,742.9999999999999,False,0.0,LOW,SIMULATED_OPERATIONAL
2016-07-01,MAITRI,BAT-M01,SPARES,Battery Components,25.2,units,100,0.5,50.4,True,25.2,CRITICAL,SIMULATED_OPERATIONAL
2016-07-02,MAITRI,FOOD-M01,FOOD,Food Supplies,1382.5,kg,1200,2.5,553.0,False,0.0,AVAILABLE,SIMULATED_OPERATIONAL
2016-07-02,MAITRI,MED-M01,MEDICAL,Medical Supplies,392.55,units,300,0.15,2617.0,False,0.0,AVAILABLE,SIMULATED_OPERATIONAL
2016-07-02,MAITRI,SPR-M01,SPARES,Mechanical Spare Parts,148.4,units,150,0.2,742.0,False,0.0,LOW,SIMULATED_OPERATIONAL
2016-07-02,MAITRI,BAT-M01,SPARES,Battery Components,25.2,units,100,0.5,50.4,True,25.2,CRITICAL,SIMULATED_OPERATIONAL
2016-07-03,MAITRI,FOOD-M01,FOOD,Food Supplies,1380.0,kg,1200,2.5,552.0,False,0.0,AVAILABLE,SIMULATED_OPERATIONAL
2016-07-03,MAITRI,MED-M01,MEDICAL,Medical Supplies,392.4,units,300,0.15,2616.0,False,0.0,AVAILABLE,SIMULATED_OPERATIONAL
2016-07-03,MAITRI,SPR-M01,SPARES,Mechanical Spare Parts,148.2,units,150,0.2,740.9999999999999,False,0.0,LOW,SIMULATED_OPERATIONAL
2016-07-03,MAITRI,BAT-M01,SPARES,Battery Components,25.2,units,100,0.5,50.4,True,25.2,CRITICAL,SIMULATED_OPERATIONAL
2016-07-04,MAITRI,FOOD-M01,FOOD,Food Supplies,1377.5,kg,1200,2.5,551.0,False,0.0,AVAILABLE,SIMULATED_OPERATIONAL
2016-07-04,MAITRI,MED-M01,MEDICAL,Medical Supplies,392.25,units,300,0.15,2615.0,False,0.0,AVAILABLE,SIMULATED_OPERATIONAL
2016-07-04,MAITRI,SPR-M01,SPARES,Mechanical Spare Parts,148.0,units,150,0.2,740.0,False,0.0,LOW,SIMULATED_OPERATIONAL
2016-07-04,MAITRI,BAT-M01,SPARES,Battery Components,25.2,units,100,0.5,50.4,True,25.2,CRITICAL,SIMULATED_OPERATIONAL
2016-07-05,MAITRI,FOOD-M01,FOOD,Food Supplies,1375.0,kg,1200,2.5,550.0,False,0.0,AVAILABLE,SIMULATED_OPERATIONAL
2016-07-05,MAITRI,MED-M01,MEDICAL,Medical Supplies,392.1,units,300,0.15,2614.0000000000005,False,0.0,AVAILABLE,SIMULATED_OPERATIONAL
2016-07-05,MAITRI,SPR-M01,SPARES,Mechanical Spare Parts,147.8,units,150,0.2,739.0,False,0.0,LOW,SIMULATED_OPERATIONAL
2016-07-05,MAITRI,BAT-M01,SPARES,Battery Components,25.2,units,100,0.5,50.4,True,25.2,CRITICAL,SIMULATED_OPERATIONAL
2016-07-06,MAITRI,FOOD-M01,FOOD,Food Supplies,1372.5,kg,1200,2.5,549.0,False,0.0,AVAILABLE,SIMULATED_OPERATIONAL
2016-07-06,MAITRI,MED-M01,MEDICAL,Medical Supplies,391.95,units,300,0.15,2613.0,False,0.0,AVAILABLE,SIMULATED_OPERATIONAL
2016-07-06,MAITRI,SPR-M01,SPARES,Mechanical Spare Parts,147.6,units,150,0.2,737.9999999999999,False,0.0,LOW,SIMULATED_OPERATIONAL
2016-07-06,MAITRI,BAT-M01,SPARES,Battery Components,25.2,units,100,0.5,50.4,True,25.2,CRITICAL,SIMULATED_OPERATIONAL
2016-07-07,MAITRI,FOOD-M01,FOOD,Food Supplies,1370.0,kg,1200,2.5,548.0,False,0.0,AVAILABLE,SIMULATED_OPERATIONAL
2016-07-07,MAITRI,MED-M01,MEDICAL,Medical Supplies,391.8,units,300,0.15,2612.0,False,0.0,AVAILABLE,SIMULATED_OPERATIONAL
2016-07-07,MAITRI,SPR-M01,SPARES,Mechanical Spare Parts,147.4,units,150,0.2,737.0,False,0.0,LOW,SIMULATED_OPERATIONAL
2016-07-07,MAITRI,BAT-M01,SPARES,Battery Components,25.2,units,100,0.5,50.4,True,25.2,CRITICAL,SIMULATED_OPERATIONAL
2016-07-08,MAITRI,FOOD-M01,FOOD,Food Supplies,1367.5,kg,1200,2.5,547.0,False,0.0,AVAILABLE,SIMULATED_OPERATIONAL
2016-07-08,MAITRI,MED-M01,MEDICAL,Medical Supplies,391.65,units,300,0.15,2611.0,False,0.0,AVAILABLE,SIMULATED_OPERATIONAL
2016-07-08,MAITRI,SPR-M01,SPARES,Mechanical Spare Parts,147.2,units,150,0.2,735.9999999999999,False,0.0,LOW,SIMULATED_OPERATIONAL
2016-07-08,MAITRI,BAT-M01,SPARES,Battery Components,25.2,units,100,0.5,50.4,True,25.2,CRITICAL,SIMULATED_OPERATIONAL
2016-07-09,MAITRI,FOOD-M01,FOOD,Food Supplies,1365.0,kg,1200,2.5,546.0,False,0.0,AVAILABLE,SIMULATED_OPERATIONAL
2016-07-09,MAITRI,MED-M01,MEDICAL,Medical Supplies,391.5,units,300,0.15,2610.0,False,0.0,AVAILABLE,SIMULATED_OPERATIONAL
2016-07-09,MAITRI,SPR-M01,SPARES,Mechanical Spare Parts,147.0,units,150,0.2,735.0,False,0.0,LOW,SIMULATED_OPERATIONAL
2016-07-09,MAITRI,BAT-M01,SPARES,Battery Components,25.2,units,100,0.5,50.4,True,25.2,CRITICAL,SIMULATED_OPERATIONAL
2016-07-10,MAITRI,FOOD-M01,FOOD,Food Supplies,1362.5,kg,1200,2.5,545.0,False,0.0,AVAILABLE,SIMULATED_OPERATIONAL
2016-07-10,MAITRI,MED-M01,MEDICAL,Medical Supplies,391.35,units,300,0.15,2609.0000000000005,False,0.0,AVAILABLE,SIMULATED_OPERATIONAL
2016-07-10,MAITRI,SPR-M01,SPARES,Mechanical Spare Parts,146.8,units,150,0.2,734.0,False,0.0,LOW,SIMULATED_OPERATIONAL
2016-07-10,MAITRI,BAT-M01,SPARES,Battery Components,25.2,units,100,0.5,50.4,True,25.2,CRITICAL,SIMULATED_OPERATIONAL
2016-07-11,MAITRI,FOOD-M01,FOOD,Food Supplies,1360.0,kg,1200,2.5,544.0,False,0.0,AVAILABLE,SIMULATED_OPERATIONAL
2016-07-11,MAITRI,MED-M01,MEDICAL,Medical Supplies,391.2,units,300,0.15,2608.0,False,0.0,AVAILABLE,SIMULATED_OPERATIONAL
2016-07-11,MAITRI,SPR-M01,SPARES,Mechanical Spare Parts,146.6,units,150,0.2,732.9999999999999,False,0.0,LOW,SIMULATED_OPERATIONAL
2016-07-11,MAITRI,BAT-M01,SPARES,Battery Components,25.2,units,100,0.5,50.4,True,25.2,CRITICAL,SIMULATED_OPERATIONAL
2016-07-12,MAITRI,FOOD-M01,FOOD,Food Supplies,1357.5,kg,1200,2.5,543.0,False,0.0,AVAILABLE,SIMULATED_OPERATIONAL
2016-07-12,MAITRI,MED-M01,MEDICAL,Medical Supplies,391.05,units,300,0.15,2607.0,False,0.0,AVAILABLE,SIMULATED_OPERATIONAL
2016-07-12,MAITRI,SPR-M01,SPARES,Mechanical Spare Parts,146.4,units,150,0.2,732.0,False,0.0,LOW,SIMULATED_OPERATIONAL
2016-07-12,MAITRI,BAT-M01,SPARES,Battery Components,25.2,units,100,0.5,50.4,True,25.2,CRITICAL,SIMULATED_OPERATIONAL
2016-07-13,MAITRI,FOOD-M01,FOOD,Food Supplies,1355.0,kg,1200,2.5,542.0,False,0.0,AVAILABLE,SIMULATED_OPERATIONAL
2016-07-13,MAITRI,MED-M01,MEDICAL,Medical Supplies,390.9,units,300,0.15,2606.0,False,0.0,AVAILABLE,SIMULATED_OPERATIONAL
2016-07-13,MAITRI,SPR-M01,SPARES,Mechanical Spare Parts,146.2,units,150,0.2,730.9999999999999,False,0.0,LOW,SIMULATED_OPERATIONAL
2016-07-13,MAITRI,BAT-M01,SPARES,Battery Components,25.2,units,100,0.5,50.4,True,25.2,CRITICAL,SIMULATED_OPERATIONAL
2016-07-14,MAITRI,FOOD-M01,FOOD,Food Supplies,1352.5,kg,1200,2.5,541.0,False,0.0,AVAILABLE,SIMULATED_OPERATIONAL
2016-07-14,MAITRI,MED-M01,MEDICAL,Medical Supplies,390.75,units,300,0.15,2605.0,False,0.0,AVAILABLE,SIMULATED_OPERATIONAL
2016-07-14,MAITRI,SPR-M01,SPARES,Mechanical Spare Parts,146.0,units,150,0.2,730.0,False,0.0,LOW,SIMULATED_OPERATIONAL
2016-07-14,MAITRI,BAT-M01,SPARES,Battery Components,25.2,units,100,0.5,50.4,True,25.2,CRITICAL,SIMULATED_OPERATIONAL
2016-07-15,MAITRI,FOOD-M01,FOOD,Food Supplies,1350.0,kg,1200,2.5,540.0,False,0.0,AVAILABLE,SIMULATED_OPERATIONAL
2016-07-15,MAITRI,MED-M01,MEDICAL,Medical Supplies,390.6,units,300,0.15,2604.0000000000005,False,0.0,AVAILABLE,SIMULATED_OPERATIONAL
2016-07-15,MAITRI,SPR-M01,SPARES,Mechanical Spare Parts,145.8,units,150,0.2,729.0,False,0.0,LOW,SIMULATED_OPERATIONAL
2016-07-15,MAITRI,BAT-M01,SPARES,Battery Components,25.2,units,100,0.5,50.4,True,25.2,CRITICAL,SIMULATED_OPERATIONAL
2016-07-16,MAITRI,FOOD-M01,FOOD,Food Supplies,1347.5,kg,1200,2.5,539.0,False,0.0,AVAILABLE,SIMULATED_OPERATIONAL
2016-07-16,MAITRI,MED-M01,MEDICAL,Medical Supplies,390.45,units,300,0.15,2603.0,False,0.0,AVAILABLE,SIMULATED_OPERATIONAL
2016-07-16,MAITRI,SPR-M01,SPARES,Mechanical Spare Parts,145.6,units,150,0.2,727.9999999999999,False,0.0,LOW,SIMULATED_OPERATIONAL
2016-07-16,MAITRI,BAT-M01,SPARES,Battery Components,25.2,units,100,0.5,50.4,True,25.2,CRITICAL,SIMULATED_OPERATIONAL
2016-07-17,MAITRI,FOOD-M01,FOOD,Food Supplies,1345.0,kg,1200,2.5,538.0,False,0.0,AVAILABLE,SIMULATED_OPERATIONAL
2016-07-17,MAITRI,MED-M01,MEDICAL,Medical Supplies,390.3,units,300,0.15,2602.0,False,0.0,AVAILABLE,SIMULATED_OPERATIONAL
2016-07-17,MAITRI,SPR-M01,SPARES,Mechanical Spare Parts,145.4,units,150,0.2,727.0,False,0.0,LOW,SIMULATED_OPERATIONAL
2016-07-17,MAITRI,BAT-M01,SPARES,Battery Components,25.2,units,100,0.5,50.4,True,25.2,CRITICAL,SIMULATED_OPERATIONAL
2016-07-18,MAITRI,FOOD-M01,FOOD,Food Supplies,1342.5,kg,1200,2.5,537.0,False,0.0,AVAILABLE,SIMULATED_OPERATIONAL
2016-07-18,MAITRI,MED-M01,MEDICAL,Medical Supplies,390.15,units,300,0.15,2601.0,False,0.0,AVAILABLE,SIMULATED_OPERATIONAL
2016-07-18,MAITRI,SPR-M01,SPARES,Mechanical Spare Parts,145.2,units,150,0.2,725.9999999999999,False,0.0,LOW,SIMULATED_OPERATIONAL
2016-07-18,MAITRI,BAT-M01,SPARES,Battery Components,25.2,units,100,0.5,50.4,True,25.2,CRITICAL,SIMULATED_OPERATIONAL
2016-07-19,MAITRI,FOOD-M01,FOOD,Food Supplies,1340.0,kg,1200,2.5,536.0,False,0.0,AVAILABLE,SIMULATED_OPERATIONAL
2016-07-19,MAITRI,MED-M01,MEDICAL,Medical Supplies,390.0,units,300,0.15,2600.0,False,0.0,AVAILABLE,SIMULATED_OPERATIONAL
2016-07-19,MAITRI,SPR-M01,SPARES,Mechanical Spare Parts,145.0,units,150,0.2,725.0,False,0.0,LOW,SIMULATED_OPERATIONAL
2016-07-19,MAITRI,BAT-M01,SPARES,Battery Components,25.2,units,100,0.5,50.4,True,25.2,CRITICAL,SIMULATED_OPERATIONAL
2016-07-20,MAITRI,FOOD-M01,FOOD,Food Supplies,1337.5,kg,1200,2.5,535.0,False,0.0,AVAILABLE,SIMULATED_OPERATIONAL
2016-07-20,MAITRI,MED-M01,MEDICAL,Medical Supplies,389.85,units,300,0.15,2599.0000000000005,False,0.0,AVAILABLE,SIMULATED_OPERATIONAL
2016-07-20,MAITRI,SPR-M01,SPARES,Mechanical Spare Parts,144.8,units,150,0.2,724.0,False,0.0,LOW,SIMULATED_OPERATIONAL
2016-07-20,MAITRI,BAT-M01,SPARES,Battery Components,25.2,units,100,0.5,50.4,True,25.2,CRITICAL,SIMULATED_OPERATIONAL
2016-07-21,MAITRI,FOOD-M01,FOOD,Food Supplies,1335.0,kg,1200,2.5,534.0,False,0.0,AVAILABLE,SIMULATED_OPERATIONAL
2016-07-21,MAITRI,MED-M01,MEDICAL,Medical Supplies,389.7,units,300,0.15,2598.0,False,0.0,AVAILABLE,SIMULATED_OPERATIONAL
2016-07-21,MAITRI,SPR-M01,SPARES,Mechanical Spare Parts,144.6,units,150,0.2,722.9999999999999,False,0.0,LOW,SIMULATED_OPERATIONAL
2016-07-21,MAITRI,BAT-M01,SPARES,Battery Components,25.2,units,100,0.5,50.4,True,25.2,CRITICAL,SIMULATED_OPERATIONAL
2016-07-22,MAITRI,FOOD-M01,FOOD,Food Supplies,1332.5,kg,1200,2.5,533.0,False,0.0,AVAILABLE,SIMULATED_OPERATIONAL
2016-07-22,MAITRI,MED-M01,MEDICAL,Medical Supplies,389.55,units,300,0.15,2597.0,False,0.0,AVAILABLE,SIMULATED_OPERATIONAL
2016-07-22,MAITRI,SPR-M01,SPARES,Mechanical Spare Parts,144.4,units,150,0.2,722.0,False,0.0,LOW,SIMULATED_OPERATIONAL
2016-07-22,MAITRI,BAT-M01,SPARES,Battery Components,25.2,units,100,0.5,50.4,True,25.2,CRITICAL,SIMULATED_OPERATIONAL
2016-07-23,MAITRI,FOOD-M01,FOOD,Food Supplies,1330.0,kg,1200,2.5,532.0,False,0.0,AVAILABLE,SIMULATED_OPERATIONAL
2016-07-23,MAITRI,MED-M01,MEDICAL,Medical Supplies,389.4,units,300,0.15,2596.0,False,0.0,AVAILABLE,SIMULATED_OPERATIONAL
2016-07-23,MAITRI,SPR-M01,SPARES,Mechanical Spare Parts,144.2,units,150,0.2,720.9999999999999,False,0.0,LOW,SIMULATED_OPERATIONAL
2016-07-23,MAITRI,BAT-M01,SPARES,Battery Components,25.2,units,100,0.5,50.4,True,25.2,CRITICAL,SIMULATED_OPERATIONAL
2016-07-24,MAITRI,FOOD-M01,FOOD,Food Supplies,1327.5,kg,1200,2.5,531.0,False,0.0,AVAILABLE,SIMULATED_OPERATIONAL
2016-07-24,MAITRI,MED-M01,MEDICAL,Medical Supplies,389.25,units,300,0.15,2595.0,False,0.0,AVAILABLE,SIMULATED_OPERATIONAL
2016-07-24,MAITRI,SPR-M01,SPARES,Mechanical Spare Parts,144.0,units,150,0.2,720.0,False,0.0,LOW,SIMULATED_OPERATIONAL
2016-07-24,MAITRI,BAT-M01,SPARES,Battery Components,25.2,units,100,0.5,50.4,True,25.2,CRITICAL,SIMULATED_OPERATIONAL
2016-07-25,MAITRI,FOOD-M01,FOOD,Food Supplies,1325.0,kg,1200,2.5,530.0,False,0.0,AVAILABLE,SIMULATED_OPERATIONAL
2016-07-25,MAITRI,MED-M01,MEDICAL,Medical Supplies,389.1,units,300,0.15,2594.0000000000005,False,0.0,AVAILABLE,SIMULATED_OPERATIONAL
2016-07-25,MAITRI,SPR-M01,SPARES,Mechanical Spare Parts,143.8,units,150,0.2,719.0,False,0.0,LOW,SIMULATED_OPERATIONAL
2016-07-25,MAITRI,BAT-M01,SPARES,Battery Components,25.2,units,100,0.5,50.4,True,25.2,CRITICAL,SIMULATED_OPERATIONAL
2016-07-26,MAITRI,FOOD-M01,FOOD,Food Supplies,1322.5,kg,1200,2.5,529.0,False,0.0,AVAILABLE,SIMULATED_OPERATIONAL
2016-07-26,MAITRI,MED-M01,MEDICAL,Medical Supplies,388.95,units,300,0.15,2593.0,False,0.0,AVAILABLE,SIMULATED_OPERATIONAL
2016-07-26,MAITRI,SPR-M01,SPARES,Mechanical Spare Parts,143.6,units,150,0.2,717.9999999999999,False,0.0,LOW,SIMULATED_OPERATIONAL
2016-07-26,MAITRI,BAT-M01,SPARES,Battery Components,25.2,units,100,0.5,50.4,True,25.2,CRITICAL,SIMULATED_OPERATIONAL
2016-07-27,MAITRI,FOOD-M01,FOOD,Food Supplies,1320.0,kg,1200,2.5,528.0,False,0.0,AVAILABLE,SIMULATED_OPERATIONAL
2016-07-27,MAITRI,MED-M01,MEDICAL,Medical Supplies,388.8,units,300,0.15,2592.0,False,0.0,AVAILABLE,SIMULATED_OPERATIONAL
2016-07-27,MAITRI,SPR-M01,SPARES,Mechanical Spare Parts,143.4,units,150,0.2,717.0,False,0.0,LOW,SIMULATED_OPERATIONAL
2016-07-27,MAITRI,BAT-M01,SPARES,Battery Components,25.2,units,100,0.5,50.4,True,25.2,CRITICAL,SIMULATED_OPERATIONAL
2016-07-28,MAITRI,FOOD-M01,FOOD,Food Supplies,1317.5,kg,1200,2.5,527.0,False,0.0,AVAILABLE,SIMULATED_OPERATIONAL
2016-07-28,MAITRI,MED-M01,MEDICAL,Medical Supplies,388.65,units,300,0.15,2591.0,False,0.0,AVAILABLE,SIMULATED_OPERATIONAL
2016-07-28,MAITRI,SPR-M01,SPARES,Mechanical Spare Parts,143.2,units,150,0.2,715.9999999999999,False,0.0,LOW,SIMULATED_OPERATIONAL
2016-07-28,MAITRI,BAT-M01,SPARES,Battery Components,25.2,units,100,0.5,50.4,True,25.2,CRITICAL,SIMULATED_OPERATIONAL
2016-07-29,MAITRI,FOOD-M01,FOOD,Food Supplies,1315.0,kg,1200,2.5,526.0,False,0.0,AVAILABLE,SIMULATED_OPERATIONAL
2016-07-29,MAITRI,MED-M01,MEDICAL,Medical Supplies,388.5,units,300,0.15,2590.0,False,0.0,AVAILABLE,SIMULATED_OPERATIONAL
2016-07-29,MAITRI,SPR-M01,SPARES,Mechanical Spare Parts,143.0,units,150,0.2,715.0,False,0.0,LOW,SIMULATED_OPERATIONAL
2016-07-29,MAITRI,BAT-M01,SPARES,Battery Components,25.2,units,100,0.5,50.4,True,25.2,CRITICAL,SIMULATED_OPERATIONAL
2016-07-30,MAITRI,FOOD-M01,FOOD,Food Supplies,1312.5,kg,1200,2.5,525.0,False,0.0,AVAILABLE,SIMULATED_OPERATIONAL
2016-07-30,MAITRI,MED-M01,MEDICAL,Medical Supplies,388.35,units,300,0.15,2589.0000000000005,False,0.0,AVAILABLE,SIMULATED_OPERATIONAL
2016-07-30,MAITRI,SPR-M01,SPARES,Mechanical Spare Parts,142.8,units,150,0.2,714.0,False,0.0,LOW,SIMULATED_OPERATIONAL
2016-07-30,MAITRI,BAT-M01,SPARES,Battery Components,25.2,units,100,0.5,50.4,True,25.2,CRITICAL,SIMULATED_OPERATIONAL
2016-07-31,MAITRI,FOOD-M01,FOOD,Food Supplies,1310.0,kg,1200,2.5,524.0,False,0.0,AVAILABLE,SIMULATED_OPERATIONAL
2016-07-31,MAITRI,MED-M01,MEDICAL,Medical Supplies,388.2,units,300,0.15,2588.0,False,0.0,AVAILABLE,SIMULATED_OPERATIONAL
2016-07-31,MAITRI,SPR-M01,SPARES,Mechanical Spare Parts,142.6,units,150,0.2,712.9999999999999,False,0.0,LOW,SIMULATED_OPERATIONAL
2016-07-31,MAITRI,BAT-M01,SPARES,Battery Components,25.2,units,100,0.5,50.4,True,25.2,CRITICAL,SIMULATED_OPERATIONAL
2016-08-01,MAITRI,FOOD-M01,FOOD,Food Supplies,1307.5,kg,1200,2.5,523.0,False,0.0,AVAILABLE,SIMULATED_OPERATIONAL
2016-08-01,MAITRI,MED-M01,MEDICAL,Medical Supplies,388.05,units,300,0.15,2587.0,False,0.0,AVAILABLE,SIMULATED_OPERATIONAL
2016-08-01,MAITRI,SPR-M01,SPARES,Mechanical Spare Parts,142.4,units,150,0.2,712.0,False,0.0,LOW,SIMULATED_OPERATIONAL
2016-08-01,MAITRI,BAT-M01,SPARES,Battery Components,25.2,units,100,0.5,50.4,True,25.2,CRITICAL,SIMULATED_OPERATIONAL
2016-08-02,MAITRI,FOOD-M01,FOOD,Food Supplies,1305.0,kg,1200,2.5,522.0,False,0.0,AVAILABLE,SIMULATED_OPERATIONAL
2016-08-02,MAITRI,MED-M01,MEDICAL,Medical Supplies,387.9,units,300,0.15,2586.0,False,0.0,AVAILABLE,SIMULATED_OPERATIONAL
2016-08-02,MAITRI,SPR-M01,SPARES,Mechanical Spare Parts,142.2,units,150,0.2,710.9999999999999,False,0.0,LOW,SIMULATED_OPERATIONAL
2016-08-02,MAITRI,BAT-M01,SPARES,Battery Components,25.2,units,100,0.5,50.4,True,25.2,CRITICAL,SIMULATED_OPERATIONAL
2016-08-03,MAITRI,FOOD-M01,FOOD,Food Supplies,1302.5,kg,1200,2.5,521.0,False,0.0,AVAILABLE,SIMULATED_OPERATIONAL
2016-08-03,MAITRI,MED-M01,MEDICAL,Medical Supplies,387.75,units,300,0.15,2585.0,False,0.0,AVAILABLE,SIMULATED_OPERATIONAL
2016-08-03,MAITRI,SPR-M01,SPARES,Mechanical Spare Parts,142.0,units,150,0.2,710.0,False,0.0,LOW,SIMULATED_OPERATIONAL
2016-08-03,MAITRI,BAT-M01,SPARES,Battery Components,25.2,units,100,0.5,50.4,True,25.2,CRITICAL,SIMULATED_OPERATIONAL
2016-08-04,MAITRI,FOOD-M01,FOOD,Food Supplies,1300.0,kg,1200,2.5,520.0,False,0.0,AVAILABLE,SIMULATED_OPERATIONAL
2016-08-04,MAITRI,MED-M01,MEDICAL,Medical Supplies,387.6,units,300,0.15,2584.0000000000005,False,0.0,AVAILABLE,SIMULATED_OPERATIONAL
2016-08-04,MAITRI,SPR-M01,SPARES,Mechanical Spare Parts,141.8,units,150,0.2,709.0,False,0.0,LOW,SIMULATED_OPERATIONAL
2016-08-04,MAITRI,BAT-M01,SPARES,Battery Components,25.2,units,100,0.5,50.4,True,25.2,CRITICAL,SIMULATED_OPERATIONAL
2016-08-05,MAITRI,FOOD-M01,FOOD,Food Supplies,1297.5,kg,1200,2.5,519.0,False,0.0,AVAILABLE,SIMULATED_OPERATIONAL
2016-08-05,MAITRI,MED-M01,MEDICAL,Medical Supplies,387.45,units,300,0.15,2583.0,False,0.0,AVAILABLE,SIMULATED_OPERATIONAL
2016-08-05,MAITRI,SPR-M01,SPARES,Mechanical Spare Parts,141.6,units,150,0.2,707.9999999999999,False,0.0,LOW,SIMULATED_OPERATIONAL
2016-08-05,MAITRI,BAT-M01,SPARES,Battery Components,25.2,units,100,0.5,50.4,True,25.2,CRITICAL,SIMULATED_OPERATIONAL
2016-08-06,MAITRI,FOOD-M01,FOOD,Food Supplies,1295.0,kg,1200,2.5,518.0,False,0.0,AVAILABLE,SIMULATED_OPERATIONAL
2016-08-06,MAITRI,MED-M01,MEDICAL,Medical Supplies,387.3,units,300,0.15,2582.0,False,0.0,AVAILABLE,SIMULATED_OPERATIONAL
2016-08-06,MAITRI,SPR-M01,SPARES,Mechanical Spare Parts,141.4,units,150,0.2,707.0,False,0.0,LOW,SIMULATED_OPERATIONAL
2016-08-06,MAITRI,BAT-M01,SPARES,Battery Components,25.2,units,100,0.5,50.4,True,25.2,CRITICAL,SIMULATED_OPERATIONAL
2016-08-07,MAITRI,FOOD-M01,FOOD,Food Supplies,1292.5,kg,1200,2.5,517.0,False,0.0,AVAILABLE,SIMULATED_OPERATIONAL
2016-08-07,MAITRI,MED-M01,MEDICAL,Medical Supplies,387.15,units,300,0.15,2581.0,False,0.0,AVAILABLE,SIMULATED_OPERATIONAL
2016-08-07,MAITRI,SPR-M01,SPARES,Mechanical Spare Parts,141.2,units,150,0.2,705.9999999999999,False,0.0,LOW,SIMULATED_OPERATIONAL
2016-08-07,MAITRI,BAT-M01,SPARES,Battery Components,25.2,units,100,0.5,50.4,True,25.2,CRITICAL,SIMULATED_OPERATIONAL
2016-08-08,MAITRI,FOOD-M01,FOOD,Food Supplies,1290.0,kg,1200,2.5,516.0,False,0.0,AVAILABLE,SIMULATED_OPERATIONAL
2016-08-08,MAITRI,MED-M01,MEDICAL,Medical Supplies,387.0,units,300,0.15,2580.0,False,0.0,AVAILABLE,SIMULATED_OPERATIONAL
2016-08-08,MAITRI,SPR-M01,SPARES,Mechanical Spare Parts,141.0,units,150,0.2,705.0,False,0.0,LOW,SIMULATED_OPERATIONAL
2016-08-08,MAITRI,BAT-M01,SPARES,Battery Components,25.2,units,100,0.5,50.4,True,25.2,CRITICAL,SIMULATED_OPERATIONAL
2016-08-09,MAITRI,FOOD-M01,FOOD,Food Supplies,1287.5,kg,1200,2.5,515.0,False,0.0,AVAILABLE,SIMULATED_OPERATIONAL
2016-08-09,MAITRI,MED-M01,MEDICAL,Medical Supplies,386.85,units,300,0.15,2579.0000000000005,False,0.0,AVAILABLE,SIMULATED_OPERATIONAL
2016-08-09,MAITRI,SPR-M01,SPARES,Mechanical Spare Parts,140.8,units,150,0.2,704.0,False,0.0,LOW,SIMULATED_OPERATIONAL
2016-08-09,MAITRI,BAT-M01,SPARES,Battery Components,25.2,units,100,0.5,50.4,True,25.2,CRITICAL,SIMULATED_OPERATIONAL
2016-08-10,MAITRI,FOOD-M01,FOOD,Food Supplies,1285.0,kg,1200,2.5,514.0,False,0.0,AVAILABLE,SIMULATED_OPERATIONAL
2016-08-10,MAITRI,MED-M01,MEDICAL,Medical Supplies,386.7,units,300,0.15,2578.0,False,0.0,AVAILABLE,SIMULATED_OPERATIONAL
2016-08-10,MAITRI,SPR-M01,SPARES,Mechanical Spare Parts,140.6,units,150,0.2,702.9999999999999,False,0.0,LOW,SIMULATED_OPERATIONAL
2016-08-10,MAITRI,BAT-M01,SPARES,Battery Components,25.2,units,100,0.5,50.4,True,25.2,CRITICAL,SIMULATED_OPERATIONAL
2016-08-11,MAITRI,FOOD-M01,FOOD,Food Supplies,1282.5,kg,1200,2.5,513.0,False,0.0,AVAILABLE,SIMULATED_OPERATIONAL
2016-08-11,MAITRI,MED-M01,MEDICAL,Medical Supplies,386.55,units,300,0.15,2577.0,False,0.0,AVAILABLE,SIMULATED_OPERATIONAL
2016-08-11,MAITRI,SPR-M01,SPARES,Mechanical Spare Parts,140.4,units,150,0.2,702.0,False,0.0,LOW,SIMULATED_OPERATIONAL
2016-08-11,MAITRI,BAT-M01,SPARES,Battery Components,25.2,units,100,0.5,50.4,True,25.2,CRITICAL,SIMULATED_OPERATIONAL
2016-08-12,MAITRI,FOOD-M01,FOOD,Food Supplies,1280.0,kg,1200,2.5,512.0,False,0.0,AVAILABLE,SIMULATED_OPERATIONAL
2016-08-12,MAITRI,MED-M01,MEDICAL,Medical Supplies,386.4,units,300,0.15,2576.0,False,0.0,AVAILABLE,SIMULATED_OPERATIONAL
2016-08-12,MAITRI,SPR-M01,SPARES,Mechanical Spare Parts,140.2,units,150,0.2,700.9999999999999,False,0.0,LOW,SIMULATED_OPERATIONAL
2016-08-12,MAITRI,BAT-M01,SPARES,Battery Components,25.2,units,100,0.5,50.4,True,25.2,CRITICAL,SIMULATED_OPERATIONAL
2016-08-13,MAITRI,FOOD-M01,FOOD,Food Supplies,1277.5,kg,1200,2.5,511.0,False,0.0,AVAILABLE,SIMULATED_OPERATIONAL
2016-08-13,MAITRI,MED-M01,MEDICAL,Medical Supplies,386.25,units,300,0.15,2575.0,False,0.0,AVAILABLE,SIMULATED_OPERATIONAL
2016-08-13,MAITRI,SPR-M01,SPARES,Mechanical Spare Parts,140.0,units,150,0.2,700.0,False,0.0,LOW,SIMULATED_OPERATIONAL
2016-08-13,MAITRI,BAT-M01,SPARES,Battery Components,25.2,units,100,0.5,50.4,True,25.2,CRITICAL,SIMULATED_OPERATIONAL
2016-08-14,MAITRI,FOOD-M01,FOOD,Food Supplies,1275.0,kg,1200,2.5,510.0,False,0.0,AVAILABLE,SIMULATED_OPERATIONAL
2016-08-14,MAITRI,MED-M01,MEDICAL,Medical Supplies,386.1,units,300,0.15,2574.0000000000005,False,0.0,AVAILABLE,SIMULATED_OPERATIONAL
2016-08-14,MAITRI,SPR-M01,SPARES,Mechanical Spare Parts,139.8,units,150,0.2,699.0,False,0.0,LOW,SIMULATED_OPERATIONAL
2016-08-14,MAITRI,BAT-M01,SPARES,Battery Components,25.2,units,100,0.5,50.4,True,25.2,CRITICAL,SIMULATED_OPERATIONAL
2016-08-15,MAITRI,FOOD-M01,FOOD,Food Supplies,1272.5,kg,1200,2.5,509.0,False,0.0,AVAILABLE,SIMULATED_OPERATIONAL
2016-08-15,MAITRI,MED-M01,MEDICAL,Medical Supplies,385.95,units,300,0.15,2573.0,False,0.0,AVAILABLE,SIMULATED_OPERATIONAL
2016-08-15,MAITRI,SPR-M01,SPARES,Mechanical Spare Parts,139.6,units,150,0.2,697.9999999999999,False,0.0,LOW,SIMULATED_OPERATIONAL
2016-08-15,MAITRI,BAT-M01,SPARES,Battery Components,25.2,units,100,0.5,50.4,True,25.2,CRITICAL,SIMULATED_OPERATIONAL
2016-08-16,MAITRI,FOOD-M01,FOOD,Food Supplies,1270.0,kg,1200,2.5,508.0,False,0.0,AVAILABLE,SIMULATED_OPERATIONAL
2016-08-16,MAITRI,MED-M01,MEDICAL,Medical Supplies,385.8,units,300,0.15,2572.0,False,0.0,AVAILABLE,SIMULATED_OPERATIONAL
2016-08-16,MAITRI,SPR-M01,SPARES,Mechanical Spare Parts,139.4,units,150,0.2,697.0,False,0.0,LOW,SIMULATED_OPERATIONAL
2016-08-16,MAITRI,BAT-M01,SPARES,Battery Components,25.2,units,100,0.5,50.4,True,25.2,CRITICAL,SIMULATED_OPERATIONAL
2016-08-17,MAITRI,FOOD-M01,FOOD,Food Supplies,1267.5,kg,1200,2.5,507.0,False,0.0,AVAILABLE,SIMULATED_OPERATIONAL
2016-08-17,MAITRI,MED-M01,MEDICAL,Medical Supplies,385.65,units,300,0.15,2571.0,False,0.0,AVAILABLE,SIMULATED_OPERATIONAL
2016-08-17,MAITRI,SPR-M01,SPARES,Mechanical Spare Parts,139.2,units,150,0.2,695.9999999999999,False,0.0,LOW,SIMULATED_OPERATIONAL
2016-08-17,MAITRI,BAT-M01,SPARES,Battery Components,25.2,units,100,0.5,50.4,True,25.2,CRITICAL,SIMULATED_OPERATIONAL
2016-08-18,MAITRI,FOOD-M01,FOOD,Food Supplies,1265.0,kg,1200,2.5,506.0,False,0.0,AVAILABLE,SIMULATED_OPERATIONAL
2016-08-18,MAITRI,MED-M01,MEDICAL,Medical Supplies,385.5,units,300,0.15,2570.0,False,0.0,AVAILABLE,SIMULATED_OPERATIONAL
2016-08-18,MAITRI,SPR-M01,SPARES,Mechanical Spare Parts,139.0,units,150,0.2,695.0,False,0.0,LOW,SIMULATED_OPERATIONAL
2016-08-18,MAITRI,BAT-M01,SPARES,Battery Components,25.2,units,100,0.5,50.4,True,25.2,CRITICAL,SIMULATED_OPERATIONAL
2016-08-19,MAITRI,FOOD-M01,FOOD,Food Supplies,1262.5,kg,1200,2.5,505.0,False,0.0,AVAILABLE,SIMULATED_OPERATIONAL
2016-08-19,MAITRI,MED-M01,MEDICAL,Medical Supplies,385.35,units,300,0.15,2569.0000000000005,False,0.0,AVAILABLE,SIMULATED_OPERATIONAL
2016-08-19,MAITRI,SPR-M01,SPARES,Mechanical Spare Parts,138.8,units,150,0.2,694.0,False,0.0,LOW,SIMULATED_OPERATIONAL
2016-08-19,MAITRI,BAT-M01,SPARES,Battery Components,25.2,units,100,0.5,50.4,True,25.2,CRITICAL,SIMULATED_OPERATIONAL
2016-08-20,MAITRI,FOOD-M01,FOOD,Food Supplies,1260.0,kg,1200,2.5,504.0,False,0.0,AVAILABLE,SIMULATED_OPERATIONAL
2016-08-20,MAITRI,MED-M01,MEDICAL,Medical Supplies,385.2,units,300,0.15,2568.0,False,0.0,AVAILABLE,SIMULATED_OPERATIONAL
2016-08-20,MAITRI,SPR-M01,SPARES,Mechanical Spare Parts,138.6,units,150,0.2,692.9999999999999,False,0.0,LOW,SIMULATED_OPERATIONAL
2016-08-20,MAITRI,BAT-M01,SPARES,Battery Components,25.2,units,100,0.5,50.4,True,25.2,CRITICAL,SIMULATED_OPERATIONAL
2016-08-21,MAITRI,FOOD-M01,FOOD,Food Supplies,1257.5,kg,1200,2.5,503.0,False,0.0,AVAILABLE,SIMULATED_OPERATIONAL
2016-08-21,MAITRI,MED-M01,MEDICAL,Medical Supplies,385.05,units,300,0.15,2567.0,False,0.0,AVAILABLE,SIMULATED_OPERATIONAL
2016-08-21,MAITRI,SPR-M01,SPARES,Mechanical Spare Parts,138.4,units,150,0.2,692.0,False,0.0,LOW,SIMULATED_OPERATIONAL
2016-08-21,MAITRI,BAT-M01,SPARES,Battery Components,25.2,units,100,0.5,50.4,True,25.2,CRITICAL,SIMULATED_OPERATIONAL
2016-08-22,MAITRI,FOOD-M01,FOOD,Food Supplies,1255.0,kg,1200,2.5,502.0,False,0.0,AVAILABLE,SIMULATED_OPERATIONAL
2016-08-22,MAITRI,MED-M01,MEDICAL,Medical Supplies,384.9,units,300,0.15,2566.0,False,0.0,AVAILABLE,SIMULATED_OPERATIONAL
2016-08-22,MAITRI,SPR-M01,SPARES,Mechanical Spare Parts,138.2,units,150,0.2,690.9999999999999,False,0.0,LOW,SIMULATED_OPERATIONAL
2016-08-22,MAITRI,BAT-M01,SPARES,Battery Components,25.2,units,100,0.5,50.4,True,25.2,CRITICAL,SIMULATED_OPERATIONAL
2016-08-23,MAITRI,FOOD-M01,FOOD,Food Supplies,1252.5,kg,1200,2.5,501.0,False,0.0,AVAILABLE,SIMULATED_OPERATIONAL
2016-08-23,MAITRI,MED-M01,MEDICAL,Medical Supplies,384.75,units,300,0.15,2565.0,False,0.0,AVAILABLE,SIMULATED_OPERATIONAL
2016-08-23,MAITRI,SPR-M01,SPARES,Mechanical Spare Parts,138.0,units,150,0.2,690.0,False,0.0,LOW,SIMULATED_OPERATIONAL
2016-08-23,MAITRI,BAT-M01,SPARES,Battery Components,25.2,units,100,0.5,50.4,True,25.2,CRITICAL,SIMULATED_OPERATIONAL
2016-08-24,MAITRI,FOOD-M01,FOOD,Food Supplies,1250.0,kg,1200,2.5,500.0,False,0.0,AVAILABLE,SIMULATED_OPERATIONAL
2016-08-24,MAITRI,MED-M01,MEDICAL,Medical Supplies,384.6,units,300,0.15,2564.0000000000005,False,0.0,AVAILABLE,SIMULATED_OPERATIONAL
2016-08-24,MAITRI,SPR-M01,SPARES,Mechanical Spare Parts,137.8,units,150,0.2,689.0,False,0.0,LOW,SIMULATED_OPERATIONAL
2016-08-24,MAITRI,BAT-M01,SPARES,Battery Components,25.2,units,100,0.5,50.4,True,25.2,CRITICAL,SIMULATED_OPERATIONAL
2016-08-25,MAITRI,FOOD-M01,FOOD,Food Supplies,1247.5,kg,1200,2.5,499.0,False,0.0,AVAILABLE,SIMULATED_OPERATIONAL
2016-08-25,MAITRI,MED-M01,MEDICAL,Medical Supplies,384.45,units,300,0.15,2563.0,False,0.0,AVAILABLE,SIMULATED_OPERATIONAL
2016-08-25,MAITRI,SPR-M01,SPARES,Mechanical Spare Parts,137.6,units,150,0.2,687.9999999999999,False,0.0,LOW,SIMULATED_OPERATIONAL
2016-08-25,MAITRI,BAT-M01,SPARES,Battery Components,25.2,units,100,0.5,50.4,True,25.2,CRITICAL,SIMULATED_OPERATIONAL
2016-08-26,MAITRI,FOOD-M01,FOOD,Food Supplies,1245.0,kg,1200,2.5,498.0,False,0.0,AVAILABLE,SIMULATED_OPERATIONAL
2016-08-26,MAITRI,MED-M01,MEDICAL,Medical Supplies,384.3,units,300,0.15,2562.0,False,0.0,AVAILABLE,SIMULATED_OPERATIONAL
2016-08-26,MAITRI,SPR-M01,SPARES,Mechanical Spare Parts,137.4,units,150,0.2,687.0,False,0.0,LOW,SIMULATED_OPERATIONAL
2016-08-26,MAITRI,BAT-M01,SPARES,Battery Components,25.2,units,100,0.5,50.4,True,25.2,CRITICAL,SIMULATED_OPERATIONAL
2016-08-27,MAITRI,FOOD-M01,FOOD,Food Supplies,1242.5,kg,1200,2.5,497.0,False,0.0,AVAILABLE,SIMULATED_OPERATIONAL
2016-08-27,MAITRI,MED-M01,MEDICAL,Medical Supplies,384.15,units,300,0.15,2561.0,False,0.0,AVAILABLE,SIMULATED_OPERATIONAL
2016-08-27,MAITRI,SPR-M01,SPARES,Mechanical Spare Parts,137.2,units,150,0.2,685.9999999999999,False,0.0,LOW,SIMULATED_OPERATIONAL
2016-08-27,MAITRI,BAT-M01,SPARES,Battery Components,25.2,units,100,0.5,50.4,True,25.2,CRITICAL,SIMULATED_OPERATIONAL
2016-08-28,MAITRI,FOOD-M01,FOOD,Food Supplies,1240.0,kg,1200,2.5,496.0,False,0.0,AVAILABLE,SIMULATED_OPERATIONAL
2016-08-28,MAITRI,MED-M01,MEDICAL,Medical Supplies,384.0,units,300,0.15,2560.0,False,0.0,AVAILABLE,SIMULATED_OPERATIONAL
2016-08-28,MAITRI,SPR-M01,SPARES,Mechanical Spare Parts,137.0,units,150,0.2,685.0,False,0.0,LOW,SIMULATED_OPERATIONAL
2016-08-28,MAITRI,BAT-M01,SPARES,Battery Components,25.2,units,100,0.5,50.4,True,25.2,CRITICAL,SIMULATED_OPERATIONAL
2016-08-29,MAITRI,FOOD-M01,FOOD,Food Supplies,1237.5,kg,1200,2.5,495.0,False,0.0,AVAILABLE,SIMULATED_OPERATIONAL
2016-08-29,MAITRI,MED-M01,MEDICAL,Medical Supplies,383.85,units,300,0.15,2559.0000000000005,False,0.0,AVAILABLE,SIMULATED_OPERATIONAL
2016-08-29,MAITRI,SPR-M01,SPARES,Mechanical Spare Parts,136.8,units,150,0.2,684.0,False,0.0,LOW,SIMULATED_OPERATIONAL
2016-08-29,MAITRI,BAT-M01,SPARES,Battery Components,25.2,units,100,0.5,50.4,True,25.2,CRITICAL,SIMULATED_OPERATIONAL
2016-08-30,MAITRI,FOOD-M01,FOOD,Food Supplies,1235.0,kg,1200,2.5,494.0,False,0.0,AVAILABLE,SIMULATED_OPERATIONAL
2016-08-30,MAITRI,MED-M01,MEDICAL,Medical Supplies,383.7,units,300,0.15,2558.0,False,0.0,AVAILABLE,SIMULATED_OPERATIONAL
2016-08-30,MAITRI,SPR-M01,SPARES,Mechanical Spare Parts,136.6,units,150,0.2,682.9999999999999,False,0.0,LOW,SIMULATED_OPERATIONAL
2016-08-30,MAITRI,BAT-M01,SPARES,Battery Components,25.2,units,100,0.5,50.4,True,25.2,CRITICAL,SIMULATED_OPERATIONAL
2016-08-31,MAITRI,FOOD-M01,FOOD,Food Supplies,1232.5,kg,1200,2.5,493.0,False,0.0,AVAILABLE,SIMULATED_OPERATIONAL
2016-08-31,MAITRI,MED-M01,MEDICAL,Medical Supplies,383.55,units,300,0.15,2557.0,False,0.0,AVAILABLE,SIMULATED_OPERATIONAL
2016-08-31,MAITRI,SPR-M01,SPARES,Mechanical Spare Parts,136.4,units,150,0.2,682.0,False,0.0,LOW,SIMULATED_OPERATIONAL
2016-08-31,MAITRI,BAT-M01,SPARES,Battery Components,25.2,units,100,0.5,50.4,True,25.2,CRITICAL,SIMULATED_OPERATIONAL
2016-09-01,MAITRI,FOOD-M01,FOOD,Food Supplies,1230.0,kg,1200,2.5,492.0,False,0.0,AVAILABLE,SIMULATED_OPERATIONAL
2016-09-01,MAITRI,MED-M01,MEDICAL,Medical Supplies,383.4,units,300,0.15,2556.0,False,0.0,AVAILABLE,SIMULATED_OPERATIONAL
2016-09-01,MAITRI,SPR-M01,SPARES,Mechanical Spare Parts,136.2,units,150,0.2,680.9999999999999,False,0.0,LOW,SIMULATED_OPERATIONAL
2016-09-01,MAITRI,BAT-M01,SPARES,Battery Components,25.2,units,100,0.5,50.4,True,25.2,CRITICAL,SIMULATED_OPERATIONAL
2016-09-02,MAITRI,FOOD-M01,FOOD,Food Supplies,1227.5,kg,1200,2.5,491.0,False,0.0,AVAILABLE,SIMULATED_OPERATIONAL
2016-09-02,MAITRI,MED-M01,MEDICAL,Medical Supplies,383.25,units,300,0.15,2555.0,False,0.0,AVAILABLE,SIMULATED_OPERATIONAL
2016-09-02,MAITRI,SPR-M01,SPARES,Mechanical Spare Parts,136.0,units,150,0.2,680.0,False,0.0,LOW,SIMULATED_OPERATIONAL
2016-09-02,MAITRI,BAT-M01,SPARES,Battery Components,25.2,units,100,0.5,50.4,True,25.2,CRITICAL,SIMULATED_OPERATIONAL
2016-09-03,MAITRI,FOOD-M01,FOOD,Food Supplies,1225.0,kg,1200,2.5,490.0,False,0.0,AVAILABLE,SIMULATED_OPERATIONAL
2016-09-03,MAITRI,MED-M01,MEDICAL,Medical Supplies,383.1,units,300,0.15,2554.0000000000005,False,0.0,AVAILABLE,SIMULATED_OPERATIONAL
2016-09-03,MAITRI,SPR-M01,SPARES,Mechanical Spare Parts,135.8,units,150,0.2,679.0,False,0.0,LOW,SIMULATED_OPERATIONAL
2016-09-03,MAITRI,BAT-M01,SPARES,Battery Components,25.2,units,100,0.5,50.4,True,25.2,CRITICAL,SIMULATED_OPERATIONAL
2016-09-04,MAITRI,FOOD-M01,FOOD,Food Supplies,1222.5,kg,1200,2.5,489.0,False,0.0,AVAILABLE,SIMULATED_OPERATIONAL
2016-09-04,MAITRI,MED-M01,MEDICAL,Medical Supplies,382.95,units,300,0.15,2553.0,False,0.0,AVAILABLE,SIMULATED_OPERATIONAL
2016-09-04,MAITRI,SPR-M01,SPARES,Mechanical Spare Parts,135.6,units,150,0.2,677.9999999999999,False,0.0,LOW,SIMULATED_OPERATIONAL
2016-09-04,MAITRI,BAT-M01,SPARES,Battery Components,25.2,units,100,0.5,50.4,True,25.2,CRITICAL,SIMULATED_OPERATIONAL
2016-09-05,MAITRI,FOOD-M01,FOOD,Food Supplies,1220.0,kg,1200,2.5,488.0,False,0.0,AVAILABLE,SIMULATED_OPERATIONAL
2016-09-05,MAITRI,MED-M01,MEDICAL,Medical Supplies,382.8,units,300,0.15,2552.0,False,0.0,AVAILABLE,SIMULATED_OPERATIONAL
2016-09-05,MAITRI,SPR-M01,SPARES,Mechanical Spare Parts,135.4,units,150,0.2,677.0,False,0.0,LOW,SIMULATED_OPERATIONAL
2016-09-05,MAITRI,BAT-M01,SPARES,Battery Components,25.2,units,100,0.5,50.4,True,25.2,CRITICAL,SIMULATED_OPERATIONAL
2016-09-06,MAITRI,FOOD-M01,FOOD,Food Supplies,1217.5,kg,1200,2.5,487.0,False,0.0,AVAILABLE,SIMULATED_OPERATIONAL
2016-09-06,MAITRI,MED-M01,MEDICAL,Medical Supplies,382.65,units,300,0.15,2551.0,False,0.0,AVAILABLE,SIMULATED_OPERATIONAL
2016-09-06,MAITRI,SPR-M01,SPARES,Mechanical Spare Parts,135.2,units,150,0.2,675.9999999999999,False,0.0,LOW,SIMULATED_OPERATIONAL
2016-09-06,MAITRI,BAT-M01,SPARES,Battery Components,25.2,units,100,0.5,50.4,True,25.2,CRITICAL,SIMULATED_OPERATIONAL
2016-09-07,MAITRI,FOOD-M01,FOOD,Food Supplies,1215.0,kg,1200,2.5,486.0,False,0.0,AVAILABLE,SIMULATED_OPERATIONAL
2016-09-07,MAITRI,MED-M01,MEDICAL,Medical Supplies,382.5,units,300,0.15,2550.0,False,0.0,AVAILABLE,SIMULATED_OPERATIONAL
2016-09-07,MAITRI,SPR-M01,SPARES,Mechanical Spare Parts,135.0,units,150,0.2,675.0,False,0.0,LOW,SIMULATED_OPERATIONAL
2016-09-07,MAITRI,BAT-M01,SPARES,Battery Components,25.2,units,100,0.5,50.4,True,25.2,CRITICAL,SIMULATED_OPERATIONAL
2016-09-08,MAITRI,FOOD-M01,FOOD,Food Supplies,1212.5,kg,1200,2.5,485.0,False,0.0,AVAILABLE,SIMULATED_OPERATIONAL
2016-09-08,MAITRI,MED-M01,MEDICAL,Medical Supplies,382.35,units,300,0.15,2549.0000000000005,False,0.0,AVAILABLE,SIMULATED_OPERATIONAL
2016-09-08,MAITRI,SPR-M01,SPARES,Mechanical Spare Parts,134.8,units,150,0.2,674.0,False,0.0,LOW,SIMULATED_OPERATIONAL
2016-09-08,MAITRI,BAT-M01,SPARES,Battery Components,25.2,units,100,0.5,50.4,True,25.2,CRITICAL,SIMULATED_OPERATIONAL
2016-09-09,MAITRI,FOOD-M01,FOOD,Food Supplies,1210.0,kg,1200,2.5,484.0,False,0.0,AVAILABLE,SIMULATED_OPERATIONAL
2016-09-09,MAITRI,MED-M01,MEDICAL,Medical Supplies,382.2,units,300,0.15,2548.0,False,0.0,AVAILABLE,SIMULATED_OPERATIONAL
2016-09-09,MAITRI,SPR-M01,SPARES,Mechanical Spare Parts,134.6,units,150,0.2,672.9999999999999,False,0.0,LOW,SIMULATED_OPERATIONAL
2016-09-09,MAITRI,BAT-M01,SPARES,Battery Components,25.2,units,100,0.5,50.4,True,25.2,CRITICAL,SIMULATED_OPERATIONAL
2016-09-10,MAITRI,FOOD-M01,FOOD,Food Supplies,1207.5,kg,1200,2.5,483.0,False,0.0,AVAILABLE,SIMULATED_OPERATIONAL
2016-09-10,MAITRI,MED-M01,MEDICAL,Medical Supplies,382.05,units,300,0.15,2547.0,False,0.0,AVAILABLE,SIMULATED_OPERATIONAL
2016-09-10,MAITRI,SPR-M01,SPARES,Mechanical Spare Parts,134.4,units,150,0.2,672.0,False,0.0,LOW,SIMULATED_OPERATIONAL
2016-09-10,MAITRI,BAT-M01,SPARES,Battery Components,25.2,units,100,0.5,50.4,True,25.2,CRITICAL,SIMULATED_OPERATIONAL
2016-09-11,MAITRI,FOOD-M01,FOOD,Food Supplies,1205.0,kg,1200,2.5,482.0,False,0.0,AVAILABLE,SIMULATED_OPERATIONAL
2016-09-11,MAITRI,MED-M01,MEDICAL,Medical Supplies,381.9,units,300,0.15,2546.0,False,0.0,AVAILABLE,SIMULATED_OPERATIONAL
2016-09-11,MAITRI,SPR-M01,SPARES,Mechanical Spare Parts,134.2,units,150,0.2,670.9999999999999,False,0.0,LOW,SIMULATED_OPERATIONAL
2016-09-11,MAITRI,BAT-M01,SPARES,Battery Components,25.2,units,100,0.5,50.4,True,25.2,CRITICAL,SIMULATED_OPERATIONAL
2016-09-12,MAITRI,FOOD-M01,FOOD,Food Supplies,1202.5,kg,1200,2.5,481.0,False,0.0,AVAILABLE,SIMULATED_OPERATIONAL
2016-09-12,MAITRI,MED-M01,MEDICAL,Medical Supplies,381.75,units,300,0.15,2545.0,False,0.0,AVAILABLE,SIMULATED_OPERATIONAL
2016-09-12,MAITRI,SPR-M01,SPARES,Mechanical Spare Parts,134.0,units,150,0.2,670.0,False,0.0,LOW,SIMULATED_OPERATIONAL
2016-09-12,MAITRI,BAT-M01,SPARES,Battery Components,25.2,units,100,0.5,50.4,True,25.2,CRITICAL,SIMULATED_OPERATIONAL
2016-09-13,MAITRI,FOOD-M01,FOOD,Food Supplies,1200.0,kg,1200,2.5,480.0,False,0.0,AVAILABLE,SIMULATED_OPERATIONAL
2016-09-13,MAITRI,MED-M01,MEDICAL,Medical Supplies,381.6,units,300,0.15,2544.0000000000005,False,0.0,AVAILABLE,SIMULATED_OPERATIONAL
2016-09-13,MAITRI,SPR-M01,SPARES,Mechanical Spare Parts,133.8,units,150,0.2,669.0,False,0.0,LOW,SIMULATED_OPERATIONAL
2016-09-13,MAITRI,BAT-M01,SPARES,Battery Components,25.2,units,100,0.5,50.4,True,25.2,CRITICAL,SIMULATED_OPERATIONAL
2016-09-14,MAITRI,FOOD-M01,FOOD,Food Supplies,1197.5,kg,1200,2.5,479.0,False,0.0,LOW,SIMULATED_OPERATIONAL
2016-09-14,MAITRI,MED-M01,MEDICAL,Medical Supplies,381.45,units,300,0.15,2543.0,False,0.0,AVAILABLE,SIMULATED_OPERATIONAL
2016-09-14,MAITRI,SPR-M01,SPARES,Mechanical Spare Parts,133.6,units,150,0.2,667.9999999999999,False,0.0,LOW,SIMULATED_OPERATIONAL
2016-09-14,MAITRI,BAT-M01,SPARES,Battery Components,25.2,units,100,0.5,50.4,True,25.2,CRITICAL,SIMULATED_OPERATIONAL
2016-09-15,MAITRI,FOOD-M01,FOOD,Food Supplies,1195.0,kg,1200,2.5,478.0,False,0.0,LOW,SIMULATED_OPERATIONAL
2016-09-15,MAITRI,MED-M01,MEDICAL,Medical Supplies,381.3,units,300,0.15,2542.0,False,0.0,AVAILABLE,SIMULATED_OPERATIONAL
2016-09-15,MAITRI,SPR-M01,SPARES,Mechanical Spare Parts,133.4,units,150,0.2,667.0,False,0.0,LOW,SIMULATED_OPERATIONAL
2016-09-15,MAITRI,BAT-M01,SPARES,Battery Components,25.2,units,100,0.5,50.4,True,25.2,CRITICAL,SIMULATED_OPERATIONAL
2016-09-16,MAITRI,FOOD-M01,FOOD,Food Supplies,1192.5,kg,1200,2.5,477.0,False,0.0,LOW,SIMULATED_OPERATIONAL
2016-09-16,MAITRI,MED-M01,MEDICAL,Medical Supplies,381.15,units,300,0.15,2541.0,False,0.0,AVAILABLE,SIMULATED_OPERATIONAL
2016-09-16,MAITRI,SPR-M01,SPARES,Mechanical Spare Parts,133.2,units,150,0.2,665.9999999999999,False,0.0,LOW,SIMULATED_OPERATIONAL
2016-09-16,MAITRI,BAT-M01,SPARES,Battery Components,25.2,units,100,0.5,50.4,True,25.2,CRITICAL,SIMULATED_OPERATIONAL
2016-09-17,MAITRI,FOOD-M01,FOOD,Food Supplies,1190.0,kg,1200,2.5,476.0,False,0.0,LOW,SIMULATED_OPERATIONAL
2016-09-17,MAITRI,MED-M01,MEDICAL,Medical Supplies,381.0,units,300,0.15,2540.0,False,0.0,AVAILABLE,SIMULATED_OPERATIONAL
2016-09-17,MAITRI,SPR-M01,SPARES,Mechanical Spare Parts,133.0,units,150,0.2,665.0,False,0.0,LOW,SIMULATED_OPERATIONAL
2016-09-17,MAITRI,BAT-M01,SPARES,Battery Components,25.2,units,100,0.5,50.4,True,25.2,CRITICAL,SIMULATED_OPERATIONAL
2016-09-18,MAITRI,FOOD-M01,FOOD,Food Supplies,1187.5,kg,1200,2.5,475.0,False,0.0,LOW,SIMULATED_OPERATIONAL
2016-09-18,MAITRI,MED-M01,MEDICAL,Medical Supplies,380.85,units,300,0.15,2539.0000000000005,False,0.0,AVAILABLE,SIMULATED_OPERATIONAL
2016-09-18,MAITRI,SPR-M01,SPARES,Mechanical Spare Parts,132.8,units,150,0.2,664.0,False,0.0,LOW,SIMULATED_OPERATIONAL
2016-09-18,MAITRI,BAT-M01,SPARES,Battery Components,25.2,units,100,0.5,50.4,True,25.2,CRITICAL,SIMULATED_OPERATIONAL
2016-09-19,MAITRI,FOOD-M01,FOOD,Food Supplies,1185.0,kg,1200,2.5,474.0,False,0.0,LOW,SIMULATED_OPERATIONAL
2016-09-19,MAITRI,MED-M01,MEDICAL,Medical Supplies,380.7,units,300,0.15,2538.0,False,0.0,AVAILABLE,SIMULATED_OPERATIONAL
2016-09-19,MAITRI,SPR-M01,SPARES,Mechanical Spare Parts,132.6,units,150,0.2,662.9999999999999,False,0.0,LOW,SIMULATED_OPERATIONAL
2016-09-19,MAITRI,BAT-M01,SPARES,Battery Components,25.2,units,100,0.5,50.4,True,25.2,CRITICAL,SIMULATED_OPERATIONAL
2016-09-20,MAITRI,FOOD-M01,FOOD,Food Supplies,1182.5,kg,1200,2.5,473.0,False,0.0,LOW,SIMULATED_OPERATIONAL
2016-09-20,MAITRI,MED-M01,MEDICAL,Medical Supplies,380.55,units,300,0.15,2537.0,False,0.0,AVAILABLE,SIMULATED_OPERATIONAL
2016-09-20,MAITRI,SPR-M01,SPARES,Mechanical Spare Parts,132.4,units,150,0.2,662.0,False,0.0,LOW,SIMULATED_OPERATIONAL
2016-09-20,MAITRI,BAT-M01,SPARES,Battery Components,25.2,units,100,0.5,50.4,True,25.2,CRITICAL,SIMULATED_OPERATIONAL
2016-09-21,MAITRI,FOOD-M01,FOOD,Food Supplies,1180.0,kg,1200,2.5,472.0,False,0.0,LOW,SIMULATED_OPERATIONAL
2016-09-21,MAITRI,MED-M01,MEDICAL,Medical Supplies,380.4,units,300,0.15,2536.0,False,0.0,AVAILABLE,SIMULATED_OPERATIONAL
2016-09-21,MAITRI,SPR-M01,SPARES,Mechanical Spare Parts,132.2,units,150,0.2,660.9999999999999,False,0.0,LOW,SIMULATED_OPERATIONAL
2016-09-21,MAITRI,BAT-M01,SPARES,Battery Components,25.2,units,100,0.5,50.4,True,25.2,CRITICAL,SIMULATED_OPERATIONAL
2016-09-22,MAITRI,FOOD-M01,FOOD,Food Supplies,1177.5,kg,1200,2.5,471.0,False,0.0,LOW,SIMULATED_OPERATIONAL
2016-09-22,MAITRI,MED-M01,MEDICAL,Medical Supplies,380.25,units,300,0.15,2535.0,False,0.0,AVAILABLE,SIMULATED_OPERATIONAL
2016-09-22,MAITRI,SPR-M01,SPARES,Mechanical Spare Parts,132.0,units,150,0.2,660.0,False,0.0,LOW,SIMULATED_OPERATIONAL
2016-09-22,MAITRI,BAT-M01,SPARES,Battery Components,25.2,units,100,0.5,50.4,True,25.2,CRITICAL,SIMULATED_OPERATIONAL
2016-09-23,MAITRI,FOOD-M01,FOOD,Food Supplies,1175.0,kg,1200,2.5,470.0,False,0.0,LOW,SIMULATED_OPERATIONAL
2016-09-23,MAITRI,MED-M01,MEDICAL,Medical Supplies,380.1,units,300,0.15,2534.0000000000005,False,0.0,AVAILABLE,SIMULATED_OPERATIONAL
2016-09-23,MAITRI,SPR-M01,SPARES,Mechanical Spare Parts,131.8,units,150,0.2,659.0,False,0.0,LOW,SIMULATED_OPERATIONAL
2016-09-23,MAITRI,BAT-M01,SPARES,Battery Components,25.2,units,100,0.5,50.4,True,25.2,CRITICAL,SIMULATED_OPERATIONAL
2016-09-24,MAITRI,FOOD-M01,FOOD,Food Supplies,1172.5,kg,1200,2.5,469.0,False,0.0,LOW,SIMULATED_OPERATIONAL
2016-09-24,MAITRI,MED-M01,MEDICAL,Medical Supplies,379.95,units,300,0.15,2533.0,False,0.0,AVAILABLE,SIMULATED_OPERATIONAL
2016-09-24,MAITRI,SPR-M01,SPARES,Mechanical Spare Parts,131.6,units,150,0.2,657.9999999999999,False,0.0,LOW,SIMULATED_OPERATIONAL
2016-09-24,MAITRI,BAT-M01,SPARES,Battery Components,25.2,units,100,0.5,50.4,True,25.2,CRITICAL,SIMULATED_OPERATIONAL
2016-09-25,MAITRI,FOOD-M01,FOOD,Food Supplies,1170.0,kg,1200,2.5,468.0,False,0.0,LOW,SIMULATED_OPERATIONAL
2016-09-25,MAITRI,MED-M01,MEDICAL,Medical Supplies,379.8,units,300,0.15,2532.0,False,0.0,AVAILABLE,SIMULATED_OPERATIONAL
2016-09-25,MAITRI,SPR-M01,SPARES,Mechanical Spare Parts,131.4,units,150,0.2,657.0,False,0.0,LOW,SIMULATED_OPERATIONAL
2016-09-25,MAITRI,BAT-M01,SPARES,Battery Components,25.2,units,100,0.5,50.4,True,25.2,CRITICAL,SIMULATED_OPERATIONAL
2016-09-26,MAITRI,FOOD-M01,FOOD,Food Supplies,1167.5,kg,1200,2.5,467.0,False,0.0,LOW,SIMULATED_OPERATIONAL
2016-09-26,MAITRI,MED-M01,MEDICAL,Medical Supplies,379.65,units,300,0.15,2531.0,False,0.0,AVAILABLE,SIMULATED_OPERATIONAL
2016-09-26,MAITRI,SPR-M01,SPARES,Mechanical Spare Parts,131.2,units,150,0.2,655.9999999999999,False,0.0,LOW,SIMULATED_OPERATIONAL
2016-09-26,MAITRI,BAT-M01,SPARES,Battery Components,25.2,units,100,0.5,50.4,True,25.2,CRITICAL,SIMULATED_OPERATIONAL
2016-09-27,MAITRI,FOOD-M01,FOOD,Food Supplies,1165.0,kg,1200,2.5,466.0,False,0.0,LOW,SIMULATED_OPERATIONAL
2016-09-27,MAITRI,MED-M01,MEDICAL,Medical Supplies,379.5,units,300,0.15,2530.0,False,0.0,AVAILABLE,SIMULATED_OPERATIONAL
2016-09-27,MAITRI,SPR-M01,SPARES,Mechanical Spare Parts,131.0,units,150,0.2,655.0,False,0.0,LOW,SIMULATED_OPERATIONAL
2016-09-27,MAITRI,BAT-M01,SPARES,Battery Components,25.2,units,100,0.5,50.4,True,25.2,CRITICAL,SIMULATED_OPERATIONAL
2016-09-28,MAITRI,FOOD-M01,FOOD,Food Supplies,1162.5,kg,1200,2.5,465.0,False,0.0,LOW,SIMULATED_OPERATIONAL
2016-09-28,MAITRI,MED-M01,MEDICAL,Medical Supplies,379.35,units,300,0.15,2529.0000000000005,False,0.0,AVAILABLE,SIMULATED_OPERATIONAL
2016-09-28,MAITRI,SPR-M01,SPARES,Mechanical Spare Parts,130.8,units,150,0.2,654.0,False,0.0,LOW,SIMULATED_OPERATIONAL
2016-09-28,MAITRI,BAT-M01,SPARES,Battery Components,25.2,units,100,0.5,50.4,True,25.2,CRITICAL,SIMULATED_OPERATIONAL
2016-09-29,MAITRI,FOOD-M01,FOOD,Food Supplies,1160.0,kg,1200,2.5,464.0,False,0.0,LOW,SIMULATED_OPERATIONAL
2016-09-29,MAITRI,MED-M01,MEDICAL,Medical Supplies,379.2,units,300,0.15,2528.0,False,0.0,AVAILABLE,SIMULATED_OPERATIONAL
2016-09-29,MAITRI,SPR-M01,SPARES,Mechanical Spare Parts,130.6,units,150,0.2,652.9999999999999,False,0.0,LOW,SIMULATED_OPERATIONAL
2016-09-29,MAITRI,BAT-M01,SPARES,Battery Components,25.2,units,100,0.5,50.4,True,25.2,CRITICAL,SIMULATED_OPERATIONAL
2016-09-30,MAITRI,FOOD-M01,FOOD,Food Supplies,1157.5,kg,1200,2.5,463.0,False,0.0,LOW,SIMULATED_OPERATIONAL
2016-09-30,MAITRI,MED-M01,MEDICAL,Medical Supplies,379.05,units,300,0.15,2527.0,False,0.0,AVAILABLE,SIMULATED_OPERATIONAL
2016-09-30,MAITRI,SPR-M01,SPARES,Mechanical Spare Parts,130.4,units,150,0.2,652.0,False,0.0,LOW,SIMULATED_OPERATIONAL
2016-09-30,MAITRI,BAT-M01,SPARES,Battery Components,25.2,units,100,0.5,50.4,True,25.2,CRITICAL,SIMULATED_OPERATIONAL
2016-10-01,MAITRI,FOOD-M01,FOOD,Food Supplies,1155.0,kg,1200,2.5,462.0,False,0.0,LOW,SIMULATED_OPERATIONAL
2016-10-01,MAITRI,MED-M01,MEDICAL,Medical Supplies,378.9,units,300,0.15,2526.0,False,0.0,AVAILABLE,SIMULATED_OPERATIONAL
2016-10-01,MAITRI,SPR-M01,SPARES,Mechanical Spare Parts,130.2,units,150,0.2,650.9999999999999,False,0.0,LOW,SIMULATED_OPERATIONAL
2016-10-01,MAITRI,BAT-M01,SPARES,Battery Components,25.2,units,100,0.5,50.4,True,25.2,CRITICAL,SIMULATED_OPERATIONAL
2016-10-02,MAITRI,FOOD-M01,FOOD,Food Supplies,1152.5,kg,1200,2.5,461.0,False,0.0,LOW,SIMULATED_OPERATIONAL
2016-10-02,MAITRI,MED-M01,MEDICAL,Medical Supplies,378.75,units,300,0.15,2525.0,False,0.0,AVAILABLE,SIMULATED_OPERATIONAL
2016-10-02,MAITRI,SPR-M01,SPARES,Mechanical Spare Parts,130.0,units,150,0.2,650.0,False,0.0,LOW,SIMULATED_OPERATIONAL
2016-10-02,MAITRI,BAT-M01,SPARES,Battery Components,25.2,units,100,0.5,50.4,True,25.2,CRITICAL,SIMULATED_OPERATIONAL
2016-10-03,MAITRI,FOOD-M01,FOOD,Food Supplies,1150.0,kg,1200,2.5,460.0,False,0.0,LOW,SIMULATED_OPERATIONAL
2016-10-03,MAITRI,MED-M01,MEDICAL,Medical Supplies,378.6,units,300,0.15,2524.0000000000005,False,0.0,AVAILABLE,SIMULATED_OPERATIONAL
2016-10-03,MAITRI,SPR-M01,SPARES,Mechanical Spare Parts,129.8,units,150,0.2,649.0,False,0.0,LOW,SIMULATED_OPERATIONAL
2016-10-03,MAITRI,BAT-M01,SPARES,Battery Components,25.2,units,100,0.5,50.4,True,25.2,CRITICAL,SIMULATED_OPERATIONAL
2016-10-04,MAITRI,FOOD-M01,FOOD,Food Supplies,1147.5,kg,1200,2.5,459.0,False,0.0,LOW,SIMULATED_OPERATIONAL
2016-10-04,MAITRI,MED-M01,MEDICAL,Medical Supplies,378.45,units,300,0.15,2523.0,False,0.0,AVAILABLE,SIMULATED_OPERATIONAL
2016-10-04,MAITRI,SPR-M01,SPARES,Mechanical Spare Parts,129.6,units,150,0.2,647.9999999999999,False,0.0,LOW,SIMULATED_OPERATIONAL
2016-10-04,MAITRI,BAT-M01,SPARES,Battery Components,25.2,units,100,0.5,50.4,True,25.2,CRITICAL,SIMULATED_OPERATIONAL
2016-10-05,MAITRI,FOOD-M01,FOOD,Food Supplies,1145.0,kg,1200,2.5,458.0,False,0.0,LOW,SIMULATED_OPERATIONAL
2016-10-05,MAITRI,MED-M01,MEDICAL,Medical Supplies,378.3,units,300,0.15,2522.0,False,0.0,AVAILABLE,SIMULATED_OPERATIONAL
2016-10-05,MAITRI,SPR-M01,SPARES,Mechanical Spare Parts,129.4,units,150,0.2,647.0,False,0.0,LOW,SIMULATED_OPERATIONAL
2016-10-05,MAITRI,BAT-M01,SPARES,Battery Components,25.2,units,100,0.5,50.4,True,25.2,CRITICAL,SIMULATED_OPERATIONAL
2016-10-06,MAITRI,FOOD-M01,FOOD,Food Supplies,1142.5,kg,1200,2.5,457.0,False,0.0,LOW,SIMULATED_OPERATIONAL
2016-10-06,MAITRI,MED-M01,MEDICAL,Medical Supplies,378.15,units,300,0.15,2521.0,False,0.0,AVAILABLE,SIMULATED_OPERATIONAL
2016-10-06,MAITRI,SPR-M01,SPARES,Mechanical Spare Parts,129.2,units,150,0.2,645.9999999999999,False,0.0,LOW,SIMULATED_OPERATIONAL
2016-10-06,MAITRI,BAT-M01,SPARES,Battery Components,25.2,units,100,0.5,50.4,True,25.2,CRITICAL,SIMULATED_OPERATIONAL
2016-10-07,MAITRI,FOOD-M01,FOOD,Food Supplies,1140.0,kg,1200,2.5,456.0,False,0.0,LOW,SIMULATED_OPERATIONAL
2016-10-07,MAITRI,MED-M01,MEDICAL,Medical Supplies,378.0,units,300,0.15,2520.0,False,0.0,AVAILABLE,SIMULATED_OPERATIONAL
2016-10-07,MAITRI,SPR-M01,SPARES,Mechanical Spare Parts,129.0,units,150,0.2,645.0,False,0.0,LOW,SIMULATED_OPERATIONAL
2016-10-07,MAITRI,BAT-M01,SPARES,Battery Components,25.2,units,100,0.5,50.4,True,25.2,CRITICAL,SIMULATED_OPERATIONAL
2016-10-08,MAITRI,FOOD-M01,FOOD,Food Supplies,1137.5,kg,1200,2.5,455.0,False,0.0,LOW,SIMULATED_OPERATIONAL
2016-10-08,MAITRI,MED-M01,MEDICAL,Medical Supplies,377.85,units,300,0.15,2519.0000000000005,False,0.0,AVAILABLE,SIMULATED_OPERATIONAL
2016-10-08,MAITRI,SPR-M01,SPARES,Mechanical Spare Parts,128.8,units,150,0.2,644.0,False,0.0,LOW,SIMULATED_OPERATIONAL
2016-10-08,MAITRI,BAT-M01,SPARES,Battery Components,25.2,units,100,0.5,50.4,True,25.2,CRITICAL,SIMULATED_OPERATIONAL
2016-10-09,MAITRI,FOOD-M01,FOOD,Food Supplies,1135.0,kg,1200,2.5,454.0,False,0.0,LOW,SIMULATED_OPERATIONAL
2016-10-09,MAITRI,MED-M01,MEDICAL,Medical Supplies,377.7,units,300,0.15,2518.0,False,0.0,AVAILABLE,SIMULATED_OPERATIONAL
2016-10-09,MAITRI,SPR-M01,SPARES,Mechanical Spare Parts,128.6,units,150,0.2,642.9999999999999,False,0.0,LOW,SIMULATED_OPERATIONAL
2016-10-09,MAITRI,BAT-M01,SPARES,Battery Components,25.2,units,100,0.5,50.4,True,25.2,CRITICAL,SIMULATED_OPERATIONAL
2016-10-10,MAITRI,FOOD-M01,FOOD,Food Supplies,1132.5,kg,1200,2.5,453.0,False,0.0,LOW,SIMULATED_OPERATIONAL
2016-10-10,MAITRI,MED-M01,MEDICAL,Medical Supplies,377.55,units,300,0.15,2517.0,False,0.0,AVAILABLE,SIMULATED_OPERATIONAL
2016-10-10,MAITRI,SPR-M01,SPARES,Mechanical Spare Parts,128.4,units,150,0.2,642.0,False,0.0,LOW,SIMULATED_OPERATIONAL
2016-10-10,MAITRI,BAT-M01,SPARES,Battery Components,25.2,units,100,0.5,50.4,True,25.2,CRITICAL,SIMULATED_OPERATIONAL
2016-10-11,MAITRI,FOOD-M01,FOOD,Food Supplies,1130.0,kg,1200,2.5,452.0,False,0.0,LOW,SIMULATED_OPERATIONAL
2016-10-11,MAITRI,MED-M01,MEDICAL,Medical Supplies,377.4,units,300,0.15,2516.0,False,0.0,AVAILABLE,SIMULATED_OPERATIONAL
2016-10-11,MAITRI,SPR-M01,SPARES,Mechanical Spare Parts,128.2,units,150,0.2,640.9999999999999,False,0.0,LOW,SIMULATED_OPERATIONAL
2016-10-11,MAITRI,BAT-M01,SPARES,Battery Components,25.2,units,100,0.5,50.4,True,25.2,CRITICAL,SIMULATED_OPERATIONAL
2016-10-12,MAITRI,FOOD-M01,FOOD,Food Supplies,1127.5,kg,1200,2.5,451.0,False,0.0,LOW,SIMULATED_OPERATIONAL
2016-10-12,MAITRI,MED-M01,MEDICAL,Medical Supplies,377.25,units,300,0.15,2515.0,False,0.0,AVAILABLE,SIMULATED_OPERATIONAL
2016-10-12,MAITRI,SPR-M01,SPARES,Mechanical Spare Parts,128.0,units,150,0.2,640.0,False,0.0,LOW,SIMULATED_OPERATIONAL
2016-10-12,MAITRI,BAT-M01,SPARES,Battery Components,25.2,units,100,0.5,50.4,True,25.2,CRITICAL,SIMULATED_OPERATIONAL
2016-10-13,MAITRI,FOOD-M01,FOOD,Food Supplies,1125.0,kg,1200,2.5,450.0,False,0.0,LOW,SIMULATED_OPERATIONAL
2016-10-13,MAITRI,MED-M01,MEDICAL,Medical Supplies,377.1,units,300,0.15,2514.0000000000005,False,0.0,AVAILABLE,SIMULATED_OPERATIONAL
2016-10-13,MAITRI,SPR-M01,SPARES,Mechanical Spare Parts,127.8,units,150,0.2,639.0,False,0.0,LOW,SIMULATED_OPERATIONAL
2016-10-13,MAITRI,BAT-M01,SPARES,Battery Components,25.2,units,100,0.5,50.4,True,25.2,CRITICAL,SIMULATED_OPERATIONAL
2016-10-14,MAITRI,FOOD-M01,FOOD,Food Supplies,1122.5,kg,1200,2.5,449.0,False,0.0,LOW,SIMULATED_OPERATIONAL
2016-10-14,MAITRI,MED-M01,MEDICAL,Medical Supplies,376.95,units,300,0.15,2513.0,False,0.0,AVAILABLE,SIMULATED_OPERATIONAL
2016-10-14,MAITRI,SPR-M01,SPARES,Mechanical Spare Parts,127.6,units,150,0.2,637.9999999999999,False,0.0,LOW,SIMULATED_OPERATIONAL
2016-10-14,MAITRI,BAT-M01,SPARES,Battery Components,25.2,units,100,0.5,50.4,True,25.2,CRITICAL,SIMULATED_OPERATIONAL
2016-10-15,MAITRI,FOOD-M01,FOOD,Food Supplies,1120.0,kg,1200,2.5,448.0,False,0.0,LOW,SIMULATED_OPERATIONAL
2016-10-15,MAITRI,MED-M01,MEDICAL,Medical Supplies,376.8,units,300,0.15,2512.0,False,0.0,AVAILABLE,SIMULATED_OPERATIONAL
2016-10-15,MAITRI,SPR-M01,SPARES,Mechanical Spare Parts,127.4,units,150,0.2,637.0,False,0.0,LOW,SIMULATED_OPERATIONAL
2016-10-15,MAITRI,BAT-M01,SPARES,Battery Components,25.2,units,100,0.5,50.4,True,25.2,CRITICAL,SIMULATED_OPERATIONAL
2016-10-16,MAITRI,FOOD-M01,FOOD,Food Supplies,1117.5,kg,1200,2.5,447.0,False,0.0,LOW,SIMULATED_OPERATIONAL
2016-10-16,MAITRI,MED-M01,MEDICAL,Medical Supplies,376.65,units,300,0.15,2511.0,False,0.0,AVAILABLE,SIMULATED_OPERATIONAL
2016-10-16,MAITRI,SPR-M01,SPARES,Mechanical Spare Parts,127.19999999999999,units,150,0.2,635.9999999999999,False,0.0,LOW,SIMULATED_OPERATIONAL
2016-10-16,MAITRI,BAT-M01,SPARES,Battery Components,25.2,units,100,0.5,50.4,True,25.2,CRITICAL,SIMULATED_OPERATIONAL
2016-10-17,MAITRI,FOOD-M01,FOOD,Food Supplies,1115.0,kg,1200,2.5,446.0,False,0.0,LOW,SIMULATED_OPERATIONAL
2016-10-17,MAITRI,MED-M01,MEDICAL,Medical Supplies,376.5,units,300,0.15,2510.0,False,0.0,AVAILABLE,SIMULATED_OPERATIONAL
2016-10-17,MAITRI,SPR-M01,SPARES,Mechanical Spare Parts,127.0,units,150,0.2,635.0,False,0.0,LOW,SIMULATED_OPERATIONAL
2016-10-17,MAITRI,BAT-M01,SPARES,Battery Components,25.2,units,100,0.5,50.4,True,25.2,CRITICAL,SIMULATED_OPERATIONAL
2016-10-18,MAITRI,FOOD-M01,FOOD,Food Supplies,1112.5,kg,1200,2.5,445.0,False,0.0,LOW,SIMULATED_OPERATIONAL
2016-10-18,MAITRI,MED-M01,MEDICAL,Medical Supplies,376.35,units,300,0.15,2509.0000000000005,False,0.0,AVAILABLE,SIMULATED_OPERATIONAL
2016-10-18,MAITRI,SPR-M01,SPARES,Mechanical Spare Parts,126.8,units,150,0.2,634.0,False,0.0,LOW,SIMULATED_OPERATIONAL
2016-10-18,MAITRI,BAT-M01,SPARES,Battery Components,25.2,units,100,0.5,50.4,True,25.2,CRITICAL,SIMULATED_OPERATIONAL
2016-10-19,MAITRI,FOOD-M01,FOOD,Food Supplies,1110.0,kg,1200,2.5,444.0,False,0.0,LOW,SIMULATED_OPERATIONAL
2016-10-19,MAITRI,MED-M01,MEDICAL,Medical Supplies,376.2,units,300,0.15,2508.0,False,0.0,AVAILABLE,SIMULATED_OPERATIONAL
2016-10-19,MAITRI,SPR-M01,SPARES,Mechanical Spare Parts,126.6,units,150,0.2,632.9999999999999,False,0.0,LOW,SIMULATED_OPERATIONAL
2016-10-19,MAITRI,BAT-M01,SPARES,Battery Components,25.2,units,100,0.5,50.4,True,25.2,CRITICAL,SIMULATED_OPERATIONAL
2016-10-20,MAITRI,FOOD-M01,FOOD,Food Supplies,1107.5,kg,1200,2.5,443.0,False,0.0,LOW,SIMULATED_OPERATIONAL
2016-10-20,MAITRI,MED-M01,MEDICAL,Medical Supplies,376.05,units,300,0.15,2507.0,False,0.0,AVAILABLE,SIMULATED_OPERATIONAL
2016-10-20,MAITRI,SPR-M01,SPARES,Mechanical Spare Parts,126.4,units,150,0.2,632.0,False,0.0,LOW,SIMULATED_OPERATIONAL
2016-10-20,MAITRI,BAT-M01,SPARES,Battery Components,25.2,units,100,0.5,50.4,True,25.2,CRITICAL,SIMULATED_OPERATIONAL
2016-10-21,MAITRI,FOOD-M01,FOOD,Food Supplies,1105.0,kg,1200,2.5,442.0,False,0.0,LOW,SIMULATED_OPERATIONAL
2016-10-21,MAITRI,MED-M01,MEDICAL,Medical Supplies,375.9,units,300,0.15,2506.0,False,0.0,AVAILABLE,SIMULATED_OPERATIONAL
2016-10-21,MAITRI,SPR-M01,SPARES,Mechanical Spare Parts,126.19999999999999,units,150,0.2,630.9999999999999,False,0.0,LOW,SIMULATED_OPERATIONAL
2016-10-21,MAITRI,BAT-M01,SPARES,Battery Components,25.2,units,100,0.5,50.4,True,25.2,CRITICAL,SIMULATED_OPERATIONAL
2016-10-22,MAITRI,FOOD-M01,FOOD,Food Supplies,1102.5,kg,1200,2.5,441.0,False,0.0,LOW,SIMULATED_OPERATIONAL
2016-10-22,MAITRI,MED-M01,MEDICAL,Medical Supplies,375.75,units,300,0.15,2505.0,False,0.0,AVAILABLE,SIMULATED_OPERATIONAL
2016-10-22,MAITRI,SPR-M01,SPARES,Mechanical Spare Parts,126.0,units,150,0.2,630.0,False,0.0,LOW,SIMULATED_OPERATIONAL
2016-10-22,MAITRI,BAT-M01,SPARES,Battery Components,25.2,units,100,0.5,50.4,True,25.2,CRITICAL,SIMULATED_OPERATIONAL
2016-10-23,MAITRI,FOOD-M01,FOOD,Food Supplies,1100.0,kg,1200,2.5,440.0,False,0.0,LOW,SIMULATED_OPERATIONAL
2016-10-23,MAITRI,MED-M01,MEDICAL,Medical Supplies,375.6,units,300,0.15,2504.0000000000005,False,0.0,AVAILABLE,SIMULATED_OPERATIONAL
2016-10-23,MAITRI,SPR-M01,SPARES,Mechanical Spare Parts,125.8,units,150,0.2,629.0,False,0.0,LOW,SIMULATED_OPERATIONAL
2016-10-23,MAITRI,BAT-M01,SPARES,Battery Components,25.2,units,100,0.5,50.4,True,25.2,CRITICAL,SIMULATED_OPERATIONAL
2016-10-24,MAITRI,FOOD-M01,FOOD,Food Supplies,1097.5,kg,1200,2.5,439.0,False,0.0,LOW,SIMULATED_OPERATIONAL
2016-10-24,MAITRI,MED-M01,MEDICAL,Medical Supplies,375.45,units,300,0.15,2503.0,False,0.0,AVAILABLE,SIMULATED_OPERATIONAL
2016-10-24,MAITRI,SPR-M01,SPARES,Mechanical Spare Parts,125.6,units,150,0.2,627.9999999999999,False,0.0,LOW,SIMULATED_OPERATIONAL
2016-10-24,MAITRI,BAT-M01,SPARES,Battery Components,25.2,units,100,0.5,50.4,True,25.2,CRITICAL,SIMULATED_OPERATIONAL
2016-10-25,MAITRI,FOOD-M01,FOOD,Food Supplies,1095.0,kg,1200,2.5,438.0,False,0.0,LOW,SIMULATED_OPERATIONAL
2016-10-25,MAITRI,MED-M01,MEDICAL,Medical Supplies,375.3,units,300,0.15,2502.0,False,0.0,AVAILABLE,SIMULATED_OPERATIONAL
2016-10-25,MAITRI,SPR-M01,SPARES,Mechanical Spare Parts,125.4,units,150,0.2,627.0,False,0.0,LOW,SIMULATED_OPERATIONAL
2016-10-25,MAITRI,BAT-M01,SPARES,Battery Components,25.2,units,100,0.5,50.4,True,25.2,CRITICAL,SIMULATED_OPERATIONAL
2016-10-26,MAITRI,FOOD-M01,FOOD,Food Supplies,1092.5,kg,1200,2.5,437.0,False,0.0,LOW,SIMULATED_OPERATIONAL
2016-10-26,MAITRI,MED-M01,MEDICAL,Medical Supplies,375.15,units,300,0.15,2501.0,False,0.0,AVAILABLE,SIMULATED_OPERATIONAL
2016-10-26,MAITRI,SPR-M01,SPARES,Mechanical Spare Parts,125.19999999999999,units,150,0.2,625.9999999999999,False,0.0,LOW,SIMULATED_OPERATIONAL
2016-10-26,MAITRI,BAT-M01,SPARES,Battery Components,25.2,units,100,0.5,50.4,True,25.2,CRITICAL,SIMULATED_OPERATIONAL
2016-10-27,MAITRI,FOOD-M01,FOOD,Food Supplies,1090.0,kg,1200,2.5,436.0,False,0.0,LOW,SIMULATED_OPERATIONAL
2016-10-27,MAITRI,MED-M01,MEDICAL,Medical Supplies,375.0,units,300,0.15,2500.0,False,0.0,AVAILABLE,SIMULATED_OPERATIONAL
2016-10-27,MAITRI,SPR-M01,SPARES,Mechanical Spare Parts,125.0,units,150,0.2,625.0,False,0.0,LOW,SIMULATED_OPERATIONAL
2016-10-27,MAITRI,BAT-M01,SPARES,Battery Components,25.2,units,100,0.5,50.4,True,25.2,CRITICAL,SIMULATED_OPERATIONAL
2016-10-28,MAITRI,FOOD-M01,FOOD,Food Supplies,1087.5,kg,1200,2.5,435.0,False,0.0,LOW,SIMULATED_OPERATIONAL
2016-10-28,MAITRI,MED-M01,MEDICAL,Medical Supplies,374.85,units,300,0.15,2499.0000000000005,False,0.0,AVAILABLE,SIMULATED_OPERATIONAL
2016-10-28,MAITRI,SPR-M01,SPARES,Mechanical Spare Parts,124.8,units,150,0.2,624.0,False,0.0,LOW,SIMULATED_OPERATIONAL
2016-10-28,MAITRI,BAT-M01,SPARES,Battery Components,25.2,units,100,0.5,50.4,True,25.2,CRITICAL,SIMULATED_OPERATIONAL
2016-10-29,MAITRI,FOOD-M01,FOOD,Food Supplies,1085.0,kg,1200,2.5,434.0,False,0.0,LOW,SIMULATED_OPERATIONAL
2016-10-29,MAITRI,MED-M01,MEDICAL,Medical Supplies,374.7,units,300,0.15,2498.0,False,0.0,AVAILABLE,SIMULATED_OPERATIONAL
2016-10-29,MAITRI,SPR-M01,SPARES,Mechanical Spare Parts,124.6,units,150,0.2,622.9999999999999,False,0.0,LOW,SIMULATED_OPERATIONAL
2016-10-29,MAITRI,BAT-M01,SPARES,Battery Components,25.2,units,100,0.5,50.4,True,25.2,CRITICAL,SIMULATED_OPERATIONAL
2016-10-30,MAITRI,FOOD-M01,FOOD,Food Supplies,1082.5,kg,1200,2.5,433.0,False,0.0,LOW,SIMULATED_OPERATIONAL
2016-10-30,MAITRI,MED-M01,MEDICAL,Medical Supplies,374.55,units,300,0.15,2497.0,False,0.0,AVAILABLE,SIMULATED_OPERATIONAL
2016-10-30,MAITRI,SPR-M01,SPARES,Mechanical Spare Parts,124.4,units,150,0.2,622.0,False,0.0,LOW,SIMULATED_OPERATIONAL
2016-10-30,MAITRI,BAT-M01,SPARES,Battery Components,25.2,units,100,0.5,50.4,True,25.2,CRITICAL,SIMULATED_OPERATIONAL
2016-10-31,MAITRI,FOOD-M01,FOOD,Food Supplies,1080.0,kg,1200,2.5,432.0,False,0.0,LOW,SIMULATED_OPERATIONAL
2016-10-31,MAITRI,MED-M01,MEDICAL,Medical Supplies,374.4,units,300,0.15,2496.0,False,0.0,AVAILABLE,SIMULATED_OPERATIONAL
2016-10-31,MAITRI,SPR-M01,SPARES,Mechanical Spare Parts,124.19999999999999,units,150,0.2,620.9999999999999,False,0.0,LOW,SIMULATED_OPERATIONAL
2016-10-31,MAITRI,BAT-M01,SPARES,Battery Components,25.2,units,100,0.5,50.4,True,25.2,CRITICAL,SIMULATED_OPERATIONAL
2016-11-01,MAITRI,FOOD-M01,FOOD,Food Supplies,1077.5,kg,1200,2.5,431.0,False,0.0,LOW,SIMULATED_OPERATIONAL
2016-11-01,MAITRI,MED-M01,MEDICAL,Medical Supplies,374.25,units,300,0.15,2495.0,False,0.0,AVAILABLE,SIMULATED_OPERATIONAL
2016-11-01,MAITRI,SPR-M01,SPARES,Mechanical Spare Parts,124.0,units,150,0.2,620.0,False,0.0,LOW,SIMULATED_OPERATIONAL
2016-11-01,MAITRI,BAT-M01,SPARES,Battery Components,25.2,units,100,0.5,50.4,True,25.2,CRITICAL,SIMULATED_OPERATIONAL
2016-11-02,MAITRI,FOOD-M01,FOOD,Food Supplies,1075.0,kg,1200,2.5,430.0,False,0.0,LOW,SIMULATED_OPERATIONAL
2016-11-02,MAITRI,MED-M01,MEDICAL,Medical Supplies,374.1,units,300,0.15,2494.0000000000005,False,0.0,AVAILABLE,SIMULATED_OPERATIONAL
2016-11-02,MAITRI,SPR-M01,SPARES,Mechanical Spare Parts,123.8,units,150,0.2,619.0,False,0.0,LOW,SIMULATED_OPERATIONAL
2016-11-02,MAITRI,BAT-M01,SPARES,Battery Components,25.2,units,100,0.5,50.4,True,25.2,CRITICAL,SIMULATED_OPERATIONAL
2016-11-03,MAITRI,FOOD-M01,FOOD,Food Supplies,1072.5,kg,1200,2.5,429.0,False,0.0,LOW,SIMULATED_OPERATIONAL
2016-11-03,MAITRI,MED-M01,MEDICAL,Medical Supplies,373.95,units,300,0.15,2493.0,False,0.0,AVAILABLE,SIMULATED_OPERATIONAL
2016-11-03,MAITRI,SPR-M01,SPARES,Mechanical Spare Parts,123.6,units,150,0.2,617.9999999999999,False,0.0,LOW,SIMULATED_OPERATIONAL
2016-11-03,MAITRI,BAT-M01,SPARES,Battery Components,25.2,units,100,0.5,50.4,True,25.2,CRITICAL,SIMULATED_OPERATIONAL
2016-11-04,MAITRI,FOOD-M01,FOOD,Food Supplies,1070.0,kg,1200,2.5,428.0,False,0.0,LOW,SIMULATED_OPERATIONAL
2016-11-04,MAITRI,MED-M01,MEDICAL,Medical Supplies,373.8,units,300,0.15,2492.0,False,0.0,AVAILABLE,SIMULATED_OPERATIONAL
2016-11-04,MAITRI,SPR-M01,SPARES,Mechanical Spare Parts,123.4,units,150,0.2,617.0,False,0.0,LOW,SIMULATED_OPERATIONAL
2016-11-04,MAITRI,BAT-M01,SPARES,Battery Components,25.2,units,100,0.5,50.4,True,25.2,CRITICAL,SIMULATED_OPERATIONAL
2016-11-05,MAITRI,FOOD-M01,FOOD,Food Supplies,1067.5,kg,1200,2.5,427.0,False,0.0,LOW,SIMULATED_OPERATIONAL
2016-11-05,MAITRI,MED-M01,MEDICAL,Medical Supplies,373.65,units,300,0.15,2491.0,False,0.0,AVAILABLE,SIMULATED_OPERATIONAL
2016-11-05,MAITRI,SPR-M01,SPARES,Mechanical Spare Parts,123.19999999999999,units,150,0.2,615.9999999999999,False,0.0,LOW,SIMULATED_OPERATIONAL
2016-11-05,MAITRI,BAT-M01,SPARES,Battery Components,25.2,units,100,0.5,50.4,True,25.2,CRITICAL,SIMULATED_OPERATIONAL
2016-11-06,MAITRI,FOOD-M01,FOOD,Food Supplies,1065.0,kg,1200,2.5,426.0,False,0.0,LOW,SIMULATED_OPERATIONAL
2016-11-06,MAITRI,MED-M01,MEDICAL,Medical Supplies,373.5,units,300,0.15,2490.0,False,0.0,AVAILABLE,SIMULATED_OPERATIONAL
2016-11-06,MAITRI,SPR-M01,SPARES,Mechanical Spare Parts,123.0,units,150,0.2,615.0,False,0.0,LOW,SIMULATED_OPERATIONAL
2016-11-06,MAITRI,BAT-M01,SPARES,Battery Components,25.2,units,100,0.5,50.4,True,25.2,CRITICAL,SIMULATED_OPERATIONAL
2016-11-07,MAITRI,FOOD-M01,FOOD,Food Supplies,1062.5,kg,1200,2.5,425.0,False,0.0,LOW,SIMULATED_OPERATIONAL
2016-11-07,MAITRI,MED-M01,MEDICAL,Medical Supplies,373.35,units,300,0.15,2489.0000000000005,False,0.0,AVAILABLE,SIMULATED_OPERATIONAL
2016-11-07,MAITRI,SPR-M01,SPARES,Mechanical Spare Parts,122.8,units,150,0.2,614.0,False,0.0,LOW,SIMULATED_OPERATIONAL
2016-11-07,MAITRI,BAT-M01,SPARES,Battery Components,25.2,units,100,0.5,50.4,True,25.2,CRITICAL,SIMULATED_OPERATIONAL
2016-11-08,MAITRI,FOOD-M01,FOOD,Food Supplies,1060.0,kg,1200,2.5,424.0,False,0.0,LOW,SIMULATED_OPERATIONAL
2016-11-08,MAITRI,MED-M01,MEDICAL,Medical Supplies,373.2,units,300,0.15,2488.0,False,0.0,AVAILABLE,SIMULATED_OPERATIONAL
2016-11-08,MAITRI,SPR-M01,SPARES,Mechanical Spare Parts,122.6,units,150,0.2,612.9999999999999,False,0.0,LOW,SIMULATED_OPERATIONAL
2016-11-08,MAITRI,BAT-M01,SPARES,Battery Components,25.2,units,100,0.5,50.4,True,25.2,CRITICAL,SIMULATED_OPERATIONAL
2016-11-09,MAITRI,FOOD-M01,FOOD,Food Supplies,1057.5,kg,1200,2.5,423.0,False,0.0,LOW,SIMULATED_OPERATIONAL
2016-11-09,MAITRI,MED-M01,MEDICAL,Medical Supplies,373.05,units,300,0.15,2487.0,False,0.0,AVAILABLE,SIMULATED_OPERATIONAL
2016-11-09,MAITRI,SPR-M01,SPARES,Mechanical Spare Parts,122.4,units,150,0.2,612.0,False,0.0,LOW,SIMULATED_OPERATIONAL
2016-11-09,MAITRI,BAT-M01,SPARES,Battery Components,25.2,units,100,0.5,50.4,True,25.2,CRITICAL,SIMULATED_OPERATIONAL
2016-11-10,MAITRI,FOOD-M01,FOOD,Food Supplies,1055.0,kg,1200,2.5,422.0,False,0.0,LOW,SIMULATED_OPERATIONAL
2016-11-10,MAITRI,MED-M01,MEDICAL,Medical Supplies,372.9,units,300,0.15,2486.0,False,0.0,AVAILABLE,SIMULATED_OPERATIONAL
2016-11-10,MAITRI,SPR-M01,SPARES,Mechanical Spare Parts,122.19999999999999,units,150,0.2,610.9999999999999,False,0.0,LOW,SIMULATED_OPERATIONAL
2016-11-10,MAITRI,BAT-M01,SPARES,Battery Components,25.2,units,100,0.5,50.4,True,25.2,CRITICAL,SIMULATED_OPERATIONAL
2016-11-11,MAITRI,FOOD-M01,FOOD,Food Supplies,1052.5,kg,1200,2.5,421.0,False,0.0,LOW,SIMULATED_OPERATIONAL
2016-11-11,MAITRI,MED-M01,MEDICAL,Medical Supplies,372.75,units,300,0.15,2485.0,False,0.0,AVAILABLE,SIMULATED_OPERATIONAL
2016-11-11,MAITRI,SPR-M01,SPARES,Mechanical Spare Parts,122.0,units,150,0.2,610.0,False,0.0,LOW,SIMULATED_OPERATIONAL
2016-11-11,MAITRI,BAT-M01,SPARES,Battery Components,25.2,units,100,0.5,50.4,True,25.2,CRITICAL,SIMULATED_OPERATIONAL
2016-11-12,MAITRI,FOOD-M01,FOOD,Food Supplies,1050.0,kg,1200,2.5,420.0,False,0.0,LOW,SIMULATED_OPERATIONAL
2016-11-12,MAITRI,MED-M01,MEDICAL,Medical Supplies,372.6,units,300,0.15,2484.0000000000005,False,0.0,AVAILABLE,SIMULATED_OPERATIONAL
2016-11-12,MAITRI,SPR-M01,SPARES,Mechanical Spare Parts,121.8,units,150,0.2,609.0,False,0.0,LOW,SIMULATED_OPERATIONAL
2016-11-12,MAITRI,BAT-M01,SPARES,Battery Components,25.2,units,100,0.5,50.4,True,25.2,CRITICAL,SIMULATED_OPERATIONAL
2016-11-13,MAITRI,FOOD-M01,FOOD,Food Supplies,1047.5,kg,1200,2.5,419.0,False,0.0,LOW,SIMULATED_OPERATIONAL
2016-11-13,MAITRI,MED-M01,MEDICAL,Medical Supplies,372.45,units,300,0.15,2483.0,False,0.0,AVAILABLE,SIMULATED_OPERATIONAL
2016-11-13,MAITRI,SPR-M01,SPARES,Mechanical Spare Parts,121.6,units,150,0.2,607.9999999999999,False,0.0,LOW,SIMULATED_OPERATIONAL
2016-11-13,MAITRI,BAT-M01,SPARES,Battery Components,25.2,units,100,0.5,50.4,True,25.2,CRITICAL,SIMULATED_OPERATIONAL
2016-11-14,MAITRI,FOOD-M01,FOOD,Food Supplies,1045.0,kg,1200,2.5,418.0,False,0.0,LOW,SIMULATED_OPERATIONAL
2016-11-14,MAITRI,MED-M01,MEDICAL,Medical Supplies,372.3,units,300,0.15,2482.0,False,0.0,AVAILABLE,SIMULATED_OPERATIONAL
2016-11-14,MAITRI,SPR-M01,SPARES,Mechanical Spare Parts,121.4,units,150,0.2,607.0,False,0.0,LOW,SIMULATED_OPERATIONAL
2016-11-14,MAITRI,BAT-M01,SPARES,Battery Components,25.2,units,100,0.5,50.4,True,25.2,CRITICAL,SIMULATED_OPERATIONAL
2016-11-15,MAITRI,FOOD-M01,FOOD,Food Supplies,1042.5,kg,1200,2.5,417.0,False,0.0,LOW,SIMULATED_OPERATIONAL
2016-11-15,MAITRI,MED-M01,MEDICAL,Medical Supplies,372.15,units,300,0.15,2481.0,False,0.0,AVAILABLE,SIMULATED_OPERATIONAL
2016-11-15,MAITRI,SPR-M01,SPARES,Mechanical Spare Parts,121.19999999999999,units,150,0.2,605.9999999999999,False,0.0,LOW,SIMULATED_OPERATIONAL
2016-11-15,MAITRI,BAT-M01,SPARES,Battery Components,25.2,units,100,0.5,50.4,True,25.2,CRITICAL,SIMULATED_OPERATIONAL
2016-11-16,MAITRI,FOOD-M01,FOOD,Food Supplies,1040.0,kg,1200,2.5,416.0,False,0.0,LOW,SIMULATED_OPERATIONAL
2016-11-16,MAITRI,MED-M01,MEDICAL,Medical Supplies,372.0,units,300,0.15,2480.0,False,0.0,AVAILABLE,SIMULATED_OPERATIONAL
2016-11-16,MAITRI,SPR-M01,SPARES,Mechanical Spare Parts,121.0,units,150,0.2,605.0,False,0.0,LOW,SIMULATED_OPERATIONAL
2016-11-16,MAITRI,BAT-M01,SPARES,Battery Components,25.2,units,100,0.5,50.4,True,25.2,CRITICAL,SIMULATED_OPERATIONAL
2016-11-17,MAITRI,FOOD-M01,FOOD,Food Supplies,1037.5,kg,1200,2.5,415.0,False,0.0,LOW,SIMULATED_OPERATIONAL
2016-11-17,MAITRI,MED-M01,MEDICAL,Medical Supplies,371.85,units,300,0.15,2479.0000000000005,False,0.0,AVAILABLE,SIMULATED_OPERATIONAL
2016-11-17,MAITRI,SPR-M01,SPARES,Mechanical Spare Parts,120.8,units,150,0.2,604.0,False,0.0,LOW,SIMULATED_OPERATIONAL
2016-11-17,MAITRI,BAT-M01,SPARES,Battery Components,25.2,units,100,0.5,50.4,True,25.2,CRITICAL,SIMULATED_OPERATIONAL
2016-11-18,MAITRI,FOOD-M01,FOOD,Food Supplies,1035.0,kg,1200,2.5,414.0,False,0.0,LOW,SIMULATED_OPERATIONAL
2016-11-18,MAITRI,MED-M01,MEDICAL,Medical Supplies,371.7,units,300,0.15,2478.0,False,0.0,AVAILABLE,SIMULATED_OPERATIONAL
2016-11-18,MAITRI,SPR-M01,SPARES,Mechanical Spare Parts,120.6,units,150,0.2,602.9999999999999,False,0.0,LOW,SIMULATED_OPERATIONAL
2016-11-18,MAITRI,BAT-M01,SPARES,Battery Components,25.2,units,100,0.5,50.4,True,25.2,CRITICAL,SIMULATED_OPERATIONAL
2016-11-19,MAITRI,FOOD-M01,FOOD,Food Supplies,1032.5,kg,1200,2.5,413.0,False,0.0,LOW,SIMULATED_OPERATIONAL
2016-11-19,MAITRI,MED-M01,MEDICAL,Medical Supplies,371.55,units,300,0.15,2477.0,False,0.0,AVAILABLE,SIMULATED_OPERATIONAL
2016-11-19,MAITRI,SPR-M01,SPARES,Mechanical Spare Parts,120.39999999999999,units,150,0.2,601.9999999999999,False,0.0,LOW,SIMULATED_OPERATIONAL
2016-11-19,MAITRI,BAT-M01,SPARES,Battery Components,25.2,units,100,0.5,50.4,True,25.2,CRITICAL,SIMULATED_OPERATIONAL
2016-11-20,MAITRI,FOOD-M01,FOOD,Food Supplies,1030.0,kg,1200,2.5,412.0,False,0.0,LOW,SIMULATED_OPERATIONAL
2016-11-20,MAITRI,MED-M01,MEDICAL,Medical Supplies,371.4,units,300,0.15,2476.0,False,0.0,AVAILABLE,SIMULATED_OPERATIONAL
2016-11-20,MAITRI,SPR-M01,SPARES,Mechanical Spare Parts,120.2,units,150,0.2,601.0,False,0.0,LOW,SIMULATED_OPERATIONAL
2016-11-20,MAITRI,BAT-M01,SPARES,Battery Components,25.2,units,100,0.5,50.4,True,25.2,CRITICAL,SIMULATED_OPERATIONAL
2016-11-21,MAITRI,FOOD-M01,FOOD,Food Supplies,1027.5,kg,1200,2.5,411.0,False,0.0,LOW,SIMULATED_OPERATIONAL
2016-11-21,MAITRI,MED-M01,MEDICAL,Medical Supplies,371.25,units,300,0.15,2475.0,False,0.0,AVAILABLE,SIMULATED_OPERATIONAL
2016-11-21,MAITRI,SPR-M01,SPARES,Mechanical Spare Parts,120.0,units,150,0.2,600.0,False,0.0,LOW,SIMULATED_OPERATIONAL
2016-11-21,MAITRI,BAT-M01,SPARES,Battery Components,25.2,units,100,0.5,50.4,True,25.2,CRITICAL,SIMULATED_OPERATIONAL
2016-11-22,MAITRI,FOOD-M01,FOOD,Food Supplies,1025.0,kg,1200,2.5,410.0,False,0.0,LOW,SIMULATED_OPERATIONAL
2016-11-22,MAITRI,MED-M01,MEDICAL,Medical Supplies,371.1,units,300,0.15,2474.0000000000005,False,0.0,AVAILABLE,SIMULATED_OPERATIONAL
2016-11-22,MAITRI,SPR-M01,SPARES,Mechanical Spare Parts,119.8,units,150,0.2,599.0,False,0.0,LOW,SIMULATED_OPERATIONAL
2016-11-22,MAITRI,BAT-M01,SPARES,Battery Components,25.2,units,100,0.5,50.4,True,25.2,CRITICAL,SIMULATED_OPERATIONAL
2016-11-23,MAITRI,FOOD-M01,FOOD,Food Supplies,1022.5,kg,1200,2.5,409.0,False,0.0,LOW,SIMULATED_OPERATIONAL
2016-11-23,MAITRI,MED-M01,MEDICAL,Medical Supplies,370.95,units,300,0.15,2473.0,False,0.0,AVAILABLE,SIMULATED_OPERATIONAL
2016-11-23,MAITRI,SPR-M01,SPARES,Mechanical Spare Parts,119.6,units,150,0.2,597.9999999999999,False,0.0,LOW,SIMULATED_OPERATIONAL
2016-11-23,MAITRI,BAT-M01,SPARES,Battery Components,25.2,units,100,0.5,50.4,True,25.2,CRITICAL,SIMULATED_OPERATIONAL
2016-11-24,MAITRI,FOOD-M01,FOOD,Food Supplies,1020.0,kg,1200,2.5,408.0,False,0.0,LOW,SIMULATED_OPERATIONAL
2016-11-24,MAITRI,MED-M01,MEDICAL,Medical Supplies,370.8,units,300,0.15,2472.0,False,0.0,AVAILABLE,SIMULATED_OPERATIONAL
2016-11-24,MAITRI,SPR-M01,SPARES,Mechanical Spare Parts,119.39999999999999,units,150,0.2,596.9999999999999,False,0.0,LOW,SIMULATED_OPERATIONAL
2016-11-24,MAITRI,BAT-M01,SPARES,Battery Components,25.2,units,100,0.5,50.4,True,25.2,CRITICAL,SIMULATED_OPERATIONAL
2016-11-25,MAITRI,FOOD-M01,FOOD,Food Supplies,1017.5,kg,1200,2.5,407.0,False,0.0,LOW,SIMULATED_OPERATIONAL
2016-11-25,MAITRI,MED-M01,MEDICAL,Medical Supplies,370.65,units,300,0.15,2471.0,False,0.0,AVAILABLE,SIMULATED_OPERATIONAL
2016-11-25,MAITRI,SPR-M01,SPARES,Mechanical Spare Parts,119.2,units,150,0.2,596.0,False,0.0,LOW,SIMULATED_OPERATIONAL
2016-11-25,MAITRI,BAT-M01,SPARES,Battery Components,25.2,units,100,0.5,50.4,True,25.2,CRITICAL,SIMULATED_OPERATIONAL
2016-11-26,MAITRI,FOOD-M01,FOOD,Food Supplies,1015.0,kg,1200,2.5,406.0,False,0.0,LOW,SIMULATED_OPERATIONAL
2016-11-26,MAITRI,MED-M01,MEDICAL,Medical Supplies,370.5,units,300,0.15,2470.0,False,0.0,AVAILABLE,SIMULATED_OPERATIONAL
2016-11-26,MAITRI,SPR-M01,SPARES,Mechanical Spare Parts,119.0,units,150,0.2,595.0,False,0.0,LOW,SIMULATED_OPERATIONAL
2016-11-26,MAITRI,BAT-M01,SPARES,Battery Components,25.2,units,100,0.5,50.4,True,25.2,CRITICAL,SIMULATED_OPERATIONAL
2016-11-27,MAITRI,FOOD-M01,FOOD,Food Supplies,1012.5,kg,1200,2.5,405.0,False,0.0,LOW,SIMULATED_OPERATIONAL
2016-11-27,MAITRI,MED-M01,MEDICAL,Medical Supplies,370.35,units,300,0.15,2469.0000000000005,False,0.0,AVAILABLE,SIMULATED_OPERATIONAL
2016-11-27,MAITRI,SPR-M01,SPARES,Mechanical Spare Parts,118.8,units,150,0.2,594.0,False,0.0,LOW,SIMULATED_OPERATIONAL
2016-11-27,MAITRI,BAT-M01,SPARES,Battery Components,25.2,units,100,0.5,50.4,True,25.2,CRITICAL,SIMULATED_OPERATIONAL
2016-11-28,MAITRI,FOOD-M01,FOOD,Food Supplies,1010.0,kg,1200,2.5,404.0,False,0.0,LOW,SIMULATED_OPERATIONAL
2016-11-28,MAITRI,MED-M01,MEDICAL,Medical Supplies,370.2,units,300,0.15,2468.0,False,0.0,AVAILABLE,SIMULATED_OPERATIONAL
2016-11-28,MAITRI,SPR-M01,SPARES,Mechanical Spare Parts,118.6,units,150,0.2,592.9999999999999,False,0.0,LOW,SIMULATED_OPERATIONAL
2016-11-28,MAITRI,BAT-M01,SPARES,Battery Components,25.2,units,100,0.5,50.4,True,25.2,CRITICAL,SIMULATED_OPERATIONAL
2016-11-29,MAITRI,FOOD-M01,FOOD,Food Supplies,1007.5,kg,1200,2.5,403.0,False,0.0,LOW,SIMULATED_OPERATIONAL
2016-11-29,MAITRI,MED-M01,MEDICAL,Medical Supplies,370.05,units,300,0.15,2467.0,False,0.0,AVAILABLE,SIMULATED_OPERATIONAL
2016-11-29,MAITRI,SPR-M01,SPARES,Mechanical Spare Parts,118.39999999999999,units,150,0.2,591.9999999999999,False,0.0,LOW,SIMULATED_OPERATIONAL
2016-11-29,MAITRI,BAT-M01,SPARES,Battery Components,25.2,units,100,0.5,50.4,True,25.2,CRITICAL,SIMULATED_OPERATIONAL
2016-11-30,MAITRI,FOOD-M01,FOOD,Food Supplies,1005.0,kg,1200,2.5,402.0,False,0.0,LOW,SIMULATED_OPERATIONAL
2016-11-30,MAITRI,MED-M01,MEDICAL,Medical Supplies,369.9,units,300,0.15,2466.0,False,0.0,AVAILABLE,SIMULATED_OPERATIONAL
2016-11-30,MAITRI,SPR-M01,SPARES,Mechanical Spare Parts,118.2,units,150,0.2,591.0,False,0.0,LOW,SIMULATED_OPERATIONAL
2016-11-30,MAITRI,BAT-M01,SPARES,Battery Components,25.2,units,100,0.5,50.4,True,25.2,CRITICAL,SIMULATED_OPERATIONAL
2016-12-01,MAITRI,FOOD-M01,FOOD,Food Supplies,1002.5,kg,1200,2.5,401.0,False,0.0,LOW,SIMULATED_OPERATIONAL
2016-12-01,MAITRI,MED-M01,MEDICAL,Medical Supplies,369.75,units,300,0.15,2465.0,False,0.0,AVAILABLE,SIMULATED_OPERATIONAL
2016-12-01,MAITRI,SPR-M01,SPARES,Mechanical Spare Parts,118.0,units,150,0.2,590.0,False,0.0,LOW,SIMULATED_OPERATIONAL
2016-12-01,MAITRI,BAT-M01,SPARES,Battery Components,25.2,units,100,0.5,50.4,True,25.2,CRITICAL,SIMULATED_OPERATIONAL
2016-12-02,MAITRI,FOOD-M01,FOOD,Food Supplies,1000.0,kg,1200,2.5,400.0,False,0.0,LOW,SIMULATED_OPERATIONAL
2016-12-02,MAITRI,MED-M01,MEDICAL,Medical Supplies,369.6,units,300,0.15,2464.0000000000005,False,0.0,AVAILABLE,SIMULATED_OPERATIONAL
2016-12-02,MAITRI,SPR-M01,SPARES,Mechanical Spare Parts,117.8,units,150,0.2,589.0,False,0.0,LOW,SIMULATED_OPERATIONAL
2016-12-02,MAITRI,BAT-M01,SPARES,Battery Components,25.2,units,100,0.5,50.4,True,25.2,CRITICAL,SIMULATED_OPERATIONAL
2016-12-03,MAITRI,FOOD-M01,FOOD,Food Supplies,997.5,kg,1200,2.5,399.0,False,0.0,LOW,SIMULATED_OPERATIONAL
2016-12-03,MAITRI,MED-M01,MEDICAL,Medical Supplies,369.45,units,300,0.15,2463.0,False,0.0,AVAILABLE,SIMULATED_OPERATIONAL
2016-12-03,MAITRI,SPR-M01,SPARES,Mechanical Spare Parts,117.6,units,150,0.2,587.9999999999999,False,0.0,LOW,SIMULATED_OPERATIONAL
2016-12-03,MAITRI,BAT-M01,SPARES,Battery Components,25.2,units,100,0.5,50.4,True,25.2,CRITICAL,SIMULATED_OPERATIONAL
2016-12-04,MAITRI,FOOD-M01,FOOD,Food Supplies,995.0,kg,1200,2.5,398.0,False,0.0,LOW,SIMULATED_OPERATIONAL
2016-12-04,MAITRI,MED-M01,MEDICAL,Medical Supplies,369.3,units,300,0.15,2462.0,False,0.0,AVAILABLE,SIMULATED_OPERATIONAL
2016-12-04,MAITRI,SPR-M01,SPARES,Mechanical Spare Parts,117.39999999999999,units,150,0.2,586.9999999999999,False,0.0,LOW,SIMULATED_OPERATIONAL
2016-12-04,MAITRI,BAT-M01,SPARES,Battery Components,25.2,units,100,0.5,50.4,True,25.2,CRITICAL,SIMULATED_OPERATIONAL
2016-12-05,MAITRI,FOOD-M01,FOOD,Food Supplies,992.5,kg,1200,2.5,397.0,False,0.0,LOW,SIMULATED_OPERATIONAL
2016-12-05,MAITRI,MED-M01,MEDICAL,Medical Supplies,369.15,units,300,0.15,2461.0,False,0.0,AVAILABLE,SIMULATED_OPERATIONAL
2016-12-05,MAITRI,SPR-M01,SPARES,Mechanical Spare Parts,117.2,units,150,0.2,586.0,False,0.0,LOW,SIMULATED_OPERATIONAL
2016-12-05,MAITRI,BAT-M01,SPARES,Battery Components,25.2,units,100,0.5,50.4,True,25.2,CRITICAL,SIMULATED_OPERATIONAL
2016-12-06,MAITRI,FOOD-M01,FOOD,Food Supplies,990.0,kg,1200,2.5,396.0,False,0.0,LOW,SIMULATED_OPERATIONAL
2016-12-06,MAITRI,MED-M01,MEDICAL,Medical Supplies,369.0,units,300,0.15,2460.0,False,0.0,AVAILABLE,SIMULATED_OPERATIONAL
2016-12-06,MAITRI,SPR-M01,SPARES,Mechanical Spare Parts,117.0,units,150,0.2,585.0,False,0.0,LOW,SIMULATED_OPERATIONAL
2016-12-06,MAITRI,BAT-M01,SPARES,Battery Components,25.2,units,100,0.5,50.4,True,25.2,CRITICAL,SIMULATED_OPERATIONAL
2016-12-07,MAITRI,FOOD-M01,FOOD,Food Supplies,987.5,kg,1200,2.5,395.0,False,0.0,LOW,SIMULATED_OPERATIONAL
2016-12-07,MAITRI,MED-M01,MEDICAL,Medical Supplies,368.85,units,300,0.15,2459.0000000000005,False,0.0,AVAILABLE,SIMULATED_OPERATIONAL
2016-12-07,MAITRI,SPR-M01,SPARES,Mechanical Spare Parts,116.8,units,150,0.2,584.0,False,0.0,LOW,SIMULATED_OPERATIONAL
2016-12-07,MAITRI,BAT-M01,SPARES,Battery Components,25.2,units,100,0.5,50.4,True,25.2,CRITICAL,SIMULATED_OPERATIONAL
2016-12-08,MAITRI,FOOD-M01,FOOD,Food Supplies,985.0,kg,1200,2.5,394.0,False,0.0,LOW,SIMULATED_OPERATIONAL
2016-12-08,MAITRI,MED-M01,MEDICAL,Medical Supplies,368.7,units,300,0.15,2458.0,False,0.0,AVAILABLE,SIMULATED_OPERATIONAL
2016-12-08,MAITRI,SPR-M01,SPARES,Mechanical Spare Parts,116.6,units,150,0.2,582.9999999999999,False,0.0,LOW,SIMULATED_OPERATIONAL
2016-12-08,MAITRI,BAT-M01,SPARES,Battery Components,25.2,units,100,0.5,50.4,True,25.2,CRITICAL,SIMULATED_OPERATIONAL
2016-12-09,MAITRI,FOOD-M01,FOOD,Food Supplies,982.5,kg,1200,2.5,393.0,False,0.0,LOW,SIMULATED_OPERATIONAL
2016-12-09,MAITRI,MED-M01,MEDICAL,Medical Supplies,368.55,units,300,0.15,2457.0,False,0.0,AVAILABLE,SIMULATED_OPERATIONAL
2016-12-09,MAITRI,SPR-M01,SPARES,Mechanical Spare Parts,116.39999999999999,units,150,0.2,581.9999999999999,False,0.0,LOW,SIMULATED_OPERATIONAL
2016-12-09,MAITRI,BAT-M01,SPARES,Battery Components,25.2,units,100,0.5,50.4,True,25.2,CRITICAL,SIMULATED_OPERATIONAL
2016-12-10,MAITRI,FOOD-M01,FOOD,Food Supplies,980.0,kg,1200,2.5,392.0,False,0.0,LOW,SIMULATED_OPERATIONAL
2016-12-10,MAITRI,MED-M01,MEDICAL,Medical Supplies,368.4,units,300,0.15,2456.0,False,0.0,AVAILABLE,SIMULATED_OPERATIONAL
2016-12-10,MAITRI,SPR-M01,SPARES,Mechanical Spare Parts,116.2,units,150,0.2,581.0,False,0.0,LOW,SIMULATED_OPERATIONAL
2016-12-10,MAITRI,BAT-M01,SPARES,Battery Components,25.2,units,100,0.5,50.4,True,25.2,CRITICAL,SIMULATED_OPERATIONAL
2016-12-11,MAITRI,FOOD-M01,FOOD,Food Supplies,977.5,kg,1200,2.5,391.0,False,0.0,LOW,SIMULATED_OPERATIONAL
2016-12-11,MAITRI,MED-M01,MEDICAL,Medical Supplies,368.25,units,300,0.15,2455.0,False,0.0,AVAILABLE,SIMULATED_OPERATIONAL
2016-12-11,MAITRI,SPR-M01,SPARES,Mechanical Spare Parts,116.0,units,150,0.2,580.0,False,0.0,LOW,SIMULATED_OPERATIONAL
2016-12-11,MAITRI,BAT-M01,SPARES,Battery Components,25.2,units,100,0.5,50.4,True,25.2,CRITICAL,SIMULATED_OPERATIONAL
2016-12-12,MAITRI,FOOD-M01,FOOD,Food Supplies,975.0,kg,1200,2.5,390.0,False,0.0,LOW,SIMULATED_OPERATIONAL
2016-12-12,MAITRI,MED-M01,MEDICAL,Medical Supplies,368.1,units,300,0.15,2454.0000000000005,False,0.0,AVAILABLE,SIMULATED_OPERATIONAL
2016-12-12,MAITRI,SPR-M01,SPARES,Mechanical Spare Parts,115.8,units,150,0.2,579.0,False,0.0,LOW,SIMULATED_OPERATIONAL
2016-12-12,MAITRI,BAT-M01,SPARES,Battery Components,25.2,units,100,0.5,50.4,True,25.2,CRITICAL,SIMULATED_OPERATIONAL
2016-12-13,MAITRI,FOOD-M01,FOOD,Food Supplies,972.5,kg,1200,2.5,389.0,False,0.0,LOW,SIMULATED_OPERATIONAL
2016-12-13,MAITRI,MED-M01,MEDICAL,Medical Supplies,367.95,units,300,0.15,2453.0,False,0.0,AVAILABLE,SIMULATED_OPERATIONAL
2016-12-13,MAITRI,SPR-M01,SPARES,Mechanical Spare Parts,115.6,units,150,0.2,577.9999999999999,False,0.0,LOW,SIMULATED_OPERATIONAL
2016-12-13,MAITRI,BAT-M01,SPARES,Battery Components,25.2,units,100,0.5,50.4,True,25.2,CRITICAL,SIMULATED_OPERATIONAL
2016-12-14,MAITRI,FOOD-M01,FOOD,Food Supplies,970.0,kg,1200,2.5,388.0,False,0.0,LOW,SIMULATED_OPERATIONAL
2016-12-14,MAITRI,MED-M01,MEDICAL,Medical Supplies,367.8,units,300,0.15,2452.0,False,0.0,AVAILABLE,SIMULATED_OPERATIONAL
2016-12-14,MAITRI,SPR-M01,SPARES,Mechanical Spare Parts,115.39999999999999,units,150,0.2,576.9999999999999,False,0.0,LOW,SIMULATED_OPERATIONAL
2016-12-14,MAITRI,BAT-M01,SPARES,Battery Components,25.2,units,100,0.5,50.4,True,25.2,CRITICAL,SIMULATED_OPERATIONAL
2016-12-15,MAITRI,FOOD-M01,FOOD,Food Supplies,967.5,kg,1200,2.5,387.0,False,0.0,LOW,SIMULATED_OPERATIONAL
2016-12-15,MAITRI,MED-M01,MEDICAL,Medical Supplies,367.65,units,300,0.15,2451.0,False,0.0,AVAILABLE,SIMULATED_OPERATIONAL
2016-12-15,MAITRI,SPR-M01,SPARES,Mechanical Spare Parts,115.2,units,150,0.2,576.0,False,0.0,LOW,SIMULATED_OPERATIONAL
2016-12-15,MAITRI,BAT-M01,SPARES,Battery Components,25.2,units,100,0.5,50.4,True,25.2,CRITICAL,SIMULATED_OPERATIONAL
2016-12-16,MAITRI,FOOD-M01,FOOD,Food Supplies,965.0,kg,1200,2.5,386.0,False,0.0,LOW,SIMULATED_OPERATIONAL
2016-12-16,MAITRI,MED-M01,MEDICAL,Medical Supplies,367.5,units,300,0.15,2450.0,False,0.0,AVAILABLE,SIMULATED_OPERATIONAL
2016-12-16,MAITRI,SPR-M01,SPARES,Mechanical Spare Parts,115.0,units,150,0.2,575.0,False,0.0,LOW,SIMULATED_OPERATIONAL
2016-12-16,MAITRI,BAT-M01,SPARES,Battery Components,25.2,units,100,0.5,50.4,True,25.2,CRITICAL,SIMULATED_OPERATIONAL
2016-12-17,MAITRI,FOOD-M01,FOOD,Food Supplies,962.5,kg,1200,2.5,385.0,False,0.0,LOW,SIMULATED_OPERATIONAL
2016-12-17,MAITRI,MED-M01,MEDICAL,Medical Supplies,367.35,units,300,0.15,2449.0000000000005,False,0.0,AVAILABLE,SIMULATED_OPERATIONAL
2016-12-17,MAITRI,SPR-M01,SPARES,Mechanical Spare Parts,114.8,units,150,0.2,574.0,False,0.0,LOW,SIMULATED_OPERATIONAL
2016-12-17,MAITRI,BAT-M01,SPARES,Battery Components,25.2,units,100,0.5,50.4,True,25.2,CRITICAL,SIMULATED_OPERATIONAL
2016-12-18,MAITRI,FOOD-M01,FOOD,Food Supplies,960.0,kg,1200,2.5,384.0,False,0.0,LOW,SIMULATED_OPERATIONAL
2016-12-18,MAITRI,MED-M01,MEDICAL,Medical Supplies,367.2,units,300,0.15,2448.0,False,0.0,AVAILABLE,SIMULATED_OPERATIONAL
2016-12-18,MAITRI,SPR-M01,SPARES,Mechanical Spare Parts,114.6,units,150,0.2,572.9999999999999,False,0.0,LOW,SIMULATED_OPERATIONAL
2016-12-18,MAITRI,BAT-M01,SPARES,Battery Components,25.2,units,100,0.5,50.4,True,25.2,CRITICAL,SIMULATED_OPERATIONAL
2016-12-19,MAITRI,FOOD-M01,FOOD,Food Supplies,957.5,kg,1200,2.5,383.0,False,0.0,LOW,SIMULATED_OPERATIONAL
2016-12-19,MAITRI,MED-M01,MEDICAL,Medical Supplies,367.05,units,300,0.15,2447.0,False,0.0,AVAILABLE,SIMULATED_OPERATIONAL
2016-12-19,MAITRI,SPR-M01,SPARES,Mechanical Spare Parts,114.39999999999999,units,150,0.2,571.9999999999999,False,0.0,LOW,SIMULATED_OPERATIONAL
2016-12-19,MAITRI,BAT-M01,SPARES,Battery Components,25.2,units,100,0.5,50.4,True,25.2,CRITICAL,SIMULATED_OPERATIONAL
2026-01-01,BHARATI,FOOD-B01,FOOD,Food Supplies,2250.0,kg,1400,3.0,750.0,False,0.0,AVAILABLE,SIMULATED_OPERATIONAL
2026-01-01,BHARATI,MED-B01,MEDICAL,Medical Supplies,510.0,units,300,0.15,3400.0,False,0.0,AVAILABLE,SIMULATED_OPERATIONAL
2026-01-01,BHARATI,SPR-B01,SPARES,Mechanical Spare Parts,128.0,units,150,0.25,512.0,False,0.0,LOW,SIMULATED_OPERATIONAL
2026-01-01,BHARATI,WTR-B01,WATER,Water Treatment Supplies,95.0,units,120,0.35,271.42857142857144,False,0.0,LOW,SIMULATED_OPERATIONAL
2026-01-02,BHARATI,FOOD-B01,FOOD,Food Supplies,2247.0,kg,1400,3.0,749.0,False,0.0,AVAILABLE,SIMULATED_OPERATIONAL
2026-01-02,BHARATI,MED-B01,MEDICAL,Medical Supplies,509.85,units,300,0.15,3399.0000000000005,False,0.0,AVAILABLE,SIMULATED_OPERATIONAL
2026-01-02,BHARATI,SPR-B01,SPARES,Mechanical Spare Parts,127.75,units,150,0.25,511.0,False,0.0,LOW,SIMULATED_OPERATIONAL
2026-01-02,BHARATI,WTR-B01,WATER,Water Treatment Supplies,94.65,units,120,0.35,270.42857142857144,False,0.0,LOW,SIMULATED_OPERATIONAL
2026-01-03,BHARATI,FOOD-B01,FOOD,Food Supplies,2244.0,kg,1400,3.0,748.0,False,0.0,AVAILABLE,SIMULATED_OPERATIONAL
2026-01-03,BHARATI,MED-B01,MEDICAL,Medical Supplies,509.7,units,300,0.15,3398.0,False,0.0,AVAILABLE,SIMULATED_OPERATIONAL
2026-01-03,BHARATI,SPR-B01,SPARES,Mechanical Spare Parts,127.5,units,150,0.25,510.0,False,0.0,LOW,SIMULATED_OPERATIONAL
2026-01-03,BHARATI,WTR-B01,WATER,Water Treatment Supplies,94.3,units,120,0.35,269.42857142857144,False,0.0,LOW,SIMULATED_OPERATIONAL
2026-01-04,BHARATI,FOOD-B01,FOOD,Food Supplies,2241.0,kg,1400,3.0,747.0,False,0.0,AVAILABLE,SIMULATED_OPERATIONAL
2026-01-04,BHARATI,MED-B01,MEDICAL,Medical Supplies,509.55,units,300,0.15,3397.0,False,0.0,AVAILABLE,SIMULATED_OPERATIONAL
2026-01-04,BHARATI,SPR-B01,SPARES,Mechanical Spare Parts,127.25,units,150,0.25,509.0,False,0.0,LOW,SIMULATED_OPERATIONAL
2026-01-04,BHARATI,WTR-B01,WATER,Water Treatment Supplies,93.95,units,120,0.35,268.42857142857144,False,0.0,LOW,SIMULATED_OPERATIONAL
2026-01-05,BHARATI,FOOD-B01,FOOD,Food Supplies,2238.0,kg,1400,3.0,746.0,False,0.0,AVAILABLE,SIMULATED_OPERATIONAL
2026-01-05,BHARATI,MED-B01,MEDICAL,Medical Supplies,509.4,units,300,0.15,3396.0,False,0.0,AVAILABLE,SIMULATED_OPERATIONAL
2026-01-05,BHARATI,SPR-B01,SPARES,Mechanical Spare Parts,127.0,units,150,0.25,508.0,False,0.0,LOW,SIMULATED_OPERATIONAL
2026-01-05,BHARATI,WTR-B01,WATER,Water Treatment Supplies,93.6,units,120,0.35,267.42857142857144,False,0.0,LOW,SIMULATED_OPERATIONAL
2026-01-06,BHARATI,FOOD-B01,FOOD,Food Supplies,2235.0,kg,1400,3.0,745.0,False,0.0,AVAILABLE,SIMULATED_OPERATIONAL
2026-01-06,BHARATI,MED-B01,MEDICAL,Medical Supplies,509.25,units,300,0.15,3395.0,False,0.0,AVAILABLE,SIMULATED_OPERATIONAL
2026-01-06,BHARATI,SPR-B01,SPARES,Mechanical Spare Parts,126.75,units,150,0.25,507.0,False,0.0,LOW,SIMULATED_OPERATIONAL
2026-01-06,BHARATI,WTR-B01,WATER,Water Treatment Supplies,93.25,units,120,0.35,266.42857142857144,False,0.0,LOW,SIMULATED_OPERATIONAL
2026-01-07,BHARATI,FOOD-B01,FOOD,Food Supplies,2232.0,kg,1400,3.0,744.0,False,0.0,AVAILABLE,SIMULATED_OPERATIONAL
2026-01-07,BHARATI,MED-B01,MEDICAL,Medical Supplies,509.1,units,300,0.15,3394.0000000000005,False,0.0,AVAILABLE,SIMULATED_OPERATIONAL
2026-01-07,BHARATI,SPR-B01,SPARES,Mechanical Spare Parts,126.5,units,150,0.25,506.0,False,0.0,LOW,SIMULATED_OPERATIONAL
2026-01-07,BHARATI,WTR-B01,WATER,Water Treatment Supplies,92.9,units,120,0.35,265.42857142857144,False,0.0,LOW,SIMULATED_OPERATIONAL
2026-01-08,BHARATI,FOOD-B01,FOOD,Food Supplies,2229.0,kg,1400,3.0,743.0,False,0.0,AVAILABLE,SIMULATED_OPERATIONAL
2026-01-08,BHARATI,MED-B01,MEDICAL,Medical Supplies,508.95,units,300,0.15,3393.0,False,0.0,AVAILABLE,SIMULATED_OPERATIONAL
2026-01-08,BHARATI,SPR-B01,SPARES,Mechanical Spare Parts,126.25,units,150,0.25,505.0,False,0.0,LOW,SIMULATED_OPERATIONAL
2026-01-08,BHARATI,WTR-B01,WATER,Water Treatment Supplies,92.55,units,120,0.35,264.42857142857144,False,0.0,LOW,SIMULATED_OPERATIONAL
2026-01-09,BHARATI,FOOD-B01,FOOD,Food Supplies,2226.0,kg,1400,3.0,742.0,False,0.0,AVAILABLE,SIMULATED_OPERATIONAL
2026-01-09,BHARATI,MED-B01,MEDICAL,Medical Supplies,508.8,units,300,0.15,3392.0,False,0.0,AVAILABLE,SIMULATED_OPERATIONAL
2026-01-09,BHARATI,SPR-B01,SPARES,Mechanical Spare Parts,126.0,units,150,0.25,504.0,False,0.0,LOW,SIMULATED_OPERATIONAL
2026-01-09,BHARATI,WTR-B01,WATER,Water Treatment Supplies,92.2,units,120,0.35,263.42857142857144,False,0.0,LOW,SIMULATED_OPERATIONAL
2026-01-10,BHARATI,FOOD-B01,FOOD,Food Supplies,2223.0,kg,1400,3.0,741.0,False,0.0,AVAILABLE,SIMULATED_OPERATIONAL
2026-01-10,BHARATI,MED-B01,MEDICAL,Medical Supplies,508.65,units,300,0.15,3391.0,False,0.0,AVAILABLE,SIMULATED_OPERATIONAL
2026-01-10,BHARATI,SPR-B01,SPARES,Mechanical Spare Parts,125.75,units,150,0.25,503.0,False,0.0,LOW,SIMULATED_OPERATIONAL
2026-01-10,BHARATI,WTR-B01,WATER,Water Treatment Supplies,91.85,units,120,0.35,262.42857142857144,False,0.0,LOW,SIMULATED_OPERATIONAL
2026-01-11,BHARATI,FOOD-B01,FOOD,Food Supplies,2220.0,kg,1400,3.0,740.0,False,0.0,AVAILABLE,SIMULATED_OPERATIONAL
2026-01-11,BHARATI,MED-B01,MEDICAL,Medical Supplies,508.5,units,300,0.15,3390.0,False,0.0,AVAILABLE,SIMULATED_OPERATIONAL
2026-01-11,BHARATI,SPR-B01,SPARES,Mechanical Spare Parts,125.5,units,150,0.25,502.0,False,0.0,LOW,SIMULATED_OPERATIONAL
2026-01-11,BHARATI,WTR-B01,WATER,Water Treatment Supplies,91.5,units,120,0.35,261.42857142857144,False,0.0,LOW,SIMULATED_OPERATIONAL
2026-01-12,BHARATI,FOOD-B01,FOOD,Food Supplies,2217.0,kg,1400,3.0,739.0,False,0.0,AVAILABLE,SIMULATED_OPERATIONAL
2026-01-12,BHARATI,MED-B01,MEDICAL,Medical Supplies,508.35,units,300,0.15,3389.0000000000005,False,0.0,AVAILABLE,SIMULATED_OPERATIONAL
2026-01-12,BHARATI,SPR-B01,SPARES,Mechanical Spare Parts,125.25,units,150,0.25,501.0,False,0.0,LOW,SIMULATED_OPERATIONAL
2026-01-12,BHARATI,WTR-B01,WATER,Water Treatment Supplies,91.15,units,120,0.35,260.42857142857144,False,0.0,LOW,SIMULATED_OPERATIONAL
2026-01-13,BHARATI,FOOD-B01,FOOD,Food Supplies,2214.0,kg,1400,3.0,738.0,False,0.0,AVAILABLE,SIMULATED_OPERATIONAL
2026-01-13,BHARATI,MED-B01,MEDICAL,Medical Supplies,508.2,units,300,0.15,3388.0,False,0.0,AVAILABLE,SIMULATED_OPERATIONAL
2026-01-13,BHARATI,SPR-B01,SPARES,Mechanical Spare Parts,125.0,units,150,0.25,500.0,False,0.0,LOW,SIMULATED_OPERATIONAL
2026-01-13,BHARATI,WTR-B01,WATER,Water Treatment Supplies,90.8,units,120,0.35,259.42857142857144,False,0.0,LOW,SIMULATED_OPERATIONAL
2026-01-14,BHARATI,FOOD-B01,FOOD,Food Supplies,2211.0,kg,1400,3.0,737.0,False,0.0,AVAILABLE,SIMULATED_OPERATIONAL
2026-01-14,BHARATI,MED-B01,MEDICAL,Medical Supplies,508.05,units,300,0.15,3387.0,False,0.0,AVAILABLE,SIMULATED_OPERATIONAL
2026-01-14,BHARATI,SPR-B01,SPARES,Mechanical Spare Parts,124.75,units,150,0.25,499.0,False,0.0,LOW,SIMULATED_OPERATIONAL
2026-01-14,BHARATI,WTR-B01,WATER,Water Treatment Supplies,90.45,units,120,0.35,258.42857142857144,False,0.0,LOW,SIMULATED_OPERATIONAL
2026-01-15,BHARATI,FOOD-B01,FOOD,Food Supplies,2208.0,kg,1400,3.0,736.0,False,0.0,AVAILABLE,SIMULATED_OPERATIONAL
2026-01-15,BHARATI,MED-B01,MEDICAL,Medical Supplies,507.9,units,300,0.15,3386.0,False,0.0,AVAILABLE,SIMULATED_OPERATIONAL
2026-01-15,BHARATI,SPR-B01,SPARES,Mechanical Spare Parts,124.5,units,150,0.25,498.0,False,0.0,LOW,SIMULATED_OPERATIONAL
2026-01-15,BHARATI,WTR-B01,WATER,Water Treatment Supplies,90.1,units,120,0.35,257.42857142857144,False,0.0,LOW,SIMULATED_OPERATIONAL
2026-01-16,BHARATI,FOOD-B01,FOOD,Food Supplies,2205.0,kg,1400,3.0,735.0,False,0.0,AVAILABLE,SIMULATED_OPERATIONAL
2026-01-16,BHARATI,MED-B01,MEDICAL,Medical Supplies,507.75,units,300,0.15,3385.0,False,0.0,AVAILABLE,SIMULATED_OPERATIONAL
2026-01-16,BHARATI,SPR-B01,SPARES,Mechanical Spare Parts,124.25,units,150,0.25,497.0,False,0.0,LOW,SIMULATED_OPERATIONAL
2026-01-16,BHARATI,WTR-B01,WATER,Water Treatment Supplies,123.0,units,120,0.35,351.42857142857144,True,33.25,AVAILABLE,SIMULATED_OPERATIONAL
2026-01-17,BHARATI,FOOD-B01,FOOD,Food Supplies,2202.0,kg,1400,3.0,734.0,False,0.0,AVAILABLE,SIMULATED_OPERATIONAL
2026-01-17,BHARATI,MED-B01,MEDICAL,Medical Supplies,507.6,units,300,0.15,3384.0000000000005,False,0.0,AVAILABLE,SIMULATED_OPERATIONAL
2026-01-17,BHARATI,SPR-B01,SPARES,Mechanical Spare Parts,124.0,units,150,0.25,496.0,False,0.0,LOW,SIMULATED_OPERATIONAL
2026-01-17,BHARATI,WTR-B01,WATER,Water Treatment Supplies,122.65,units,120,0.35,350.42857142857144,True,33.25,AVAILABLE,SIMULATED_OPERATIONAL
2026-01-18,BHARATI,FOOD-B01,FOOD,Food Supplies,2199.0,kg,1400,3.0,733.0,False,0.0,AVAILABLE,SIMULATED_OPERATIONAL
2026-01-18,BHARATI,MED-B01,MEDICAL,Medical Supplies,507.45,units,300,0.15,3383.0,False,0.0,AVAILABLE,SIMULATED_OPERATIONAL
2026-01-18,BHARATI,SPR-B01,SPARES,Mechanical Spare Parts,123.75,units,150,0.25,495.0,False,0.0,LOW,SIMULATED_OPERATIONAL
2026-01-18,BHARATI,WTR-B01,WATER,Water Treatment Supplies,122.3,units,120,0.35,349.42857142857144,True,33.25,AVAILABLE,SIMULATED_OPERATIONAL
2026-01-19,BHARATI,FOOD-B01,FOOD,Food Supplies,2196.0,kg,1400,3.0,732.0,False,0.0,AVAILABLE,SIMULATED_OPERATIONAL
2026-01-19,BHARATI,MED-B01,MEDICAL,Medical Supplies,507.3,units,300,0.15,3382.0,False,0.0,AVAILABLE,SIMULATED_OPERATIONAL
2026-01-19,BHARATI,SPR-B01,SPARES,Mechanical Spare Parts,123.5,units,150,0.25,494.0,False,0.0,LOW,SIMULATED_OPERATIONAL
2026-01-19,BHARATI,WTR-B01,WATER,Water Treatment Supplies,121.95,units,120,0.35,348.42857142857144,True,33.25,AVAILABLE,SIMULATED_OPERATIONAL
2026-01-20,BHARATI,FOOD-B01,FOOD,Food Supplies,2193.0,kg,1400,3.0,731.0,False,0.0,AVAILABLE,SIMULATED_OPERATIONAL
2026-01-20,BHARATI,MED-B01,MEDICAL,Medical Supplies,507.15,units,300,0.15,3381.0,False,0.0,AVAILABLE,SIMULATED_OPERATIONAL
2026-01-20,BHARATI,SPR-B01,SPARES,Mechanical Spare Parts,123.25,units,150,0.25,493.0,False,0.0,LOW,SIMULATED_OPERATIONAL
2026-01-20,BHARATI,WTR-B01,WATER,Water Treatment Supplies,121.6,units,120,0.35,347.42857142857144,True,33.25,AVAILABLE,SIMULATED_OPERATIONAL
2026-01-21,BHARATI,FOOD-B01,FOOD,Food Supplies,2190.0,kg,1400,3.0,730.0,False,0.0,AVAILABLE,SIMULATED_OPERATIONAL
2026-01-21,BHARATI,MED-B01,MEDICAL,Medical Supplies,507.0,units,300,0.15,3380.0,False,0.0,AVAILABLE,SIMULATED_OPERATIONAL
2026-01-21,BHARATI,SPR-B01,SPARES,Mechanical Spare Parts,123.0,units,150,0.25,492.0,False,0.0,LOW,SIMULATED_OPERATIONAL
2026-01-21,BHARATI,WTR-B01,WATER,Water Treatment Supplies,121.25,units,120,0.35,346.42857142857144,True,33.25,AVAILABLE,SIMULATED_OPERATIONAL
2026-01-22,BHARATI,FOOD-B01,FOOD,Food Supplies,2187.0,kg,1400,3.0,729.0,False,0.0,AVAILABLE,SIMULATED_OPERATIONAL
2026-01-22,BHARATI,MED-B01,MEDICAL,Medical Supplies,506.85,units,300,0.15,3379.0000000000005,False,0.0,AVAILABLE,SIMULATED_OPERATIONAL
2026-01-22,BHARATI,SPR-B01,SPARES,Mechanical Spare Parts,122.75,units,150,0.25,491.0,False,0.0,LOW,SIMULATED_OPERATIONAL
2026-01-22,BHARATI,WTR-B01,WATER,Water Treatment Supplies,120.9,units,120,0.35,345.42857142857144,True,33.25,AVAILABLE,SIMULATED_OPERATIONAL
2026-01-23,BHARATI,FOOD-B01,FOOD,Food Supplies,2184.0,kg,1400,3.0,728.0,False,0.0,AVAILABLE,SIMULATED_OPERATIONAL
2026-01-23,BHARATI,MED-B01,MEDICAL,Medical Supplies,506.7,units,300,0.15,3378.0,False,0.0,AVAILABLE,SIMULATED_OPERATIONAL
2026-01-23,BHARATI,SPR-B01,SPARES,Mechanical Spare Parts,122.5,units,150,0.25,490.0,False,0.0,LOW,SIMULATED_OPERATIONAL
2026-01-23,BHARATI,WTR-B01,WATER,Water Treatment Supplies,120.55,units,120,0.35,344.42857142857144,True,33.25,AVAILABLE,SIMULATED_OPERATIONAL
2026-01-24,BHARATI,FOOD-B01,FOOD,Food Supplies,2181.0,kg,1400,3.0,727.0,False,0.0,AVAILABLE,SIMULATED_OPERATIONAL
2026-01-24,BHARATI,MED-B01,MEDICAL,Medical Supplies,506.55,units,300,0.15,3377.0,False,0.0,AVAILABLE,SIMULATED_OPERATIONAL
2026-01-24,BHARATI,SPR-B01,SPARES,Mechanical Spare Parts,122.25,units,150,0.25,489.0,False,0.0,LOW,SIMULATED_OPERATIONAL
2026-01-24,BHARATI,WTR-B01,WATER,Water Treatment Supplies,120.2,units,120,0.35,343.42857142857144,True,33.25,AVAILABLE,SIMULATED_OPERATIONAL
2026-01-25,BHARATI,FOOD-B01,FOOD,Food Supplies,2178.0,kg,1400,3.0,726.0,False,0.0,AVAILABLE,SIMULATED_OPERATIONAL
2026-01-25,BHARATI,MED-B01,MEDICAL,Medical Supplies,506.4,units,300,0.15,3376.0,False,0.0,AVAILABLE,SIMULATED_OPERATIONAL
2026-01-25,BHARATI,SPR-B01,SPARES,Mechanical Spare Parts,122.0,units,150,0.25,488.0,False,0.0,LOW,SIMULATED_OPERATIONAL
2026-01-25,BHARATI,WTR-B01,WATER,Water Treatment Supplies,119.85,units,120,0.35,342.42857142857144,True,33.25,LOW,SIMULATED_OPERATIONAL
2026-01-26,BHARATI,FOOD-B01,FOOD,Food Supplies,2175.0,kg,1400,3.0,725.0,False,0.0,AVAILABLE,SIMULATED_OPERATIONAL
2026-01-26,BHARATI,MED-B01,MEDICAL,Medical Supplies,506.25,units,300,0.15,3375.0,False,0.0,AVAILABLE,SIMULATED_OPERATIONAL
2026-01-26,BHARATI,SPR-B01,SPARES,Mechanical Spare Parts,121.75,units,150,0.25,487.0,False,0.0,LOW,SIMULATED_OPERATIONAL
2026-01-26,BHARATI,WTR-B01,WATER,Water Treatment Supplies,119.5,units,120,0.35,341.42857142857144,True,33.25,LOW,SIMULATED_OPERATIONAL
2026-01-27,BHARATI,FOOD-B01,FOOD,Food Supplies,2172.0,kg,1400,3.0,724.0,False,0.0,AVAILABLE,SIMULATED_OPERATIONAL
2026-01-27,BHARATI,MED-B01,MEDICAL,Medical Supplies,506.1,units,300,0.15,3374.0000000000005,False,0.0,AVAILABLE,SIMULATED_OPERATIONAL
2026-01-27,BHARATI,SPR-B01,SPARES,Mechanical Spare Parts,121.5,units,150,0.25,486.0,False,0.0,LOW,SIMULATED_OPERATIONAL
2026-01-27,BHARATI,WTR-B01,WATER,Water Treatment Supplies,119.15,units,120,0.35,340.42857142857144,True,33.25,LOW,SIMULATED_OPERATIONAL
2026-01-28,BHARATI,FOOD-B01,FOOD,Food Supplies,2169.0,kg,1400,3.0,723.0,False,0.0,AVAILABLE,SIMULATED_OPERATIONAL
2026-01-28,BHARATI,MED-B01,MEDICAL,Medical Supplies,505.95,units,300,0.15,3373.0,False,0.0,AVAILABLE,SIMULATED_OPERATIONAL
2026-01-28,BHARATI,SPR-B01,SPARES,Mechanical Spare Parts,121.25,units,150,0.25,485.0,False,0.0,LOW,SIMULATED_OPERATIONAL
2026-01-28,BHARATI,WTR-B01,WATER,Water Treatment Supplies,118.8,units,120,0.35,339.42857142857144,True,33.25,LOW,SIMULATED_OPERATIONAL
2026-01-29,BHARATI,FOOD-B01,FOOD,Food Supplies,2166.0,kg,1400,3.0,722.0,False,0.0,AVAILABLE,SIMULATED_OPERATIONAL
2026-01-29,BHARATI,MED-B01,MEDICAL,Medical Supplies,505.8,units,300,0.15,3372.0,False,0.0,AVAILABLE,SIMULATED_OPERATIONAL
2026-01-29,BHARATI,SPR-B01,SPARES,Mechanical Spare Parts,121.0,units,150,0.25,484.0,False,0.0,LOW,SIMULATED_OPERATIONAL
2026-01-29,BHARATI,WTR-B01,WATER,Water Treatment Supplies,118.45,units,120,0.35,338.42857142857144,True,33.25,LOW,SIMULATED_OPERATIONAL
2026-01-30,BHARATI,FOOD-B01,FOOD,Food Supplies,2163.0,kg,1400,3.0,721.0,False,0.0,AVAILABLE,SIMULATED_OPERATIONAL
2026-01-30,BHARATI,MED-B01,MEDICAL,Medical Supplies,505.65,units,300,0.15,3371.0,False,0.0,AVAILABLE,SIMULATED_OPERATIONAL
2026-01-30,BHARATI,SPR-B01,SPARES,Mechanical Spare Parts,120.75,units,150,0.25,483.0,False,0.0,LOW,SIMULATED_OPERATIONAL
2026-01-30,BHARATI,WTR-B01,WATER,Water Treatment Supplies,118.1,units,120,0.35,337.42857142857144,True,33.25,LOW,SIMULATED_OPERATIONAL
2026-01-31,BHARATI,FOOD-B01,FOOD,Food Supplies,2160.0,kg,1400,3.0,720.0,False,0.0,AVAILABLE,SIMULATED_OPERATIONAL
2026-01-31,BHARATI,MED-B01,MEDICAL,Medical Supplies,505.5,units,300,0.15,3370.0,False,0.0,AVAILABLE,SIMULATED_OPERATIONAL
2026-01-31,BHARATI,SPR-B01,SPARES,Mechanical Spare Parts,120.5,units,150,0.25,482.0,False,0.0,LOW,SIMULATED_OPERATIONAL
2026-01-31,BHARATI,WTR-B01,WATER,Water Treatment Supplies,117.75,units,120,0.35,336.42857142857144,True,33.25,LOW,SIMULATED_OPERATIONAL
2026-02-01,BHARATI,FOOD-B01,FOOD,Food Supplies,2157.0,kg,1400,3.0,719.0,False,0.0,AVAILABLE,SIMULATED_OPERATIONAL
2026-02-01,BHARATI,MED-B01,MEDICAL,Medical Supplies,505.35,units,300,0.15,3369.0000000000005,False,0.0,AVAILABLE,SIMULATED_OPERATIONAL
2026-02-01,BHARATI,SPR-B01,SPARES,Mechanical Spare Parts,120.25,units,150,0.25,481.0,False,0.0,LOW,SIMULATED_OPERATIONAL
2026-02-01,BHARATI,WTR-B01,WATER,Water Treatment Supplies,117.4,units,120,0.35,335.42857142857144,True,33.25,LOW,SIMULATED_OPERATIONAL
2026-02-02,BHARATI,FOOD-B01,FOOD,Food Supplies,2154.0,kg,1400,3.0,718.0,False,0.0,AVAILABLE,SIMULATED_OPERATIONAL
2026-02-02,BHARATI,MED-B01,MEDICAL,Medical Supplies,505.2,units,300,0.15,3368.0,False,0.0,AVAILABLE,SIMULATED_OPERATIONAL
2026-02-02,BHARATI,SPR-B01,SPARES,Mechanical Spare Parts,120.0,units,150,0.25,480.0,False,0.0,LOW,SIMULATED_OPERATIONAL
2026-02-02,BHARATI,WTR-B01,WATER,Water Treatment Supplies,117.05,units,120,0.35,334.42857142857144,True,33.25,LOW,SIMULATED_OPERATIONAL
2026-02-03,BHARATI,FOOD-B01,FOOD,Food Supplies,2151.0,kg,1400,3.0,717.0,False,0.0,AVAILABLE,SIMULATED_OPERATIONAL
2026-02-03,BHARATI,MED-B01,MEDICAL,Medical Supplies,505.05,units,300,0.15,3367.0,False,0.0,AVAILABLE,SIMULATED_OPERATIONAL
2026-02-03,BHARATI,SPR-B01,SPARES,Mechanical Spare Parts,119.75,units,150,0.25,479.0,False,0.0,LOW,SIMULATED_OPERATIONAL
2026-02-03,BHARATI,WTR-B01,WATER,Water Treatment Supplies,116.7,units,120,0.35,333.42857142857144,True,33.25,LOW,SIMULATED_OPERATIONAL
2026-02-04,BHARATI,FOOD-B01,FOOD,Food Supplies,2148.0,kg,1400,3.0,716.0,False,0.0,AVAILABLE,SIMULATED_OPERATIONAL
2026-02-04,BHARATI,MED-B01,MEDICAL,Medical Supplies,504.9,units,300,0.15,3366.0,False,0.0,AVAILABLE,SIMULATED_OPERATIONAL
2026-02-04,BHARATI,SPR-B01,SPARES,Mechanical Spare Parts,119.5,units,150,0.25,478.0,False,0.0,LOW,SIMULATED_OPERATIONAL
2026-02-04,BHARATI,WTR-B01,WATER,Water Treatment Supplies,116.35,units,120,0.35,332.42857142857144,True,33.25,LOW,SIMULATED_OPERATIONAL
2026-02-05,BHARATI,FOOD-B01,FOOD,Food Supplies,2145.0,kg,1400,3.0,715.0,False,0.0,AVAILABLE,SIMULATED_OPERATIONAL
2026-02-05,BHARATI,MED-B01,MEDICAL,Medical Supplies,504.75,units,300,0.15,3365.0,False,0.0,AVAILABLE,SIMULATED_OPERATIONAL
2026-02-05,BHARATI,SPR-B01,SPARES,Mechanical Spare Parts,119.25,units,150,0.25,477.0,False,0.0,LOW,SIMULATED_OPERATIONAL
2026-02-05,BHARATI,WTR-B01,WATER,Water Treatment Supplies,116.0,units,120,0.35,331.42857142857144,True,33.25,LOW,SIMULATED_OPERATIONAL
2026-02-06,BHARATI,FOOD-B01,FOOD,Food Supplies,2142.0,kg,1400,3.0,714.0,False,0.0,AVAILABLE,SIMULATED_OPERATIONAL
2026-02-06,BHARATI,MED-B01,MEDICAL,Medical Supplies,504.6,units,300,0.15,3364.0000000000005,False,0.0,AVAILABLE,SIMULATED_OPERATIONAL
2026-02-06,BHARATI,SPR-B01,SPARES,Mechanical Spare Parts,119.0,units,150,0.25,476.0,False,0.0,LOW,SIMULATED_OPERATIONAL
2026-02-06,BHARATI,WTR-B01,WATER,Water Treatment Supplies,115.65,units,120,0.35,330.42857142857144,True,33.25,LOW,SIMULATED_OPERATIONAL
2026-02-07,BHARATI,FOOD-B01,FOOD,Food Supplies,2139.0,kg,1400,3.0,713.0,False,0.0,AVAILABLE,SIMULATED_OPERATIONAL
2026-02-07,BHARATI,MED-B01,MEDICAL,Medical Supplies,504.45,units,300,0.15,3363.0,False,0.0,AVAILABLE,SIMULATED_OPERATIONAL
2026-02-07,BHARATI,SPR-B01,SPARES,Mechanical Spare Parts,118.75,units,150,0.25,475.0,False,0.0,LOW,SIMULATED_OPERATIONAL
2026-02-07,BHARATI,WTR-B01,WATER,Water Treatment Supplies,115.3,units,120,0.35,329.42857142857144,True,33.25,LOW,SIMULATED_OPERATIONAL
2026-02-08,BHARATI,FOOD-B01,FOOD,Food Supplies,2136.0,kg,1400,3.0,712.0,False,0.0,AVAILABLE,SIMULATED_OPERATIONAL
2026-02-08,BHARATI,MED-B01,MEDICAL,Medical Supplies,504.3,units,300,0.15,3362.0,False,0.0,AVAILABLE,SIMULATED_OPERATIONAL
2026-02-08,BHARATI,SPR-B01,SPARES,Mechanical Spare Parts,118.5,units,150,0.25,474.0,False,0.0,LOW,SIMULATED_OPERATIONAL
2026-02-08,BHARATI,WTR-B01,WATER,Water Treatment Supplies,114.95,units,120,0.35,328.42857142857144,True,33.25,LOW,SIMULATED_OPERATIONAL
2026-02-09,BHARATI,FOOD-B01,FOOD,Food Supplies,2133.0,kg,1400,3.0,711.0,False,0.0,AVAILABLE,SIMULATED_OPERATIONAL
2026-02-09,BHARATI,MED-B01,MEDICAL,Medical Supplies,504.15,units,300,0.15,3361.0,False,0.0,AVAILABLE,SIMULATED_OPERATIONAL
2026-02-09,BHARATI,SPR-B01,SPARES,Mechanical Spare Parts,118.25,units,150,0.25,473.0,False,0.0,LOW,SIMULATED_OPERATIONAL
2026-02-09,BHARATI,WTR-B01,WATER,Water Treatment Supplies,114.6,units,120,0.35,327.42857142857144,True,33.25,LOW,SIMULATED_OPERATIONAL
2026-02-10,BHARATI,FOOD-B01,FOOD,Food Supplies,2130.0,kg,1400,3.0,710.0,False,0.0,AVAILABLE,SIMULATED_OPERATIONAL
2026-02-10,BHARATI,MED-B01,MEDICAL,Medical Supplies,504.0,units,300,0.15,3360.0,False,0.0,AVAILABLE,SIMULATED_OPERATIONAL
2026-02-10,BHARATI,SPR-B01,SPARES,Mechanical Spare Parts,118.0,units,150,0.25,472.0,False,0.0,LOW,SIMULATED_OPERATIONAL
2026-02-10,BHARATI,WTR-B01,WATER,Water Treatment Supplies,114.25,units,120,0.35,326.42857142857144,True,33.25,LOW,SIMULATED_OPERATIONAL
2026-02-11,BHARATI,FOOD-B01,FOOD,Food Supplies,2127.0,kg,1400,3.0,709.0,False,0.0,AVAILABLE,SIMULATED_OPERATIONAL
2026-02-11,BHARATI,MED-B01,MEDICAL,Medical Supplies,503.85,units,300,0.15,3359.0000000000005,False,0.0,AVAILABLE,SIMULATED_OPERATIONAL
2026-02-11,BHARATI,SPR-B01,SPARES,Mechanical Spare Parts,117.75,units,150,0.25,471.0,False,0.0,LOW,SIMULATED_OPERATIONAL
2026-02-11,BHARATI,WTR-B01,WATER,Water Treatment Supplies,113.9,units,120,0.35,325.42857142857144,True,33.25,LOW,SIMULATED_OPERATIONAL
2026-02-12,BHARATI,FOOD-B01,FOOD,Food Supplies,2124.0,kg,1400,3.0,708.0,False,0.0,AVAILABLE,SIMULATED_OPERATIONAL
2026-02-12,BHARATI,MED-B01,MEDICAL,Medical Supplies,503.7,units,300,0.15,3358.0,False,0.0,AVAILABLE,SIMULATED_OPERATIONAL
2026-02-12,BHARATI,SPR-B01,SPARES,Mechanical Spare Parts,117.5,units,150,0.25,470.0,False,0.0,LOW,SIMULATED_OPERATIONAL
2026-02-12,BHARATI,WTR-B01,WATER,Water Treatment Supplies,113.55,units,120,0.35,324.42857142857144,True,33.25,LOW,SIMULATED_OPERATIONAL
2026-02-13,BHARATI,FOOD-B01,FOOD,Food Supplies,2121.0,kg,1400,3.0,707.0,False,0.0,AVAILABLE,SIMULATED_OPERATIONAL
2026-02-13,BHARATI,MED-B01,MEDICAL,Medical Supplies,503.55,units,300,0.15,3357.0,False,0.0,AVAILABLE,SIMULATED_OPERATIONAL
2026-02-13,BHARATI,SPR-B01,SPARES,Mechanical Spare Parts,117.25,units,150,0.25,469.0,False,0.0,LOW,SIMULATED_OPERATIONAL
2026-02-13,BHARATI,WTR-B01,WATER,Water Treatment Supplies,113.2,units,120,0.35,323.42857142857144,True,33.25,LOW,SIMULATED_OPERATIONAL
2026-02-14,BHARATI,FOOD-B01,FOOD,Food Supplies,2118.0,kg,1400,3.0,706.0,False,0.0,AVAILABLE,SIMULATED_OPERATIONAL
2026-02-14,BHARATI,MED-B01,MEDICAL,Medical Supplies,503.4,units,300,0.15,3356.0,False,0.0,AVAILABLE,SIMULATED_OPERATIONAL
2026-02-14,BHARATI,SPR-B01,SPARES,Mechanical Spare Parts,117.0,units,150,0.25,468.0,False,0.0,LOW,SIMULATED_OPERATIONAL
2026-02-14,BHARATI,WTR-B01,WATER,Water Treatment Supplies,112.85,units,120,0.35,322.42857142857144,True,33.25,LOW,SIMULATED_OPERATIONAL
2026-02-15,BHARATI,FOOD-B01,FOOD,Food Supplies,2115.0,kg,1400,3.0,705.0,False,0.0,AVAILABLE,SIMULATED_OPERATIONAL
2026-02-15,BHARATI,MED-B01,MEDICAL,Medical Supplies,503.25,units,300,0.15,3355.0,False,0.0,AVAILABLE,SIMULATED_OPERATIONAL
2026-02-15,BHARATI,SPR-B01,SPARES,Mechanical Spare Parts,116.75,units,150,0.25,467.0,False,0.0,LOW,SIMULATED_OPERATIONAL
2026-02-15,BHARATI,WTR-B01,WATER,Water Treatment Supplies,112.5,units,120,0.35,321.42857142857144,True,33.25,LOW,SIMULATED_OPERATIONAL
2026-02-16,BHARATI,FOOD-B01,FOOD,Food Supplies,2112.0,kg,1400,3.0,704.0,False,0.0,AVAILABLE,SIMULATED_OPERATIONAL
2026-02-16,BHARATI,MED-B01,MEDICAL,Medical Supplies,503.1,units,300,0.15,3354.0000000000005,False,0.0,AVAILABLE,SIMULATED_OPERATIONAL
2026-02-16,BHARATI,SPR-B01,SPARES,Mechanical Spare Parts,116.5,units,150,0.25,466.0,False,0.0,LOW,SIMULATED_OPERATIONAL
2026-02-16,BHARATI,WTR-B01,WATER,Water Treatment Supplies,112.15,units,120,0.35,320.42857142857144,True,33.25,LOW,SIMULATED_OPERATIONAL
2026-02-17,BHARATI,FOOD-B01,FOOD,Food Supplies,2109.0,kg,1400,3.0,703.0,False,0.0,AVAILABLE,SIMULATED_OPERATIONAL
2026-02-17,BHARATI,MED-B01,MEDICAL,Medical Supplies,502.95,units,300,0.15,3353.0,False,0.0,AVAILABLE,SIMULATED_OPERATIONAL
2026-02-17,BHARATI,SPR-B01,SPARES,Mechanical Spare Parts,116.25,units,150,0.25,465.0,False,0.0,LOW,SIMULATED_OPERATIONAL
2026-02-17,BHARATI,WTR-B01,WATER,Water Treatment Supplies,111.8,units,120,0.35,319.42857142857144,True,33.25,LOW,SIMULATED_OPERATIONAL
2026-02-18,BHARATI,FOOD-B01,FOOD,Food Supplies,2106.0,kg,1400,3.0,702.0,False,0.0,AVAILABLE,SIMULATED_OPERATIONAL
2026-02-18,BHARATI,MED-B01,MEDICAL,Medical Supplies,502.8,units,300,0.15,3352.0,False,0.0,AVAILABLE,SIMULATED_OPERATIONAL
2026-02-18,BHARATI,SPR-B01,SPARES,Mechanical Spare Parts,116.0,units,150,0.25,464.0,False,0.0,LOW,SIMULATED_OPERATIONAL
2026-02-18,BHARATI,WTR-B01,WATER,Water Treatment Supplies,111.45,units,120,0.35,318.42857142857144,True,33.25,LOW,SIMULATED_OPERATIONAL
2026-02-19,BHARATI,FOOD-B01,FOOD,Food Supplies,2103.0,kg,1400,3.0,701.0,False,0.0,AVAILABLE,SIMULATED_OPERATIONAL
2026-02-19,BHARATI,MED-B01,MEDICAL,Medical Supplies,502.65,units,300,0.15,3351.0,False,0.0,AVAILABLE,SIMULATED_OPERATIONAL
2026-02-19,BHARATI,SPR-B01,SPARES,Mechanical Spare Parts,115.75,units,150,0.25,463.0,False,0.0,LOW,SIMULATED_OPERATIONAL
2026-02-19,BHARATI,WTR-B01,WATER,Water Treatment Supplies,111.1,units,120,0.35,317.42857142857144,True,33.25,LOW,SIMULATED_OPERATIONAL
2026-02-20,BHARATI,FOOD-B01,FOOD,Food Supplies,2100.0,kg,1400,3.0,700.0,False,0.0,AVAILABLE,SIMULATED_OPERATIONAL
2026-02-20,BHARATI,MED-B01,MEDICAL,Medical Supplies,502.5,units,300,0.15,3350.0,False,0.0,AVAILABLE,SIMULATED_OPERATIONAL
2026-02-20,BHARATI,SPR-B01,SPARES,Mechanical Spare Parts,115.5,units,150,0.25,462.0,False,0.0,LOW,SIMULATED_OPERATIONAL
2026-02-20,BHARATI,WTR-B01,WATER,Water Treatment Supplies,110.75,units,120,0.35,316.42857142857144,True,33.25,LOW,SIMULATED_OPERATIONAL
2026-02-21,BHARATI,FOOD-B01,FOOD,Food Supplies,2097.0,kg,1400,3.0,699.0,False,0.0,AVAILABLE,SIMULATED_OPERATIONAL
2026-02-21,BHARATI,MED-B01,MEDICAL,Medical Supplies,502.35,units,300,0.15,3349.0000000000005,False,0.0,AVAILABLE,SIMULATED_OPERATIONAL
2026-02-21,BHARATI,SPR-B01,SPARES,Mechanical Spare Parts,115.25,units,150,0.25,461.0,False,0.0,LOW,SIMULATED_OPERATIONAL
2026-02-21,BHARATI,WTR-B01,WATER,Water Treatment Supplies,110.4,units,120,0.35,315.42857142857144,True,33.25,LOW,SIMULATED_OPERATIONAL
2026-02-22,BHARATI,FOOD-B01,FOOD,Food Supplies,2094.0,kg,1400,3.0,698.0,False,0.0,AVAILABLE,SIMULATED_OPERATIONAL
2026-02-22,BHARATI,MED-B01,MEDICAL,Medical Supplies,502.2,units,300,0.15,3348.0,False,0.0,AVAILABLE,SIMULATED_OPERATIONAL
2026-02-22,BHARATI,SPR-B01,SPARES,Mechanical Spare Parts,115.0,units,150,0.25,460.0,False,0.0,LOW,SIMULATED_OPERATIONAL
2026-02-22,BHARATI,WTR-B01,WATER,Water Treatment Supplies,110.05,units,120,0.35,314.42857142857144,True,33.25,LOW,SIMULATED_OPERATIONAL
2026-02-23,BHARATI,FOOD-B01,FOOD,Food Supplies,2091.0,kg,1400,3.0,697.0,False,0.0,AVAILABLE,SIMULATED_OPERATIONAL
2026-02-23,BHARATI,MED-B01,MEDICAL,Medical Supplies,502.05,units,300,0.15,3347.0,False,0.0,AVAILABLE,SIMULATED_OPERATIONAL
2026-02-23,BHARATI,SPR-B01,SPARES,Mechanical Spare Parts,114.75,units,150,0.25,459.0,False,0.0,LOW,SIMULATED_OPERATIONAL
2026-02-23,BHARATI,WTR-B01,WATER,Water Treatment Supplies,109.7,units,120,0.35,313.42857142857144,True,33.25,LOW,SIMULATED_OPERATIONAL
2026-02-24,BHARATI,FOOD-B01,FOOD,Food Supplies,2088.0,kg,1400,3.0,696.0,False,0.0,AVAILABLE,SIMULATED_OPERATIONAL
2026-02-24,BHARATI,MED-B01,MEDICAL,Medical Supplies,501.9,units,300,0.15,3346.0,False,0.0,AVAILABLE,SIMULATED_OPERATIONAL
2026-02-24,BHARATI,SPR-B01,SPARES,Mechanical Spare Parts,114.5,units,150,0.25,458.0,False,0.0,LOW,SIMULATED_OPERATIONAL
2026-02-24,BHARATI,WTR-B01,WATER,Water Treatment Supplies,109.35,units,120,0.35,312.42857142857144,True,33.25,LOW,SIMULATED_OPERATIONAL
2026-02-25,BHARATI,FOOD-B01,FOOD,Food Supplies,2085.0,kg,1400,3.0,695.0,False,0.0,AVAILABLE,SIMULATED_OPERATIONAL
2026-02-25,BHARATI,MED-B01,MEDICAL,Medical Supplies,501.75,units,300,0.15,3345.0,False,0.0,AVAILABLE,SIMULATED_OPERATIONAL
2026-02-25,BHARATI,SPR-B01,SPARES,Mechanical Spare Parts,114.25,units,150,0.25,457.0,False,0.0,LOW,SIMULATED_OPERATIONAL
2026-02-25,BHARATI,WTR-B01,WATER,Water Treatment Supplies,109.0,units,120,0.35,311.42857142857144,True,33.25,LOW,SIMULATED_OPERATIONAL
2026-02-26,BHARATI,FOOD-B01,FOOD,Food Supplies,2082.0,kg,1400,3.0,694.0,False,0.0,AVAILABLE,SIMULATED_OPERATIONAL
2026-02-26,BHARATI,MED-B01,MEDICAL,Medical Supplies,501.6,units,300,0.15,3344.0000000000005,False,0.0,AVAILABLE,SIMULATED_OPERATIONAL
2026-02-26,BHARATI,SPR-B01,SPARES,Mechanical Spare Parts,114.0,units,150,0.25,456.0,False,0.0,LOW,SIMULATED_OPERATIONAL
2026-02-26,BHARATI,WTR-B01,WATER,Water Treatment Supplies,108.65,units,120,0.35,310.42857142857144,True,33.25,LOW,SIMULATED_OPERATIONAL
2026-02-27,BHARATI,FOOD-B01,FOOD,Food Supplies,2079.0,kg,1400,3.0,693.0,False,0.0,AVAILABLE,SIMULATED_OPERATIONAL
2026-02-27,BHARATI,MED-B01,MEDICAL,Medical Supplies,501.45,units,300,0.15,3343.0,False,0.0,AVAILABLE,SIMULATED_OPERATIONAL
2026-02-27,BHARATI,SPR-B01,SPARES,Mechanical Spare Parts,113.75,units,150,0.25,455.0,False,0.0,LOW,SIMULATED_OPERATIONAL
2026-02-27,BHARATI,WTR-B01,WATER,Water Treatment Supplies,108.3,units,120,0.35,309.42857142857144,True,33.25,LOW,SIMULATED_OPERATIONAL
2026-02-28,BHARATI,FOOD-B01,FOOD,Food Supplies,2076.0,kg,1400,3.0,692.0,False,0.0,AVAILABLE,SIMULATED_OPERATIONAL
2026-02-28,BHARATI,MED-B01,MEDICAL,Medical Supplies,501.3,units,300,0.15,3342.0,False,0.0,AVAILABLE,SIMULATED_OPERATIONAL
2026-02-28,BHARATI,SPR-B01,SPARES,Mechanical Spare Parts,113.5,units,150,0.25,454.0,False,0.0,LOW,SIMULATED_OPERATIONAL
2026-02-28,BHARATI,WTR-B01,WATER,Water Treatment Supplies,107.95,units,120,0.35,308.42857142857144,True,33.25,LOW,SIMULATED_OPERATIONAL
2026-03-01,BHARATI,FOOD-B01,FOOD,Food Supplies,2073.0,kg,1400,3.0,691.0,False,0.0,AVAILABLE,SIMULATED_OPERATIONAL
2026-03-01,BHARATI,MED-B01,MEDICAL,Medical Supplies,501.15,units,300,0.15,3341.0,False,0.0,AVAILABLE,SIMULATED_OPERATIONAL
2026-03-01,BHARATI,SPR-B01,SPARES,Mechanical Spare Parts,113.25,units,150,0.25,453.0,False,0.0,LOW,SIMULATED_OPERATIONAL
2026-03-01,BHARATI,WTR-B01,WATER,Water Treatment Supplies,107.6,units,120,0.35,307.42857142857144,True,33.25,LOW,SIMULATED_OPERATIONAL
2026-03-02,BHARATI,FOOD-B01,FOOD,Food Supplies,2070.0,kg,1400,3.0,690.0,False,0.0,AVAILABLE,SIMULATED_OPERATIONAL
2026-03-02,BHARATI,MED-B01,MEDICAL,Medical Supplies,501.0,units,300,0.15,3340.0,False,0.0,AVAILABLE,SIMULATED_OPERATIONAL
2026-03-02,BHARATI,SPR-B01,SPARES,Mechanical Spare Parts,113.0,units,150,0.25,452.0,False,0.0,LOW,SIMULATED_OPERATIONAL
2026-03-02,BHARATI,WTR-B01,WATER,Water Treatment Supplies,107.25,units,120,0.35,306.42857142857144,True,33.25,LOW,SIMULATED_OPERATIONAL
2026-03-03,BHARATI,FOOD-B01,FOOD,Food Supplies,2067.0,kg,1400,3.0,689.0,False,0.0,AVAILABLE,SIMULATED_OPERATIONAL
2026-03-03,BHARATI,MED-B01,MEDICAL,Medical Supplies,500.85,units,300,0.15,3339.0000000000005,False,0.0,AVAILABLE,SIMULATED_OPERATIONAL
2026-03-03,BHARATI,SPR-B01,SPARES,Mechanical Spare Parts,112.75,units,150,0.25,451.0,False,0.0,LOW,SIMULATED_OPERATIONAL
2026-03-03,BHARATI,WTR-B01,WATER,Water Treatment Supplies,106.9,units,120,0.35,305.42857142857144,True,33.25,LOW,SIMULATED_OPERATIONAL
2026-03-04,BHARATI,FOOD-B01,FOOD,Food Supplies,2064.0,kg,1400,3.0,688.0,False,0.0,AVAILABLE,SIMULATED_OPERATIONAL
2026-03-04,BHARATI,MED-B01,MEDICAL,Medical Supplies,500.7,units,300,0.15,3338.0,False,0.0,AVAILABLE,SIMULATED_OPERATIONAL
2026-03-04,BHARATI,SPR-B01,SPARES,Mechanical Spare Parts,112.5,units,150,0.25,450.0,False,0.0,LOW,SIMULATED_OPERATIONAL
2026-03-04,BHARATI,WTR-B01,WATER,Water Treatment Supplies,106.55,units,120,0.35,304.42857142857144,True,33.25,LOW,SIMULATED_OPERATIONAL
2026-03-05,BHARATI,FOOD-B01,FOOD,Food Supplies,2061.0,kg,1400,3.0,687.0,False,0.0,AVAILABLE,SIMULATED_OPERATIONAL
2026-03-05,BHARATI,MED-B01,MEDICAL,Medical Supplies,500.55,units,300,0.15,3337.0,False,0.0,AVAILABLE,SIMULATED_OPERATIONAL
2026-03-05,BHARATI,SPR-B01,SPARES,Mechanical Spare Parts,157.05,units,150,0.25,628.2,True,44.8,AVAILABLE,SIMULATED_OPERATIONAL
2026-03-05,BHARATI,WTR-B01,WATER,Water Treatment Supplies,106.2,units,120,0.35,303.42857142857144,True,33.25,LOW,SIMULATED_OPERATIONAL
2026-03-06,BHARATI,FOOD-B01,FOOD,Food Supplies,2058.0,kg,1400,3.0,686.0,False,0.0,AVAILABLE,SIMULATED_OPERATIONAL
2026-03-06,BHARATI,MED-B01,MEDICAL,Medical Supplies,500.4,units,300,0.15,3336.0,False,0.0,AVAILABLE,SIMULATED_OPERATIONAL
2026-03-06,BHARATI,SPR-B01,SPARES,Mechanical Spare Parts,156.8,units,150,0.25,627.2,True,44.8,AVAILABLE,SIMULATED_OPERATIONAL
2026-03-06,BHARATI,WTR-B01,WATER,Water Treatment Supplies,105.85,units,120,0.35,302.42857142857144,True,33.25,LOW,SIMULATED_OPERATIONAL
2026-03-07,BHARATI,FOOD-B01,FOOD,Food Supplies,2055.0,kg,1400,3.0,685.0,False,0.0,AVAILABLE,SIMULATED_OPERATIONAL
2026-03-07,BHARATI,MED-B01,MEDICAL,Medical Supplies,500.25,units,300,0.15,3335.0,False,0.0,AVAILABLE,SIMULATED_OPERATIONAL
2026-03-07,BHARATI,SPR-B01,SPARES,Mechanical Spare Parts,156.55,units,150,0.25,626.2,True,44.8,AVAILABLE,SIMULATED_OPERATIONAL
2026-03-07,BHARATI,WTR-B01,WATER,Water Treatment Supplies,105.5,units,120,0.35,301.42857142857144,True,33.25,LOW,SIMULATED_OPERATIONAL
2026-03-08,BHARATI,FOOD-B01,FOOD,Food Supplies,2052.0,kg,1400,3.0,684.0,False,0.0,AVAILABLE,SIMULATED_OPERATIONAL
2026-03-08,BHARATI,MED-B01,MEDICAL,Medical Supplies,500.1,units,300,0.15,3334.0000000000005,False,0.0,AVAILABLE,SIMULATED_OPERATIONAL
2026-03-08,BHARATI,SPR-B01,SPARES,Mechanical Spare Parts,156.3,units,150,0.25,625.2,True,44.8,AVAILABLE,SIMULATED_OPERATIONAL
2026-03-08,BHARATI,WTR-B01,WATER,Water Treatment Supplies,105.15,units,120,0.35,300.42857142857144,True,33.25,LOW,SIMULATED_OPERATIONAL
2026-03-09,BHARATI,FOOD-B01,FOOD,Food Supplies,2049.0,kg,1400,3.0,683.0,False,0.0,AVAILABLE,SIMULATED_OPERATIONAL
2026-03-09,BHARATI,MED-B01,MEDICAL,Medical Supplies,499.95,units,300,0.15,3333.0,False,0.0,AVAILABLE,SIMULATED_OPERATIONAL
2026-03-09,BHARATI,SPR-B01,SPARES,Mechanical Spare Parts,156.05,units,150,0.25,624.2,True,44.8,AVAILABLE,SIMULATED_OPERATIONAL
2026-03-09,BHARATI,WTR-B01,WATER,Water Treatment Supplies,104.8,units,120,0.35,299.42857142857144,True,33.25,LOW,SIMULATED_OPERATIONAL
2026-03-10,BHARATI,FOOD-B01,FOOD,Food Supplies,2046.0,kg,1400,3.0,682.0,False,0.0,AVAILABLE,SIMULATED_OPERATIONAL
2026-03-10,BHARATI,MED-B01,MEDICAL,Medical Supplies,499.8,units,300,0.15,3332.0,False,0.0,AVAILABLE,SIMULATED_OPERATIONAL
2026-03-10,BHARATI,SPR-B01,SPARES,Mechanical Spare Parts,155.8,units,150,0.25,623.2,True,44.8,AVAILABLE,SIMULATED_OPERATIONAL
2026-03-10,BHARATI,WTR-B01,WATER,Water Treatment Supplies,104.45,units,120,0.35,298.42857142857144,True,33.25,LOW,SIMULATED_OPERATIONAL
2026-03-11,BHARATI,FOOD-B01,FOOD,Food Supplies,2043.0,kg,1400,3.0,681.0,False,0.0,AVAILABLE,SIMULATED_OPERATIONAL
2026-03-11,BHARATI,MED-B01,MEDICAL,Medical Supplies,499.65,units,300,0.15,3331.0,False,0.0,AVAILABLE,SIMULATED_OPERATIONAL
2026-03-11,BHARATI,SPR-B01,SPARES,Mechanical Spare Parts,155.55,units,150,0.25,622.2,True,44.8,AVAILABLE,SIMULATED_OPERATIONAL
2026-03-11,BHARATI,WTR-B01,WATER,Water Treatment Supplies,104.1,units,120,0.35,297.42857142857144,True,33.25,LOW,SIMULATED_OPERATIONAL
2026-03-12,BHARATI,FOOD-B01,FOOD,Food Supplies,2040.0,kg,1400,3.0,680.0,False,0.0,AVAILABLE,SIMULATED_OPERATIONAL
2026-03-12,BHARATI,MED-B01,MEDICAL,Medical Supplies,499.5,units,300,0.15,3330.0,False,0.0,AVAILABLE,SIMULATED_OPERATIONAL
2026-03-12,BHARATI,SPR-B01,SPARES,Mechanical Spare Parts,155.3,units,150,0.25,621.2,True,44.8,AVAILABLE,SIMULATED_OPERATIONAL
2026-03-12,BHARATI,WTR-B01,WATER,Water Treatment Supplies,103.75,units,120,0.35,296.42857142857144,True,33.25,LOW,SIMULATED_OPERATIONAL
2026-03-13,BHARATI,FOOD-B01,FOOD,Food Supplies,2037.0,kg,1400,3.0,679.0,False,0.0,AVAILABLE,SIMULATED_OPERATIONAL
2026-03-13,BHARATI,MED-B01,MEDICAL,Medical Supplies,499.35,units,300,0.15,3329.0000000000005,False,0.0,AVAILABLE,SIMULATED_OPERATIONAL
2026-03-13,BHARATI,SPR-B01,SPARES,Mechanical Spare Parts,155.05,units,150,0.25,620.2,True,44.8,AVAILABLE,SIMULATED_OPERATIONAL
2026-03-13,BHARATI,WTR-B01,WATER,Water Treatment Supplies,103.4,units,120,0.35,295.42857142857144,True,33.25,LOW,SIMULATED_OPERATIONAL
2026-03-14,BHARATI,FOOD-B01,FOOD,Food Supplies,2034.0,kg,1400,3.0,678.0,False,0.0,AVAILABLE,SIMULATED_OPERATIONAL
2026-03-14,BHARATI,MED-B01,MEDICAL,Medical Supplies,499.2,units,300,0.15,3328.0,False,0.0,AVAILABLE,SIMULATED_OPERATIONAL
2026-03-14,BHARATI,SPR-B01,SPARES,Mechanical Spare Parts,154.8,units,150,0.25,619.2,True,44.8,AVAILABLE,SIMULATED_OPERATIONAL
2026-03-14,BHARATI,WTR-B01,WATER,Water Treatment Supplies,103.05,units,120,0.35,294.42857142857144,True,33.25,LOW,SIMULATED_OPERATIONAL
2026-03-15,BHARATI,FOOD-B01,FOOD,Food Supplies,2031.0,kg,1400,3.0,677.0,False,0.0,AVAILABLE,SIMULATED_OPERATIONAL
2026-03-15,BHARATI,MED-B01,MEDICAL,Medical Supplies,499.05,units,300,0.15,3327.0,False,0.0,AVAILABLE,SIMULATED_OPERATIONAL
2026-03-15,BHARATI,SPR-B01,SPARES,Mechanical Spare Parts,154.55,units,150,0.25,618.2,True,44.8,AVAILABLE,SIMULATED_OPERATIONAL
2026-03-15,BHARATI,WTR-B01,WATER,Water Treatment Supplies,102.7,units,120,0.35,293.42857142857144,True,33.25,LOW,SIMULATED_OPERATIONAL
2026-03-16,BHARATI,FOOD-B01,FOOD,Food Supplies,2028.0,kg,1400,3.0,676.0,False,0.0,AVAILABLE,SIMULATED_OPERATIONAL
2026-03-16,BHARATI,MED-B01,MEDICAL,Medical Supplies,498.9,units,300,0.15,3326.0,False,0.0,AVAILABLE,SIMULATED_OPERATIONAL
2026-03-16,BHARATI,SPR-B01,SPARES,Mechanical Spare Parts,154.3,units,150,0.25,617.2,True,44.8,AVAILABLE,SIMULATED_OPERATIONAL
2026-03-16,BHARATI,WTR-B01,WATER,Water Treatment Supplies,102.35,units,120,0.35,292.42857142857144,True,33.25,LOW,SIMULATED_OPERATIONAL
2026-03-17,BHARATI,FOOD-B01,FOOD,Food Supplies,2025.0,kg,1400,3.0,675.0,False,0.0,AVAILABLE,SIMULATED_OPERATIONAL
2026-03-17,BHARATI,MED-B01,MEDICAL,Medical Supplies,498.75,units,300,0.15,3325.0,False,0.0,AVAILABLE,SIMULATED_OPERATIONAL
2026-03-17,BHARATI,SPR-B01,SPARES,Mechanical Spare Parts,154.05,units,150,0.25,616.2,True,44.8,AVAILABLE,SIMULATED_OPERATIONAL
2026-03-17,BHARATI,WTR-B01,WATER,Water Treatment Supplies,102.0,units,120,0.35,291.42857142857144,True,33.25,LOW,SIMULATED_OPERATIONAL
2026-03-18,BHARATI,FOOD-B01,FOOD,Food Supplies,2022.0,kg,1400,3.0,674.0,False,0.0,AVAILABLE,SIMULATED_OPERATIONAL
2026-03-18,BHARATI,MED-B01,MEDICAL,Medical Supplies,498.6,units,300,0.15,3324.0000000000005,False,0.0,AVAILABLE,SIMULATED_OPERATIONAL
2026-03-18,BHARATI,SPR-B01,SPARES,Mechanical Spare Parts,153.8,units,150,0.25,615.2,True,44.8,AVAILABLE,SIMULATED_OPERATIONAL
2026-03-18,BHARATI,WTR-B01,WATER,Water Treatment Supplies,101.65,units,120,0.35,290.42857142857144,True,33.25,LOW,SIMULATED_OPERATIONAL
